site_name,display_name,lga_code,requested_latitude,requested_longitude,grid_latitude,grid_longitude,grid_elevation_m,source_timezone,source_file,timestamp_local,timestamp_utc,date_local,hour_local,uv_index,pm2_5,pm10
banyule,Banyule,20660,-37.7338437047388,145.08683445465346,-37.7,145.1,69.0,Australia/Sydney,air_quality_2026-08-26.json,2026-08-26T00:00:00+1000,2026-08-25T14:00:00+0000,2026-08-26,0,0.0,9.8,10.5
banyule,Banyule,20660,-37.7338437047388,145.08683445465346,-37.7,145.1,69.0,Australia/Sydney,air_quality_2026-08-26.json,2026-08-26T01:00:00+1000,2026-08-25T15:00:00+0000,2026-08-26,1,0.0,5.2,6.0
banyule,Banyule,20660,-37.7338437047388,145.08683445465346,-37.7,145.1,69.0,Australia/Sydney,air_quality_2026-08-26.json,2026-08-26T02:00:00+1000,2026-08-25T16:00:00+0000,2026-08-26,2,0.0,3.7,4.9
banyule,Banyule,20660,-37.7338437047388,145.08683445465346,-37.7,145.1,69.0,Australia/Sydney,air_quality_2026-08-26.json,2026-08-26T03:00:00+1000,2026-08-25T17:00:00+0000,2026-08-26,3,0.0,3.8,5.1
banyule,Banyule,20660,-37.7338437047388,145.08683445465346,-37.7,145.1,69.0,Australia/Sydney,air_quality_2026-08-26.json,2026-08-26T04:00:00+1000,2026-08-25T18:00:00+0000,2026-08-26,4,0.0,4.2,5.8
banyule,Banyule,20660,-37.7338437047388,145.08683445465346,-37.7,145.1,69.0,Australia/Sydney,air_quality_2026-08-26.json,2026-08-26T05:00:00+1000,2026-08-25T19:00:00+0000,2026-08-26,5,0.0,4.8,6.6
banyule,Banyule,20660,-37.7338437047388,145.08683445465346,-37.7,145.1,69.0,Australia/Sydney,air_quality_2026-08-26.json,2026-08-26T06:00:00+1000,2026-08-25T20:00:00+0000,2026-08-26,6,0.0,5.3,7.2
banyule,Banyule,20660,-37.7338437047388,145.08683445465346,-37.7,145.1,69.0,Australia/Sydney,air_quality_2026-08-26.json,2026-08-26T07:00:00+1000,2026-08-25T21:00:00+0000,2026-08-26,7,0.0,6.2,8.3
banyule,Banyule,20660,-37.7338437047388,145.08683445465346,-37.7,145.1,69.0,Australia/Sydney,air_quality_2026-08-26.json,2026-08-26T08:00:00+1000,2026-08-25T22:00:00+0000,2026-08-26,8,0.2,6.7,9.1
banyule,Banyule,20660,-37.7338437047388,145.08683445465346,-37.7,145.1,69.0,Australia/Sydney,air_quality_2026-08-26.json,2026-08-26T09:00:00+1000,2026-08-25T23:00:00+0000,2026-08-26,9,0.7,6.1,8.6
banyule,Banyule,20660,-37.7338437047388,145.08683445465346,-37.7,145.1,69.0,Australia/Sydney,air_quality_2026-08-26.json,2026-08-26T10:00:00+1000,2026-08-26T00:00:00+0000,2026-08-26,10,1.75,8.3,12.2
banyule,Banyule,20660,-37.7338437047388,145.08683445465346,-37.7,145.1,69.0,Australia/Sydney,air_quality_2026-08-26.json,2026-08-26T11:00:00+1000,2026-08-26T01:00:00+0000,2026-08-26,11,2.5,7.3,10.9
banyule,Banyule,20660,-37.7338437047388,145.08683445465346,-37.7,145.1,69.0,Australia/Sydney,air_quality_2026-08-26.json,2026-08-26T12:00:00+1000,2026-08-26T02:00:00+0000,2026-08-26,12,2.55,7.3,11.0
banyule,Banyule,20660,-37.7338437047388,145.08683445465346,-37.7,145.1,69.0,Australia/Sydney,air_quality_2026-08-26.json,2026-08-26T13:00:00+1000,2026-08-26T03:00:00+0000,2026-08-26,13,2.45,7.2,10.9
banyule,Banyule,20660,-37.7338437047388,145.08683445465346,-37.7,145.1,69.0,Australia/Sydney,air_quality_2026-08-26.json,2026-08-26T14:00:00+1000,2026-08-26T04:00:00+0000,2026-08-26,14,1.7,7.5,11.2
banyule,Banyule,20660,-37.7338437047388,145.08683445465346,-37.7,145.1,69.0,Australia/Sydney,air_quality_2026-08-26.json,2026-08-26T15:00:00+1000,2026-08-26T05:00:00+0000,2026-08-26,15,1.1,7.2,10.9
banyule,Banyule,20660,-37.7338437047388,145.08683445465346,-37.7,145.1,69.0,Australia/Sydney,air_quality_2026-08-26.json,2026-08-26T16:00:00+1000,2026-08-26T06:00:00+0000,2026-08-26,16,0.5,7.5,11.1
banyule,Banyule,20660,-37.7338437047388,145.08683445465346,-37.7,145.1,69.0,Australia/Sydney,air_quality_2026-08-26.json,2026-08-26T17:00:00+1000,2026-08-26T07:00:00+0000,2026-08-26,17,0.1,8.0,11.6
banyule,Banyule,20660,-37.7338437047388,145.08683445465346,-37.7,145.1,69.0,Australia/Sydney,air_quality_2026-08-26.json,2026-08-26T18:00:00+1000,2026-08-26T08:00:00+0000,2026-08-26,18,0.0,9.9,13.6
banyule,Banyule,20660,-37.7338437047388,145.08683445465346,-37.7,145.1,69.0,Australia/Sydney,air_quality_2026-08-26.json,2026-08-26T19:00:00+1000,2026-08-26T09:00:00+0000,2026-08-26,19,0.0,12.1,15.9
banyule,Banyule,20660,-37.7338437047388,145.08683445465346,-37.7,145.1,69.0,Australia/Sydney,air_quality_2026-08-26.json,2026-08-26T20:00:00+1000,2026-08-26T10:00:00+0000,2026-08-26,20,0.0,12.9,16.4
banyule,Banyule,20660,-37.7338437047388,145.08683445465346,-37.7,145.1,69.0,Australia/Sydney,air_quality_2026-08-26.json,2026-08-26T21:00:00+1000,2026-08-26T11:00:00+0000,2026-08-26,21,0.0,11.8,14.5
banyule,Banyule,20660,-37.7338437047388,145.08683445465346,-37.7,145.1,69.0,Australia/Sydney,air_quality_2026-08-26.json,2026-08-26T22:00:00+1000,2026-08-26T12:00:00+0000,2026-08-26,22,0.0,11.8,14.3
banyule,Banyule,20660,-37.7338437047388,145.08683445465346,-37.7,145.1,69.0,Australia/Sydney,air_quality_2026-08-26.json,2026-08-26T23:00:00+1000,2026-08-26T13:00:00+0000,2026-08-26,23,0.0,11.8,14.4
banyule,Banyule,20660,-37.7338437047388,145.08683445465346,-37.7,145.1,69.0,Australia/Sydney,air_quality_2026-08-26.json,2026-08-27T00:00:00+1000,2026-08-26T14:00:00+0000,2026-08-27,0,0.0,11.6,14.2
banyule,Banyule,20660,-37.7338437047388,145.08683445465346,-37.7,145.1,69.0,Australia/Sydney,air_quality_2026-08-26.json,2026-08-27T01:00:00+1000,2026-08-26T15:00:00+0000,2026-08-27,1,0.0,11.1,13.9
banyule,Banyule,20660,-37.7338437047388,145.08683445465346,-37.7,145.1,69.0,Australia/Sydney,air_quality_2026-08-26.json,2026-08-27T02:00:00+1000,2026-08-26T16:00:00+0000,2026-08-27,2,0.0,10.8,13.7
banyule,Banyule,20660,-37.7338437047388,145.08683445465346,-37.7,145.1,69.0,Australia/Sydney,air_quality_2026-08-26.json,2026-08-27T03:00:00+1000,2026-08-26T17:00:00+0000,2026-08-27,3,0.0,10.6,13.6
banyule,Banyule,20660,-37.7338437047388,145.08683445465346,-37.7,145.1,69.0,Australia/Sydney,air_quality_2026-08-26.json,2026-08-27T04:00:00+1000,2026-08-26T18:00:00+0000,2026-08-27,4,0.0,10.5,13.9
banyule,Banyule,20660,-37.7338437047388,145.08683445465346,-37.7,145.1,69.0,Australia/Sydney,air_quality_2026-08-26.json,2026-08-27T05:00:00+1000,2026-08-26T19:00:00+0000,2026-08-27,5,0.0,10.8,14.2
banyule,Banyule,20660,-37.7338437047388,145.08683445465346,-37.7,145.1,69.0,Australia/Sydney,air_quality_2026-08-26.json,2026-08-27T06:00:00+1000,2026-08-26T20:00:00+0000,2026-08-27,6,0.0,11.4,14.8
banyule,Banyule,20660,-37.7338437047388,145.08683445465346,-37.7,145.1,69.0,Australia/Sydney,air_quality_2026-08-26.json,2026-08-27T07:00:00+1000,2026-08-26T21:00:00+0000,2026-08-27,7,0.05,16.4,19.8
banyule,Banyule,20660,-37.7338437047388,145.08683445465346,-37.7,145.1,69.0,Australia/Sydney,air_quality_2026-08-26.json,2026-08-27T08:00:00+1000,2026-08-26T22:00:00+0000,2026-08-27,8,0.35,21.0,23.2
banyule,Banyule,20660,-37.7338437047388,145.08683445465346,-37.7,145.1,69.0,Australia/Sydney,air_quality_2026-08-26.json,2026-08-27T09:00:00+1000,2026-08-26T23:00:00+0000,2026-08-27,9,1.15,13.6,17.1
banyule,Banyule,20660,-37.7338437047388,145.08683445465346,-37.7,145.1,69.0,Australia/Sydney,air_quality_2026-08-26.json,2026-08-27T10:00:00+1000,2026-08-27T00:00:00+0000,2026-08-27,10,2.3,10.4,14.6
banyule,Banyule,20660,-37.7338437047388,145.08683445465346,-37.7,145.1,69.0,Australia/Sydney,air_quality_2026-08-26.json,2026-08-27T11:00:00+1000,2026-08-27T01:00:00+0000,2026-08-27,11,3.4,10.0,14.0
banyule,Banyule,20660,-37.7338437047388,145.08683445465346,-37.7,145.1,69.0,Australia/Sydney,air_quality_2026-08-26.json,2026-08-27T12:00:00+1000,2026-08-27T02:00:00+0000,2026-08-27,12,3.95,9.8,13.8
banyule,Banyule,20660,-37.7338437047388,145.08683445465346,-37.7,145.1,69.0,Australia/Sydney,air_quality_2026-08-26.json,2026-08-27T13:00:00+1000,2026-08-27T03:00:00+0000,2026-08-27,13,3.65,10.0,14.1
banyule,Banyule,20660,-37.7338437047388,145.08683445465346,-37.7,145.1,69.0,Australia/Sydney,air_quality_2026-08-26.json,2026-08-27T14:00:00+1000,2026-08-27T04:00:00+0000,2026-08-27,14,2.8,10.3,14.3
banyule,Banyule,20660,-37.7338437047388,145.08683445465346,-37.7,145.1,69.0,Australia/Sydney,air_quality_2026-08-26.json,2026-08-27T15:00:00+1000,2026-08-27T05:00:00+0000,2026-08-27,15,1.65,10.5,14.5
banyule,Banyule,20660,-37.7338437047388,145.08683445465346,-37.7,145.1,69.0,Australia/Sydney,air_quality_2026-08-26.json,2026-08-27T16:00:00+1000,2026-08-27T06:00:00+0000,2026-08-27,16,0.65,10.0,13.8
banyule,Banyule,20660,-37.7338437047388,145.08683445465346,-37.7,145.1,69.0,Australia/Sydney,air_quality_2026-08-26.json,2026-08-27T17:00:00+1000,2026-08-27T07:00:00+0000,2026-08-27,17,0.15,11.9,15.4
banyule,Banyule,20660,-37.7338437047388,145.08683445465346,-37.7,145.1,69.0,Australia/Sydney,air_quality_2026-08-26.json,2026-08-27T18:00:00+1000,2026-08-27T08:00:00+0000,2026-08-27,18,0.0,17.1,20.5
banyule,Banyule,20660,-37.7338437047388,145.08683445465346,-37.7,145.1,69.0,Australia/Sydney,air_quality_2026-08-26.json,2026-08-27T19:00:00+1000,2026-08-27T09:00:00+0000,2026-08-27,19,0.0,21.2,24.4
banyule,Banyule,20660,-37.7338437047388,145.08683445465346,-37.7,145.1,69.0,Australia/Sydney,air_quality_2026-08-26.json,2026-08-27T20:00:00+1000,2026-08-27T10:00:00+0000,2026-08-27,20,0.0,25.0,28.0
banyule,Banyule,20660,-37.7338437047388,145.08683445465346,-37.7,145.1,69.0,Australia/Sydney,air_quality_2026-08-26.json,2026-08-27T21:00:00+1000,2026-08-27T11:00:00+0000,2026-08-27,21,0.0,28.4,31.2
banyule,Banyule,20660,-37.7338437047388,145.08683445465346,-37.7,145.1,69.0,Australia/Sydney,air_quality_2026-08-26.json,2026-08-27T22:00:00+1000,2026-08-27T12:00:00+0000,2026-08-27,22,0.0,28.3,30.5
banyule,Banyule,20660,-37.7338437047388,145.08683445465346,-37.7,145.1,69.0,Australia/Sydney,air_quality_2026-08-26.json,2026-08-27T23:00:00+1000,2026-08-27T13:00:00+0000,2026-08-27,23,0.0,23.4,25.1
banyule,Banyule,20660,-37.7338437047388,145.08683445465346,-37.7,145.1,69.0,Australia/Sydney,air_quality_2026-08-26.json,2026-08-28T00:00:00+1000,2026-08-27T14:00:00+0000,2026-08-28,0,0.0,17.5,19.0
banyule,Banyule,20660,-37.7338437047388,145.08683445465346,-37.7,145.1,69.0,Australia/Sydney,air_quality_2026-08-26.json,2026-08-28T01:00:00+1000,2026-08-27T15:00:00+0000,2026-08-28,1,0.0,13.2,14.6
banyule,Banyule,20660,-37.7338437047388,145.08683445465346,-37.7,145.1,69.0,Australia/Sydney,air_quality_2026-08-26.json,2026-08-28T02:00:00+1000,2026-08-27T16:00:00+0000,2026-08-28,2,0.0,10.0,11.4
banyule,Banyule,20660,-37.7338437047388,145.08683445465346,-37.7,145.1,69.0,Australia/Sydney,air_quality_2026-08-26.json,2026-08-28T03:00:00+1000,2026-08-27T17:00:00+0000,2026-08-28,3,0.0,7.7,9.0
banyule,Banyule,20660,-37.7338437047388,145.08683445465346,-37.7,145.1,69.0,Australia/Sydney,air_quality_2026-08-26.json,2026-08-28T04:00:00+1000,2026-08-27T18:00:00+0000,2026-08-28,4,0.0,6.3,7.7
banyule,Banyule,20660,-37.7338437047388,145.08683445465346,-37.7,145.1,69.0,Australia/Sydney,air_quality_2026-08-26.json,2026-08-28T05:00:00+1000,2026-08-27T19:00:00+0000,2026-08-28,5,0.0,5.7,7.2
banyule,Banyule,20660,-37.7338437047388,145.08683445465346,-37.7,145.1,69.0,Australia/Sydney,air_quality_2026-08-26.json,2026-08-28T06:00:00+1000,2026-08-27T20:00:00+0000,2026-08-28,6,0.0,5.6,7.1
banyule,Banyule,20660,-37.7338437047388,145.08683445465346,-37.7,145.1,69.0,Australia/Sydney,air_quality_2026-08-26.json,2026-08-28T07:00:00+1000,2026-08-27T21:00:00+0000,2026-08-28,7,0.05,6.9,8.3
banyule,Banyule,20660,-37.7338437047388,145.08683445465346,-37.7,145.1,69.0,Australia/Sydney,air_quality_2026-08-26.json,2026-08-28T08:00:00+1000,2026-08-27T22:00:00+0000,2026-08-28,8,0.2,8.2,9.5
banyule,Banyule,20660,-37.7338437047388,145.08683445465346,-37.7,145.1,69.0,Australia/Sydney,air_quality_2026-08-26.json,2026-08-28T09:00:00+1000,2026-08-27T23:00:00+0000,2026-08-28,9,0.4,10.6,12.0
banyule,Banyule,20660,-37.7338437047388,145.08683445465346,-37.7,145.1,69.0,Australia/Sydney,air_quality_2026-08-26.json,2026-08-28T10:00:00+1000,2026-08-28T00:00:00+0000,2026-08-28,10,0.75,8.7,10.9
banyule,Banyule,20660,-37.7338437047388,145.08683445465346,-37.7,145.1,69.0,Australia/Sydney,air_quality_2026-08-26.json,2026-08-28T11:00:00+1000,2026-08-28T01:00:00+0000,2026-08-28,11,1.25,7.4,9.5
banyule,Banyule,20660,-37.7338437047388,145.08683445465346,-37.7,145.1,69.0,Australia/Sydney,air_quality_2026-08-26.json,2026-08-28T12:00:00+1000,2026-08-28T02:00:00+0000,2026-08-28,12,1.3,6.0,7.7
banyule,Banyule,20660,-37.7338437047388,145.08683445465346,-37.7,145.1,69.0,Australia/Sydney,air_quality_2026-08-26.json,2026-08-28T13:00:00+1000,2026-08-28T03:00:00+0000,2026-08-28,13,2.05,5.9,7.5
banyule,Banyule,20660,-37.7338437047388,145.08683445465346,-37.7,145.1,69.0,Australia/Sydney,air_quality_2026-08-26.json,2026-08-28T14:00:00+1000,2026-08-28T04:00:00+0000,2026-08-28,14,2.45,5.8,7.7
banyule,Banyule,20660,-37.7338437047388,145.08683445465346,-37.7,145.1,69.0,Australia/Sydney,air_quality_2026-08-26.json,2026-08-28T15:00:00+1000,2026-08-28T05:00:00+0000,2026-08-28,15,1.5,6.3,8.7
banyule,Banyule,20660,-37.7338437047388,145.08683445465346,-37.7,145.1,69.0,Australia/Sydney,air_quality_2026-08-26.json,2026-08-28T16:00:00+1000,2026-08-28T06:00:00+0000,2026-08-28,16,0.65,7.5,10.5
banyule,Banyule,20660,-37.7338437047388,145.08683445465346,-37.7,145.1,69.0,Australia/Sydney,air_quality_2026-08-26.json,2026-08-28T17:00:00+1000,2026-08-28T07:00:00+0000,2026-08-28,17,0.15,8.5,12.1
banyule,Banyule,20660,-37.7338437047388,145.08683445465346,-37.7,145.1,69.0,Australia/Sydney,air_quality_2026-08-26.json,2026-08-28T18:00:00+1000,2026-08-28T08:00:00+0000,2026-08-28,18,0.0,11.6,15.5
banyule,Banyule,20660,-37.7338437047388,145.08683445465346,-37.7,145.1,69.0,Australia/Sydney,air_quality_2026-08-26.json,2026-08-28T19:00:00+1000,2026-08-28T09:00:00+0000,2026-08-28,19,0.0,15.1,18.8
banyule,Banyule,20660,-37.7338437047388,145.08683445465346,-37.7,145.1,69.0,Australia/Sydney,air_quality_2026-08-26.json,2026-08-28T20:00:00+1000,2026-08-28T10:00:00+0000,2026-08-28,20,0.0,18.9,23.2
banyule,Banyule,20660,-37.7338437047388,145.08683445465346,-37.7,145.1,69.0,Australia/Sydney,air_quality_2026-08-26.json,2026-08-28T21:00:00+1000,2026-08-28T11:00:00+0000,2026-08-28,21,0.0,21.7,26.4
banyule,Banyule,20660,-37.7338437047388,145.08683445465346,-37.7,145.1,69.0,Australia/Sydney,air_quality_2026-08-26.json,2026-08-28T22:00:00+1000,2026-08-28T12:00:00+0000,2026-08-28,22,0.0,26.5,31.9
banyule,Banyule,20660,-37.7338437047388,145.08683445465346,-37.7,145.1,69.0,Australia/Sydney,air_quality_2026-08-26.json,2026-08-28T23:00:00+1000,2026-08-28T13:00:00+0000,2026-08-28,23,0.0,28.0,33.9
banyule,Banyule,20660,-37.7338437047388,145.08683445465346,-37.7,145.1,69.0,Australia/Sydney,air_quality_2026-08-26.json,2026-08-29T00:00:00+1000,2026-08-28T14:00:00+0000,2026-08-29,0,0.0,28.8,35.2
banyule,Banyule,20660,-37.7338437047388,145.08683445465346,-37.7,145.1,69.0,Australia/Sydney,air_quality_2026-08-26.json,2026-08-29T01:00:00+1000,2026-08-28T15:00:00+0000,2026-08-29,1,0.0,28.2,34.8
banyule,Banyule,20660,-37.7338437047388,145.08683445465346,-37.7,145.1,69.0,Australia/Sydney,air_quality_2026-08-26.json,2026-08-29T02:00:00+1000,2026-08-28T16:00:00+0000,2026-08-29,2,0.0,25.7,32.0
banyule,Banyule,20660,-37.7338437047388,145.08683445465346,-37.7,145.1,69.0,Australia/Sydney,air_quality_2026-08-26.json,2026-08-29T03:00:00+1000,2026-08-28T17:00:00+0000,2026-08-29,3,0.0,22.5,28.1
banyule,Banyule,20660,-37.7338437047388,145.08683445465346,-37.7,145.1,69.0,Australia/Sydney,air_quality_2026-08-26.json,2026-08-29T04:00:00+1000,2026-08-28T18:00:00+0000,2026-08-29,4,0.0,19.4,24.8
banyule,Banyule,20660,-37.7338437047388,145.08683445465346,-37.7,145.1,69.0,Australia/Sydney,air_quality_2026-08-26.json,2026-08-29T05:00:00+1000,2026-08-28T19:00:00+0000,2026-08-29,5,0.0,16.9,22.2
banyule,Banyule,20660,-37.7338437047388,145.08683445465346,-37.7,145.1,69.0,Australia/Sydney,air_quality_2026-08-26.json,2026-08-29T06:00:00+1000,2026-08-28T20:00:00+0000,2026-08-29,6,0.0,15.7,20.5
banyule,Banyule,20660,-37.7338437047388,145.08683445465346,-37.7,145.1,69.0,Australia/Sydney,air_quality_2026-08-26.json,2026-08-29T07:00:00+1000,2026-08-28T21:00:00+0000,2026-08-29,7,0.05,17.2,21.7
banyule,Banyule,20660,-37.7338437047388,145.08683445465346,-37.7,145.1,69.0,Australia/Sydney,air_quality_2026-08-26.json,2026-08-29T08:00:00+1000,2026-08-28T22:00:00+0000,2026-08-29,8,0.35,18.5,22.8
banyule,Banyule,20660,-37.7338437047388,145.08683445465346,-37.7,145.1,69.0,Australia/Sydney,air_quality_2026-08-26.json,2026-08-29T09:00:00+1000,2026-08-28T23:00:00+0000,2026-08-29,9,0.95,15.3,20.4
banyule,Banyule,20660,-37.7338437047388,145.08683445465346,-37.7,145.1,69.0,Australia/Sydney,air_quality_2026-08-26.json,2026-08-29T10:00:00+1000,2026-08-29T00:00:00+0000,2026-08-29,10,1.6,13.9,20.3
banyule,Banyule,20660,-37.7338437047388,145.08683445465346,-37.7,145.1,69.0,Australia/Sydney,air_quality_2026-08-26.json,2026-08-29T11:00:00+1000,2026-08-29T01:00:00+0000,2026-08-29,11,2.0,13.1,19.8
banyule,Banyule,20660,-37.7338437047388,145.08683445465346,-37.7,145.1,69.0,Australia/Sydney,air_quality_2026-08-26.json,2026-08-29T12:00:00+1000,2026-08-29T02:00:00+0000,2026-08-29,12,2.2,12.1,18.1
banyule,Banyule,20660,-37.7338437047388,145.08683445465346,-37.7,145.1,69.0,Australia/Sydney,air_quality_2026-08-26.json,2026-08-29T13:00:00+1000,2026-08-29T03:00:00+0000,2026-08-29,13,2.1,11.8,17.5
banyule,Banyule,20660,-37.7338437047388,145.08683445465346,-37.7,145.1,69.0,Australia/Sydney,air_quality_2026-08-26.json,2026-08-29T14:00:00+1000,2026-08-29T04:00:00+0000,2026-08-29,14,1.55,11.4,16.7
banyule,Banyule,20660,-37.7338437047388,145.08683445465346,-37.7,145.1,69.0,Australia/Sydney,air_quality_2026-08-26.json,2026-08-29T15:00:00+1000,2026-08-29T05:00:00+0000,2026-08-29,15,0.85,11.4,16.6
banyule,Banyule,20660,-37.7338437047388,145.08683445465346,-37.7,145.1,69.0,Australia/Sydney,air_quality_2026-08-26.json,2026-08-29T16:00:00+1000,2026-08-29T06:00:00+0000,2026-08-29,16,0.35,12.2,17.9
banyule,Banyule,20660,-37.7338437047388,145.08683445465346,-37.7,145.1,69.0,Australia/Sydney,air_quality_2026-08-26.json,2026-08-29T17:00:00+1000,2026-08-29T07:00:00+0000,2026-08-29,17,0.1,13.5,19.8
banyule,Banyule,20660,-37.7338437047388,145.08683445465346,-37.7,145.1,69.0,Australia/Sydney,air_quality_2026-08-26.json,2026-08-29T18:00:00+1000,2026-08-29T08:00:00+0000,2026-08-29,18,0.0,14.1,20.1
banyule,Banyule,20660,-37.7338437047388,145.08683445465346,-37.7,145.1,69.0,Australia/Sydney,air_quality_2026-08-26.json,2026-08-29T19:00:00+1000,2026-08-29T09:00:00+0000,2026-08-29,19,0.0,14.1,19.1
banyule,Banyule,20660,-37.7338437047388,145.08683445465346,-37.7,145.1,69.0,Australia/Sydney,air_quality_2026-08-26.json,2026-08-29T20:00:00+1000,2026-08-29T10:00:00+0000,2026-08-29,20,0.0,14.8,19.7
banyule,Banyule,20660,-37.7338437047388,145.08683445465346,-37.7,145.1,69.0,Australia/Sydney,air_quality_2026-08-26.json,2026-08-29T21:00:00+1000,2026-08-29T11:00:00+0000,2026-08-29,21,0.0,15.6,21.0
banyule,Banyule,20660,-37.7338437047388,145.08683445465346,-37.7,145.1,69.0,Australia/Sydney,air_quality_2026-08-26.json,2026-08-29T22:00:00+1000,2026-08-29T12:00:00+0000,2026-08-29,22,0.0,14.5,19.5
banyule,Banyule,20660,-37.7338437047388,145.08683445465346,-37.7,145.1,69.0,Australia/Sydney,air_quality_2026-08-26.json,2026-08-29T23:00:00+1000,2026-08-29T13:00:00+0000,2026-08-29,23,0.0,13.2,17.7
banyule,Banyule,20660,-37.7338437047388,145.08683445465346,-37.7,145.1,69.0,Australia/Sydney,air_quality_2026-08-26.json,2026-08-30T00:00:00+1000,2026-08-29T14:00:00+0000,2026-08-30,0,0.0,12.3,16.4
banyule,Banyule,20660,-37.7338437047388,145.08683445465346,-37.7,145.1,69.0,Australia/Sydney,air_quality_2026-08-26.json,2026-08-30T01:00:00+1000,2026-08-29T15:00:00+0000,2026-08-30,1,0.0,11.5,15.3
banyule,Banyule,20660,-37.7338437047388,145.08683445465346,-37.7,145.1,69.0,Australia/Sydney,air_quality_2026-08-26.json,2026-08-30T02:00:00+1000,2026-08-29T16:00:00+0000,2026-08-30,2,0.0,11.2,15.1
banyule,Banyule,20660,-37.7338437047388,145.08683445465346,-37.7,145.1,69.0,Australia/Sydney,air_quality_2026-08-26.json,2026-08-30T03:00:00+1000,2026-08-29T17:00:00+0000,2026-08-30,3,0.0,11.2,15.0
banyule,Banyule,20660,-37.7338437047388,145.08683445465346,-37.7,145.1,69.0,Australia/Sydney,air_quality_2026-08-26.json,2026-08-30T04:00:00+1000,2026-08-29T18:00:00+0000,2026-08-30,4,0.0,11.3,15.1
banyule,Banyule,20660,-37.7338437047388,145.08683445465346,-37.7,145.1,69.0,Australia/Sydney,air_quality_2026-08-26.json,2026-08-30T05:00:00+1000,2026-08-29T19:00:00+0000,2026-08-30,5,0.0,11.4,15.3
banyule,Banyule,20660,-37.7338437047388,145.08683445465346,-37.7,145.1,69.0,Australia/Sydney,air_quality_2026-08-26.json,2026-08-30T06:00:00+1000,2026-08-29T20:00:00+0000,2026-08-30,6,0.0,12.2,16.2
banyule,Banyule,20660,-37.7338437047388,145.08683445465346,-37.7,145.1,69.0,Australia/Sydney,air_quality_2026-08-26.json,2026-08-30T07:00:00+1000,2026-08-29T21:00:00+0000,2026-08-30,7,0.0,13.5,17.4
banyule,Banyule,20660,-37.7338437047388,145.08683445465346,-37.7,145.1,69.0,Australia/Sydney,air_quality_2026-08-26.json,2026-08-30T08:00:00+1000,2026-08-29T22:00:00+0000,2026-08-30,8,0.2,15.1,19.0
banyule,Banyule,20660,-37.7338437047388,145.08683445465346,-37.7,145.1,69.0,Australia/Sydney,air_quality_2026-08-26.json,2026-08-30T09:00:00+1000,2026-08-29T23:00:00+0000,2026-08-30,9,0.6,14.3,18.5
banyule,Banyule,20660,-37.7338437047388,145.08683445465346,-37.7,145.1,69.0,Australia/Sydney,air_quality_2026-08-26.json,2026-08-30T10:00:00+1000,2026-08-30T00:00:00+0000,2026-08-30,10,1.5,12.6,17.6
banyule,Banyule,20660,-37.7338437047388,145.08683445465346,-37.7,145.1,69.0,Australia/Sydney,air_quality_2026-08-26.json,2026-08-30T11:00:00+1000,2026-08-30T01:00:00+0000,2026-08-30,11,2.25,11.8,17.0
banyule,Banyule,20660,-37.7338437047388,145.08683445465346,-37.7,145.1,69.0,Australia/Sydney,air_quality_2026-08-26.json,2026-08-30T12:00:00+1000,2026-08-30T02:00:00+0000,2026-08-30,12,2.95,11.3,16.4
banyule,Banyule,20660,-37.7338437047388,145.08683445465346,-37.7,145.1,69.0,Australia/Sydney,air_quality_2026-08-26.json,2026-08-30T13:00:00+1000,2026-08-30T03:00:00+0000,2026-08-30,13,3.15,11.2,16.2
banyule,Banyule,20660,-37.7338437047388,145.08683445465346,-37.7,145.1,69.0,Australia/Sydney,air_quality_2026-08-26.json,2026-08-30T14:00:00+1000,2026-08-30T04:00:00+0000,2026-08-30,14,2.9,10.5,15.1
banyule,Banyule,20660,-37.7338437047388,145.08683445465346,-37.7,145.1,69.0,Australia/Sydney,air_quality_2026-08-26.json,2026-08-30T15:00:00+1000,2026-08-30T05:00:00+0000,2026-08-30,15,1.8,10.7,15.2
banyule,Banyule,20660,-37.7338437047388,145.08683445465346,-37.7,145.1,69.0,Australia/Sydney,air_quality_2026-08-26.json,2026-08-30T16:00:00+1000,2026-08-30T06:00:00+0000,2026-08-30,16,0.8,10.8,15.4
banyule,Banyule,20660,-37.7338437047388,145.08683445465346,-37.7,145.1,69.0,Australia/Sydney,air_quality_2026-08-26.json,2026-08-30T17:00:00+1000,2026-08-30T07:00:00+0000,2026-08-30,17,0.15,11.1,15.7
banyule,Banyule,20660,-37.7338437047388,145.08683445465346,-37.7,145.1,69.0,Australia/Sydney,air_quality_2026-08-26.json,2026-08-30T18:00:00+1000,2026-08-30T08:00:00+0000,2026-08-30,18,0.0,12.6,17.1
banyule,Banyule,20660,-37.7338437047388,145.08683445465346,-37.7,145.1,69.0,Australia/Sydney,air_quality_2026-08-26.json,2026-08-30T19:00:00+1000,2026-08-30T09:00:00+0000,2026-08-30,19,0.0,12.8,16.6
banyule,Banyule,20660,-37.7338437047388,145.08683445465346,-37.7,145.1,69.0,Australia/Sydney,air_quality_2026-08-26.json,2026-08-30T20:00:00+1000,2026-08-30T10:00:00+0000,2026-08-30,20,0.0,12.6,16.0
banyule,Banyule,20660,-37.7338437047388,145.08683445465346,-37.7,145.1,69.0,Australia/Sydney,air_quality_2026-08-26.json,2026-08-30T21:00:00+1000,2026-08-30T11:00:00+0000,2026-08-30,21,0.0,12.8,16.1
banyule,Banyule,20660,-37.7338437047388,145.08683445465346,-37.7,145.1,69.0,Australia/Sydney,air_quality_2026-08-26.json,2026-08-30T22:00:00+1000,2026-08-30T12:00:00+0000,2026-08-30,22,0.0,13.4,16.6
bayside,Bayside,20910,-37.94177121090012,145.01933040260965,-37.899998,145.0,26.0,Australia/Sydney,air_quality_2026-08-26.json,2026-08-26T00:00:00+1000,2026-08-25T14:00:00+0000,2026-08-26,0,0.0,3.8,5.5
bayside,Bayside,20910,-37.94177121090012,145.01933040260965,-37.899998,145.0,26.0,Australia/Sydney,air_quality_2026-08-26.json,2026-08-26T01:00:00+1000,2026-08-25T15:00:00+0000,2026-08-26,1,0.0,3.9,6.0
bayside,Bayside,20910,-37.94177121090012,145.01933040260965,-37.899998,145.0,26.0,Australia/Sydney,air_quality_2026-08-26.json,2026-08-26T02:00:00+1000,2026-08-25T16:00:00+0000,2026-08-26,2,0.0,4.4,7.0
bayside,Bayside,20910,-37.94177121090012,145.01933040260965,-37.899998,145.0,26.0,Australia/Sydney,air_quality_2026-08-26.json,2026-08-26T03:00:00+1000,2026-08-25T17:00:00+0000,2026-08-26,3,0.0,4.9,7.8
bayside,Bayside,20910,-37.94177121090012,145.01933040260965,-37.899998,145.0,26.0,Australia/Sydney,air_quality_2026-08-26.json,2026-08-26T04:00:00+1000,2026-08-25T18:00:00+0000,2026-08-26,4,0.0,5.1,8.1
bayside,Bayside,20910,-37.94177121090012,145.01933040260965,-37.899998,145.0,26.0,Australia/Sydney,air_quality_2026-08-26.json,2026-08-26T05:00:00+1000,2026-08-25T19:00:00+0000,2026-08-26,5,0.0,5.3,8.4
bayside,Bayside,20910,-37.94177121090012,145.01933040260965,-37.899998,145.0,26.0,Australia/Sydney,air_quality_2026-08-26.json,2026-08-26T06:00:00+1000,2026-08-25T20:00:00+0000,2026-08-26,6,0.0,5.4,8.4
bayside,Bayside,20910,-37.94177121090012,145.01933040260965,-37.899998,145.0,26.0,Australia/Sydney,air_quality_2026-08-26.json,2026-08-26T07:00:00+1000,2026-08-25T21:00:00+0000,2026-08-26,7,0.05,5.9,8.7
bayside,Bayside,20910,-37.94177121090012,145.01933040260965,-37.899998,145.0,26.0,Australia/Sydney,air_quality_2026-08-26.json,2026-08-26T08:00:00+1000,2026-08-25T22:00:00+0000,2026-08-26,8,0.35,6.5,9.5
bayside,Bayside,20910,-37.94177121090012,145.01933040260965,-37.899998,145.0,26.0,Australia/Sydney,air_quality_2026-08-26.json,2026-08-26T09:00:00+1000,2026-08-25T23:00:00+0000,2026-08-26,9,1.0,6.5,9.9
bayside,Bayside,20910,-37.94177121090012,145.01933040260965,-37.899998,145.0,26.0,Australia/Sydney,air_quality_2026-08-26.json,2026-08-26T10:00:00+1000,2026-08-26T00:00:00+0000,2026-08-26,10,1.9,7.9,12.5
bayside,Bayside,20910,-37.94177121090012,145.01933040260965,-37.899998,145.0,26.0,Australia/Sydney,air_quality_2026-08-26.json,2026-08-26T11:00:00+1000,2026-08-26T01:00:00+0000,2026-08-26,11,2.8,7.3,11.7
bayside,Bayside,20910,-37.94177121090012,145.01933040260965,-37.899998,145.0,26.0,Australia/Sydney,air_quality_2026-08-26.json,2026-08-26T12:00:00+1000,2026-08-26T02:00:00+0000,2026-08-26,12,2.95,8.0,12.9
bayside,Bayside,20910,-37.94177121090012,145.01933040260965,-37.899998,145.0,26.0,Australia/Sydney,air_quality_2026-08-26.json,2026-08-26T13:00:00+1000,2026-08-26T03:00:00+0000,2026-08-26,13,2.65,7.3,11.9
bayside,Bayside,20910,-37.94177121090012,145.01933040260965,-37.899998,145.0,26.0,Australia/Sydney,air_quality_2026-08-26.json,2026-08-26T14:00:00+1000,2026-08-26T04:00:00+0000,2026-08-26,14,2.0,7.1,11.5
bayside,Bayside,20910,-37.94177121090012,145.01933040260965,-37.899998,145.0,26.0,Australia/Sydney,air_quality_2026-08-26.json,2026-08-26T15:00:00+1000,2026-08-26T05:00:00+0000,2026-08-26,15,1.15,7.0,11.3
bayside,Bayside,20910,-37.94177121090012,145.01933040260965,-37.899998,145.0,26.0,Australia/Sydney,air_quality_2026-08-26.json,2026-08-26T16:00:00+1000,2026-08-26T06:00:00+0000,2026-08-26,16,0.5,7.2,11.5
bayside,Bayside,20910,-37.94177121090012,145.01933040260965,-37.899998,145.0,26.0,Australia/Sydney,air_quality_2026-08-26.json,2026-08-26T17:00:00+1000,2026-08-26T07:00:00+0000,2026-08-26,17,0.1,7.6,11.8
bayside,Bayside,20910,-37.94177121090012,145.01933040260965,-37.899998,145.0,26.0,Australia/Sydney,air_quality_2026-08-26.json,2026-08-26T18:00:00+1000,2026-08-26T08:00:00+0000,2026-08-26,18,0.0,9.2,13.4
bayside,Bayside,20910,-37.94177121090012,145.01933040260965,-37.899998,145.0,26.0,Australia/Sydney,air_quality_2026-08-26.json,2026-08-26T19:00:00+1000,2026-08-26T09:00:00+0000,2026-08-26,19,0.0,11.3,15.5
bayside,Bayside,20910,-37.94177121090012,145.01933040260965,-37.899998,145.0,26.0,Australia/Sydney,air_quality_2026-08-26.json,2026-08-26T20:00:00+1000,2026-08-26T10:00:00+0000,2026-08-26,20,0.0,12.5,16.8
bayside,Bayside,20910,-37.94177121090012,145.01933040260965,-37.899998,145.0,26.0,Australia/Sydney,air_quality_2026-08-26.json,2026-08-26T21:00:00+1000,2026-08-26T11:00:00+0000,2026-08-26,21,0.0,12.4,16.3
bayside,Bayside,20910,-37.94177121090012,145.01933040260965,-37.899998,145.0,26.0,Australia/Sydney,air_quality_2026-08-26.json,2026-08-26T22:00:00+1000,2026-08-26T12:00:00+0000,2026-08-26,22,0.0,12.8,16.7
bayside,Bayside,20910,-37.94177121090012,145.01933040260965,-37.899998,145.0,26.0,Australia/Sydney,air_quality_2026-08-26.json,2026-08-26T23:00:00+1000,2026-08-26T13:00:00+0000,2026-08-26,23,0.0,13.3,17.2
bayside,Bayside,20910,-37.94177121090012,145.01933040260965,-37.899998,145.0,26.0,Australia/Sydney,air_quality_2026-08-26.json,2026-08-27T00:00:00+1000,2026-08-26T14:00:00+0000,2026-08-27,0,0.0,13.6,17.6
bayside,Bayside,20910,-37.94177121090012,145.01933040260965,-37.899998,145.0,26.0,Australia/Sydney,air_quality_2026-08-26.json,2026-08-27T01:00:00+1000,2026-08-26T15:00:00+0000,2026-08-27,1,0.0,13.6,17.6
bayside,Bayside,20910,-37.94177121090012,145.01933040260965,-37.899998,145.0,26.0,Australia/Sydney,air_quality_2026-08-26.json,2026-08-27T02:00:00+1000,2026-08-26T16:00:00+0000,2026-08-27,2,0.0,13.6,17.7
bayside,Bayside,20910,-37.94177121090012,145.01933040260965,-37.899998,145.0,26.0,Australia/Sydney,air_quality_2026-08-26.json,2026-08-27T03:00:00+1000,2026-08-26T17:00:00+0000,2026-08-27,3,0.0,13.5,17.7
bayside,Bayside,20910,-37.94177121090012,145.01933040260965,-37.899998,145.0,26.0,Australia/Sydney,air_quality_2026-08-26.json,2026-08-27T04:00:00+1000,2026-08-26T18:00:00+0000,2026-08-27,4,0.0,13.2,17.5
bayside,Bayside,20910,-37.94177121090012,145.01933040260965,-37.899998,145.0,26.0,Australia/Sydney,air_quality_2026-08-26.json,2026-08-27T05:00:00+1000,2026-08-26T19:00:00+0000,2026-08-27,5,0.0,13.0,17.2
bayside,Bayside,20910,-37.94177121090012,145.01933040260965,-37.899998,145.0,26.0,Australia/Sydney,air_quality_2026-08-26.json,2026-08-27T06:00:00+1000,2026-08-26T20:00:00+0000,2026-08-27,6,0.0,13.4,17.5
bayside,Bayside,20910,-37.94177121090012,145.01933040260965,-37.899998,145.0,26.0,Australia/Sydney,air_quality_2026-08-26.json,2026-08-27T07:00:00+1000,2026-08-26T21:00:00+0000,2026-08-27,7,0.05,16.2,19.8
bayside,Bayside,20910,-37.94177121090012,145.01933040260965,-37.899998,145.0,26.0,Australia/Sydney,air_quality_2026-08-26.json,2026-08-27T08:00:00+1000,2026-08-26T22:00:00+0000,2026-08-27,8,0.35,20.4,22.5
bayside,Bayside,20910,-37.94177121090012,145.01933040260965,-37.899998,145.0,26.0,Australia/Sydney,air_quality_2026-08-26.json,2026-08-27T09:00:00+1000,2026-08-26T23:00:00+0000,2026-08-27,9,1.1,15.4,18.1
bayside,Bayside,20910,-37.94177121090012,145.01933040260965,-37.899998,145.0,26.0,Australia/Sydney,air_quality_2026-08-26.json,2026-08-27T10:00:00+1000,2026-08-27T00:00:00+0000,2026-08-27,10,2.15,10.3,14.5
bayside,Bayside,20910,-37.94177121090012,145.01933040260965,-37.899998,145.0,26.0,Australia/Sydney,air_quality_2026-08-26.json,2026-08-27T11:00:00+1000,2026-08-27T01:00:00+0000,2026-08-27,11,2.65,9.5,13.8
bayside,Bayside,20910,-37.94177121090012,145.01933040260965,-37.899998,145.0,26.0,Australia/Sydney,air_quality_2026-08-26.json,2026-08-27T12:00:00+1000,2026-08-27T02:00:00+0000,2026-08-27,12,3.25,9.2,13.4
bayside,Bayside,20910,-37.94177121090012,145.01933040260965,-37.899998,145.0,26.0,Australia/Sydney,air_quality_2026-08-26.json,2026-08-27T13:00:00+1000,2026-08-27T03:00:00+0000,2026-08-27,13,3.3,9.6,13.7
bayside,Bayside,20910,-37.94177121090012,145.01933040260965,-37.899998,145.0,26.0,Australia/Sydney,air_quality_2026-08-26.json,2026-08-27T14:00:00+1000,2026-08-27T04:00:00+0000,2026-08-27,14,2.6,9.9,13.9
bayside,Bayside,20910,-37.94177121090012,145.01933040260965,-37.899998,145.0,26.0,Australia/Sydney,air_quality_2026-08-26.json,2026-08-27T15:00:00+1000,2026-08-27T05:00:00+0000,2026-08-27,15,1.5,10.1,14.2
bayside,Bayside,20910,-37.94177121090012,145.01933040260965,-37.899998,145.0,26.0,Australia/Sydney,air_quality_2026-08-26.json,2026-08-27T16:00:00+1000,2026-08-27T06:00:00+0000,2026-08-27,16,0.6,9.9,13.9
bayside,Bayside,20910,-37.94177121090012,145.01933040260965,-37.899998,145.0,26.0,Australia/Sydney,air_quality_2026-08-26.json,2026-08-27T17:00:00+1000,2026-08-27T07:00:00+0000,2026-08-27,17,0.15,11.4,15.3
bayside,Bayside,20910,-37.94177121090012,145.01933040260965,-37.899998,145.0,26.0,Australia/Sydney,air_quality_2026-08-26.json,2026-08-27T18:00:00+1000,2026-08-27T08:00:00+0000,2026-08-27,18,0.0,15.5,19.2
bayside,Bayside,20910,-37.94177121090012,145.01933040260965,-37.899998,145.0,26.0,Australia/Sydney,air_quality_2026-08-26.json,2026-08-27T19:00:00+1000,2026-08-27T09:00:00+0000,2026-08-27,19,0.0,19.1,22.8
bayside,Bayside,20910,-37.94177121090012,145.01933040260965,-37.899998,145.0,26.0,Australia/Sydney,air_quality_2026-08-26.json,2026-08-27T20:00:00+1000,2026-08-27T10:00:00+0000,2026-08-27,20,0.0,22.3,25.8
bayside,Bayside,20910,-37.94177121090012,145.01933040260965,-37.899998,145.0,26.0,Australia/Sydney,air_quality_2026-08-26.json,2026-08-27T21:00:00+1000,2026-08-27T11:00:00+0000,2026-08-27,21,0.0,25.4,28.8
bayside,Bayside,20910,-37.94177121090012,145.01933040260965,-37.899998,145.0,26.0,Australia/Sydney,air_quality_2026-08-26.json,2026-08-27T22:00:00+1000,2026-08-27T12:00:00+0000,2026-08-27,22,0.0,26.4,29.2
bayside,Bayside,20910,-37.94177121090012,145.01933040260965,-37.899998,145.0,26.0,Australia/Sydney,air_quality_2026-08-26.json,2026-08-27T23:00:00+1000,2026-08-27T13:00:00+0000,2026-08-27,23,0.0,23.2,25.2
bayside,Bayside,20910,-37.94177121090012,145.01933040260965,-37.899998,145.0,26.0,Australia/Sydney,air_quality_2026-08-26.json,2026-08-28T00:00:00+1000,2026-08-27T14:00:00+0000,2026-08-28,0,0.0,19.4,21.0
bayside,Bayside,20910,-37.94177121090012,145.01933040260965,-37.899998,145.0,26.0,Australia/Sydney,air_quality_2026-08-26.json,2026-08-28T01:00:00+1000,2026-08-27T15:00:00+0000,2026-08-28,1,0.0,16.6,18.0
bayside,Bayside,20910,-37.94177121090012,145.01933040260965,-37.899998,145.0,26.0,Australia/Sydney,air_quality_2026-08-26.json,2026-08-28T02:00:00+1000,2026-08-27T16:00:00+0000,2026-08-28,2,0.0,13.8,15.0
bayside,Bayside,20910,-37.94177121090012,145.01933040260965,-37.899998,145.0,26.0,Australia/Sydney,air_quality_2026-08-26.json,2026-08-28T03:00:00+1000,2026-08-27T17:00:00+0000,2026-08-28,3,0.0,11.1,12.2
bayside,Bayside,20910,-37.94177121090012,145.01933040260965,-37.899998,145.0,26.0,Australia/Sydney,air_quality_2026-08-26.json,2026-08-28T04:00:00+1000,2026-08-27T18:00:00+0000,2026-08-28,4,0.0,8.7,9.7
bayside,Bayside,20910,-37.94177121090012,145.01933040260965,-37.899998,145.0,26.0,Australia/Sydney,air_quality_2026-08-26.json,2026-08-28T05:00:00+1000,2026-08-27T19:00:00+0000,2026-08-28,5,0.0,7.4,8.6
bayside,Bayside,20910,-37.94177121090012,145.01933040260965,-37.899998,145.0,26.0,Australia/Sydney,air_quality_2026-08-26.json,2026-08-28T06:00:00+1000,2026-08-27T20:00:00+0000,2026-08-28,6,0.0,6.6,8.0
bayside,Bayside,20910,-37.94177121090012,145.01933040260965,-37.899998,145.0,26.0,Australia/Sydney,air_quality_2026-08-26.json,2026-08-28T07:00:00+1000,2026-08-27T21:00:00+0000,2026-08-28,7,0.0,7.2,8.5
bayside,Bayside,20910,-37.94177121090012,145.01933040260965,-37.899998,145.0,26.0,Australia/Sydney,air_quality_2026-08-26.json,2026-08-28T08:00:00+1000,2026-08-27T22:00:00+0000,2026-08-28,8,0.1,8.5,10.0
bayside,Bayside,20910,-37.94177121090012,145.01933040260965,-37.899998,145.0,26.0,Australia/Sydney,air_quality_2026-08-26.json,2026-08-28T09:00:00+1000,2026-08-27T23:00:00+0000,2026-08-28,9,0.35,10.3,11.9
bayside,Bayside,20910,-37.94177121090012,145.01933040260965,-37.899998,145.0,26.0,Australia/Sydney,air_quality_2026-08-26.json,2026-08-28T10:00:00+1000,2026-08-28T00:00:00+0000,2026-08-28,10,0.85,8.8,10.7
bayside,Bayside,20910,-37.94177121090012,145.01933040260965,-37.899998,145.0,26.0,Australia/Sydney,air_quality_2026-08-26.json,2026-08-28T11:00:00+1000,2026-08-28T01:00:00+0000,2026-08-28,11,1.8,7.7,9.7
bayside,Bayside,20910,-37.94177121090012,145.01933040260965,-37.899998,145.0,26.0,Australia/Sydney,air_quality_2026-08-26.json,2026-08-28T12:00:00+1000,2026-08-28T02:00:00+0000,2026-08-28,12,2.65,5.8,7.7
bayside,Bayside,20910,-37.94177121090012,145.01933040260965,-37.899998,145.0,26.0,Australia/Sydney,air_quality_2026-08-26.json,2026-08-28T13:00:00+1000,2026-08-28T03:00:00+0000,2026-08-28,13,3.1,6.0,8.6
bayside,Bayside,20910,-37.94177121090012,145.01933040260965,-37.899998,145.0,26.0,Australia/Sydney,air_quality_2026-08-26.json,2026-08-28T14:00:00+1000,2026-08-28T04:00:00+0000,2026-08-28,14,2.5,7.4,11.3
bayside,Bayside,20910,-37.94177121090012,145.01933040260965,-37.899998,145.0,26.0,Australia/Sydney,air_quality_2026-08-26.json,2026-08-28T15:00:00+1000,2026-08-28T05:00:00+0000,2026-08-28,15,1.55,8.7,13.7
bayside,Bayside,20910,-37.94177121090012,145.01933040260965,-37.899998,145.0,26.0,Australia/Sydney,air_quality_2026-08-26.json,2026-08-28T16:00:00+1000,2026-08-28T06:00:00+0000,2026-08-28,16,0.65,10.0,15.7
bayside,Bayside,20910,-37.94177121090012,145.01933040260965,-37.899998,145.0,26.0,Australia/Sydney,air_quality_2026-08-26.json,2026-08-28T17:00:00+1000,2026-08-28T07:00:00+0000,2026-08-28,17,0.15,11.0,17.3
bayside,Bayside,20910,-37.94177121090012,145.01933040260965,-37.899998,145.0,26.0,Australia/Sydney,air_quality_2026-08-26.json,2026-08-28T18:00:00+1000,2026-08-28T08:00:00+0000,2026-08-28,18,0.0,13.9,20.7
bayside,Bayside,20910,-37.94177121090012,145.01933040260965,-37.899998,145.0,26.0,Australia/Sydney,air_quality_2026-08-26.json,2026-08-28T19:00:00+1000,2026-08-28T09:00:00+0000,2026-08-28,19,0.0,17.2,23.7
bayside,Bayside,20910,-37.94177121090012,145.01933040260965,-37.899998,145.0,26.0,Australia/Sydney,air_quality_2026-08-26.json,2026-08-28T20:00:00+1000,2026-08-28T10:00:00+0000,2026-08-28,20,0.0,20.1,27.0
bayside,Bayside,20910,-37.94177121090012,145.01933040260965,-37.899998,145.0,26.0,Australia/Sydney,air_quality_2026-08-26.json,2026-08-28T21:00:00+1000,2026-08-28T11:00:00+0000,2026-08-28,21,0.0,21.8,28.8
bayside,Bayside,20910,-37.94177121090012,145.01933040260965,-37.899998,145.0,26.0,Australia/Sydney,air_quality_2026-08-26.json,2026-08-28T22:00:00+1000,2026-08-28T12:00:00+0000,2026-08-28,22,0.0,22.8,29.9
bayside,Bayside,20910,-37.94177121090012,145.01933040260965,-37.899998,145.0,26.0,Australia/Sydney,air_quality_2026-08-26.json,2026-08-28T23:00:00+1000,2026-08-28T13:00:00+0000,2026-08-28,23,0.0,23.4,30.6
bayside,Bayside,20910,-37.94177121090012,145.01933040260965,-37.899998,145.0,26.0,Australia/Sydney,air_quality_2026-08-26.json,2026-08-29T00:00:00+1000,2026-08-28T14:00:00+0000,2026-08-29,0,0.0,23.7,31.0
bayside,Bayside,20910,-37.94177121090012,145.01933040260965,-37.899998,145.0,26.0,Australia/Sydney,air_quality_2026-08-26.json,2026-08-29T01:00:00+1000,2026-08-28T15:00:00+0000,2026-08-29,1,0.0,23.3,30.3
bayside,Bayside,20910,-37.94177121090012,145.01933040260965,-37.899998,145.0,26.0,Australia/Sydney,air_quality_2026-08-26.json,2026-08-29T02:00:00+1000,2026-08-28T16:00:00+0000,2026-08-29,2,0.0,21.3,27.4
bayside,Bayside,20910,-37.94177121090012,145.01933040260965,-37.899998,145.0,26.0,Australia/Sydney,air_quality_2026-08-26.json,2026-08-29T03:00:00+1000,2026-08-28T17:00:00+0000,2026-08-29,3,0.0,17.9,23.1
bayside,Bayside,20910,-37.94177121090012,145.01933040260965,-37.899998,145.0,26.0,Australia/Sydney,air_quality_2026-08-26.json,2026-08-29T04:00:00+1000,2026-08-28T18:00:00+0000,2026-08-29,4,0.0,14.8,19.2
bayside,Bayside,20910,-37.94177121090012,145.01933040260965,-37.899998,145.0,26.0,Australia/Sydney,air_quality_2026-08-26.json,2026-08-29T05:00:00+1000,2026-08-28T19:00:00+0000,2026-08-29,5,0.0,12.3,16.1
bayside,Bayside,20910,-37.94177121090012,145.01933040260965,-37.899998,145.0,26.0,Australia/Sydney,air_quality_2026-08-26.json,2026-08-29T06:00:00+1000,2026-08-28T20:00:00+0000,2026-08-29,6,0.0,11.1,14.4
bayside,Bayside,20910,-37.94177121090012,145.01933040260965,-37.899998,145.0,26.0,Australia/Sydney,air_quality_2026-08-26.json,2026-08-29T07:00:00+1000,2026-08-28T21:00:00+0000,2026-08-29,7,0.05,12.4,15.3
bayside,Bayside,20910,-37.94177121090012,145.01933040260965,-37.899998,145.0,26.0,Australia/Sydney,air_quality_2026-08-26.json,2026-08-29T08:00:00+1000,2026-08-28T22:00:00+0000,2026-08-29,8,0.25,14.0,16.9
bayside,Bayside,20910,-37.94177121090012,145.01933040260965,-37.899998,145.0,26.0,Australia/Sydney,air_quality_2026-08-26.json,2026-08-29T09:00:00+1000,2026-08-28T23:00:00+0000,2026-08-29,9,0.7,12.3,16.1
bayside,Bayside,20910,-37.94177121090012,145.01933040260965,-37.899998,145.0,26.0,Australia/Sydney,air_quality_2026-08-26.json,2026-08-29T10:00:00+1000,2026-08-29T00:00:00+0000,2026-08-29,10,1.25,12.3,17.6
bayside,Bayside,20910,-37.94177121090012,145.01933040260965,-37.899998,145.0,26.0,Australia/Sydney,air_quality_2026-08-26.json,2026-08-29T11:00:00+1000,2026-08-29T01:00:00+0000,2026-08-29,11,1.5,11.9,17.9
bayside,Bayside,20910,-37.94177121090012,145.01933040260965,-37.899998,145.0,26.0,Australia/Sydney,air_quality_2026-08-26.json,2026-08-29T12:00:00+1000,2026-08-29T02:00:00+0000,2026-08-29,12,1.55,12.0,18.6
bayside,Bayside,20910,-37.94177121090012,145.01933040260965,-37.899998,145.0,26.0,Australia/Sydney,air_quality_2026-08-26.json,2026-08-29T13:00:00+1000,2026-08-29T03:00:00+0000,2026-08-29,13,1.6,11.8,18.5
bayside,Bayside,20910,-37.94177121090012,145.01933040260965,-37.899998,145.0,26.0,Australia/Sydney,air_quality_2026-08-26.json,2026-08-29T14:00:00+1000,2026-08-29T04:00:00+0000,2026-08-29,14,1.2,11.8,18.7
bayside,Bayside,20910,-37.94177121090012,145.01933040260965,-37.899998,145.0,26.0,Australia/Sydney,air_quality_2026-08-26.json,2026-08-29T15:00:00+1000,2026-08-29T05:00:00+0000,2026-08-29,15,0.7,12.8,20.3
bayside,Bayside,20910,-37.94177121090012,145.01933040260965,-37.899998,145.0,26.0,Australia/Sydney,air_quality_2026-08-26.json,2026-08-29T16:00:00+1000,2026-08-29T06:00:00+0000,2026-08-29,16,0.3,14.8,23.3
bayside,Bayside,20910,-37.94177121090012,145.01933040260965,-37.899998,145.0,26.0,Australia/Sydney,air_quality_2026-08-26.json,2026-08-29T17:00:00+1000,2026-08-29T07:00:00+0000,2026-08-29,17,0.1,16.6,26.0
bayside,Bayside,20910,-37.94177121090012,145.01933040260965,-37.899998,145.0,26.0,Australia/Sydney,air_quality_2026-08-26.json,2026-08-29T18:00:00+1000,2026-08-29T08:00:00+0000,2026-08-29,18,0.0,16.3,24.9
bayside,Bayside,20910,-37.94177121090012,145.01933040260965,-37.899998,145.0,26.0,Australia/Sydney,air_quality_2026-08-26.json,2026-08-29T19:00:00+1000,2026-08-29T09:00:00+0000,2026-08-29,19,0.0,15.7,22.8
bayside,Bayside,20910,-37.94177121090012,145.01933040260965,-37.899998,145.0,26.0,Australia/Sydney,air_quality_2026-08-26.json,2026-08-29T20:00:00+1000,2026-08-29T10:00:00+0000,2026-08-29,20,0.0,16.1,23.0
bayside,Bayside,20910,-37.94177121090012,145.01933040260965,-37.899998,145.0,26.0,Australia/Sydney,air_quality_2026-08-26.json,2026-08-29T21:00:00+1000,2026-08-29T11:00:00+0000,2026-08-29,21,0.0,16.3,23.1
bayside,Bayside,20910,-37.94177121090012,145.01933040260965,-37.899998,145.0,26.0,Australia/Sydney,air_quality_2026-08-26.json,2026-08-29T22:00:00+1000,2026-08-29T12:00:00+0000,2026-08-29,22,0.0,15.3,21.4
bayside,Bayside,20910,-37.94177121090012,145.01933040260965,-37.899998,145.0,26.0,Australia/Sydney,air_quality_2026-08-26.json,2026-08-29T23:00:00+1000,2026-08-29T13:00:00+0000,2026-08-29,23,0.0,14.3,20.2
bayside,Bayside,20910,-37.94177121090012,145.01933040260965,-37.899998,145.0,26.0,Australia/Sydney,air_quality_2026-08-26.json,2026-08-30T00:00:00+1000,2026-08-29T14:00:00+0000,2026-08-30,0,0.0,12.9,18.2
bayside,Bayside,20910,-37.94177121090012,145.01933040260965,-37.899998,145.0,26.0,Australia/Sydney,air_quality_2026-08-26.json,2026-08-30T01:00:00+1000,2026-08-29T15:00:00+0000,2026-08-30,1,0.0,11.4,16.2
bayside,Bayside,20910,-37.94177121090012,145.01933040260965,-37.899998,145.0,26.0,Australia/Sydney,air_quality_2026-08-26.json,2026-08-30T02:00:00+1000,2026-08-29T16:00:00+0000,2026-08-30,2,0.0,10.5,15.0
bayside,Bayside,20910,-37.94177121090012,145.01933040260965,-37.899998,145.0,26.0,Australia/Sydney,air_quality_2026-08-26.json,2026-08-30T03:00:00+1000,2026-08-29T17:00:00+0000,2026-08-30,3,0.0,9.8,14.2
bayside,Bayside,20910,-37.94177121090012,145.01933040260965,-37.899998,145.0,26.0,Australia/Sydney,air_quality_2026-08-26.json,2026-08-30T04:00:00+1000,2026-08-29T18:00:00+0000,2026-08-30,4,0.0,9.3,13.6
bayside,Bayside,20910,-37.94177121090012,145.01933040260965,-37.899998,145.0,26.0,Australia/Sydney,air_quality_2026-08-26.json,2026-08-30T05:00:00+1000,2026-08-29T19:00:00+0000,2026-08-30,5,0.0,9.0,13.3
bayside,Bayside,20910,-37.94177121090012,145.01933040260965,-37.899998,145.0,26.0,Australia/Sydney,air_quality_2026-08-26.json,2026-08-30T06:00:00+1000,2026-08-29T20:00:00+0000,2026-08-30,6,0.0,9.3,13.6
bayside,Bayside,20910,-37.94177121090012,145.01933040260965,-37.899998,145.0,26.0,Australia/Sydney,air_quality_2026-08-26.json,2026-08-30T07:00:00+1000,2026-08-29T21:00:00+0000,2026-08-30,7,0.0,10.9,15.2
bayside,Bayside,20910,-37.94177121090012,145.01933040260965,-37.899998,145.0,26.0,Australia/Sydney,air_quality_2026-08-26.json,2026-08-30T08:00:00+1000,2026-08-29T22:00:00+0000,2026-08-30,8,0.2,12.5,17.0
bayside,Bayside,20910,-37.94177121090012,145.01933040260965,-37.899998,145.0,26.0,Australia/Sydney,air_quality_2026-08-26.json,2026-08-30T09:00:00+1000,2026-08-29T23:00:00+0000,2026-08-30,9,0.55,12.6,17.5
bayside,Bayside,20910,-37.94177121090012,145.01933040260965,-37.899998,145.0,26.0,Australia/Sydney,air_quality_2026-08-26.json,2026-08-30T10:00:00+1000,2026-08-30T00:00:00+0000,2026-08-30,10,1.15,12.1,17.4
bayside,Bayside,20910,-37.94177121090012,145.01933040260965,-37.899998,145.0,26.0,Australia/Sydney,air_quality_2026-08-26.json,2026-08-30T11:00:00+1000,2026-08-30T01:00:00+0000,2026-08-30,11,1.8,12.1,18.2
bayside,Bayside,20910,-37.94177121090012,145.01933040260965,-37.899998,145.0,26.0,Australia/Sydney,air_quality_2026-08-26.json,2026-08-30T12:00:00+1000,2026-08-30T02:00:00+0000,2026-08-30,12,2.35,11.8,18.1
bayside,Bayside,20910,-37.94177121090012,145.01933040260965,-37.899998,145.0,26.0,Australia/Sydney,air_quality_2026-08-26.json,2026-08-30T13:00:00+1000,2026-08-30T03:00:00+0000,2026-08-30,13,2.55,11.8,18.2
bayside,Bayside,20910,-37.94177121090012,145.01933040260965,-37.899998,145.0,26.0,Australia/Sydney,air_quality_2026-08-26.json,2026-08-30T14:00:00+1000,2026-08-30T04:00:00+0000,2026-08-30,14,2.25,10.2,15.7
bayside,Bayside,20910,-37.94177121090012,145.01933040260965,-37.899998,145.0,26.0,Australia/Sydney,air_quality_2026-08-26.json,2026-08-30T15:00:00+1000,2026-08-30T05:00:00+0000,2026-08-30,15,1.35,10.0,15.2
bayside,Bayside,20910,-37.94177121090012,145.01933040260965,-37.899998,145.0,26.0,Australia/Sydney,air_quality_2026-08-26.json,2026-08-30T16:00:00+1000,2026-08-30T06:00:00+0000,2026-08-30,16,0.55,10.0,15.1
bayside,Bayside,20910,-37.94177121090012,145.01933040260965,-37.899998,145.0,26.0,Australia/Sydney,air_quality_2026-08-26.json,2026-08-30T17:00:00+1000,2026-08-30T07:00:00+0000,2026-08-30,17,0.1,10.0,15.3
bayside,Bayside,20910,-37.94177121090012,145.01933040260965,-37.899998,145.0,26.0,Australia/Sydney,air_quality_2026-08-26.json,2026-08-30T18:00:00+1000,2026-08-30T08:00:00+0000,2026-08-30,18,0.0,11.4,16.5
bayside,Bayside,20910,-37.94177121090012,145.01933040260965,-37.899998,145.0,26.0,Australia/Sydney,air_quality_2026-08-26.json,2026-08-30T19:00:00+1000,2026-08-30T09:00:00+0000,2026-08-30,19,0.0,11.4,15.7
bayside,Bayside,20910,-37.94177121090012,145.01933040260965,-37.899998,145.0,26.0,Australia/Sydney,air_quality_2026-08-26.json,2026-08-30T20:00:00+1000,2026-08-30T10:00:00+0000,2026-08-30,20,0.0,11.5,15.7
bayside,Bayside,20910,-37.94177121090012,145.01933040260965,-37.899998,145.0,26.0,Australia/Sydney,air_quality_2026-08-26.json,2026-08-30T21:00:00+1000,2026-08-30T11:00:00+0000,2026-08-30,21,0.0,12.4,16.7
bayside,Bayside,20910,-37.94177121090012,145.01933040260965,-37.899998,145.0,26.0,Australia/Sydney,air_quality_2026-08-26.json,2026-08-30T22:00:00+1000,2026-08-30T12:00:00+0000,2026-08-30,22,0.0,13.6,18.2
boroondara,Boroondara,21110,-37.82638816829649,145.06120032823353,-37.8,145.1,71.0,Australia/Sydney,air_quality_2026-08-26.json,2026-08-26T00:00:00+1000,2026-08-25T14:00:00+0000,2026-08-26,0,0.0,3.8,5.5
boroondara,Boroondara,21110,-37.82638816829649,145.06120032823353,-37.8,145.1,71.0,Australia/Sydney,air_quality_2026-08-26.json,2026-08-26T01:00:00+1000,2026-08-25T15:00:00+0000,2026-08-26,1,0.0,3.9,6.0
boroondara,Boroondara,21110,-37.82638816829649,145.06120032823353,-37.8,145.1,71.0,Australia/Sydney,air_quality_2026-08-26.json,2026-08-26T02:00:00+1000,2026-08-25T16:00:00+0000,2026-08-26,2,0.0,4.4,7.0
boroondara,Boroondara,21110,-37.82638816829649,145.06120032823353,-37.8,145.1,71.0,Australia/Sydney,air_quality_2026-08-26.json,2026-08-26T03:00:00+1000,2026-08-25T17:00:00+0000,2026-08-26,3,0.0,4.9,7.8
boroondara,Boroondara,21110,-37.82638816829649,145.06120032823353,-37.8,145.1,71.0,Australia/Sydney,air_quality_2026-08-26.json,2026-08-26T04:00:00+1000,2026-08-25T18:00:00+0000,2026-08-26,4,0.0,5.1,8.1
boroondara,Boroondara,21110,-37.82638816829649,145.06120032823353,-37.8,145.1,71.0,Australia/Sydney,air_quality_2026-08-26.json,2026-08-26T05:00:00+1000,2026-08-25T19:00:00+0000,2026-08-26,5,0.0,5.3,8.4
boroondara,Boroondara,21110,-37.82638816829649,145.06120032823353,-37.8,145.1,71.0,Australia/Sydney,air_quality_2026-08-26.json,2026-08-26T06:00:00+1000,2026-08-25T20:00:00+0000,2026-08-26,6,0.0,5.4,8.4
boroondara,Boroondara,21110,-37.82638816829649,145.06120032823353,-37.8,145.1,71.0,Australia/Sydney,air_quality_2026-08-26.json,2026-08-26T07:00:00+1000,2026-08-25T21:00:00+0000,2026-08-26,7,0.05,5.9,8.7
boroondara,Boroondara,21110,-37.82638816829649,145.06120032823353,-37.8,145.1,71.0,Australia/Sydney,air_quality_2026-08-26.json,2026-08-26T08:00:00+1000,2026-08-25T22:00:00+0000,2026-08-26,8,0.35,6.5,9.5
boroondara,Boroondara,21110,-37.82638816829649,145.06120032823353,-37.8,145.1,71.0,Australia/Sydney,air_quality_2026-08-26.json,2026-08-26T09:00:00+1000,2026-08-25T23:00:00+0000,2026-08-26,9,1.0,6.5,9.9
boroondara,Boroondara,21110,-37.82638816829649,145.06120032823353,-37.8,145.1,71.0,Australia/Sydney,air_quality_2026-08-26.json,2026-08-26T10:00:00+1000,2026-08-26T00:00:00+0000,2026-08-26,10,1.9,7.9,12.5
boroondara,Boroondara,21110,-37.82638816829649,145.06120032823353,-37.8,145.1,71.0,Australia/Sydney,air_quality_2026-08-26.json,2026-08-26T11:00:00+1000,2026-08-26T01:00:00+0000,2026-08-26,11,2.8,7.3,11.7
boroondara,Boroondara,21110,-37.82638816829649,145.06120032823353,-37.8,145.1,71.0,Australia/Sydney,air_quality_2026-08-26.json,2026-08-26T12:00:00+1000,2026-08-26T02:00:00+0000,2026-08-26,12,2.95,8.0,12.9
boroondara,Boroondara,21110,-37.82638816829649,145.06120032823353,-37.8,145.1,71.0,Australia/Sydney,air_quality_2026-08-26.json,2026-08-26T13:00:00+1000,2026-08-26T03:00:00+0000,2026-08-26,13,2.65,7.3,11.9
boroondara,Boroondara,21110,-37.82638816829649,145.06120032823353,-37.8,145.1,71.0,Australia/Sydney,air_quality_2026-08-26.json,2026-08-26T14:00:00+1000,2026-08-26T04:00:00+0000,2026-08-26,14,2.0,7.1,11.5
boroondara,Boroondara,21110,-37.82638816829649,145.06120032823353,-37.8,145.1,71.0,Australia/Sydney,air_quality_2026-08-26.json,2026-08-26T15:00:00+1000,2026-08-26T05:00:00+0000,2026-08-26,15,1.15,7.0,11.3
boroondara,Boroondara,21110,-37.82638816829649,145.06120032823353,-37.8,145.1,71.0,Australia/Sydney,air_quality_2026-08-26.json,2026-08-26T16:00:00+1000,2026-08-26T06:00:00+0000,2026-08-26,16,0.5,7.2,11.5
boroondara,Boroondara,21110,-37.82638816829649,145.06120032823353,-37.8,145.1,71.0,Australia/Sydney,air_quality_2026-08-26.json,2026-08-26T17:00:00+1000,2026-08-26T07:00:00+0000,2026-08-26,17,0.1,7.6,11.8
boroondara,Boroondara,21110,-37.82638816829649,145.06120032823353,-37.8,145.1,71.0,Australia/Sydney,air_quality_2026-08-26.json,2026-08-26T18:00:00+1000,2026-08-26T08:00:00+0000,2026-08-26,18,0.0,9.2,13.4
boroondara,Boroondara,21110,-37.82638816829649,145.06120032823353,-37.8,145.1,71.0,Australia/Sydney,air_quality_2026-08-26.json,2026-08-26T19:00:00+1000,2026-08-26T09:00:00+0000,2026-08-26,19,0.0,11.3,15.5
boroondara,Boroondara,21110,-37.82638816829649,145.06120032823353,-37.8,145.1,71.0,Australia/Sydney,air_quality_2026-08-26.json,2026-08-26T20:00:00+1000,2026-08-26T10:00:00+0000,2026-08-26,20,0.0,12.5,16.8
boroondara,Boroondara,21110,-37.82638816829649,145.06120032823353,-37.8,145.1,71.0,Australia/Sydney,air_quality_2026-08-26.json,2026-08-26T21:00:00+1000,2026-08-26T11:00:00+0000,2026-08-26,21,0.0,12.4,16.3
boroondara,Boroondara,21110,-37.82638816829649,145.06120032823353,-37.8,145.1,71.0,Australia/Sydney,air_quality_2026-08-26.json,2026-08-26T22:00:00+1000,2026-08-26T12:00:00+0000,2026-08-26,22,0.0,12.8,16.7
boroondara,Boroondara,21110,-37.82638816829649,145.06120032823353,-37.8,145.1,71.0,Australia/Sydney,air_quality_2026-08-26.json,2026-08-26T23:00:00+1000,2026-08-26T13:00:00+0000,2026-08-26,23,0.0,13.3,17.2
boroondara,Boroondara,21110,-37.82638816829649,145.06120032823353,-37.8,145.1,71.0,Australia/Sydney,air_quality_2026-08-26.json,2026-08-27T00:00:00+1000,2026-08-26T14:00:00+0000,2026-08-27,0,0.0,13.6,17.6
boroondara,Boroondara,21110,-37.82638816829649,145.06120032823353,-37.8,145.1,71.0,Australia/Sydney,air_quality_2026-08-26.json,2026-08-27T01:00:00+1000,2026-08-26T15:00:00+0000,2026-08-27,1,0.0,13.6,17.6
boroondara,Boroondara,21110,-37.82638816829649,145.06120032823353,-37.8,145.1,71.0,Australia/Sydney,air_quality_2026-08-26.json,2026-08-27T02:00:00+1000,2026-08-26T16:00:00+0000,2026-08-27,2,0.0,13.6,17.7
boroondara,Boroondara,21110,-37.82638816829649,145.06120032823353,-37.8,145.1,71.0,Australia/Sydney,air_quality_2026-08-26.json,2026-08-27T03:00:00+1000,2026-08-26T17:00:00+0000,2026-08-27,3,0.0,13.5,17.7
boroondara,Boroondara,21110,-37.82638816829649,145.06120032823353,-37.8,145.1,71.0,Australia/Sydney,air_quality_2026-08-26.json,2026-08-27T04:00:00+1000,2026-08-26T18:00:00+0000,2026-08-27,4,0.0,13.2,17.5
boroondara,Boroondara,21110,-37.82638816829649,145.06120032823353,-37.8,145.1,71.0,Australia/Sydney,air_quality_2026-08-26.json,2026-08-27T05:00:00+1000,2026-08-26T19:00:00+0000,2026-08-27,5,0.0,13.0,17.2
boroondara,Boroondara,21110,-37.82638816829649,145.06120032823353,-37.8,145.1,71.0,Australia/Sydney,air_quality_2026-08-26.json,2026-08-27T06:00:00+1000,2026-08-26T20:00:00+0000,2026-08-27,6,0.0,13.4,17.5
boroondara,Boroondara,21110,-37.82638816829649,145.06120032823353,-37.8,145.1,71.0,Australia/Sydney,air_quality_2026-08-26.json,2026-08-27T07:00:00+1000,2026-08-26T21:00:00+0000,2026-08-27,7,0.05,16.2,19.8
boroondara,Boroondara,21110,-37.82638816829649,145.06120032823353,-37.8,145.1,71.0,Australia/Sydney,air_quality_2026-08-26.json,2026-08-27T08:00:00+1000,2026-08-26T22:00:00+0000,2026-08-27,8,0.35,20.4,22.5
boroondara,Boroondara,21110,-37.82638816829649,145.06120032823353,-37.8,145.1,71.0,Australia/Sydney,air_quality_2026-08-26.json,2026-08-27T09:00:00+1000,2026-08-26T23:00:00+0000,2026-08-27,9,1.1,15.4,18.1
boroondara,Boroondara,21110,-37.82638816829649,145.06120032823353,-37.8,145.1,71.0,Australia/Sydney,air_quality_2026-08-26.json,2026-08-27T10:00:00+1000,2026-08-27T00:00:00+0000,2026-08-27,10,2.15,10.3,14.5
boroondara,Boroondara,21110,-37.82638816829649,145.06120032823353,-37.8,145.1,71.0,Australia/Sydney,air_quality_2026-08-26.json,2026-08-27T11:00:00+1000,2026-08-27T01:00:00+0000,2026-08-27,11,2.65,9.5,13.8
boroondara,Boroondara,21110,-37.82638816829649,145.06120032823353,-37.8,145.1,71.0,Australia/Sydney,air_quality_2026-08-26.json,2026-08-27T12:00:00+1000,2026-08-27T02:00:00+0000,2026-08-27,12,3.25,9.2,13.4
boroondara,Boroondara,21110,-37.82638816829649,145.06120032823353,-37.8,145.1,71.0,Australia/Sydney,air_quality_2026-08-26.json,2026-08-27T13:00:00+1000,2026-08-27T03:00:00+0000,2026-08-27,13,3.3,9.6,13.7
boroondara,Boroondara,21110,-37.82638816829649,145.06120032823353,-37.8,145.1,71.0,Australia/Sydney,air_quality_2026-08-26.json,2026-08-27T14:00:00+1000,2026-08-27T04:00:00+0000,2026-08-27,14,2.6,9.9,13.9
boroondara,Boroondara,21110,-37.82638816829649,145.06120032823353,-37.8,145.1,71.0,Australia/Sydney,air_quality_2026-08-26.json,2026-08-27T15:00:00+1000,2026-08-27T05:00:00+0000,2026-08-27,15,1.5,10.1,14.2
boroondara,Boroondara,21110,-37.82638816829649,145.06120032823353,-37.8,145.1,71.0,Australia/Sydney,air_quality_2026-08-26.json,2026-08-27T16:00:00+1000,2026-08-27T06:00:00+0000,2026-08-27,16,0.6,9.9,13.9
boroondara,Boroondara,21110,-37.82638816829649,145.06120032823353,-37.8,145.1,71.0,Australia/Sydney,air_quality_2026-08-26.json,2026-08-27T17:00:00+1000,2026-08-27T07:00:00+0000,2026-08-27,17,0.15,11.4,15.3
boroondara,Boroondara,21110,-37.82638816829649,145.06120032823353,-37.8,145.1,71.0,Australia/Sydney,air_quality_2026-08-26.json,2026-08-27T18:00:00+1000,2026-08-27T08:00:00+0000,2026-08-27,18,0.0,15.5,19.2
boroondara,Boroondara,21110,-37.82638816829649,145.06120032823353,-37.8,145.1,71.0,Australia/Sydney,air_quality_2026-08-26.json,2026-08-27T19:00:00+1000,2026-08-27T09:00:00+0000,2026-08-27,19,0.0,19.1,22.8
boroondara,Boroondara,21110,-37.82638816829649,145.06120032823353,-37.8,145.1,71.0,Australia/Sydney,air_quality_2026-08-26.json,2026-08-27T20:00:00+1000,2026-08-27T10:00:00+0000,2026-08-27,20,0.0,22.3,25.8
boroondara,Boroondara,21110,-37.82638816829649,145.06120032823353,-37.8,145.1,71.0,Australia/Sydney,air_quality_2026-08-26.json,2026-08-27T21:00:00+1000,2026-08-27T11:00:00+0000,2026-08-27,21,0.0,25.4,28.8
boroondara,Boroondara,21110,-37.82638816829649,145.06120032823353,-37.8,145.1,71.0,Australia/Sydney,air_quality_2026-08-26.json,2026-08-27T22:00:00+1000,2026-08-27T12:00:00+0000,2026-08-27,22,0.0,26.4,29.2
boroondara,Boroondara,21110,-37.82638816829649,145.06120032823353,-37.8,145.1,71.0,Australia/Sydney,air_quality_2026-08-26.json,2026-08-27T23:00:00+1000,2026-08-27T13:00:00+0000,2026-08-27,23,0.0,23.2,25.2
boroondara,Boroondara,21110,-37.82638816829649,145.06120032823353,-37.8,145.1,71.0,Australia/Sydney,air_quality_2026-08-26.json,2026-08-28T00:00:00+1000,2026-08-27T14:00:00+0000,2026-08-28,0,0.0,19.4,21.0
boroondara,Boroondara,21110,-37.82638816829649,145.06120032823353,-37.8,145.1,71.0,Australia/Sydney,air_quality_2026-08-26.json,2026-08-28T01:00:00+1000,2026-08-27T15:00:00+0000,2026-08-28,1,0.0,16.6,18.0
boroondara,Boroondara,21110,-37.82638816829649,145.06120032823353,-37.8,145.1,71.0,Australia/Sydney,air_quality_2026-08-26.json,2026-08-28T02:00:00+1000,2026-08-27T16:00:00+0000,2026-08-28,2,0.0,13.8,15.0
boroondara,Boroondara,21110,-37.82638816829649,145.06120032823353,-37.8,145.1,71.0,Australia/Sydney,air_quality_2026-08-26.json,2026-08-28T03:00:00+1000,2026-08-27T17:00:00+0000,2026-08-28,3,0.0,11.1,12.2
boroondara,Boroondara,21110,-37.82638816829649,145.06120032823353,-37.8,145.1,71.0,Australia/Sydney,air_quality_2026-08-26.json,2026-08-28T04:00:00+1000,2026-08-27T18:00:00+0000,2026-08-28,4,0.0,8.7,9.7
boroondara,Boroondara,21110,-37.82638816829649,145.06120032823353,-37.8,145.1,71.0,Australia/Sydney,air_quality_2026-08-26.json,2026-08-28T05:00:00+1000,2026-08-27T19:00:00+0000,2026-08-28,5,0.0,7.4,8.6
boroondara,Boroondara,21110,-37.82638816829649,145.06120032823353,-37.8,145.1,71.0,Australia/Sydney,air_quality_2026-08-26.json,2026-08-28T06:00:00+1000,2026-08-27T20:00:00+0000,2026-08-28,6,0.0,6.6,8.0
boroondara,Boroondara,21110,-37.82638816829649,145.06120032823353,-37.8,145.1,71.0,Australia/Sydney,air_quality_2026-08-26.json,2026-08-28T07:00:00+1000,2026-08-27T21:00:00+0000,2026-08-28,7,0.0,7.2,8.5
boroondara,Boroondara,21110,-37.82638816829649,145.06120032823353,-37.8,145.1,71.0,Australia/Sydney,air_quality_2026-08-26.json,2026-08-28T08:00:00+1000,2026-08-27T22:00:00+0000,2026-08-28,8,0.1,8.5,10.0
boroondara,Boroondara,21110,-37.82638816829649,145.06120032823353,-37.8,145.1,71.0,Australia/Sydney,air_quality_2026-08-26.json,2026-08-28T09:00:00+1000,2026-08-27T23:00:00+0000,2026-08-28,9,0.35,10.3,11.9
boroondara,Boroondara,21110,-37.82638816829649,145.06120032823353,-37.8,145.1,71.0,Australia/Sydney,air_quality_2026-08-26.json,2026-08-28T10:00:00+1000,2026-08-28T00:00:00+0000,2026-08-28,10,0.85,8.8,10.7
boroondara,Boroondara,21110,-37.82638816829649,145.06120032823353,-37.8,145.1,71.0,Australia/Sydney,air_quality_2026-08-26.json,2026-08-28T11:00:00+1000,2026-08-28T01:00:00+0000,2026-08-28,11,1.8,7.7,9.7
boroondara,Boroondara,21110,-37.82638816829649,145.06120032823353,-37.8,145.1,71.0,Australia/Sydney,air_quality_2026-08-26.json,2026-08-28T12:00:00+1000,2026-08-28T02:00:00+0000,2026-08-28,12,2.65,5.8,7.7
boroondara,Boroondara,21110,-37.82638816829649,145.06120032823353,-37.8,145.1,71.0,Australia/Sydney,air_quality_2026-08-26.json,2026-08-28T13:00:00+1000,2026-08-28T03:00:00+0000,2026-08-28,13,3.1,6.0,8.6
boroondara,Boroondara,21110,-37.82638816829649,145.06120032823353,-37.8,145.1,71.0,Australia/Sydney,air_quality_2026-08-26.json,2026-08-28T14:00:00+1000,2026-08-28T04:00:00+0000,2026-08-28,14,2.5,7.4,11.3
boroondara,Boroondara,21110,-37.82638816829649,145.06120032823353,-37.8,145.1,71.0,Australia/Sydney,air_quality_2026-08-26.json,2026-08-28T15:00:00+1000,2026-08-28T05:00:00+0000,2026-08-28,15,1.55,8.7,13.7
boroondara,Boroondara,21110,-37.82638816829649,145.06120032823353,-37.8,145.1,71.0,Australia/Sydney,air_quality_2026-08-26.json,2026-08-28T16:00:00+1000,2026-08-28T06:00:00+0000,2026-08-28,16,0.65,10.0,15.7
boroondara,Boroondara,21110,-37.82638816829649,145.06120032823353,-37.8,145.1,71.0,Australia/Sydney,air_quality_2026-08-26.json,2026-08-28T17:00:00+1000,2026-08-28T07:00:00+0000,2026-08-28,17,0.15,11.0,17.3
boroondara,Boroondara,21110,-37.82638816829649,145.06120032823353,-37.8,145.1,71.0,Australia/Sydney,air_quality_2026-08-26.json,2026-08-28T18:00:00+1000,2026-08-28T08:00:00+0000,2026-08-28,18,0.0,13.9,20.7
boroondara,Boroondara,21110,-37.82638816829649,145.06120032823353,-37.8,145.1,71.0,Australia/Sydney,air_quality_2026-08-26.json,2026-08-28T19:00:00+1000,2026-08-28T09:00:00+0000,2026-08-28,19,0.0,17.2,23.7
boroondara,Boroondara,21110,-37.82638816829649,145.06120032823353,-37.8,145.1,71.0,Australia/Sydney,air_quality_2026-08-26.json,2026-08-28T20:00:00+1000,2026-08-28T10:00:00+0000,2026-08-28,20,0.0,20.1,27.0
boroondara,Boroondara,21110,-37.82638816829649,145.06120032823353,-37.8,145.1,71.0,Australia/Sydney,air_quality_2026-08-26.json,2026-08-28T21:00:00+1000,2026-08-28T11:00:00+0000,2026-08-28,21,0.0,21.8,28.8
boroondara,Boroondara,21110,-37.82638816829649,145.06120032823353,-37.8,145.1,71.0,Australia/Sydney,air_quality_2026-08-26.json,2026-08-28T22:00:00+1000,2026-08-28T12:00:00+0000,2026-08-28,22,0.0,22.8,29.9
boroondara,Boroondara,21110,-37.82638816829649,145.06120032823353,-37.8,145.1,71.0,Australia/Sydney,air_quality_2026-08-26.json,2026-08-28T23:00:00+1000,2026-08-28T13:00:00+0000,2026-08-28,23,0.0,23.4,30.6
boroondara,Boroondara,21110,-37.82638816829649,145.06120032823353,-37.8,145.1,71.0,Australia/Sydney,air_quality_2026-08-26.json,2026-08-29T00:00:00+1000,2026-08-28T14:00:00+0000,2026-08-29,0,0.0,23.7,31.0
boroondara,Boroondara,21110,-37.82638816829649,145.06120032823353,-37.8,145.1,71.0,Australia/Sydney,air_quality_2026-08-26.json,2026-08-29T01:00:00+1000,2026-08-28T15:00:00+0000,2026-08-29,1,0.0,23.3,30.3
boroondara,Boroondara,21110,-37.82638816829649,145.06120032823353,-37.8,145.1,71.0,Australia/Sydney,air_quality_2026-08-26.json,2026-08-29T02:00:00+1000,2026-08-28T16:00:00+0000,2026-08-29,2,0.0,21.3,27.4
boroondara,Boroondara,21110,-37.82638816829649,145.06120032823353,-37.8,145.1,71.0,Australia/Sydney,air_quality_2026-08-26.json,2026-08-29T03:00:00+1000,2026-08-28T17:00:00+0000,2026-08-29,3,0.0,17.9,23.1
boroondara,Boroondara,21110,-37.82638816829649,145.06120032823353,-37.8,145.1,71.0,Australia/Sydney,air_quality_2026-08-26.json,2026-08-29T04:00:00+1000,2026-08-28T18:00:00+0000,2026-08-29,4,0.0,14.8,19.2
boroondara,Boroondara,21110,-37.82638816829649,145.06120032823353,-37.8,145.1,71.0,Australia/Sydney,air_quality_2026-08-26.json,2026-08-29T05:00:00+1000,2026-08-28T19:00:00+0000,2026-08-29,5,0.0,12.3,16.1
boroondara,Boroondara,21110,-37.82638816829649,145.06120032823353,-37.8,145.1,71.0,Australia/Sydney,air_quality_2026-08-26.json,2026-08-29T06:00:00+1000,2026-08-28T20:00:00+0000,2026-08-29,6,0.0,11.1,14.4
boroondara,Boroondara,21110,-37.82638816829649,145.06120032823353,-37.8,145.1,71.0,Australia/Sydney,air_quality_2026-08-26.json,2026-08-29T07:00:00+1000,2026-08-28T21:00:00+0000,2026-08-29,7,0.05,12.4,15.3
boroondara,Boroondara,21110,-37.82638816829649,145.06120032823353,-37.8,145.1,71.0,Australia/Sydney,air_quality_2026-08-26.json,2026-08-29T08:00:00+1000,2026-08-28T22:00:00+0000,2026-08-29,8,0.25,14.0,16.9
boroondara,Boroondara,21110,-37.82638816829649,145.06120032823353,-37.8,145.1,71.0,Australia/Sydney,air_quality_2026-08-26.json,2026-08-29T09:00:00+1000,2026-08-28T23:00:00+0000,2026-08-29,9,0.7,12.3,16.1
boroondara,Boroondara,21110,-37.82638816829649,145.06120032823353,-37.8,145.1,71.0,Australia/Sydney,air_quality_2026-08-26.json,2026-08-29T10:00:00+1000,2026-08-29T00:00:00+0000,2026-08-29,10,1.25,12.3,17.6
boroondara,Boroondara,21110,-37.82638816829649,145.06120032823353,-37.8,145.1,71.0,Australia/Sydney,air_quality_2026-08-26.json,2026-08-29T11:00:00+1000,2026-08-29T01:00:00+0000,2026-08-29,11,1.5,11.9,17.9
boroondara,Boroondara,21110,-37.82638816829649,145.06120032823353,-37.8,145.1,71.0,Australia/Sydney,air_quality_2026-08-26.json,2026-08-29T12:00:00+1000,2026-08-29T02:00:00+0000,2026-08-29,12,1.55,12.0,18.6
boroondara,Boroondara,21110,-37.82638816829649,145.06120032823353,-37.8,145.1,71.0,Australia/Sydney,air_quality_2026-08-26.json,2026-08-29T13:00:00+1000,2026-08-29T03:00:00+0000,2026-08-29,13,1.6,11.8,18.5
boroondara,Boroondara,21110,-37.82638816829649,145.06120032823353,-37.8,145.1,71.0,Australia/Sydney,air_quality_2026-08-26.json,2026-08-29T14:00:00+1000,2026-08-29T04:00:00+0000,2026-08-29,14,1.2,11.8,18.7
boroondara,Boroondara,21110,-37.82638816829649,145.06120032823353,-37.8,145.1,71.0,Australia/Sydney,air_quality_2026-08-26.json,2026-08-29T15:00:00+1000,2026-08-29T05:00:00+0000,2026-08-29,15,0.7,12.8,20.3
boroondara,Boroondara,21110,-37.82638816829649,145.06120032823353,-37.8,145.1,71.0,Australia/Sydney,air_quality_2026-08-26.json,2026-08-29T16:00:00+1000,2026-08-29T06:00:00+0000,2026-08-29,16,0.3,14.8,23.3
boroondara,Boroondara,21110,-37.82638816829649,145.06120032823353,-37.8,145.1,71.0,Australia/Sydney,air_quality_2026-08-26.json,2026-08-29T17:00:00+1000,2026-08-29T07:00:00+0000,2026-08-29,17,0.1,16.6,26.0
boroondara,Boroondara,21110,-37.82638816829649,145.06120032823353,-37.8,145.1,71.0,Australia/Sydney,air_quality_2026-08-26.json,2026-08-29T18:00:00+1000,2026-08-29T08:00:00+0000,2026-08-29,18,0.0,16.3,24.9
boroondara,Boroondara,21110,-37.82638816829649,145.06120032823353,-37.8,145.1,71.0,Australia/Sydney,air_quality_2026-08-26.json,2026-08-29T19:00:00+1000,2026-08-29T09:00:00+0000,2026-08-29,19,0.0,15.7,22.8
boroondara,Boroondara,21110,-37.82638816829649,145.06120032823353,-37.8,145.1,71.0,Australia/Sydney,air_quality_2026-08-26.json,2026-08-29T20:00:00+1000,2026-08-29T10:00:00+0000,2026-08-29,20,0.0,16.1,23.0
boroondara,Boroondara,21110,-37.82638816829649,145.06120032823353,-37.8,145.1,71.0,Australia/Sydney,air_quality_2026-08-26.json,2026-08-29T21:00:00+1000,2026-08-29T11:00:00+0000,2026-08-29,21,0.0,16.3,23.1
boroondara,Boroondara,21110,-37.82638816829649,145.06120032823353,-37.8,145.1,71.0,Australia/Sydney,air_quality_2026-08-26.json,2026-08-29T22:00:00+1000,2026-08-29T12:00:00+0000,2026-08-29,22,0.0,15.3,21.4
boroondara,Boroondara,21110,-37.82638816829649,145.06120032823353,-37.8,145.1,71.0,Australia/Sydney,air_quality_2026-08-26.json,2026-08-29T23:00:00+1000,2026-08-29T13:00:00+0000,2026-08-29,23,0.0,14.3,20.2
boroondara,Boroondara,21110,-37.82638816829649,145.06120032823353,-37.8,145.1,71.0,Australia/Sydney,air_quality_2026-08-26.json,2026-08-30T00:00:00+1000,2026-08-29T14:00:00+0000,2026-08-30,0,0.0,12.9,18.2
boroondara,Boroondara,21110,-37.82638816829649,145.06120032823353,-37.8,145.1,71.0,Australia/Sydney,air_quality_2026-08-26.json,2026-08-30T01:00:00+1000,2026-08-29T15:00:00+0000,2026-08-30,1,0.0,11.4,16.2
boroondara,Boroondara,21110,-37.82638816829649,145.06120032823353,-37.8,145.1,71.0,Australia/Sydney,air_quality_2026-08-26.json,2026-08-30T02:00:00+1000,2026-08-29T16:00:00+0000,2026-08-30,2,0.0,10.5,15.0
boroondara,Boroondara,21110,-37.82638816829649,145.06120032823353,-37.8,145.1,71.0,Australia/Sydney,air_quality_2026-08-26.json,2026-08-30T03:00:00+1000,2026-08-29T17:00:00+0000,2026-08-30,3,0.0,9.8,14.2
boroondara,Boroondara,21110,-37.82638816829649,145.06120032823353,-37.8,145.1,71.0,Australia/Sydney,air_quality_2026-08-26.json,2026-08-30T04:00:00+1000,2026-08-29T18:00:00+0000,2026-08-30,4,0.0,9.3,13.6
boroondara,Boroondara,21110,-37.82638816829649,145.06120032823353,-37.8,145.1,71.0,Australia/Sydney,air_quality_2026-08-26.json,2026-08-30T05:00:00+1000,2026-08-29T19:00:00+0000,2026-08-30,5,0.0,9.0,13.3
boroondara,Boroondara,21110,-37.82638816829649,145.06120032823353,-37.8,145.1,71.0,Australia/Sydney,air_quality_2026-08-26.json,2026-08-30T06:00:00+1000,2026-08-29T20:00:00+0000,2026-08-30,6,0.0,9.3,13.6
boroondara,Boroondara,21110,-37.82638816829649,145.06120032823353,-37.8,145.1,71.0,Australia/Sydney,air_quality_2026-08-26.json,2026-08-30T07:00:00+1000,2026-08-29T21:00:00+0000,2026-08-30,7,0.0,10.9,15.2
boroondara,Boroondara,21110,-37.82638816829649,145.06120032823353,-37.8,145.1,71.0,Australia/Sydney,air_quality_2026-08-26.json,2026-08-30T08:00:00+1000,2026-08-29T22:00:00+0000,2026-08-30,8,0.2,12.5,17.0
boroondara,Boroondara,21110,-37.82638816829649,145.06120032823353,-37.8,145.1,71.0,Australia/Sydney,air_quality_2026-08-26.json,2026-08-30T09:00:00+1000,2026-08-29T23:00:00+0000,2026-08-30,9,0.55,12.6,17.5
boroondara,Boroondara,21110,-37.82638816829649,145.06120032823353,-37.8,145.1,71.0,Australia/Sydney,air_quality_2026-08-26.json,2026-08-30T10:00:00+1000,2026-08-30T00:00:00+0000,2026-08-30,10,1.15,12.1,17.4
boroondara,Boroondara,21110,-37.82638816829649,145.06120032823353,-37.8,145.1,71.0,Australia/Sydney,air_quality_2026-08-26.json,2026-08-30T11:00:00+1000,2026-08-30T01:00:00+0000,2026-08-30,11,1.8,12.1,18.2
boroondara,Boroondara,21110,-37.82638816829649,145.06120032823353,-37.8,145.1,71.0,Australia/Sydney,air_quality_2026-08-26.json,2026-08-30T12:00:00+1000,2026-08-30T02:00:00+0000,2026-08-30,12,2.35,11.8,18.1
boroondara,Boroondara,21110,-37.82638816829649,145.06120032823353,-37.8,145.1,71.0,Australia/Sydney,air_quality_2026-08-26.json,2026-08-30T13:00:00+1000,2026-08-30T03:00:00+0000,2026-08-30,13,2.55,11.8,18.2
boroondara,Boroondara,21110,-37.82638816829649,145.06120032823353,-37.8,145.1,71.0,Australia/Sydney,air_quality_2026-08-26.json,2026-08-30T14:00:00+1000,2026-08-30T04:00:00+0000,2026-08-30,14,2.25,10.2,15.7
boroondara,Boroondara,21110,-37.82638816829649,145.06120032823353,-37.8,145.1,71.0,Australia/Sydney,air_quality_2026-08-26.json,2026-08-30T15:00:00+1000,2026-08-30T05:00:00+0000,2026-08-30,15,1.35,10.0,15.2
boroondara,Boroondara,21110,-37.82638816829649,145.06120032823353,-37.8,145.1,71.0,Australia/Sydney,air_quality_2026-08-26.json,2026-08-30T16:00:00+1000,2026-08-30T06:00:00+0000,2026-08-30,16,0.55,10.0,15.1
boroondara,Boroondara,21110,-37.82638816829649,145.06120032823353,-37.8,145.1,71.0,Australia/Sydney,air_quality_2026-08-26.json,2026-08-30T17:00:00+1000,2026-08-30T07:00:00+0000,2026-08-30,17,0.1,10.0,15.3
boroondara,Boroondara,21110,-37.82638816829649,145.06120032823353,-37.8,145.1,71.0,Australia/Sydney,air_quality_2026-08-26.json,2026-08-30T18:00:00+1000,2026-08-30T08:00:00+0000,2026-08-30,18,0.0,11.4,16.5
boroondara,Boroondara,21110,-37.82638816829649,145.06120032823353,-37.8,145.1,71.0,Australia/Sydney,air_quality_2026-08-26.json,2026-08-30T19:00:00+1000,2026-08-30T09:00:00+0000,2026-08-30,19,0.0,11.4,15.7
boroondara,Boroondara,21110,-37.82638816829649,145.06120032823353,-37.8,145.1,71.0,Australia/Sydney,air_quality_2026-08-26.json,2026-08-30T20:00:00+1000,2026-08-30T10:00:00+0000,2026-08-30,20,0.0,11.5,15.7
boroondara,Boroondara,21110,-37.82638816829649,145.06120032823353,-37.8,145.1,71.0,Australia/Sydney,air_quality_2026-08-26.json,2026-08-30T21:00:00+1000,2026-08-30T11:00:00+0000,2026-08-30,21,0.0,12.4,16.7
boroondara,Boroondara,21110,-37.82638816829649,145.06120032823353,-37.8,145.1,71.0,Australia/Sydney,air_quality_2026-08-26.json,2026-08-30T22:00:00+1000,2026-08-30T12:00:00+0000,2026-08-30,22,0.0,13.6,18.2
brimbank,Brimbank,21180,-37.75777166449116,144.81644228805706,-37.8,144.80002,55.0,Australia/Sydney,air_quality_2026-08-26.json,2026-08-26T00:00:00+1000,2026-08-25T14:00:00+0000,2026-08-26,0,0.0,3.3,4.0
brimbank,Brimbank,21180,-37.75777166449116,144.81644228805706,-37.8,144.80002,55.0,Australia/Sydney,air_quality_2026-08-26.json,2026-08-26T01:00:00+1000,2026-08-25T15:00:00+0000,2026-08-26,1,0.0,3.1,4.0
brimbank,Brimbank,21180,-37.75777166449116,144.81644228805706,-37.8,144.80002,55.0,Australia/Sydney,air_quality_2026-08-26.json,2026-08-26T02:00:00+1000,2026-08-25T16:00:00+0000,2026-08-26,2,0.0,3.4,4.6
brimbank,Brimbank,21180,-37.75777166449116,144.81644228805706,-37.8,144.80002,55.0,Australia/Sydney,air_quality_2026-08-26.json,2026-08-26T03:00:00+1000,2026-08-25T17:00:00+0000,2026-08-26,3,0.0,3.6,4.9
brimbank,Brimbank,21180,-37.75777166449116,144.81644228805706,-37.8,144.80002,55.0,Australia/Sydney,air_quality_2026-08-26.json,2026-08-26T04:00:00+1000,2026-08-25T18:00:00+0000,2026-08-26,4,0.0,3.9,5.5
brimbank,Brimbank,21180,-37.75777166449116,144.81644228805706,-37.8,144.80002,55.0,Australia/Sydney,air_quality_2026-08-26.json,2026-08-26T05:00:00+1000,2026-08-25T19:00:00+0000,2026-08-26,5,0.0,4.3,6.1
brimbank,Brimbank,21180,-37.75777166449116,144.81644228805706,-37.8,144.80002,55.0,Australia/Sydney,air_quality_2026-08-26.json,2026-08-26T06:00:00+1000,2026-08-25T20:00:00+0000,2026-08-26,6,0.0,4.6,6.4
brimbank,Brimbank,21180,-37.75777166449116,144.81644228805706,-37.8,144.80002,55.0,Australia/Sydney,air_quality_2026-08-26.json,2026-08-26T07:00:00+1000,2026-08-25T21:00:00+0000,2026-08-26,7,0.0,5.4,7.3
brimbank,Brimbank,21180,-37.75777166449116,144.81644228805706,-37.8,144.80002,55.0,Australia/Sydney,air_quality_2026-08-26.json,2026-08-26T08:00:00+1000,2026-08-25T22:00:00+0000,2026-08-26,8,0.25,5.8,8.1
brimbank,Brimbank,21180,-37.75777166449116,144.81644228805706,-37.8,144.80002,55.0,Australia/Sydney,air_quality_2026-08-26.json,2026-08-26T09:00:00+1000,2026-08-25T23:00:00+0000,2026-08-26,9,0.9,5.4,7.9
brimbank,Brimbank,21180,-37.75777166449116,144.81644228805706,-37.8,144.80002,55.0,Australia/Sydney,air_quality_2026-08-26.json,2026-08-26T10:00:00+1000,2026-08-26T00:00:00+0000,2026-08-26,10,1.75,7.7,11.7
brimbank,Brimbank,21180,-37.75777166449116,144.81644228805706,-37.8,144.80002,55.0,Australia/Sydney,air_quality_2026-08-26.json,2026-08-26T11:00:00+1000,2026-08-26T01:00:00+0000,2026-08-26,11,2.45,6.6,10.0
brimbank,Brimbank,21180,-37.75777166449116,144.81644228805706,-37.8,144.80002,55.0,Australia/Sydney,air_quality_2026-08-26.json,2026-08-26T12:00:00+1000,2026-08-26T02:00:00+0000,2026-08-26,12,2.35,7.1,10.9
brimbank,Brimbank,21180,-37.75777166449116,144.81644228805706,-37.8,144.80002,55.0,Australia/Sydney,air_quality_2026-08-26.json,2026-08-26T13:00:00+1000,2026-08-26T03:00:00+0000,2026-08-26,13,2.3,6.8,10.5
brimbank,Brimbank,21180,-37.75777166449116,144.81644228805706,-37.8,144.80002,55.0,Australia/Sydney,air_quality_2026-08-26.json,2026-08-26T14:00:00+1000,2026-08-26T04:00:00+0000,2026-08-26,14,1.7,6.7,10.3
brimbank,Brimbank,21180,-37.75777166449116,144.81644228805706,-37.8,144.80002,55.0,Australia/Sydney,air_quality_2026-08-26.json,2026-08-26T15:00:00+1000,2026-08-26T05:00:00+0000,2026-08-26,15,0.95,6.7,10.2
brimbank,Brimbank,21180,-37.75777166449116,144.81644228805706,-37.8,144.80002,55.0,Australia/Sydney,air_quality_2026-08-26.json,2026-08-26T16:00:00+1000,2026-08-26T06:00:00+0000,2026-08-26,16,0.5,7.1,10.7
brimbank,Brimbank,21180,-37.75777166449116,144.81644228805706,-37.8,144.80002,55.0,Australia/Sydney,air_quality_2026-08-26.json,2026-08-26T17:00:00+1000,2026-08-26T07:00:00+0000,2026-08-26,17,0.15,7.4,11.0
brimbank,Brimbank,21180,-37.75777166449116,144.81644228805706,-37.8,144.80002,55.0,Australia/Sydney,air_quality_2026-08-26.json,2026-08-26T18:00:00+1000,2026-08-26T08:00:00+0000,2026-08-26,18,0.0,9.5,13.2
brimbank,Brimbank,21180,-37.75777166449116,144.81644228805706,-37.8,144.80002,55.0,Australia/Sydney,air_quality_2026-08-26.json,2026-08-26T19:00:00+1000,2026-08-26T09:00:00+0000,2026-08-26,19,0.0,11.9,15.7
brimbank,Brimbank,21180,-37.75777166449116,144.81644228805706,-37.8,144.80002,55.0,Australia/Sydney,air_quality_2026-08-26.json,2026-08-26T20:00:00+1000,2026-08-26T10:00:00+0000,2026-08-26,20,0.0,12.6,16.1
brimbank,Brimbank,21180,-37.75777166449116,144.81644228805706,-37.8,144.80002,55.0,Australia/Sydney,air_quality_2026-08-26.json,2026-08-26T21:00:00+1000,2026-08-26T11:00:00+0000,2026-08-26,21,0.0,11.6,14.0
brimbank,Brimbank,21180,-37.75777166449116,144.81644228805706,-37.8,144.80002,55.0,Australia/Sydney,air_quality_2026-08-26.json,2026-08-26T22:00:00+1000,2026-08-26T12:00:00+0000,2026-08-26,22,0.0,11.5,13.8
brimbank,Brimbank,21180,-37.75777166449116,144.81644228805706,-37.8,144.80002,55.0,Australia/Sydney,air_quality_2026-08-26.json,2026-08-26T23:00:00+1000,2026-08-26T13:00:00+0000,2026-08-26,23,0.0,11.4,13.6
brimbank,Brimbank,21180,-37.75777166449116,144.81644228805706,-37.8,144.80002,55.0,Australia/Sydney,air_quality_2026-08-26.json,2026-08-27T00:00:00+1000,2026-08-26T14:00:00+0000,2026-08-27,0,0.0,10.9,13.1
brimbank,Brimbank,21180,-37.75777166449116,144.81644228805706,-37.8,144.80002,55.0,Australia/Sydney,air_quality_2026-08-26.json,2026-08-27T01:00:00+1000,2026-08-26T15:00:00+0000,2026-08-27,1,0.0,10.0,12.3
brimbank,Brimbank,21180,-37.75777166449116,144.81644228805706,-37.8,144.80002,55.0,Australia/Sydney,air_quality_2026-08-26.json,2026-08-27T02:00:00+1000,2026-08-26T16:00:00+0000,2026-08-27,2,0.0,9.4,11.6
brimbank,Brimbank,21180,-37.75777166449116,144.81644228805706,-37.8,144.80002,55.0,Australia/Sydney,air_quality_2026-08-26.json,2026-08-27T03:00:00+1000,2026-08-26T17:00:00+0000,2026-08-27,3,0.0,8.8,11.2
brimbank,Brimbank,21180,-37.75777166449116,144.81644228805706,-37.8,144.80002,55.0,Australia/Sydney,air_quality_2026-08-26.json,2026-08-27T04:00:00+1000,2026-08-26T18:00:00+0000,2026-08-27,4,0.0,8.6,11.1
brimbank,Brimbank,21180,-37.75777166449116,144.81644228805706,-37.8,144.80002,55.0,Australia/Sydney,air_quality_2026-08-26.json,2026-08-27T05:00:00+1000,2026-08-26T19:00:00+0000,2026-08-27,5,0.0,8.6,11.2
brimbank,Brimbank,21180,-37.75777166449116,144.81644228805706,-37.8,144.80002,55.0,Australia/Sydney,air_quality_2026-08-26.json,2026-08-27T06:00:00+1000,2026-08-26T20:00:00+0000,2026-08-27,6,0.0,9.3,12.0
brimbank,Brimbank,21180,-37.75777166449116,144.81644228805706,-37.8,144.80002,55.0,Australia/Sydney,air_quality_2026-08-26.json,2026-08-27T07:00:00+1000,2026-08-26T21:00:00+0000,2026-08-27,7,0.05,12.7,15.4
brimbank,Brimbank,21180,-37.75777166449116,144.81644228805706,-37.8,144.80002,55.0,Australia/Sydney,air_quality_2026-08-26.json,2026-08-27T08:00:00+1000,2026-08-26T22:00:00+0000,2026-08-27,8,0.35,17.9,19.8
brimbank,Brimbank,21180,-37.75777166449116,144.81644228805706,-37.8,144.80002,55.0,Australia/Sydney,air_quality_2026-08-26.json,2026-08-27T09:00:00+1000,2026-08-26T23:00:00+0000,2026-08-27,9,1.15,12.0,15.5
brimbank,Brimbank,21180,-37.75777166449116,144.81644228805706,-37.8,144.80002,55.0,Australia/Sydney,air_quality_2026-08-26.json,2026-08-27T10:00:00+1000,2026-08-27T00:00:00+0000,2026-08-27,10,2.35,8.9,13.0
brimbank,Brimbank,21180,-37.75777166449116,144.81644228805706,-37.8,144.80002,55.0,Australia/Sydney,air_quality_2026-08-26.json,2026-08-27T11:00:00+1000,2026-08-27T01:00:00+0000,2026-08-27,11,3.45,8.4,12.4
brimbank,Brimbank,21180,-37.75777166449116,144.81644228805706,-37.8,144.80002,55.0,Australia/Sydney,air_quality_2026-08-26.json,2026-08-27T12:00:00+1000,2026-08-27T02:00:00+0000,2026-08-27,12,3.95,8.3,12.2
brimbank,Brimbank,21180,-37.75777166449116,144.81644228805706,-37.8,144.80002,55.0,Australia/Sydney,air_quality_2026-08-26.json,2026-08-27T13:00:00+1000,2026-08-27T03:00:00+0000,2026-08-27,13,3.7,8.4,12.0
brimbank,Brimbank,21180,-37.75777166449116,144.81644228805706,-37.8,144.80002,55.0,Australia/Sydney,air_quality_2026-08-26.json,2026-08-27T14:00:00+1000,2026-08-27T04:00:00+0000,2026-08-27,14,2.8,8.4,12.0
brimbank,Brimbank,21180,-37.75777166449116,144.81644228805706,-37.8,144.80002,55.0,Australia/Sydney,air_quality_2026-08-26.json,2026-08-27T15:00:00+1000,2026-08-27T05:00:00+0000,2026-08-27,15,1.65,8.6,12.1
brimbank,Brimbank,21180,-37.75777166449116,144.81644228805706,-37.8,144.80002,55.0,Australia/Sydney,air_quality_2026-08-26.json,2026-08-27T16:00:00+1000,2026-08-27T06:00:00+0000,2026-08-27,16,0.65,8.3,11.6
brimbank,Brimbank,21180,-37.75777166449116,144.81644228805706,-37.8,144.80002,55.0,Australia/Sydney,air_quality_2026-08-26.json,2026-08-27T17:00:00+1000,2026-08-27T07:00:00+0000,2026-08-27,17,0.15,10.6,13.8
brimbank,Brimbank,21180,-37.75777166449116,144.81644228805706,-37.8,144.80002,55.0,Australia/Sydney,air_quality_2026-08-26.json,2026-08-27T18:00:00+1000,2026-08-27T08:00:00+0000,2026-08-27,18,0.0,15.9,19.1
brimbank,Brimbank,21180,-37.75777166449116,144.81644228805706,-37.8,144.80002,55.0,Australia/Sydney,air_quality_2026-08-26.json,2026-08-27T19:00:00+1000,2026-08-27T09:00:00+0000,2026-08-27,19,0.0,20.5,23.6
brimbank,Brimbank,21180,-37.75777166449116,144.81644228805706,-37.8,144.80002,55.0,Australia/Sydney,air_quality_2026-08-26.json,2026-08-27T20:00:00+1000,2026-08-27T10:00:00+0000,2026-08-27,20,0.0,24.6,27.5
brimbank,Brimbank,21180,-37.75777166449116,144.81644228805706,-37.8,144.80002,55.0,Australia/Sydney,air_quality_2026-08-26.json,2026-08-27T21:00:00+1000,2026-08-27T11:00:00+0000,2026-08-27,21,0.0,28.2,31.0
brimbank,Brimbank,21180,-37.75777166449116,144.81644228805706,-37.8,144.80002,55.0,Australia/Sydney,air_quality_2026-08-26.json,2026-08-27T22:00:00+1000,2026-08-27T12:00:00+0000,2026-08-27,22,0.0,28.2,30.3
brimbank,Brimbank,21180,-37.75777166449116,144.81644228805706,-37.8,144.80002,55.0,Australia/Sydney,air_quality_2026-08-26.json,2026-08-27T23:00:00+1000,2026-08-27T13:00:00+0000,2026-08-27,23,0.0,22.9,24.3
brimbank,Brimbank,21180,-37.75777166449116,144.81644228805706,-37.8,144.80002,55.0,Australia/Sydney,air_quality_2026-08-26.json,2026-08-28T00:00:00+1000,2026-08-27T14:00:00+0000,2026-08-28,0,0.0,16.9,18.0
brimbank,Brimbank,21180,-37.75777166449116,144.81644228805706,-37.8,144.80002,55.0,Australia/Sydney,air_quality_2026-08-26.json,2026-08-28T01:00:00+1000,2026-08-27T15:00:00+0000,2026-08-28,1,0.0,12.6,13.5
brimbank,Brimbank,21180,-37.75777166449116,144.81644228805706,-37.8,144.80002,55.0,Australia/Sydney,air_quality_2026-08-26.json,2026-08-28T02:00:00+1000,2026-08-27T16:00:00+0000,2026-08-28,2,0.0,9.5,10.4
brimbank,Brimbank,21180,-37.75777166449116,144.81644228805706,-37.8,144.80002,55.0,Australia/Sydney,air_quality_2026-08-26.json,2026-08-28T03:00:00+1000,2026-08-27T17:00:00+0000,2026-08-28,3,0.0,7.2,8.1
brimbank,Brimbank,21180,-37.75777166449116,144.81644228805706,-37.8,144.80002,55.0,Australia/Sydney,air_quality_2026-08-26.json,2026-08-28T04:00:00+1000,2026-08-27T18:00:00+0000,2026-08-28,4,0.0,5.8,6.8
brimbank,Brimbank,21180,-37.75777166449116,144.81644228805706,-37.8,144.80002,55.0,Australia/Sydney,air_quality_2026-08-26.json,2026-08-28T05:00:00+1000,2026-08-27T19:00:00+0000,2026-08-28,5,0.0,5.2,6.3
brimbank,Brimbank,21180,-37.75777166449116,144.81644228805706,-37.8,144.80002,55.0,Australia/Sydney,air_quality_2026-08-26.json,2026-08-28T06:00:00+1000,2026-08-27T20:00:00+0000,2026-08-28,6,0.0,5.1,6.2
brimbank,Brimbank,21180,-37.75777166449116,144.81644228805706,-37.8,144.80002,55.0,Australia/Sydney,air_quality_2026-08-26.json,2026-08-28T07:00:00+1000,2026-08-27T21:00:00+0000,2026-08-28,7,0.05,6.4,7.5
brimbank,Brimbank,21180,-37.75777166449116,144.81644228805706,-37.8,144.80002,55.0,Australia/Sydney,air_quality_2026-08-26.json,2026-08-28T08:00:00+1000,2026-08-27T22:00:00+0000,2026-08-28,8,0.2,8.1,9.3
brimbank,Brimbank,21180,-37.75777166449116,144.81644228805706,-37.8,144.80002,55.0,Australia/Sydney,air_quality_2026-08-26.json,2026-08-28T09:00:00+1000,2026-08-27T23:00:00+0000,2026-08-28,9,0.55,10.4,11.6
brimbank,Brimbank,21180,-37.75777166449116,144.81644228805706,-37.8,144.80002,55.0,Australia/Sydney,air_quality_2026-08-26.json,2026-08-28T10:00:00+1000,2026-08-28T00:00:00+0000,2026-08-28,10,1.05,8.3,10.2
brimbank,Brimbank,21180,-37.75777166449116,144.81644228805706,-37.8,144.80002,55.0,Australia/Sydney,air_quality_2026-08-26.json,2026-08-28T11:00:00+1000,2026-08-28T01:00:00+0000,2026-08-28,11,1.5,7.2,9.1
brimbank,Brimbank,21180,-37.75777166449116,144.81644228805706,-37.8,144.80002,55.0,Australia/Sydney,air_quality_2026-08-26.json,2026-08-28T12:00:00+1000,2026-08-28T02:00:00+0000,2026-08-28,12,1.45,4.9,6.1
brimbank,Brimbank,21180,-37.75777166449116,144.81644228805706,-37.8,144.80002,55.0,Australia/Sydney,air_quality_2026-08-26.json,2026-08-28T13:00:00+1000,2026-08-28T03:00:00+0000,2026-08-28,13,2.85,4.0,5.0
brimbank,Brimbank,21180,-37.75777166449116,144.81644228805706,-37.8,144.80002,55.0,Australia/Sydney,air_quality_2026-08-26.json,2026-08-28T14:00:00+1000,2026-08-28T04:00:00+0000,2026-08-28,14,2.2,3.8,5.1
brimbank,Brimbank,21180,-37.75777166449116,144.81644228805706,-37.8,144.80002,55.0,Australia/Sydney,air_quality_2026-08-26.json,2026-08-28T15:00:00+1000,2026-08-28T05:00:00+0000,2026-08-28,15,1.5,4.7,6.6
brimbank,Brimbank,21180,-37.75777166449116,144.81644228805706,-37.8,144.80002,55.0,Australia/Sydney,air_quality_2026-08-26.json,2026-08-28T16:00:00+1000,2026-08-28T06:00:00+0000,2026-08-28,16,0.65,6.3,9.2
brimbank,Brimbank,21180,-37.75777166449116,144.81644228805706,-37.8,144.80002,55.0,Australia/Sydney,air_quality_2026-08-26.json,2026-08-28T17:00:00+1000,2026-08-28T07:00:00+0000,2026-08-28,17,0.15,8.2,12.1
brimbank,Brimbank,21180,-37.75777166449116,144.81644228805706,-37.8,144.80002,55.0,Australia/Sydney,air_quality_2026-08-26.json,2026-08-28T18:00:00+1000,2026-08-28T08:00:00+0000,2026-08-28,18,0.0,11.3,15.4
brimbank,Brimbank,21180,-37.75777166449116,144.81644228805706,-37.8,144.80002,55.0,Australia/Sydney,air_quality_2026-08-26.json,2026-08-28T19:00:00+1000,2026-08-28T09:00:00+0000,2026-08-28,19,0.0,14.8,18.6
brimbank,Brimbank,21180,-37.75777166449116,144.81644228805706,-37.8,144.80002,55.0,Australia/Sydney,air_quality_2026-08-26.json,2026-08-28T20:00:00+1000,2026-08-28T10:00:00+0000,2026-08-28,20,0.0,19.0,23.3
brimbank,Brimbank,21180,-37.75777166449116,144.81644228805706,-37.8,144.80002,55.0,Australia/Sydney,air_quality_2026-08-26.json,2026-08-28T21:00:00+1000,2026-08-28T11:00:00+0000,2026-08-28,21,0.0,22.0,26.8
brimbank,Brimbank,21180,-37.75777166449116,144.81644228805706,-37.8,144.80002,55.0,Australia/Sydney,air_quality_2026-08-26.json,2026-08-28T22:00:00+1000,2026-08-28T12:00:00+0000,2026-08-28,22,0.0,26.8,32.1
brimbank,Brimbank,21180,-37.75777166449116,144.81644228805706,-37.8,144.80002,55.0,Australia/Sydney,air_quality_2026-08-26.json,2026-08-28T23:00:00+1000,2026-08-28T13:00:00+0000,2026-08-28,23,0.0,27.9,33.6
brimbank,Brimbank,21180,-37.75777166449116,144.81644228805706,-37.8,144.80002,55.0,Australia/Sydney,air_quality_2026-08-26.json,2026-08-29T00:00:00+1000,2026-08-28T14:00:00+0000,2026-08-29,0,0.0,28.5,34.3
brimbank,Brimbank,21180,-37.75777166449116,144.81644228805706,-37.8,144.80002,55.0,Australia/Sydney,air_quality_2026-08-26.json,2026-08-29T01:00:00+1000,2026-08-28T15:00:00+0000,2026-08-29,1,0.0,27.4,33.2
brimbank,Brimbank,21180,-37.75777166449116,144.81644228805706,-37.8,144.80002,55.0,Australia/Sydney,air_quality_2026-08-26.json,2026-08-29T02:00:00+1000,2026-08-28T16:00:00+0000,2026-08-29,2,0.0,24.8,30.4
brimbank,Brimbank,21180,-37.75777166449116,144.81644228805706,-37.8,144.80002,55.0,Australia/Sydney,air_quality_2026-08-26.json,2026-08-29T03:00:00+1000,2026-08-28T17:00:00+0000,2026-08-29,3,0.0,20.9,25.7
brimbank,Brimbank,21180,-37.75777166449116,144.81644228805706,-37.8,144.80002,55.0,Australia/Sydney,air_quality_2026-08-26.json,2026-08-29T04:00:00+1000,2026-08-28T18:00:00+0000,2026-08-29,4,0.0,16.6,20.6
brimbank,Brimbank,21180,-37.75777166449116,144.81644228805706,-37.8,144.80002,55.0,Australia/Sydney,air_quality_2026-08-26.json,2026-08-29T05:00:00+1000,2026-08-28T19:00:00+0000,2026-08-29,5,0.0,12.8,16.4
brimbank,Brimbank,21180,-37.75777166449116,144.81644228805706,-37.8,144.80002,55.0,Australia/Sydney,air_quality_2026-08-26.json,2026-08-29T06:00:00+1000,2026-08-28T20:00:00+0000,2026-08-29,6,0.0,10.6,13.8
brimbank,Brimbank,21180,-37.75777166449116,144.81644228805706,-37.8,144.80002,55.0,Australia/Sydney,air_quality_2026-08-26.json,2026-08-29T07:00:00+1000,2026-08-28T21:00:00+0000,2026-08-29,7,0.05,11.3,14.0
brimbank,Brimbank,21180,-37.75777166449116,144.81644228805706,-37.8,144.80002,55.0,Australia/Sydney,air_quality_2026-08-26.json,2026-08-29T08:00:00+1000,2026-08-28T22:00:00+0000,2026-08-29,8,0.4,12.3,14.9
brimbank,Brimbank,21180,-37.75777166449116,144.81644228805706,-37.8,144.80002,55.0,Australia/Sydney,air_quality_2026-08-26.json,2026-08-29T09:00:00+1000,2026-08-28T23:00:00+0000,2026-08-29,9,1.05,11.6,15.7
brimbank,Brimbank,21180,-37.75777166449116,144.81644228805706,-37.8,144.80002,55.0,Australia/Sydney,air_quality_2026-08-26.json,2026-08-29T10:00:00+1000,2026-08-29T00:00:00+0000,2026-08-29,10,1.95,11.9,17.6
brimbank,Brimbank,21180,-37.75777166449116,144.81644228805706,-37.8,144.80002,55.0,Australia/Sydney,air_quality_2026-08-26.json,2026-08-29T11:00:00+1000,2026-08-29T01:00:00+0000,2026-08-29,11,2.55,11.5,17.9
brimbank,Brimbank,21180,-37.75777166449116,144.81644228805706,-37.8,144.80002,55.0,Australia/Sydney,air_quality_2026-08-26.json,2026-08-29T12:00:00+1000,2026-08-29T02:00:00+0000,2026-08-29,12,2.75,11.1,17.2
brimbank,Brimbank,21180,-37.75777166449116,144.81644228805706,-37.8,144.80002,55.0,Australia/Sydney,air_quality_2026-08-26.json,2026-08-29T13:00:00+1000,2026-08-29T03:00:00+0000,2026-08-29,13,2.55,11.1,17.1
brimbank,Brimbank,21180,-37.75777166449116,144.81644228805706,-37.8,144.80002,55.0,Australia/Sydney,air_quality_2026-08-26.json,2026-08-29T14:00:00+1000,2026-08-29T04:00:00+0000,2026-08-29,14,1.85,11.0,16.8
brimbank,Brimbank,21180,-37.75777166449116,144.81644228805706,-37.8,144.80002,55.0,Australia/Sydney,air_quality_2026-08-26.json,2026-08-29T15:00:00+1000,2026-08-29T05:00:00+0000,2026-08-29,15,1.05,11.3,17.0
brimbank,Brimbank,21180,-37.75777166449116,144.81644228805706,-37.8,144.80002,55.0,Australia/Sydney,air_quality_2026-08-26.json,2026-08-29T16:00:00+1000,2026-08-29T06:00:00+0000,2026-08-29,16,0.4,12.5,18.7
brimbank,Brimbank,21180,-37.75777166449116,144.81644228805706,-37.8,144.80002,55.0,Australia/Sydney,air_quality_2026-08-26.json,2026-08-29T17:00:00+1000,2026-08-29T07:00:00+0000,2026-08-29,17,0.1,13.8,20.7
brimbank,Brimbank,21180,-37.75777166449116,144.81644228805706,-37.8,144.80002,55.0,Australia/Sydney,air_quality_2026-08-26.json,2026-08-29T18:00:00+1000,2026-08-29T08:00:00+0000,2026-08-29,18,0.0,15.7,23.2
brimbank,Brimbank,21180,-37.75777166449116,144.81644228805706,-37.8,144.80002,55.0,Australia/Sydney,air_quality_2026-08-26.json,2026-08-29T19:00:00+1000,2026-08-29T09:00:00+0000,2026-08-29,19,0.0,14.3,19.7
brimbank,Brimbank,21180,-37.75777166449116,144.81644228805706,-37.8,144.80002,55.0,Australia/Sydney,air_quality_2026-08-26.json,2026-08-29T20:00:00+1000,2026-08-29T10:00:00+0000,2026-08-29,20,0.0,14.2,19.1
brimbank,Brimbank,21180,-37.75777166449116,144.81644228805706,-37.8,144.80002,55.0,Australia/Sydney,air_quality_2026-08-26.json,2026-08-29T21:00:00+1000,2026-08-29T11:00:00+0000,2026-08-29,21,0.0,14.4,19.3
brimbank,Brimbank,21180,-37.75777166449116,144.81644228805706,-37.8,144.80002,55.0,Australia/Sydney,air_quality_2026-08-26.json,2026-08-29T22:00:00+1000,2026-08-29T12:00:00+0000,2026-08-29,22,0.0,12.7,16.9
brimbank,Brimbank,21180,-37.75777166449116,144.81644228805706,-37.8,144.80002,55.0,Australia/Sydney,air_quality_2026-08-26.json,2026-08-29T23:00:00+1000,2026-08-29T13:00:00+0000,2026-08-29,23,0.0,11.0,14.6
brimbank,Brimbank,21180,-37.75777166449116,144.81644228805706,-37.8,144.80002,55.0,Australia/Sydney,air_quality_2026-08-26.json,2026-08-30T00:00:00+1000,2026-08-29T14:00:00+0000,2026-08-30,0,0.0,9.6,12.7
brimbank,Brimbank,21180,-37.75777166449116,144.81644228805706,-37.8,144.80002,55.0,Australia/Sydney,air_quality_2026-08-26.json,2026-08-30T01:00:00+1000,2026-08-29T15:00:00+0000,2026-08-30,1,0.0,8.4,11.3
brimbank,Brimbank,21180,-37.75777166449116,144.81644228805706,-37.8,144.80002,55.0,Australia/Sydney,air_quality_2026-08-26.json,2026-08-30T02:00:00+1000,2026-08-29T16:00:00+0000,2026-08-30,2,0.0,7.5,10.3
brimbank,Brimbank,21180,-37.75777166449116,144.81644228805706,-37.8,144.80002,55.0,Australia/Sydney,air_quality_2026-08-26.json,2026-08-30T03:00:00+1000,2026-08-29T17:00:00+0000,2026-08-30,3,0.0,7.0,9.7
brimbank,Brimbank,21180,-37.75777166449116,144.81644228805706,-37.8,144.80002,55.0,Australia/Sydney,air_quality_2026-08-26.json,2026-08-30T04:00:00+1000,2026-08-29T18:00:00+0000,2026-08-30,4,0.0,6.6,9.3
brimbank,Brimbank,21180,-37.75777166449116,144.81644228805706,-37.8,144.80002,55.0,Australia/Sydney,air_quality_2026-08-26.json,2026-08-30T05:00:00+1000,2026-08-29T19:00:00+0000,2026-08-30,5,0.0,6.5,9.2
brimbank,Brimbank,21180,-37.75777166449116,144.81644228805706,-37.8,144.80002,55.0,Australia/Sydney,air_quality_2026-08-26.json,2026-08-30T06:00:00+1000,2026-08-29T20:00:00+0000,2026-08-30,6,0.0,6.9,9.6
brimbank,Brimbank,21180,-37.75777166449116,144.81644228805706,-37.8,144.80002,55.0,Australia/Sydney,air_quality_2026-08-26.json,2026-08-30T07:00:00+1000,2026-08-29T21:00:00+0000,2026-08-30,7,0.05,8.2,11.0
brimbank,Brimbank,21180,-37.75777166449116,144.81644228805706,-37.8,144.80002,55.0,Australia/Sydney,air_quality_2026-08-26.json,2026-08-30T08:00:00+1000,2026-08-29T22:00:00+0000,2026-08-30,8,0.25,10.3,13.8
brimbank,Brimbank,21180,-37.75777166449116,144.81644228805706,-37.8,144.80002,55.0,Australia/Sydney,air_quality_2026-08-26.json,2026-08-30T09:00:00+1000,2026-08-29T23:00:00+0000,2026-08-30,9,0.8,10.0,14.0
brimbank,Brimbank,21180,-37.75777166449116,144.81644228805706,-37.8,144.80002,55.0,Australia/Sydney,air_quality_2026-08-26.json,2026-08-30T10:00:00+1000,2026-08-30T00:00:00+0000,2026-08-30,10,1.75,9.8,14.4
brimbank,Brimbank,21180,-37.75777166449116,144.81644228805706,-37.8,144.80002,55.0,Australia/Sydney,air_quality_2026-08-26.json,2026-08-30T11:00:00+1000,2026-08-30T01:00:00+0000,2026-08-30,11,2.75,10.2,15.3
brimbank,Brimbank,21180,-37.75777166449116,144.81644228805706,-37.8,144.80002,55.0,Australia/Sydney,air_quality_2026-08-26.json,2026-08-30T12:00:00+1000,2026-08-30T02:00:00+0000,2026-08-30,12,3.25,10.5,15.6
brimbank,Brimbank,21180,-37.75777166449116,144.81644228805706,-37.8,144.80002,55.0,Australia/Sydney,air_quality_2026-08-26.json,2026-08-30T13:00:00+1000,2026-08-30T03:00:00+0000,2026-08-30,13,3.55,10.6,15.5
brimbank,Brimbank,21180,-37.75777166449116,144.81644228805706,-37.8,144.80002,55.0,Australia/Sydney,air_quality_2026-08-26.json,2026-08-30T14:00:00+1000,2026-08-30T04:00:00+0000,2026-08-30,14,3.15,9.8,14.4
brimbank,Brimbank,21180,-37.75777166449116,144.81644228805706,-37.8,144.80002,55.0,Australia/Sydney,air_quality_2026-08-26.json,2026-08-30T15:00:00+1000,2026-08-30T05:00:00+0000,2026-08-30,15,1.9,9.8,14.3
brimbank,Brimbank,21180,-37.75777166449116,144.81644228805706,-37.8,144.80002,55.0,Australia/Sydney,air_quality_2026-08-26.json,2026-08-30T16:00:00+1000,2026-08-30T06:00:00+0000,2026-08-30,16,0.8,10.0,14.3
brimbank,Brimbank,21180,-37.75777166449116,144.81644228805706,-37.8,144.80002,55.0,Australia/Sydney,air_quality_2026-08-26.json,2026-08-30T17:00:00+1000,2026-08-30T07:00:00+0000,2026-08-30,17,0.2,10.1,14.6
brimbank,Brimbank,21180,-37.75777166449116,144.81644228805706,-37.8,144.80002,55.0,Australia/Sydney,air_quality_2026-08-26.json,2026-08-30T18:00:00+1000,2026-08-30T08:00:00+0000,2026-08-30,18,0.0,11.7,16.0
brimbank,Brimbank,21180,-37.75777166449116,144.81644228805706,-37.8,144.80002,55.0,Australia/Sydney,air_quality_2026-08-26.json,2026-08-30T19:00:00+1000,2026-08-30T09:00:00+0000,2026-08-30,19,0.0,12.2,15.8
brimbank,Brimbank,21180,-37.75777166449116,144.81644228805706,-37.8,144.80002,55.0,Australia/Sydney,air_quality_2026-08-26.json,2026-08-30T20:00:00+1000,2026-08-30T10:00:00+0000,2026-08-30,20,0.0,12.0,15.0
brimbank,Brimbank,21180,-37.75777166449116,144.81644228805706,-37.8,144.80002,55.0,Australia/Sydney,air_quality_2026-08-26.json,2026-08-30T21:00:00+1000,2026-08-30T11:00:00+0000,2026-08-30,21,0.0,12.3,15.3
brimbank,Brimbank,21180,-37.75777166449116,144.81644228805706,-37.8,144.80002,55.0,Australia/Sydney,air_quality_2026-08-26.json,2026-08-30T22:00:00+1000,2026-08-30T12:00:00+0000,2026-08-30,22,0.0,13.1,16.1
cardinia,Cardinia,21450,-38.09492945016003,145.56457959542814,-38.1,145.6,26.0,Australia/Sydney,air_quality_2026-08-26.json,2026-08-26T00:00:00+1000,2026-08-25T14:00:00+0000,2026-08-26,0,0.0,4.7,5.9
cardinia,Cardinia,21450,-38.09492945016003,145.56457959542814,-38.1,145.6,26.0,Australia/Sydney,air_quality_2026-08-26.json,2026-08-26T01:00:00+1000,2026-08-25T15:00:00+0000,2026-08-26,1,0.0,3.4,4.8
cardinia,Cardinia,21450,-38.09492945016003,145.56457959542814,-38.1,145.6,26.0,Australia/Sydney,air_quality_2026-08-26.json,2026-08-26T02:00:00+1000,2026-08-25T16:00:00+0000,2026-08-26,2,0.0,3.0,4.7
cardinia,Cardinia,21450,-38.09492945016003,145.56457959542814,-38.1,145.6,26.0,Australia/Sydney,air_quality_2026-08-26.json,2026-08-26T03:00:00+1000,2026-08-25T17:00:00+0000,2026-08-26,3,0.0,3.4,5.5
cardinia,Cardinia,21450,-38.09492945016003,145.56457959542814,-38.1,145.6,26.0,Australia/Sydney,air_quality_2026-08-26.json,2026-08-26T04:00:00+1000,2026-08-25T18:00:00+0000,2026-08-26,4,0.0,3.7,6.0
cardinia,Cardinia,21450,-38.09492945016003,145.56457959542814,-38.1,145.6,26.0,Australia/Sydney,air_quality_2026-08-26.json,2026-08-26T05:00:00+1000,2026-08-25T19:00:00+0000,2026-08-26,5,0.0,4.1,6.6
cardinia,Cardinia,21450,-38.09492945016003,145.56457959542814,-38.1,145.6,26.0,Australia/Sydney,air_quality_2026-08-26.json,2026-08-26T06:00:00+1000,2026-08-25T20:00:00+0000,2026-08-26,6,0.0,4.7,7.4
cardinia,Cardinia,21450,-38.09492945016003,145.56457959542814,-38.1,145.6,26.0,Australia/Sydney,air_quality_2026-08-26.json,2026-08-26T07:00:00+1000,2026-08-25T21:00:00+0000,2026-08-26,7,0.05,5.0,7.5
cardinia,Cardinia,21450,-38.09492945016003,145.56457959542814,-38.1,145.6,26.0,Australia/Sydney,air_quality_2026-08-26.json,2026-08-26T08:00:00+1000,2026-08-25T22:00:00+0000,2026-08-26,8,0.3,5.7,8.2
cardinia,Cardinia,21450,-38.09492945016003,145.56457959542814,-38.1,145.6,26.0,Australia/Sydney,air_quality_2026-08-26.json,2026-08-26T09:00:00+1000,2026-08-25T23:00:00+0000,2026-08-26,9,0.95,5.5,8.4
cardinia,Cardinia,21450,-38.09492945016003,145.56457959542814,-38.1,145.6,26.0,Australia/Sydney,air_quality_2026-08-26.json,2026-08-26T10:00:00+1000,2026-08-26T00:00:00+0000,2026-08-26,10,1.8,5.3,8.1
cardinia,Cardinia,21450,-38.09492945016003,145.56457959542814,-38.1,145.6,26.0,Australia/Sydney,air_quality_2026-08-26.json,2026-08-26T11:00:00+1000,2026-08-26T01:00:00+0000,2026-08-26,11,2.7,5.9,9.4
cardinia,Cardinia,21450,-38.09492945016003,145.56457959542814,-38.1,145.6,26.0,Australia/Sydney,air_quality_2026-08-26.json,2026-08-26T12:00:00+1000,2026-08-26T02:00:00+0000,2026-08-26,12,2.7,6.7,10.9
cardinia,Cardinia,21450,-38.09492945016003,145.56457959542814,-38.1,145.6,26.0,Australia/Sydney,air_quality_2026-08-26.json,2026-08-26T13:00:00+1000,2026-08-26T03:00:00+0000,2026-08-26,13,2.2,6.7,10.9
cardinia,Cardinia,21450,-38.09492945016003,145.56457959542814,-38.1,145.6,26.0,Australia/Sydney,air_quality_2026-08-26.json,2026-08-26T14:00:00+1000,2026-08-26T04:00:00+0000,2026-08-26,14,1.85,6.5,10.6
cardinia,Cardinia,21450,-38.09492945016003,145.56457959542814,-38.1,145.6,26.0,Australia/Sydney,air_quality_2026-08-26.json,2026-08-26T15:00:00+1000,2026-08-26T05:00:00+0000,2026-08-26,15,1.05,6.2,10.0
cardinia,Cardinia,21450,-38.09492945016003,145.56457959542814,-38.1,145.6,26.0,Australia/Sydney,air_quality_2026-08-26.json,2026-08-26T16:00:00+1000,2026-08-26T06:00:00+0000,2026-08-26,16,0.4,6.1,10.0
cardinia,Cardinia,21450,-38.09492945016003,145.56457959542814,-38.1,145.6,26.0,Australia/Sydney,air_quality_2026-08-26.json,2026-08-26T17:00:00+1000,2026-08-26T07:00:00+0000,2026-08-26,17,0.1,6.4,10.2
cardinia,Cardinia,21450,-38.09492945016003,145.56457959542814,-38.1,145.6,26.0,Australia/Sydney,air_quality_2026-08-26.json,2026-08-26T18:00:00+1000,2026-08-26T08:00:00+0000,2026-08-26,18,0.0,7.3,11.1
cardinia,Cardinia,21450,-38.09492945016003,145.56457959542814,-38.1,145.6,26.0,Australia/Sydney,air_quality_2026-08-26.json,2026-08-26T19:00:00+1000,2026-08-26T09:00:00+0000,2026-08-26,19,0.0,8.3,12.1
cardinia,Cardinia,21450,-38.09492945016003,145.56457959542814,-38.1,145.6,26.0,Australia/Sydney,air_quality_2026-08-26.json,2026-08-26T20:00:00+1000,2026-08-26T10:00:00+0000,2026-08-26,20,0.0,9.3,13.3
cardinia,Cardinia,21450,-38.09492945016003,145.56457959542814,-38.1,145.6,26.0,Australia/Sydney,air_quality_2026-08-26.json,2026-08-26T21:00:00+1000,2026-08-26T11:00:00+0000,2026-08-26,21,0.0,10.0,14.3
cardinia,Cardinia,21450,-38.09492945016003,145.56457959542814,-38.1,145.6,26.0,Australia/Sydney,air_quality_2026-08-26.json,2026-08-26T22:00:00+1000,2026-08-26T12:00:00+0000,2026-08-26,22,0.0,10.5,15.0
cardinia,Cardinia,21450,-38.09492945016003,145.56457959542814,-38.1,145.6,26.0,Australia/Sydney,air_quality_2026-08-26.json,2026-08-26T23:00:00+1000,2026-08-26T13:00:00+0000,2026-08-26,23,0.0,11.1,15.7
cardinia,Cardinia,21450,-38.09492945016003,145.56457959542814,-38.1,145.6,26.0,Australia/Sydney,air_quality_2026-08-26.json,2026-08-27T00:00:00+1000,2026-08-26T14:00:00+0000,2026-08-27,0,0.0,11.6,16.1
cardinia,Cardinia,21450,-38.09492945016003,145.56457959542814,-38.1,145.6,26.0,Australia/Sydney,air_quality_2026-08-26.json,2026-08-27T01:00:00+1000,2026-08-26T15:00:00+0000,2026-08-27,1,0.0,11.8,16.5
cardinia,Cardinia,21450,-38.09492945016003,145.56457959542814,-38.1,145.6,26.0,Australia/Sydney,air_quality_2026-08-26.json,2026-08-27T02:00:00+1000,2026-08-26T16:00:00+0000,2026-08-27,2,0.0,12.1,16.8
cardinia,Cardinia,21450,-38.09492945016003,145.56457959542814,-38.1,145.6,26.0,Australia/Sydney,air_quality_2026-08-26.json,2026-08-27T03:00:00+1000,2026-08-26T17:00:00+0000,2026-08-27,3,0.0,12.3,17.0
cardinia,Cardinia,21450,-38.09492945016003,145.56457959542814,-38.1,145.6,26.0,Australia/Sydney,air_quality_2026-08-26.json,2026-08-27T04:00:00+1000,2026-08-26T18:00:00+0000,2026-08-27,4,0.0,12.2,16.9
cardinia,Cardinia,21450,-38.09492945016003,145.56457959542814,-38.1,145.6,26.0,Australia/Sydney,air_quality_2026-08-26.json,2026-08-27T05:00:00+1000,2026-08-26T19:00:00+0000,2026-08-27,5,0.0,11.9,16.5
cardinia,Cardinia,21450,-38.09492945016003,145.56457959542814,-38.1,145.6,26.0,Australia/Sydney,air_quality_2026-08-26.json,2026-08-27T06:00:00+1000,2026-08-26T20:00:00+0000,2026-08-27,6,0.0,11.6,15.7
cardinia,Cardinia,21450,-38.09492945016003,145.56457959542814,-38.1,145.6,26.0,Australia/Sydney,air_quality_2026-08-26.json,2026-08-27T07:00:00+1000,2026-08-26T21:00:00+0000,2026-08-27,7,0.05,12.4,15.6
cardinia,Cardinia,21450,-38.09492945016003,145.56457959542814,-38.1,145.6,26.0,Australia/Sydney,air_quality_2026-08-26.json,2026-08-27T08:00:00+1000,2026-08-26T22:00:00+0000,2026-08-27,8,0.35,13.3,15.0
cardinia,Cardinia,21450,-38.09492945016003,145.56457959542814,-38.1,145.6,26.0,Australia/Sydney,air_quality_2026-08-26.json,2026-08-27T09:00:00+1000,2026-08-26T23:00:00+0000,2026-08-27,9,1.1,12.4,14.8
cardinia,Cardinia,21450,-38.09492945016003,145.56457959542814,-38.1,145.6,26.0,Australia/Sydney,air_quality_2026-08-26.json,2026-08-27T10:00:00+1000,2026-08-27T00:00:00+0000,2026-08-27,10,2.05,8.7,12.8
cardinia,Cardinia,21450,-38.09492945016003,145.56457959542814,-38.1,145.6,26.0,Australia/Sydney,air_quality_2026-08-26.json,2026-08-27T11:00:00+1000,2026-08-27T01:00:00+0000,2026-08-27,11,2.45,8.0,12.0
cardinia,Cardinia,21450,-38.09492945016003,145.56457959542814,-38.1,145.6,26.0,Australia/Sydney,air_quality_2026-08-26.json,2026-08-27T12:00:00+1000,2026-08-27T02:00:00+0000,2026-08-27,12,3.2,7.9,11.6
cardinia,Cardinia,21450,-38.09492945016003,145.56457959542814,-38.1,145.6,26.0,Australia/Sydney,air_quality_2026-08-26.json,2026-08-27T13:00:00+1000,2026-08-27T03:00:00+0000,2026-08-27,13,3.35,8.4,11.9
cardinia,Cardinia,21450,-38.09492945016003,145.56457959542814,-38.1,145.6,26.0,Australia/Sydney,air_quality_2026-08-26.json,2026-08-27T14:00:00+1000,2026-08-27T04:00:00+0000,2026-08-27,14,2.7,8.8,12.3
cardinia,Cardinia,21450,-38.09492945016003,145.56457959542814,-38.1,145.6,26.0,Australia/Sydney,air_quality_2026-08-26.json,2026-08-27T15:00:00+1000,2026-08-27T05:00:00+0000,2026-08-27,15,1.55,9.3,13.0
cardinia,Cardinia,21450,-38.09492945016003,145.56457959542814,-38.1,145.6,26.0,Australia/Sydney,air_quality_2026-08-26.json,2026-08-27T16:00:00+1000,2026-08-27T06:00:00+0000,2026-08-27,16,0.6,9.6,13.5
cardinia,Cardinia,21450,-38.09492945016003,145.56457959542814,-38.1,145.6,26.0,Australia/Sydney,air_quality_2026-08-26.json,2026-08-27T17:00:00+1000,2026-08-27T07:00:00+0000,2026-08-27,17,0.15,10.2,14.0
cardinia,Cardinia,21450,-38.09492945016003,145.56457959542814,-38.1,145.6,26.0,Australia/Sydney,air_quality_2026-08-26.json,2026-08-27T18:00:00+1000,2026-08-27T08:00:00+0000,2026-08-27,18,0.0,11.6,15.4
cardinia,Cardinia,21450,-38.09492945016003,145.56457959542814,-38.1,145.6,26.0,Australia/Sydney,air_quality_2026-08-26.json,2026-08-27T19:00:00+1000,2026-08-27T09:00:00+0000,2026-08-27,19,0.0,13.1,16.8
cardinia,Cardinia,21450,-38.09492945016003,145.56457959542814,-38.1,145.6,26.0,Australia/Sydney,air_quality_2026-08-26.json,2026-08-27T20:00:00+1000,2026-08-27T10:00:00+0000,2026-08-27,20,0.0,14.4,18.1
cardinia,Cardinia,21450,-38.09492945016003,145.56457959542814,-38.1,145.6,26.0,Australia/Sydney,air_quality_2026-08-26.json,2026-08-27T21:00:00+1000,2026-08-27T11:00:00+0000,2026-08-27,21,0.0,15.5,19.2
cardinia,Cardinia,21450,-38.09492945016003,145.56457959542814,-38.1,145.6,26.0,Australia/Sydney,air_quality_2026-08-26.json,2026-08-27T22:00:00+1000,2026-08-27T12:00:00+0000,2026-08-27,22,0.0,16.1,19.3
cardinia,Cardinia,21450,-38.09492945016003,145.56457959542814,-38.1,145.6,26.0,Australia/Sydney,air_quality_2026-08-26.json,2026-08-27T23:00:00+1000,2026-08-27T13:00:00+0000,2026-08-27,23,0.0,14.1,16.6
cardinia,Cardinia,21450,-38.09492945016003,145.56457959542814,-38.1,145.6,26.0,Australia/Sydney,air_quality_2026-08-26.json,2026-08-28T00:00:00+1000,2026-08-27T14:00:00+0000,2026-08-28,0,0.0,12.5,14.6
cardinia,Cardinia,21450,-38.09492945016003,145.56457959542814,-38.1,145.6,26.0,Australia/Sydney,air_quality_2026-08-26.json,2026-08-28T01:00:00+1000,2026-08-27T15:00:00+0000,2026-08-28,1,0.0,11.7,13.5
cardinia,Cardinia,21450,-38.09492945016003,145.56457959542814,-38.1,145.6,26.0,Australia/Sydney,air_quality_2026-08-26.json,2026-08-28T02:00:00+1000,2026-08-27T16:00:00+0000,2026-08-28,2,0.0,10.6,12.3
cardinia,Cardinia,21450,-38.09492945016003,145.56457959542814,-38.1,145.6,26.0,Australia/Sydney,air_quality_2026-08-26.json,2026-08-28T03:00:00+1000,2026-08-27T17:00:00+0000,2026-08-28,3,0.0,9.1,10.5
cardinia,Cardinia,21450,-38.09492945016003,145.56457959542814,-38.1,145.6,26.0,Australia/Sydney,air_quality_2026-08-26.json,2026-08-28T04:00:00+1000,2026-08-27T18:00:00+0000,2026-08-28,4,0.0,7.4,8.6
cardinia,Cardinia,21450,-38.09492945016003,145.56457959542814,-38.1,145.6,26.0,Australia/Sydney,air_quality_2026-08-26.json,2026-08-28T05:00:00+1000,2026-08-27T19:00:00+0000,2026-08-28,5,0.0,6.3,7.7
cardinia,Cardinia,21450,-38.09492945016003,145.56457959542814,-38.1,145.6,26.0,Australia/Sydney,air_quality_2026-08-26.json,2026-08-28T06:00:00+1000,2026-08-27T20:00:00+0000,2026-08-28,6,0.0,5.6,7.0
cardinia,Cardinia,21450,-38.09492945016003,145.56457959542814,-38.1,145.6,26.0,Australia/Sydney,air_quality_2026-08-26.json,2026-08-28T07:00:00+1000,2026-08-27T21:00:00+0000,2026-08-28,7,0.0,5.3,6.7
cardinia,Cardinia,21450,-38.09492945016003,145.56457959542814,-38.1,145.6,26.0,Australia/Sydney,air_quality_2026-08-26.json,2026-08-28T08:00:00+1000,2026-08-27T22:00:00+0000,2026-08-28,8,0.1,5.6,7.0
cardinia,Cardinia,21450,-38.09492945016003,145.56457959542814,-38.1,145.6,26.0,Australia/Sydney,air_quality_2026-08-26.json,2026-08-28T09:00:00+1000,2026-08-27T23:00:00+0000,2026-08-28,9,0.25,6.3,8.0
cardinia,Cardinia,21450,-38.09492945016003,145.56457959542814,-38.1,145.6,26.0,Australia/Sydney,air_quality_2026-08-26.json,2026-08-28T10:00:00+1000,2026-08-28T00:00:00+0000,2026-08-28,10,0.5,6.6,8.6
cardinia,Cardinia,21450,-38.09492945016003,145.56457959542814,-38.1,145.6,26.0,Australia/Sydney,air_quality_2026-08-26.json,2026-08-28T11:00:00+1000,2026-08-28T01:00:00+0000,2026-08-28,11,1.0,6.4,8.3
cardinia,Cardinia,21450,-38.09492945016003,145.56457959542814,-38.1,145.6,26.0,Australia/Sydney,air_quality_2026-08-26.json,2026-08-28T12:00:00+1000,2026-08-28T02:00:00+0000,2026-08-28,12,2.05,5.3,7.1
cardinia,Cardinia,21450,-38.09492945016003,145.56457959542814,-38.1,145.6,26.0,Australia/Sydney,air_quality_2026-08-26.json,2026-08-28T13:00:00+1000,2026-08-28T03:00:00+0000,2026-08-28,13,2.35,5.3,7.5
cardinia,Cardinia,21450,-38.09492945016003,145.56457959542814,-38.1,145.6,26.0,Australia/Sydney,air_quality_2026-08-26.json,2026-08-28T14:00:00+1000,2026-08-28T04:00:00+0000,2026-08-28,14,2.3,6.3,9.4
cardinia,Cardinia,21450,-38.09492945016003,145.56457959542814,-38.1,145.6,26.0,Australia/Sydney,air_quality_2026-08-26.json,2026-08-28T15:00:00+1000,2026-08-28T05:00:00+0000,2026-08-28,15,1.5,7.0,10.7
cardinia,Cardinia,21450,-38.09492945016003,145.56457959542814,-38.1,145.6,26.0,Australia/Sydney,air_quality_2026-08-26.json,2026-08-28T16:00:00+1000,2026-08-28T06:00:00+0000,2026-08-28,16,0.6,7.6,11.8
cardinia,Cardinia,21450,-38.09492945016003,145.56457959542814,-38.1,145.6,26.0,Australia/Sydney,air_quality_2026-08-26.json,2026-08-28T17:00:00+1000,2026-08-28T07:00:00+0000,2026-08-28,17,0.15,8.4,13.1
cardinia,Cardinia,21450,-38.09492945016003,145.56457959542814,-38.1,145.6,26.0,Australia/Sydney,air_quality_2026-08-26.json,2026-08-28T18:00:00+1000,2026-08-28T08:00:00+0000,2026-08-28,18,0.0,9.8,14.6
cardinia,Cardinia,21450,-38.09492945016003,145.56457959542814,-38.1,145.6,26.0,Australia/Sydney,air_quality_2026-08-26.json,2026-08-28T19:00:00+1000,2026-08-28T09:00:00+0000,2026-08-28,19,0.0,12.1,17.2
cardinia,Cardinia,21450,-38.09492945016003,145.56457959542814,-38.1,145.6,26.0,Australia/Sydney,air_quality_2026-08-26.json,2026-08-28T20:00:00+1000,2026-08-28T10:00:00+0000,2026-08-28,20,0.0,13.9,19.3
cardinia,Cardinia,21450,-38.09492945016003,145.56457959542814,-38.1,145.6,26.0,Australia/Sydney,air_quality_2026-08-26.json,2026-08-28T21:00:00+1000,2026-08-28T11:00:00+0000,2026-08-28,21,0.0,14.8,20.5
cardinia,Cardinia,21450,-38.09492945016003,145.56457959542814,-38.1,145.6,26.0,Australia/Sydney,air_quality_2026-08-26.json,2026-08-28T22:00:00+1000,2026-08-28T12:00:00+0000,2026-08-28,22,0.0,16.2,22.1
cardinia,Cardinia,21450,-38.09492945016003,145.56457959542814,-38.1,145.6,26.0,Australia/Sydney,air_quality_2026-08-26.json,2026-08-28T23:00:00+1000,2026-08-28T13:00:00+0000,2026-08-28,23,0.0,17.2,23.5
cardinia,Cardinia,21450,-38.09492945016003,145.56457959542814,-38.1,145.6,26.0,Australia/Sydney,air_quality_2026-08-26.json,2026-08-29T00:00:00+1000,2026-08-28T14:00:00+0000,2026-08-29,0,0.0,17.5,23.7
cardinia,Cardinia,21450,-38.09492945016003,145.56457959542814,-38.1,145.6,26.0,Australia/Sydney,air_quality_2026-08-26.json,2026-08-29T01:00:00+1000,2026-08-28T15:00:00+0000,2026-08-29,1,0.0,17.3,23.5
cardinia,Cardinia,21450,-38.09492945016003,145.56457959542814,-38.1,145.6,26.0,Australia/Sydney,air_quality_2026-08-26.json,2026-08-29T02:00:00+1000,2026-08-28T16:00:00+0000,2026-08-29,2,0.0,16.2,22.2
cardinia,Cardinia,21450,-38.09492945016003,145.56457959542814,-38.1,145.6,26.0,Australia/Sydney,air_quality_2026-08-26.json,2026-08-29T03:00:00+1000,2026-08-28T17:00:00+0000,2026-08-29,3,0.0,14.1,19.5
cardinia,Cardinia,21450,-38.09492945016003,145.56457959542814,-38.1,145.6,26.0,Australia/Sydney,air_quality_2026-08-26.json,2026-08-29T04:00:00+1000,2026-08-28T18:00:00+0000,2026-08-29,4,0.0,12.6,17.5
cardinia,Cardinia,21450,-38.09492945016003,145.56457959542814,-38.1,145.6,26.0,Australia/Sydney,air_quality_2026-08-26.json,2026-08-29T05:00:00+1000,2026-08-28T19:00:00+0000,2026-08-29,5,0.0,11.6,16.0
cardinia,Cardinia,21450,-38.09492945016003,145.56457959542814,-38.1,145.6,26.0,Australia/Sydney,air_quality_2026-08-26.json,2026-08-29T06:00:00+1000,2026-08-28T20:00:00+0000,2026-08-29,6,0.0,11.4,15.4
cardinia,Cardinia,21450,-38.09492945016003,145.56457959542814,-38.1,145.6,26.0,Australia/Sydney,air_quality_2026-08-26.json,2026-08-29T07:00:00+1000,2026-08-28T21:00:00+0000,2026-08-29,7,0.05,12.5,16.3
cardinia,Cardinia,21450,-38.09492945016003,145.56457959542814,-38.1,145.6,26.0,Australia/Sydney,air_quality_2026-08-26.json,2026-08-29T08:00:00+1000,2026-08-28T22:00:00+0000,2026-08-29,8,0.25,13.4,17.3
cardinia,Cardinia,21450,-38.09492945016003,145.56457959542814,-38.1,145.6,26.0,Australia/Sydney,air_quality_2026-08-26.json,2026-08-29T09:00:00+1000,2026-08-28T23:00:00+0000,2026-08-29,9,0.65,12.2,16.6
cardinia,Cardinia,21450,-38.09492945016003,145.56457959542814,-38.1,145.6,26.0,Australia/Sydney,air_quality_2026-08-26.json,2026-08-29T10:00:00+1000,2026-08-29T00:00:00+0000,2026-08-29,10,1.1,11.5,16.5
cardinia,Cardinia,21450,-38.09492945016003,145.56457959542814,-38.1,145.6,26.0,Australia/Sydney,air_quality_2026-08-26.json,2026-08-29T11:00:00+1000,2026-08-29T01:00:00+0000,2026-08-29,11,1.35,12.3,18.1
cardinia,Cardinia,21450,-38.09492945016003,145.56457959542814,-38.1,145.6,26.0,Australia/Sydney,air_quality_2026-08-26.json,2026-08-29T12:00:00+1000,2026-08-29T02:00:00+0000,2026-08-29,12,1.5,12.3,18.5
cardinia,Cardinia,21450,-38.09492945016003,145.56457959542814,-38.1,145.6,26.0,Australia/Sydney,air_quality_2026-08-26.json,2026-08-29T13:00:00+1000,2026-08-29T03:00:00+0000,2026-08-29,13,1.5,10.2,15.7
cardinia,Cardinia,21450,-38.09492945016003,145.56457959542814,-38.1,145.6,26.0,Australia/Sydney,air_quality_2026-08-26.json,2026-08-29T14:00:00+1000,2026-08-29T04:00:00+0000,2026-08-29,14,1.1,10.0,15.4
cardinia,Cardinia,21450,-38.09492945016003,145.56457959542814,-38.1,145.6,26.0,Australia/Sydney,air_quality_2026-08-26.json,2026-08-29T15:00:00+1000,2026-08-29T05:00:00+0000,2026-08-29,15,0.65,9.6,15.1
cardinia,Cardinia,21450,-38.09492945016003,145.56457959542814,-38.1,145.6,26.0,Australia/Sydney,air_quality_2026-08-26.json,2026-08-29T16:00:00+1000,2026-08-29T06:00:00+0000,2026-08-29,16,0.25,10.4,16.6
cardinia,Cardinia,21450,-38.09492945016003,145.56457959542814,-38.1,145.6,26.0,Australia/Sydney,air_quality_2026-08-26.json,2026-08-29T17:00:00+1000,2026-08-29T07:00:00+0000,2026-08-29,17,0.05,11.8,18.6
cardinia,Cardinia,21450,-38.09492945016003,145.56457959542814,-38.1,145.6,26.0,Australia/Sydney,air_quality_2026-08-26.json,2026-08-29T18:00:00+1000,2026-08-29T08:00:00+0000,2026-08-29,18,0.0,10.8,16.5
cardinia,Cardinia,21450,-38.09492945016003,145.56457959542814,-38.1,145.6,26.0,Australia/Sydney,air_quality_2026-08-26.json,2026-08-29T19:00:00+1000,2026-08-29T09:00:00+0000,2026-08-29,19,0.0,10.8,16.0
cardinia,Cardinia,21450,-38.09492945016003,145.56457959542814,-38.1,145.6,26.0,Australia/Sydney,air_quality_2026-08-26.json,2026-08-29T20:00:00+1000,2026-08-29T10:00:00+0000,2026-08-29,20,0.0,12.0,17.8
cardinia,Cardinia,21450,-38.09492945016003,145.56457959542814,-38.1,145.6,26.0,Australia/Sydney,air_quality_2026-08-26.json,2026-08-29T21:00:00+1000,2026-08-29T11:00:00+0000,2026-08-29,21,0.0,13.1,19.3
cardinia,Cardinia,21450,-38.09492945016003,145.56457959542814,-38.1,145.6,26.0,Australia/Sydney,air_quality_2026-08-26.json,2026-08-29T22:00:00+1000,2026-08-29T12:00:00+0000,2026-08-29,22,0.0,13.4,19.4
cardinia,Cardinia,21450,-38.09492945016003,145.56457959542814,-38.1,145.6,26.0,Australia/Sydney,air_quality_2026-08-26.json,2026-08-29T23:00:00+1000,2026-08-29T13:00:00+0000,2026-08-29,23,0.0,13.1,19.0
cardinia,Cardinia,21450,-38.09492945016003,145.56457959542814,-38.1,145.6,26.0,Australia/Sydney,air_quality_2026-08-26.json,2026-08-30T00:00:00+1000,2026-08-29T14:00:00+0000,2026-08-30,0,0.0,12.7,18.5
cardinia,Cardinia,21450,-38.09492945016003,145.56457959542814,-38.1,145.6,26.0,Australia/Sydney,air_quality_2026-08-26.json,2026-08-30T01:00:00+1000,2026-08-29T15:00:00+0000,2026-08-30,1,0.0,11.5,16.8
cardinia,Cardinia,21450,-38.09492945016003,145.56457959542814,-38.1,145.6,26.0,Australia/Sydney,air_quality_2026-08-26.json,2026-08-30T02:00:00+1000,2026-08-29T16:00:00+0000,2026-08-30,2,0.0,10.7,15.7
cardinia,Cardinia,21450,-38.09492945016003,145.56457959542814,-38.1,145.6,26.0,Australia/Sydney,air_quality_2026-08-26.json,2026-08-30T03:00:00+1000,2026-08-29T17:00:00+0000,2026-08-30,3,0.0,10.2,14.9
cardinia,Cardinia,21450,-38.09492945016003,145.56457959542814,-38.1,145.6,26.0,Australia/Sydney,air_quality_2026-08-26.json,2026-08-30T04:00:00+1000,2026-08-29T18:00:00+0000,2026-08-30,4,0.0,9.7,14.3
cardinia,Cardinia,21450,-38.09492945016003,145.56457959542814,-38.1,145.6,26.0,Australia/Sydney,air_quality_2026-08-26.json,2026-08-30T05:00:00+1000,2026-08-29T19:00:00+0000,2026-08-30,5,0.0,9.5,14.0
cardinia,Cardinia,21450,-38.09492945016003,145.56457959542814,-38.1,145.6,26.0,Australia/Sydney,air_quality_2026-08-26.json,2026-08-30T06:00:00+1000,2026-08-29T20:00:00+0000,2026-08-30,6,0.0,9.7,14.1
cardinia,Cardinia,21450,-38.09492945016003,145.56457959542814,-38.1,145.6,26.0,Australia/Sydney,air_quality_2026-08-26.json,2026-08-30T07:00:00+1000,2026-08-29T21:00:00+0000,2026-08-30,7,0.05,10.7,15.1
cardinia,Cardinia,21450,-38.09492945016003,145.56457959542814,-38.1,145.6,26.0,Australia/Sydney,air_quality_2026-08-26.json,2026-08-30T08:00:00+1000,2026-08-29T22:00:00+0000,2026-08-30,8,0.2,11.7,16.1
cardinia,Cardinia,21450,-38.09492945016003,145.56457959542814,-38.1,145.6,26.0,Australia/Sydney,air_quality_2026-08-26.json,2026-08-30T09:00:00+1000,2026-08-29T23:00:00+0000,2026-08-30,9,0.6,11.7,16.2
cardinia,Cardinia,21450,-38.09492945016003,145.56457959542814,-38.1,145.6,26.0,Australia/Sydney,air_quality_2026-08-26.json,2026-08-30T10:00:00+1000,2026-08-30T00:00:00+0000,2026-08-30,10,1.2,10.8,15.2
cardinia,Cardinia,21450,-38.09492945016003,145.56457959542814,-38.1,145.6,26.0,Australia/Sydney,air_quality_2026-08-26.json,2026-08-30T11:00:00+1000,2026-08-30T01:00:00+0000,2026-08-30,11,1.8,10.3,15.3
cardinia,Cardinia,21450,-38.09492945016003,145.56457959542814,-38.1,145.6,26.0,Australia/Sydney,air_quality_2026-08-26.json,2026-08-30T12:00:00+1000,2026-08-30T02:00:00+0000,2026-08-30,12,2.4,9.7,14.7
cardinia,Cardinia,21450,-38.09492945016003,145.56457959542814,-38.1,145.6,26.0,Australia/Sydney,air_quality_2026-08-26.json,2026-08-30T13:00:00+1000,2026-08-30T03:00:00+0000,2026-08-30,13,2.4,10.1,15.4
cardinia,Cardinia,21450,-38.09492945016003,145.56457959542814,-38.1,145.6,26.0,Australia/Sydney,air_quality_2026-08-26.json,2026-08-30T14:00:00+1000,2026-08-30T04:00:00+0000,2026-08-30,14,1.95,9.0,13.6
cardinia,Cardinia,21450,-38.09492945016003,145.56457959542814,-38.1,145.6,26.0,Australia/Sydney,air_quality_2026-08-26.json,2026-08-30T15:00:00+1000,2026-08-30T05:00:00+0000,2026-08-30,15,1.25,8.8,13.3
cardinia,Cardinia,21450,-38.09492945016003,145.56457959542814,-38.1,145.6,26.0,Australia/Sydney,air_quality_2026-08-26.json,2026-08-30T16:00:00+1000,2026-08-30T06:00:00+0000,2026-08-30,16,0.55,8.8,13.3
cardinia,Cardinia,21450,-38.09492945016003,145.56457959542814,-38.1,145.6,26.0,Australia/Sydney,air_quality_2026-08-26.json,2026-08-30T17:00:00+1000,2026-08-30T07:00:00+0000,2026-08-30,17,0.1,8.9,13.5
cardinia,Cardinia,21450,-38.09492945016003,145.56457959542814,-38.1,145.6,26.0,Australia/Sydney,air_quality_2026-08-26.json,2026-08-30T18:00:00+1000,2026-08-30T08:00:00+0000,2026-08-30,18,0.0,9.2,13.4
cardinia,Cardinia,21450,-38.09492945016003,145.56457959542814,-38.1,145.6,26.0,Australia/Sydney,air_quality_2026-08-26.json,2026-08-30T19:00:00+1000,2026-08-30T09:00:00+0000,2026-08-30,19,0.0,8.6,12.1
cardinia,Cardinia,21450,-38.09492945016003,145.56457959542814,-38.1,145.6,26.0,Australia/Sydney,air_quality_2026-08-26.json,2026-08-30T20:00:00+1000,2026-08-30T10:00:00+0000,2026-08-30,20,0.0,9.0,12.6
cardinia,Cardinia,21450,-38.09492945016003,145.56457959542814,-38.1,145.6,26.0,Australia/Sydney,air_quality_2026-08-26.json,2026-08-30T21:00:00+1000,2026-08-30T11:00:00+0000,2026-08-30,21,0.0,10.2,14.2
cardinia,Cardinia,21450,-38.09492945016003,145.56457959542814,-38.1,145.6,26.0,Australia/Sydney,air_quality_2026-08-26.json,2026-08-30T22:00:00+1000,2026-08-30T12:00:00+0000,2026-08-30,22,0.0,11.5,15.8
casey,Casey,21610,-38.10470074086808,145.3227992170936,-38.1,145.30002,33.0,Australia/Sydney,air_quality_2026-08-26.json,2026-08-26T00:00:00+1000,2026-08-25T14:00:00+0000,2026-08-26,0,0.0,3.8,5.5
casey,Casey,21610,-38.10470074086808,145.3227992170936,-38.1,145.30002,33.0,Australia/Sydney,air_quality_2026-08-26.json,2026-08-26T01:00:00+1000,2026-08-25T15:00:00+0000,2026-08-26,1,0.0,3.9,6.0
casey,Casey,21610,-38.10470074086808,145.3227992170936,-38.1,145.30002,33.0,Australia/Sydney,air_quality_2026-08-26.json,2026-08-26T02:00:00+1000,2026-08-25T16:00:00+0000,2026-08-26,2,0.0,4.4,7.0
casey,Casey,21610,-38.10470074086808,145.3227992170936,-38.1,145.30002,33.0,Australia/Sydney,air_quality_2026-08-26.json,2026-08-26T03:00:00+1000,2026-08-25T17:00:00+0000,2026-08-26,3,0.0,4.9,7.8
casey,Casey,21610,-38.10470074086808,145.3227992170936,-38.1,145.30002,33.0,Australia/Sydney,air_quality_2026-08-26.json,2026-08-26T04:00:00+1000,2026-08-25T18:00:00+0000,2026-08-26,4,0.0,5.1,8.1
casey,Casey,21610,-38.10470074086808,145.3227992170936,-38.1,145.30002,33.0,Australia/Sydney,air_quality_2026-08-26.json,2026-08-26T05:00:00+1000,2026-08-25T19:00:00+0000,2026-08-26,5,0.0,5.3,8.4
casey,Casey,21610,-38.10470074086808,145.3227992170936,-38.1,145.30002,33.0,Australia/Sydney,air_quality_2026-08-26.json,2026-08-26T06:00:00+1000,2026-08-25T20:00:00+0000,2026-08-26,6,0.0,5.4,8.4
casey,Casey,21610,-38.10470074086808,145.3227992170936,-38.1,145.30002,33.0,Australia/Sydney,air_quality_2026-08-26.json,2026-08-26T07:00:00+1000,2026-08-25T21:00:00+0000,2026-08-26,7,0.05,5.9,8.7
casey,Casey,21610,-38.10470074086808,145.3227992170936,-38.1,145.30002,33.0,Australia/Sydney,air_quality_2026-08-26.json,2026-08-26T08:00:00+1000,2026-08-25T22:00:00+0000,2026-08-26,8,0.35,6.5,9.5
casey,Casey,21610,-38.10470074086808,145.3227992170936,-38.1,145.30002,33.0,Australia/Sydney,air_quality_2026-08-26.json,2026-08-26T09:00:00+1000,2026-08-25T23:00:00+0000,2026-08-26,9,1.0,6.5,9.9
casey,Casey,21610,-38.10470074086808,145.3227992170936,-38.1,145.30002,33.0,Australia/Sydney,air_quality_2026-08-26.json,2026-08-26T10:00:00+1000,2026-08-26T00:00:00+0000,2026-08-26,10,1.9,7.9,12.5
casey,Casey,21610,-38.10470074086808,145.3227992170936,-38.1,145.30002,33.0,Australia/Sydney,air_quality_2026-08-26.json,2026-08-26T11:00:00+1000,2026-08-26T01:00:00+0000,2026-08-26,11,2.8,7.3,11.7
casey,Casey,21610,-38.10470074086808,145.3227992170936,-38.1,145.30002,33.0,Australia/Sydney,air_quality_2026-08-26.json,2026-08-26T12:00:00+1000,2026-08-26T02:00:00+0000,2026-08-26,12,2.95,8.0,12.9
casey,Casey,21610,-38.10470074086808,145.3227992170936,-38.1,145.30002,33.0,Australia/Sydney,air_quality_2026-08-26.json,2026-08-26T13:00:00+1000,2026-08-26T03:00:00+0000,2026-08-26,13,2.65,7.3,11.9
casey,Casey,21610,-38.10470074086808,145.3227992170936,-38.1,145.30002,33.0,Australia/Sydney,air_quality_2026-08-26.json,2026-08-26T14:00:00+1000,2026-08-26T04:00:00+0000,2026-08-26,14,2.0,7.1,11.5
casey,Casey,21610,-38.10470074086808,145.3227992170936,-38.1,145.30002,33.0,Australia/Sydney,air_quality_2026-08-26.json,2026-08-26T15:00:00+1000,2026-08-26T05:00:00+0000,2026-08-26,15,1.15,7.0,11.3
casey,Casey,21610,-38.10470074086808,145.3227992170936,-38.1,145.30002,33.0,Australia/Sydney,air_quality_2026-08-26.json,2026-08-26T16:00:00+1000,2026-08-26T06:00:00+0000,2026-08-26,16,0.5,7.2,11.5
casey,Casey,21610,-38.10470074086808,145.3227992170936,-38.1,145.30002,33.0,Australia/Sydney,air_quality_2026-08-26.json,2026-08-26T17:00:00+1000,2026-08-26T07:00:00+0000,2026-08-26,17,0.1,7.6,11.8
casey,Casey,21610,-38.10470074086808,145.3227992170936,-38.1,145.30002,33.0,Australia/Sydney,air_quality_2026-08-26.json,2026-08-26T18:00:00+1000,2026-08-26T08:00:00+0000,2026-08-26,18,0.0,9.2,13.4
casey,Casey,21610,-38.10470074086808,145.3227992170936,-38.1,145.30002,33.0,Australia/Sydney,air_quality_2026-08-26.json,2026-08-26T19:00:00+1000,2026-08-26T09:00:00+0000,2026-08-26,19,0.0,11.3,15.5
casey,Casey,21610,-38.10470074086808,145.3227992170936,-38.1,145.30002,33.0,Australia/Sydney,air_quality_2026-08-26.json,2026-08-26T20:00:00+1000,2026-08-26T10:00:00+0000,2026-08-26,20,0.0,12.5,16.8
casey,Casey,21610,-38.10470074086808,145.3227992170936,-38.1,145.30002,33.0,Australia/Sydney,air_quality_2026-08-26.json,2026-08-26T21:00:00+1000,2026-08-26T11:00:00+0000,2026-08-26,21,0.0,12.4,16.3
casey,Casey,21610,-38.10470074086808,145.3227992170936,-38.1,145.30002,33.0,Australia/Sydney,air_quality_2026-08-26.json,2026-08-26T22:00:00+1000,2026-08-26T12:00:00+0000,2026-08-26,22,0.0,12.8,16.7
casey,Casey,21610,-38.10470074086808,145.3227992170936,-38.1,145.30002,33.0,Australia/Sydney,air_quality_2026-08-26.json,2026-08-26T23:00:00+1000,2026-08-26T13:00:00+0000,2026-08-26,23,0.0,13.3,17.2
casey,Casey,21610,-38.10470074086808,145.3227992170936,-38.1,145.30002,33.0,Australia/Sydney,air_quality_2026-08-26.json,2026-08-27T00:00:00+1000,2026-08-26T14:00:00+0000,2026-08-27,0,0.0,13.6,17.6
casey,Casey,21610,-38.10470074086808,145.3227992170936,-38.1,145.30002,33.0,Australia/Sydney,air_quality_2026-08-26.json,2026-08-27T01:00:00+1000,2026-08-26T15:00:00+0000,2026-08-27,1,0.0,13.6,17.6
casey,Casey,21610,-38.10470074086808,145.3227992170936,-38.1,145.30002,33.0,Australia/Sydney,air_quality_2026-08-26.json,2026-08-27T02:00:00+1000,2026-08-26T16:00:00+0000,2026-08-27,2,0.0,13.6,17.7
casey,Casey,21610,-38.10470074086808,145.3227992170936,-38.1,145.30002,33.0,Australia/Sydney,air_quality_2026-08-26.json,2026-08-27T03:00:00+1000,2026-08-26T17:00:00+0000,2026-08-27,3,0.0,13.5,17.7
casey,Casey,21610,-38.10470074086808,145.3227992170936,-38.1,145.30002,33.0,Australia/Sydney,air_quality_2026-08-26.json,2026-08-27T04:00:00+1000,2026-08-26T18:00:00+0000,2026-08-27,4,0.0,13.2,17.5
casey,Casey,21610,-38.10470074086808,145.3227992170936,-38.1,145.30002,33.0,Australia/Sydney,air_quality_2026-08-26.json,2026-08-27T05:00:00+1000,2026-08-26T19:00:00+0000,2026-08-27,5,0.0,13.0,17.2
casey,Casey,21610,-38.10470074086808,145.3227992170936,-38.1,145.30002,33.0,Australia/Sydney,air_quality_2026-08-26.json,2026-08-27T06:00:00+1000,2026-08-26T20:00:00+0000,2026-08-27,6,0.0,13.4,17.5
casey,Casey,21610,-38.10470074086808,145.3227992170936,-38.1,145.30002,33.0,Australia/Sydney,air_quality_2026-08-26.json,2026-08-27T07:00:00+1000,2026-08-26T21:00:00+0000,2026-08-27,7,0.05,16.2,19.8
casey,Casey,21610,-38.10470074086808,145.3227992170936,-38.1,145.30002,33.0,Australia/Sydney,air_quality_2026-08-26.json,2026-08-27T08:00:00+1000,2026-08-26T22:00:00+0000,2026-08-27,8,0.35,20.4,22.5
casey,Casey,21610,-38.10470074086808,145.3227992170936,-38.1,145.30002,33.0,Australia/Sydney,air_quality_2026-08-26.json,2026-08-27T09:00:00+1000,2026-08-26T23:00:00+0000,2026-08-27,9,1.1,15.4,18.1
casey,Casey,21610,-38.10470074086808,145.3227992170936,-38.1,145.30002,33.0,Australia/Sydney,air_quality_2026-08-26.json,2026-08-27T10:00:00+1000,2026-08-27T00:00:00+0000,2026-08-27,10,2.15,10.3,14.5
casey,Casey,21610,-38.10470074086808,145.3227992170936,-38.1,145.30002,33.0,Australia/Sydney,air_quality_2026-08-26.json,2026-08-27T11:00:00+1000,2026-08-27T01:00:00+0000,2026-08-27,11,2.65,9.5,13.8
casey,Casey,21610,-38.10470074086808,145.3227992170936,-38.1,145.30002,33.0,Australia/Sydney,air_quality_2026-08-26.json,2026-08-27T12:00:00+1000,2026-08-27T02:00:00+0000,2026-08-27,12,3.25,9.2,13.4
casey,Casey,21610,-38.10470074086808,145.3227992170936,-38.1,145.30002,33.0,Australia/Sydney,air_quality_2026-08-26.json,2026-08-27T13:00:00+1000,2026-08-27T03:00:00+0000,2026-08-27,13,3.3,9.6,13.7
casey,Casey,21610,-38.10470074086808,145.3227992170936,-38.1,145.30002,33.0,Australia/Sydney,air_quality_2026-08-26.json,2026-08-27T14:00:00+1000,2026-08-27T04:00:00+0000,2026-08-27,14,2.6,9.9,13.9
casey,Casey,21610,-38.10470074086808,145.3227992170936,-38.1,145.30002,33.0,Australia/Sydney,air_quality_2026-08-26.json,2026-08-27T15:00:00+1000,2026-08-27T05:00:00+0000,2026-08-27,15,1.5,10.1,14.2
casey,Casey,21610,-38.10470074086808,145.3227992170936,-38.1,145.30002,33.0,Australia/Sydney,air_quality_2026-08-26.json,2026-08-27T16:00:00+1000,2026-08-27T06:00:00+0000,2026-08-27,16,0.6,9.9,13.9
casey,Casey,21610,-38.10470074086808,145.3227992170936,-38.1,145.30002,33.0,Australia/Sydney,air_quality_2026-08-26.json,2026-08-27T17:00:00+1000,2026-08-27T07:00:00+0000,2026-08-27,17,0.15,11.4,15.3
casey,Casey,21610,-38.10470074086808,145.3227992170936,-38.1,145.30002,33.0,Australia/Sydney,air_quality_2026-08-26.json,2026-08-27T18:00:00+1000,2026-08-27T08:00:00+0000,2026-08-27,18,0.0,15.5,19.2
casey,Casey,21610,-38.10470074086808,145.3227992170936,-38.1,145.30002,33.0,Australia/Sydney,air_quality_2026-08-26.json,2026-08-27T19:00:00+1000,2026-08-27T09:00:00+0000,2026-08-27,19,0.0,19.1,22.8
casey,Casey,21610,-38.10470074086808,145.3227992170936,-38.1,145.30002,33.0,Australia/Sydney,air_quality_2026-08-26.json,2026-08-27T20:00:00+1000,2026-08-27T10:00:00+0000,2026-08-27,20,0.0,22.3,25.8
casey,Casey,21610,-38.10470074086808,145.3227992170936,-38.1,145.30002,33.0,Australia/Sydney,air_quality_2026-08-26.json,2026-08-27T21:00:00+1000,2026-08-27T11:00:00+0000,2026-08-27,21,0.0,25.4,28.8
casey,Casey,21610,-38.10470074086808,145.3227992170936,-38.1,145.30002,33.0,Australia/Sydney,air_quality_2026-08-26.json,2026-08-27T22:00:00+1000,2026-08-27T12:00:00+0000,2026-08-27,22,0.0,26.4,29.2
casey,Casey,21610,-38.10470074086808,145.3227992170936,-38.1,145.30002,33.0,Australia/Sydney,air_quality_2026-08-26.json,2026-08-27T23:00:00+1000,2026-08-27T13:00:00+0000,2026-08-27,23,0.0,23.2,25.2
casey,Casey,21610,-38.10470074086808,145.3227992170936,-38.1,145.30002,33.0,Australia/Sydney,air_quality_2026-08-26.json,2026-08-28T00:00:00+1000,2026-08-27T14:00:00+0000,2026-08-28,0,0.0,19.4,21.0
casey,Casey,21610,-38.10470074086808,145.3227992170936,-38.1,145.30002,33.0,Australia/Sydney,air_quality_2026-08-26.json,2026-08-28T01:00:00+1000,2026-08-27T15:00:00+0000,2026-08-28,1,0.0,16.6,18.0
casey,Casey,21610,-38.10470074086808,145.3227992170936,-38.1,145.30002,33.0,Australia/Sydney,air_quality_2026-08-26.json,2026-08-28T02:00:00+1000,2026-08-27T16:00:00+0000,2026-08-28,2,0.0,13.8,15.0
casey,Casey,21610,-38.10470074086808,145.3227992170936,-38.1,145.30002,33.0,Australia/Sydney,air_quality_2026-08-26.json,2026-08-28T03:00:00+1000,2026-08-27T17:00:00+0000,2026-08-28,3,0.0,11.1,12.2
casey,Casey,21610,-38.10470074086808,145.3227992170936,-38.1,145.30002,33.0,Australia/Sydney,air_quality_2026-08-26.json,2026-08-28T04:00:00+1000,2026-08-27T18:00:00+0000,2026-08-28,4,0.0,8.7,9.7
casey,Casey,21610,-38.10470074086808,145.3227992170936,-38.1,145.30002,33.0,Australia/Sydney,air_quality_2026-08-26.json,2026-08-28T05:00:00+1000,2026-08-27T19:00:00+0000,2026-08-28,5,0.0,7.4,8.6
casey,Casey,21610,-38.10470074086808,145.3227992170936,-38.1,145.30002,33.0,Australia/Sydney,air_quality_2026-08-26.json,2026-08-28T06:00:00+1000,2026-08-27T20:00:00+0000,2026-08-28,6,0.0,6.6,8.0
casey,Casey,21610,-38.10470074086808,145.3227992170936,-38.1,145.30002,33.0,Australia/Sydney,air_quality_2026-08-26.json,2026-08-28T07:00:00+1000,2026-08-27T21:00:00+0000,2026-08-28,7,0.0,7.2,8.5
casey,Casey,21610,-38.10470074086808,145.3227992170936,-38.1,145.30002,33.0,Australia/Sydney,air_quality_2026-08-26.json,2026-08-28T08:00:00+1000,2026-08-27T22:00:00+0000,2026-08-28,8,0.1,8.5,10.0
casey,Casey,21610,-38.10470074086808,145.3227992170936,-38.1,145.30002,33.0,Australia/Sydney,air_quality_2026-08-26.json,2026-08-28T09:00:00+1000,2026-08-27T23:00:00+0000,2026-08-28,9,0.35,10.3,11.9
casey,Casey,21610,-38.10470074086808,145.3227992170936,-38.1,145.30002,33.0,Australia/Sydney,air_quality_2026-08-26.json,2026-08-28T10:00:00+1000,2026-08-28T00:00:00+0000,2026-08-28,10,0.85,8.8,10.7
casey,Casey,21610,-38.10470074086808,145.3227992170936,-38.1,145.30002,33.0,Australia/Sydney,air_quality_2026-08-26.json,2026-08-28T11:00:00+1000,2026-08-28T01:00:00+0000,2026-08-28,11,1.8,7.7,9.7
casey,Casey,21610,-38.10470074086808,145.3227992170936,-38.1,145.30002,33.0,Australia/Sydney,air_quality_2026-08-26.json,2026-08-28T12:00:00+1000,2026-08-28T02:00:00+0000,2026-08-28,12,2.65,5.8,7.7
casey,Casey,21610,-38.10470074086808,145.3227992170936,-38.1,145.30002,33.0,Australia/Sydney,air_quality_2026-08-26.json,2026-08-28T13:00:00+1000,2026-08-28T03:00:00+0000,2026-08-28,13,3.1,6.0,8.6
casey,Casey,21610,-38.10470074086808,145.3227992170936,-38.1,145.30002,33.0,Australia/Sydney,air_quality_2026-08-26.json,2026-08-28T14:00:00+1000,2026-08-28T04:00:00+0000,2026-08-28,14,2.5,7.4,11.3
casey,Casey,21610,-38.10470074086808,145.3227992170936,-38.1,145.30002,33.0,Australia/Sydney,air_quality_2026-08-26.json,2026-08-28T15:00:00+1000,2026-08-28T05:00:00+0000,2026-08-28,15,1.55,8.7,13.7
casey,Casey,21610,-38.10470074086808,145.3227992170936,-38.1,145.30002,33.0,Australia/Sydney,air_quality_2026-08-26.json,2026-08-28T16:00:00+1000,2026-08-28T06:00:00+0000,2026-08-28,16,0.65,10.0,15.7
casey,Casey,21610,-38.10470074086808,145.3227992170936,-38.1,145.30002,33.0,Australia/Sydney,air_quality_2026-08-26.json,2026-08-28T17:00:00+1000,2026-08-28T07:00:00+0000,2026-08-28,17,0.15,11.0,17.3
casey,Casey,21610,-38.10470074086808,145.3227992170936,-38.1,145.30002,33.0,Australia/Sydney,air_quality_2026-08-26.json,2026-08-28T18:00:00+1000,2026-08-28T08:00:00+0000,2026-08-28,18,0.0,13.9,20.7
casey,Casey,21610,-38.10470074086808,145.3227992170936,-38.1,145.30002,33.0,Australia/Sydney,air_quality_2026-08-26.json,2026-08-28T19:00:00+1000,2026-08-28T09:00:00+0000,2026-08-28,19,0.0,17.2,23.7
casey,Casey,21610,-38.10470074086808,145.3227992170936,-38.1,145.30002,33.0,Australia/Sydney,air_quality_2026-08-26.json,2026-08-28T20:00:00+1000,2026-08-28T10:00:00+0000,2026-08-28,20,0.0,20.1,27.0
casey,Casey,21610,-38.10470074086808,145.3227992170936,-38.1,145.30002,33.0,Australia/Sydney,air_quality_2026-08-26.json,2026-08-28T21:00:00+1000,2026-08-28T11:00:00+0000,2026-08-28,21,0.0,21.8,28.8
casey,Casey,21610,-38.10470074086808,145.3227992170936,-38.1,145.30002,33.0,Australia/Sydney,air_quality_2026-08-26.json,2026-08-28T22:00:00+1000,2026-08-28T12:00:00+0000,2026-08-28,22,0.0,22.8,29.9
casey,Casey,21610,-38.10470074086808,145.3227992170936,-38.1,145.30002,33.0,Australia/Sydney,air_quality_2026-08-26.json,2026-08-28T23:00:00+1000,2026-08-28T13:00:00+0000,2026-08-28,23,0.0,23.4,30.6
casey,Casey,21610,-38.10470074086808,145.3227992170936,-38.1,145.30002,33.0,Australia/Sydney,air_quality_2026-08-26.json,2026-08-29T00:00:00+1000,2026-08-28T14:00:00+0000,2026-08-29,0,0.0,23.7,31.0
casey,Casey,21610,-38.10470074086808,145.3227992170936,-38.1,145.30002,33.0,Australia/Sydney,air_quality_2026-08-26.json,2026-08-29T01:00:00+1000,2026-08-28T15:00:00+0000,2026-08-29,1,0.0,23.3,30.3
casey,Casey,21610,-38.10470074086808,145.3227992170936,-38.1,145.30002,33.0,Australia/Sydney,air_quality_2026-08-26.json,2026-08-29T02:00:00+1000,2026-08-28T16:00:00+0000,2026-08-29,2,0.0,21.3,27.4
casey,Casey,21610,-38.10470074086808,145.3227992170936,-38.1,145.30002,33.0,Australia/Sydney,air_quality_2026-08-26.json,2026-08-29T03:00:00+1000,2026-08-28T17:00:00+0000,2026-08-29,3,0.0,17.9,23.1
casey,Casey,21610,-38.10470074086808,145.3227992170936,-38.1,145.30002,33.0,Australia/Sydney,air_quality_2026-08-26.json,2026-08-29T04:00:00+1000,2026-08-28T18:00:00+0000,2026-08-29,4,0.0,14.8,19.2
casey,Casey,21610,-38.10470074086808,145.3227992170936,-38.1,145.30002,33.0,Australia/Sydney,air_quality_2026-08-26.json,2026-08-29T05:00:00+1000,2026-08-28T19:00:00+0000,2026-08-29,5,0.0,12.3,16.1
casey,Casey,21610,-38.10470074086808,145.3227992170936,-38.1,145.30002,33.0,Australia/Sydney,air_quality_2026-08-26.json,2026-08-29T06:00:00+1000,2026-08-28T20:00:00+0000,2026-08-29,6,0.0,11.1,14.4
casey,Casey,21610,-38.10470074086808,145.3227992170936,-38.1,145.30002,33.0,Australia/Sydney,air_quality_2026-08-26.json,2026-08-29T07:00:00+1000,2026-08-28T21:00:00+0000,2026-08-29,7,0.05,12.4,15.3
casey,Casey,21610,-38.10470074086808,145.3227992170936,-38.1,145.30002,33.0,Australia/Sydney,air_quality_2026-08-26.json,2026-08-29T08:00:00+1000,2026-08-28T22:00:00+0000,2026-08-29,8,0.25,14.0,16.9
casey,Casey,21610,-38.10470074086808,145.3227992170936,-38.1,145.30002,33.0,Australia/Sydney,air_quality_2026-08-26.json,2026-08-29T09:00:00+1000,2026-08-28T23:00:00+0000,2026-08-29,9,0.7,12.3,16.1
casey,Casey,21610,-38.10470074086808,145.3227992170936,-38.1,145.30002,33.0,Australia/Sydney,air_quality_2026-08-26.json,2026-08-29T10:00:00+1000,2026-08-29T00:00:00+0000,2026-08-29,10,1.25,12.3,17.6
casey,Casey,21610,-38.10470074086808,145.3227992170936,-38.1,145.30002,33.0,Australia/Sydney,air_quality_2026-08-26.json,2026-08-29T11:00:00+1000,2026-08-29T01:00:00+0000,2026-08-29,11,1.5,11.9,17.9
casey,Casey,21610,-38.10470074086808,145.3227992170936,-38.1,145.30002,33.0,Australia/Sydney,air_quality_2026-08-26.json,2026-08-29T12:00:00+1000,2026-08-29T02:00:00+0000,2026-08-29,12,1.55,12.0,18.6
casey,Casey,21610,-38.10470074086808,145.3227992170936,-38.1,145.30002,33.0,Australia/Sydney,air_quality_2026-08-26.json,2026-08-29T13:00:00+1000,2026-08-29T03:00:00+0000,2026-08-29,13,1.6,11.8,18.5
casey,Casey,21610,-38.10470074086808,145.3227992170936,-38.1,145.30002,33.0,Australia/Sydney,air_quality_2026-08-26.json,2026-08-29T14:00:00+1000,2026-08-29T04:00:00+0000,2026-08-29,14,1.2,11.8,18.7
casey,Casey,21610,-38.10470074086808,145.3227992170936,-38.1,145.30002,33.0,Australia/Sydney,air_quality_2026-08-26.json,2026-08-29T15:00:00+1000,2026-08-29T05:00:00+0000,2026-08-29,15,0.7,12.8,20.3
casey,Casey,21610,-38.10470074086808,145.3227992170936,-38.1,145.30002,33.0,Australia/Sydney,air_quality_2026-08-26.json,2026-08-29T16:00:00+1000,2026-08-29T06:00:00+0000,2026-08-29,16,0.3,14.8,23.3
casey,Casey,21610,-38.10470074086808,145.3227992170936,-38.1,145.30002,33.0,Australia/Sydney,air_quality_2026-08-26.json,2026-08-29T17:00:00+1000,2026-08-29T07:00:00+0000,2026-08-29,17,0.1,16.6,26.0
casey,Casey,21610,-38.10470074086808,145.3227992170936,-38.1,145.30002,33.0,Australia/Sydney,air_quality_2026-08-26.json,2026-08-29T18:00:00+1000,2026-08-29T08:00:00+0000,2026-08-29,18,0.0,16.3,24.9
casey,Casey,21610,-38.10470074086808,145.3227992170936,-38.1,145.30002,33.0,Australia/Sydney,air_quality_2026-08-26.json,2026-08-29T19:00:00+1000,2026-08-29T09:00:00+0000,2026-08-29,19,0.0,15.7,22.8
casey,Casey,21610,-38.10470074086808,145.3227992170936,-38.1,145.30002,33.0,Australia/Sydney,air_quality_2026-08-26.json,2026-08-29T20:00:00+1000,2026-08-29T10:00:00+0000,2026-08-29,20,0.0,16.1,23.0
casey,Casey,21610,-38.10470074086808,145.3227992170936,-38.1,145.30002,33.0,Australia/Sydney,air_quality_2026-08-26.json,2026-08-29T21:00:00+1000,2026-08-29T11:00:00+0000,2026-08-29,21,0.0,16.3,23.1
casey,Casey,21610,-38.10470074086808,145.3227992170936,-38.1,145.30002,33.0,Australia/Sydney,air_quality_2026-08-26.json,2026-08-29T22:00:00+1000,2026-08-29T12:00:00+0000,2026-08-29,22,0.0,15.3,21.4
casey,Casey,21610,-38.10470074086808,145.3227992170936,-38.1,145.30002,33.0,Australia/Sydney,air_quality_2026-08-26.json,2026-08-29T23:00:00+1000,2026-08-29T13:00:00+0000,2026-08-29,23,0.0,14.3,20.2
casey,Casey,21610,-38.10470074086808,145.3227992170936,-38.1,145.30002,33.0,Australia/Sydney,air_quality_2026-08-26.json,2026-08-30T00:00:00+1000,2026-08-29T14:00:00+0000,2026-08-30,0,0.0,12.9,18.2
casey,Casey,21610,-38.10470074086808,145.3227992170936,-38.1,145.30002,33.0,Australia/Sydney,air_quality_2026-08-26.json,2026-08-30T01:00:00+1000,2026-08-29T15:00:00+0000,2026-08-30,1,0.0,11.4,16.2
casey,Casey,21610,-38.10470074086808,145.3227992170936,-38.1,145.30002,33.0,Australia/Sydney,air_quality_2026-08-26.json,2026-08-30T02:00:00+1000,2026-08-29T16:00:00+0000,2026-08-30,2,0.0,10.5,15.0
casey,Casey,21610,-38.10470074086808,145.3227992170936,-38.1,145.30002,33.0,Australia/Sydney,air_quality_2026-08-26.json,2026-08-30T03:00:00+1000,2026-08-29T17:00:00+0000,2026-08-30,3,0.0,9.8,14.2
casey,Casey,21610,-38.10470074086808,145.3227992170936,-38.1,145.30002,33.0,Australia/Sydney,air_quality_2026-08-26.json,2026-08-30T04:00:00+1000,2026-08-29T18:00:00+0000,2026-08-30,4,0.0,9.3,13.6
casey,Casey,21610,-38.10470074086808,145.3227992170936,-38.1,145.30002,33.0,Australia/Sydney,air_quality_2026-08-26.json,2026-08-30T05:00:00+1000,2026-08-29T19:00:00+0000,2026-08-30,5,0.0,9.0,13.3
casey,Casey,21610,-38.10470074086808,145.3227992170936,-38.1,145.30002,33.0,Australia/Sydney,air_quality_2026-08-26.json,2026-08-30T06:00:00+1000,2026-08-29T20:00:00+0000,2026-08-30,6,0.0,9.3,13.6
casey,Casey,21610,-38.10470074086808,145.3227992170936,-38.1,145.30002,33.0,Australia/Sydney,air_quality_2026-08-26.json,2026-08-30T07:00:00+1000,2026-08-29T21:00:00+0000,2026-08-30,7,0.0,10.9,15.2
casey,Casey,21610,-38.10470074086808,145.3227992170936,-38.1,145.30002,33.0,Australia/Sydney,air_quality_2026-08-26.json,2026-08-30T08:00:00+1000,2026-08-29T22:00:00+0000,2026-08-30,8,0.2,12.5,17.0
casey,Casey,21610,-38.10470074086808,145.3227992170936,-38.1,145.30002,33.0,Australia/Sydney,air_quality_2026-08-26.json,2026-08-30T09:00:00+1000,2026-08-29T23:00:00+0000,2026-08-30,9,0.55,12.6,17.5
casey,Casey,21610,-38.10470074086808,145.3227992170936,-38.1,145.30002,33.0,Australia/Sydney,air_quality_2026-08-26.json,2026-08-30T10:00:00+1000,2026-08-30T00:00:00+0000,2026-08-30,10,1.15,12.1,17.4
casey,Casey,21610,-38.10470074086808,145.3227992170936,-38.1,145.30002,33.0,Australia/Sydney,air_quality_2026-08-26.json,2026-08-30T11:00:00+1000,2026-08-30T01:00:00+0000,2026-08-30,11,1.8,12.1,18.2
casey,Casey,21610,-38.10470074086808,145.3227992170936,-38.1,145.30002,33.0,Australia/Sydney,air_quality_2026-08-26.json,2026-08-30T12:00:00+1000,2026-08-30T02:00:00+0000,2026-08-30,12,2.35,11.8,18.1
casey,Casey,21610,-38.10470074086808,145.3227992170936,-38.1,145.30002,33.0,Australia/Sydney,air_quality_2026-08-26.json,2026-08-30T13:00:00+1000,2026-08-30T03:00:00+0000,2026-08-30,13,2.55,11.8,18.2
casey,Casey,21610,-38.10470074086808,145.3227992170936,-38.1,145.30002,33.0,Australia/Sydney,air_quality_2026-08-26.json,2026-08-30T14:00:00+1000,2026-08-30T04:00:00+0000,2026-08-30,14,2.25,10.2,15.7
casey,Casey,21610,-38.10470074086808,145.3227992170936,-38.1,145.30002,33.0,Australia/Sydney,air_quality_2026-08-26.json,2026-08-30T15:00:00+1000,2026-08-30T05:00:00+0000,2026-08-30,15,1.35,10.0,15.2
casey,Casey,21610,-38.10470074086808,145.3227992170936,-38.1,145.30002,33.0,Australia/Sydney,air_quality_2026-08-26.json,2026-08-30T16:00:00+1000,2026-08-30T06:00:00+0000,2026-08-30,16,0.55,10.0,15.1
casey,Casey,21610,-38.10470074086808,145.3227992170936,-38.1,145.30002,33.0,Australia/Sydney,air_quality_2026-08-26.json,2026-08-30T17:00:00+1000,2026-08-30T07:00:00+0000,2026-08-30,17,0.1,10.0,15.3
casey,Casey,21610,-38.10470074086808,145.3227992170936,-38.1,145.30002,33.0,Australia/Sydney,air_quality_2026-08-26.json,2026-08-30T18:00:00+1000,2026-08-30T08:00:00+0000,2026-08-30,18,0.0,11.4,16.5
casey,Casey,21610,-38.10470074086808,145.3227992170936,-38.1,145.30002,33.0,Australia/Sydney,air_quality_2026-08-26.json,2026-08-30T19:00:00+1000,2026-08-30T09:00:00+0000,2026-08-30,19,0.0,11.4,15.7
casey,Casey,21610,-38.10470074086808,145.3227992170936,-38.1,145.30002,33.0,Australia/Sydney,air_quality_2026-08-26.json,2026-08-30T20:00:00+1000,2026-08-30T10:00:00+0000,2026-08-30,20,0.0,11.5,15.7
casey,Casey,21610,-38.10470074086808,145.3227992170936,-38.1,145.30002,33.0,Australia/Sydney,air_quality_2026-08-26.json,2026-08-30T21:00:00+1000,2026-08-30T11:00:00+0000,2026-08-30,21,0.0,12.4,16.7
casey,Casey,21610,-38.10470074086808,145.3227992170936,-38.1,145.30002,33.0,Australia/Sydney,air_quality_2026-08-26.json,2026-08-30T22:00:00+1000,2026-08-30T12:00:00+0000,2026-08-30,22,0.0,13.6,18.2
darebin,Darebin,21890,-37.739303059887945,145.02287482953065,-37.7,145.0,67.0,Australia/Sydney,air_quality_2026-08-26.json,2026-08-26T00:00:00+1000,2026-08-25T14:00:00+0000,2026-08-26,0,0.0,9.8,10.5
darebin,Darebin,21890,-37.739303059887945,145.02287482953065,-37.7,145.0,67.0,Australia/Sydney,air_quality_2026-08-26.json,2026-08-26T01:00:00+1000,2026-08-25T15:00:00+0000,2026-08-26,1,0.0,5.2,6.0
darebin,Darebin,21890,-37.739303059887945,145.02287482953065,-37.7,145.0,67.0,Australia/Sydney,air_quality_2026-08-26.json,2026-08-26T02:00:00+1000,2026-08-25T16:00:00+0000,2026-08-26,2,0.0,3.7,4.9
darebin,Darebin,21890,-37.739303059887945,145.02287482953065,-37.7,145.0,67.0,Australia/Sydney,air_quality_2026-08-26.json,2026-08-26T03:00:00+1000,2026-08-25T17:00:00+0000,2026-08-26,3,0.0,3.8,5.1
darebin,Darebin,21890,-37.739303059887945,145.02287482953065,-37.7,145.0,67.0,Australia/Sydney,air_quality_2026-08-26.json,2026-08-26T04:00:00+1000,2026-08-25T18:00:00+0000,2026-08-26,4,0.0,4.2,5.8
darebin,Darebin,21890,-37.739303059887945,145.02287482953065,-37.7,145.0,67.0,Australia/Sydney,air_quality_2026-08-26.json,2026-08-26T05:00:00+1000,2026-08-25T19:00:00+0000,2026-08-26,5,0.0,4.8,6.6
darebin,Darebin,21890,-37.739303059887945,145.02287482953065,-37.7,145.0,67.0,Australia/Sydney,air_quality_2026-08-26.json,2026-08-26T06:00:00+1000,2026-08-25T20:00:00+0000,2026-08-26,6,0.0,5.3,7.2
darebin,Darebin,21890,-37.739303059887945,145.02287482953065,-37.7,145.0,67.0,Australia/Sydney,air_quality_2026-08-26.json,2026-08-26T07:00:00+1000,2026-08-25T21:00:00+0000,2026-08-26,7,0.0,6.2,8.3
darebin,Darebin,21890,-37.739303059887945,145.02287482953065,-37.7,145.0,67.0,Australia/Sydney,air_quality_2026-08-26.json,2026-08-26T08:00:00+1000,2026-08-25T22:00:00+0000,2026-08-26,8,0.2,6.7,9.1
darebin,Darebin,21890,-37.739303059887945,145.02287482953065,-37.7,145.0,67.0,Australia/Sydney,air_quality_2026-08-26.json,2026-08-26T09:00:00+1000,2026-08-25T23:00:00+0000,2026-08-26,9,0.7,6.1,8.6
darebin,Darebin,21890,-37.739303059887945,145.02287482953065,-37.7,145.0,67.0,Australia/Sydney,air_quality_2026-08-26.json,2026-08-26T10:00:00+1000,2026-08-26T00:00:00+0000,2026-08-26,10,1.75,8.3,12.2
darebin,Darebin,21890,-37.739303059887945,145.02287482953065,-37.7,145.0,67.0,Australia/Sydney,air_quality_2026-08-26.json,2026-08-26T11:00:00+1000,2026-08-26T01:00:00+0000,2026-08-26,11,2.5,7.3,10.9
darebin,Darebin,21890,-37.739303059887945,145.02287482953065,-37.7,145.0,67.0,Australia/Sydney,air_quality_2026-08-26.json,2026-08-26T12:00:00+1000,2026-08-26T02:00:00+0000,2026-08-26,12,2.55,7.3,11.0
darebin,Darebin,21890,-37.739303059887945,145.02287482953065,-37.7,145.0,67.0,Australia/Sydney,air_quality_2026-08-26.json,2026-08-26T13:00:00+1000,2026-08-26T03:00:00+0000,2026-08-26,13,2.45,7.2,10.9
darebin,Darebin,21890,-37.739303059887945,145.02287482953065,-37.7,145.0,67.0,Australia/Sydney,air_quality_2026-08-26.json,2026-08-26T14:00:00+1000,2026-08-26T04:00:00+0000,2026-08-26,14,1.7,7.5,11.2
darebin,Darebin,21890,-37.739303059887945,145.02287482953065,-37.7,145.0,67.0,Australia/Sydney,air_quality_2026-08-26.json,2026-08-26T15:00:00+1000,2026-08-26T05:00:00+0000,2026-08-26,15,1.1,7.2,10.9
darebin,Darebin,21890,-37.739303059887945,145.02287482953065,-37.7,145.0,67.0,Australia/Sydney,air_quality_2026-08-26.json,2026-08-26T16:00:00+1000,2026-08-26T06:00:00+0000,2026-08-26,16,0.5,7.5,11.1
darebin,Darebin,21890,-37.739303059887945,145.02287482953065,-37.7,145.0,67.0,Australia/Sydney,air_quality_2026-08-26.json,2026-08-26T17:00:00+1000,2026-08-26T07:00:00+0000,2026-08-26,17,0.1,8.0,11.6
darebin,Darebin,21890,-37.739303059887945,145.02287482953065,-37.7,145.0,67.0,Australia/Sydney,air_quality_2026-08-26.json,2026-08-26T18:00:00+1000,2026-08-26T08:00:00+0000,2026-08-26,18,0.0,9.9,13.6
darebin,Darebin,21890,-37.739303059887945,145.02287482953065,-37.7,145.0,67.0,Australia/Sydney,air_quality_2026-08-26.json,2026-08-26T19:00:00+1000,2026-08-26T09:00:00+0000,2026-08-26,19,0.0,12.1,15.9
darebin,Darebin,21890,-37.739303059887945,145.02287482953065,-37.7,145.0,67.0,Australia/Sydney,air_quality_2026-08-26.json,2026-08-26T20:00:00+1000,2026-08-26T10:00:00+0000,2026-08-26,20,0.0,12.9,16.4
darebin,Darebin,21890,-37.739303059887945,145.02287482953065,-37.7,145.0,67.0,Australia/Sydney,air_quality_2026-08-26.json,2026-08-26T21:00:00+1000,2026-08-26T11:00:00+0000,2026-08-26,21,0.0,11.8,14.5
darebin,Darebin,21890,-37.739303059887945,145.02287482953065,-37.7,145.0,67.0,Australia/Sydney,air_quality_2026-08-26.json,2026-08-26T22:00:00+1000,2026-08-26T12:00:00+0000,2026-08-26,22,0.0,11.8,14.3
darebin,Darebin,21890,-37.739303059887945,145.02287482953065,-37.7,145.0,67.0,Australia/Sydney,air_quality_2026-08-26.json,2026-08-26T23:00:00+1000,2026-08-26T13:00:00+0000,2026-08-26,23,0.0,11.8,14.4
darebin,Darebin,21890,-37.739303059887945,145.02287482953065,-37.7,145.0,67.0,Australia/Sydney,air_quality_2026-08-26.json,2026-08-27T00:00:00+1000,2026-08-26T14:00:00+0000,2026-08-27,0,0.0,11.6,14.2
darebin,Darebin,21890,-37.739303059887945,145.02287482953065,-37.7,145.0,67.0,Australia/Sydney,air_quality_2026-08-26.json,2026-08-27T01:00:00+1000,2026-08-26T15:00:00+0000,2026-08-27,1,0.0,11.1,13.9
darebin,Darebin,21890,-37.739303059887945,145.02287482953065,-37.7,145.0,67.0,Australia/Sydney,air_quality_2026-08-26.json,2026-08-27T02:00:00+1000,2026-08-26T16:00:00+0000,2026-08-27,2,0.0,10.8,13.7
darebin,Darebin,21890,-37.739303059887945,145.02287482953065,-37.7,145.0,67.0,Australia/Sydney,air_quality_2026-08-26.json,2026-08-27T03:00:00+1000,2026-08-26T17:00:00+0000,2026-08-27,3,0.0,10.6,13.6
darebin,Darebin,21890,-37.739303059887945,145.02287482953065,-37.7,145.0,67.0,Australia/Sydney,air_quality_2026-08-26.json,2026-08-27T04:00:00+1000,2026-08-26T18:00:00+0000,2026-08-27,4,0.0,10.5,13.9
darebin,Darebin,21890,-37.739303059887945,145.02287482953065,-37.7,145.0,67.0,Australia/Sydney,air_quality_2026-08-26.json,2026-08-27T05:00:00+1000,2026-08-26T19:00:00+0000,2026-08-27,5,0.0,10.8,14.2
darebin,Darebin,21890,-37.739303059887945,145.02287482953065,-37.7,145.0,67.0,Australia/Sydney,air_quality_2026-08-26.json,2026-08-27T06:00:00+1000,2026-08-26T20:00:00+0000,2026-08-27,6,0.0,11.4,14.8
darebin,Darebin,21890,-37.739303059887945,145.02287482953065,-37.7,145.0,67.0,Australia/Sydney,air_quality_2026-08-26.json,2026-08-27T07:00:00+1000,2026-08-26T21:00:00+0000,2026-08-27,7,0.05,16.4,19.8
darebin,Darebin,21890,-37.739303059887945,145.02287482953065,-37.7,145.0,67.0,Australia/Sydney,air_quality_2026-08-26.json,2026-08-27T08:00:00+1000,2026-08-26T22:00:00+0000,2026-08-27,8,0.35,21.0,23.2
darebin,Darebin,21890,-37.739303059887945,145.02287482953065,-37.7,145.0,67.0,Australia/Sydney,air_quality_2026-08-26.json,2026-08-27T09:00:00+1000,2026-08-26T23:00:00+0000,2026-08-27,9,1.15,13.6,17.1
darebin,Darebin,21890,-37.739303059887945,145.02287482953065,-37.7,145.0,67.0,Australia/Sydney,air_quality_2026-08-26.json,2026-08-27T10:00:00+1000,2026-08-27T00:00:00+0000,2026-08-27,10,2.3,10.4,14.6
darebin,Darebin,21890,-37.739303059887945,145.02287482953065,-37.7,145.0,67.0,Australia/Sydney,air_quality_2026-08-26.json,2026-08-27T11:00:00+1000,2026-08-27T01:00:00+0000,2026-08-27,11,3.4,10.0,14.0
darebin,Darebin,21890,-37.739303059887945,145.02287482953065,-37.7,145.0,67.0,Australia/Sydney,air_quality_2026-08-26.json,2026-08-27T12:00:00+1000,2026-08-27T02:00:00+0000,2026-08-27,12,3.95,9.8,13.8
darebin,Darebin,21890,-37.739303059887945,145.02287482953065,-37.7,145.0,67.0,Australia/Sydney,air_quality_2026-08-26.json,2026-08-27T13:00:00+1000,2026-08-27T03:00:00+0000,2026-08-27,13,3.65,10.0,14.1
darebin,Darebin,21890,-37.739303059887945,145.02287482953065,-37.7,145.0,67.0,Australia/Sydney,air_quality_2026-08-26.json,2026-08-27T14:00:00+1000,2026-08-27T04:00:00+0000,2026-08-27,14,2.8,10.3,14.3
darebin,Darebin,21890,-37.739303059887945,145.02287482953065,-37.7,145.0,67.0,Australia/Sydney,air_quality_2026-08-26.json,2026-08-27T15:00:00+1000,2026-08-27T05:00:00+0000,2026-08-27,15,1.65,10.5,14.5
darebin,Darebin,21890,-37.739303059887945,145.02287482953065,-37.7,145.0,67.0,Australia/Sydney,air_quality_2026-08-26.json,2026-08-27T16:00:00+1000,2026-08-27T06:00:00+0000,2026-08-27,16,0.65,10.0,13.8
darebin,Darebin,21890,-37.739303059887945,145.02287482953065,-37.7,145.0,67.0,Australia/Sydney,air_quality_2026-08-26.json,2026-08-27T17:00:00+1000,2026-08-27T07:00:00+0000,2026-08-27,17,0.15,11.9,15.4
darebin,Darebin,21890,-37.739303059887945,145.02287482953065,-37.7,145.0,67.0,Australia/Sydney,air_quality_2026-08-26.json,2026-08-27T18:00:00+1000,2026-08-27T08:00:00+0000,2026-08-27,18,0.0,17.1,20.5
darebin,Darebin,21890,-37.739303059887945,145.02287482953065,-37.7,145.0,67.0,Australia/Sydney,air_quality_2026-08-26.json,2026-08-27T19:00:00+1000,2026-08-27T09:00:00+0000,2026-08-27,19,0.0,21.2,24.4
darebin,Darebin,21890,-37.739303059887945,145.02287482953065,-37.7,145.0,67.0,Australia/Sydney,air_quality_2026-08-26.json,2026-08-27T20:00:00+1000,2026-08-27T10:00:00+0000,2026-08-27,20,0.0,25.0,28.0
darebin,Darebin,21890,-37.739303059887945,145.02287482953065,-37.7,145.0,67.0,Australia/Sydney,air_quality_2026-08-26.json,2026-08-27T21:00:00+1000,2026-08-27T11:00:00+0000,2026-08-27,21,0.0,28.4,31.2
darebin,Darebin,21890,-37.739303059887945,145.02287482953065,-37.7,145.0,67.0,Australia/Sydney,air_quality_2026-08-26.json,2026-08-27T22:00:00+1000,2026-08-27T12:00:00+0000,2026-08-27,22,0.0,28.3,30.5
darebin,Darebin,21890,-37.739303059887945,145.02287482953065,-37.7,145.0,67.0,Australia/Sydney,air_quality_2026-08-26.json,2026-08-27T23:00:00+1000,2026-08-27T13:00:00+0000,2026-08-27,23,0.0,23.4,25.1
darebin,Darebin,21890,-37.739303059887945,145.02287482953065,-37.7,145.0,67.0,Australia/Sydney,air_quality_2026-08-26.json,2026-08-28T00:00:00+1000,2026-08-27T14:00:00+0000,2026-08-28,0,0.0,17.5,19.0
darebin,Darebin,21890,-37.739303059887945,145.02287482953065,-37.7,145.0,67.0,Australia/Sydney,air_quality_2026-08-26.json,2026-08-28T01:00:00+1000,2026-08-27T15:00:00+0000,2026-08-28,1,0.0,13.2,14.6
darebin,Darebin,21890,-37.739303059887945,145.02287482953065,-37.7,145.0,67.0,Australia/Sydney,air_quality_2026-08-26.json,2026-08-28T02:00:00+1000,2026-08-27T16:00:00+0000,2026-08-28,2,0.0,10.0,11.4
darebin,Darebin,21890,-37.739303059887945,145.02287482953065,-37.7,145.0,67.0,Australia/Sydney,air_quality_2026-08-26.json,2026-08-28T03:00:00+1000,2026-08-27T17:00:00+0000,2026-08-28,3,0.0,7.7,9.0
darebin,Darebin,21890,-37.739303059887945,145.02287482953065,-37.7,145.0,67.0,Australia/Sydney,air_quality_2026-08-26.json,2026-08-28T04:00:00+1000,2026-08-27T18:00:00+0000,2026-08-28,4,0.0,6.3,7.7
darebin,Darebin,21890,-37.739303059887945,145.02287482953065,-37.7,145.0,67.0,Australia/Sydney,air_quality_2026-08-26.json,2026-08-28T05:00:00+1000,2026-08-27T19:00:00+0000,2026-08-28,5,0.0,5.7,7.2
darebin,Darebin,21890,-37.739303059887945,145.02287482953065,-37.7,145.0,67.0,Australia/Sydney,air_quality_2026-08-26.json,2026-08-28T06:00:00+1000,2026-08-27T20:00:00+0000,2026-08-28,6,0.0,5.6,7.1
darebin,Darebin,21890,-37.739303059887945,145.02287482953065,-37.7,145.0,67.0,Australia/Sydney,air_quality_2026-08-26.json,2026-08-28T07:00:00+1000,2026-08-27T21:00:00+0000,2026-08-28,7,0.05,6.9,8.3
darebin,Darebin,21890,-37.739303059887945,145.02287482953065,-37.7,145.0,67.0,Australia/Sydney,air_quality_2026-08-26.json,2026-08-28T08:00:00+1000,2026-08-27T22:00:00+0000,2026-08-28,8,0.2,8.2,9.5
darebin,Darebin,21890,-37.739303059887945,145.02287482953065,-37.7,145.0,67.0,Australia/Sydney,air_quality_2026-08-26.json,2026-08-28T09:00:00+1000,2026-08-27T23:00:00+0000,2026-08-28,9,0.4,10.6,12.0
darebin,Darebin,21890,-37.739303059887945,145.02287482953065,-37.7,145.0,67.0,Australia/Sydney,air_quality_2026-08-26.json,2026-08-28T10:00:00+1000,2026-08-28T00:00:00+0000,2026-08-28,10,0.75,8.7,10.9
darebin,Darebin,21890,-37.739303059887945,145.02287482953065,-37.7,145.0,67.0,Australia/Sydney,air_quality_2026-08-26.json,2026-08-28T11:00:00+1000,2026-08-28T01:00:00+0000,2026-08-28,11,1.25,7.4,9.5
darebin,Darebin,21890,-37.739303059887945,145.02287482953065,-37.7,145.0,67.0,Australia/Sydney,air_quality_2026-08-26.json,2026-08-28T12:00:00+1000,2026-08-28T02:00:00+0000,2026-08-28,12,1.3,6.0,7.7
darebin,Darebin,21890,-37.739303059887945,145.02287482953065,-37.7,145.0,67.0,Australia/Sydney,air_quality_2026-08-26.json,2026-08-28T13:00:00+1000,2026-08-28T03:00:00+0000,2026-08-28,13,2.05,5.9,7.5
darebin,Darebin,21890,-37.739303059887945,145.02287482953065,-37.7,145.0,67.0,Australia/Sydney,air_quality_2026-08-26.json,2026-08-28T14:00:00+1000,2026-08-28T04:00:00+0000,2026-08-28,14,2.45,5.8,7.7
darebin,Darebin,21890,-37.739303059887945,145.02287482953065,-37.7,145.0,67.0,Australia/Sydney,air_quality_2026-08-26.json,2026-08-28T15:00:00+1000,2026-08-28T05:00:00+0000,2026-08-28,15,1.5,6.3,8.7
darebin,Darebin,21890,-37.739303059887945,145.02287482953065,-37.7,145.0,67.0,Australia/Sydney,air_quality_2026-08-26.json,2026-08-28T16:00:00+1000,2026-08-28T06:00:00+0000,2026-08-28,16,0.65,7.5,10.5
darebin,Darebin,21890,-37.739303059887945,145.02287482953065,-37.7,145.0,67.0,Australia/Sydney,air_quality_2026-08-26.json,2026-08-28T17:00:00+1000,2026-08-28T07:00:00+0000,2026-08-28,17,0.15,8.5,12.1
darebin,Darebin,21890,-37.739303059887945,145.02287482953065,-37.7,145.0,67.0,Australia/Sydney,air_quality_2026-08-26.json,2026-08-28T18:00:00+1000,2026-08-28T08:00:00+0000,2026-08-28,18,0.0,11.6,15.5
darebin,Darebin,21890,-37.739303059887945,145.02287482953065,-37.7,145.0,67.0,Australia/Sydney,air_quality_2026-08-26.json,2026-08-28T19:00:00+1000,2026-08-28T09:00:00+0000,2026-08-28,19,0.0,15.1,18.8
darebin,Darebin,21890,-37.739303059887945,145.02287482953065,-37.7,145.0,67.0,Australia/Sydney,air_quality_2026-08-26.json,2026-08-28T20:00:00+1000,2026-08-28T10:00:00+0000,2026-08-28,20,0.0,18.9,23.2
darebin,Darebin,21890,-37.739303059887945,145.02287482953065,-37.7,145.0,67.0,Australia/Sydney,air_quality_2026-08-26.json,2026-08-28T21:00:00+1000,2026-08-28T11:00:00+0000,2026-08-28,21,0.0,21.7,26.4
darebin,Darebin,21890,-37.739303059887945,145.02287482953065,-37.7,145.0,67.0,Australia/Sydney,air_quality_2026-08-26.json,2026-08-28T22:00:00+1000,2026-08-28T12:00:00+0000,2026-08-28,22,0.0,26.5,31.9
darebin,Darebin,21890,-37.739303059887945,145.02287482953065,-37.7,145.0,67.0,Australia/Sydney,air_quality_2026-08-26.json,2026-08-28T23:00:00+1000,2026-08-28T13:00:00+0000,2026-08-28,23,0.0,28.0,33.9
darebin,Darebin,21890,-37.739303059887945,145.02287482953065,-37.7,145.0,67.0,Australia/Sydney,air_quality_2026-08-26.json,2026-08-29T00:00:00+1000,2026-08-28T14:00:00+0000,2026-08-29,0,0.0,28.8,35.2
darebin,Darebin,21890,-37.739303059887945,145.02287482953065,-37.7,145.0,67.0,Australia/Sydney,air_quality_2026-08-26.json,2026-08-29T01:00:00+1000,2026-08-28T15:00:00+0000,2026-08-29,1,0.0,28.2,34.8
darebin,Darebin,21890,-37.739303059887945,145.02287482953065,-37.7,145.0,67.0,Australia/Sydney,air_quality_2026-08-26.json,2026-08-29T02:00:00+1000,2026-08-28T16:00:00+0000,2026-08-29,2,0.0,25.7,32.0
darebin,Darebin,21890,-37.739303059887945,145.02287482953065,-37.7,145.0,67.0,Australia/Sydney,air_quality_2026-08-26.json,2026-08-29T03:00:00+1000,2026-08-28T17:00:00+0000,2026-08-29,3,0.0,22.5,28.1
darebin,Darebin,21890,-37.739303059887945,145.02287482953065,-37.7,145.0,67.0,Australia/Sydney,air_quality_2026-08-26.json,2026-08-29T04:00:00+1000,2026-08-28T18:00:00+0000,2026-08-29,4,0.0,19.4,24.8
darebin,Darebin,21890,-37.739303059887945,145.02287482953065,-37.7,145.0,67.0,Australia/Sydney,air_quality_2026-08-26.json,2026-08-29T05:00:00+1000,2026-08-28T19:00:00+0000,2026-08-29,5,0.0,16.9,22.2
darebin,Darebin,21890,-37.739303059887945,145.02287482953065,-37.7,145.0,67.0,Australia/Sydney,air_quality_2026-08-26.json,2026-08-29T06:00:00+1000,2026-08-28T20:00:00+0000,2026-08-29,6,0.0,15.7,20.5
darebin,Darebin,21890,-37.739303059887945,145.02287482953065,-37.7,145.0,67.0,Australia/Sydney,air_quality_2026-08-26.json,2026-08-29T07:00:00+1000,2026-08-28T21:00:00+0000,2026-08-29,7,0.05,17.2,21.7
darebin,Darebin,21890,-37.739303059887945,145.02287482953065,-37.7,145.0,67.0,Australia/Sydney,air_quality_2026-08-26.json,2026-08-29T08:00:00+1000,2026-08-28T22:00:00+0000,2026-08-29,8,0.35,18.5,22.8
darebin,Darebin,21890,-37.739303059887945,145.02287482953065,-37.7,145.0,67.0,Australia/Sydney,air_quality_2026-08-26.json,2026-08-29T09:00:00+1000,2026-08-28T23:00:00+0000,2026-08-29,9,0.95,15.3,20.4
darebin,Darebin,21890,-37.739303059887945,145.02287482953065,-37.7,145.0,67.0,Australia/Sydney,air_quality_2026-08-26.json,2026-08-29T10:00:00+1000,2026-08-29T00:00:00+0000,2026-08-29,10,1.6,13.9,20.3
darebin,Darebin,21890,-37.739303059887945,145.02287482953065,-37.7,145.0,67.0,Australia/Sydney,air_quality_2026-08-26.json,2026-08-29T11:00:00+1000,2026-08-29T01:00:00+0000,2026-08-29,11,2.0,13.1,19.8
darebin,Darebin,21890,-37.739303059887945,145.02287482953065,-37.7,145.0,67.0,Australia/Sydney,air_quality_2026-08-26.json,2026-08-29T12:00:00+1000,2026-08-29T02:00:00+0000,2026-08-29,12,2.2,12.1,18.1
darebin,Darebin,21890,-37.739303059887945,145.02287482953065,-37.7,145.0,67.0,Australia/Sydney,air_quality_2026-08-26.json,2026-08-29T13:00:00+1000,2026-08-29T03:00:00+0000,2026-08-29,13,2.1,11.8,17.5
darebin,Darebin,21890,-37.739303059887945,145.02287482953065,-37.7,145.0,67.0,Australia/Sydney,air_quality_2026-08-26.json,2026-08-29T14:00:00+1000,2026-08-29T04:00:00+0000,2026-08-29,14,1.55,11.4,16.7
darebin,Darebin,21890,-37.739303059887945,145.02287482953065,-37.7,145.0,67.0,Australia/Sydney,air_quality_2026-08-26.json,2026-08-29T15:00:00+1000,2026-08-29T05:00:00+0000,2026-08-29,15,0.85,11.4,16.6
darebin,Darebin,21890,-37.739303059887945,145.02287482953065,-37.7,145.0,67.0,Australia/Sydney,air_quality_2026-08-26.json,2026-08-29T16:00:00+1000,2026-08-29T06:00:00+0000,2026-08-29,16,0.35,12.2,17.9
darebin,Darebin,21890,-37.739303059887945,145.02287482953065,-37.7,145.0,67.0,Australia/Sydney,air_quality_2026-08-26.json,2026-08-29T17:00:00+1000,2026-08-29T07:00:00+0000,2026-08-29,17,0.1,13.5,19.8
darebin,Darebin,21890,-37.739303059887945,145.02287482953065,-37.7,145.0,67.0,Australia/Sydney,air_quality_2026-08-26.json,2026-08-29T18:00:00+1000,2026-08-29T08:00:00+0000,2026-08-29,18,0.0,14.1,20.1
darebin,Darebin,21890,-37.739303059887945,145.02287482953065,-37.7,145.0,67.0,Australia/Sydney,air_quality_2026-08-26.json,2026-08-29T19:00:00+1000,2026-08-29T09:00:00+0000,2026-08-29,19,0.0,14.1,19.1
darebin,Darebin,21890,-37.739303059887945,145.02287482953065,-37.7,145.0,67.0,Australia/Sydney,air_quality_2026-08-26.json,2026-08-29T20:00:00+1000,2026-08-29T10:00:00+0000,2026-08-29,20,0.0,14.8,19.7
darebin,Darebin,21890,-37.739303059887945,145.02287482953065,-37.7,145.0,67.0,Australia/Sydney,air_quality_2026-08-26.json,2026-08-29T21:00:00+1000,2026-08-29T11:00:00+0000,2026-08-29,21,0.0,15.6,21.0
darebin,Darebin,21890,-37.739303059887945,145.02287482953065,-37.7,145.0,67.0,Australia/Sydney,air_quality_2026-08-26.json,2026-08-29T22:00:00+1000,2026-08-29T12:00:00+0000,2026-08-29,22,0.0,14.5,19.5
darebin,Darebin,21890,-37.739303059887945,145.02287482953065,-37.7,145.0,67.0,Australia/Sydney,air_quality_2026-08-26.json,2026-08-29T23:00:00+1000,2026-08-29T13:00:00+0000,2026-08-29,23,0.0,13.2,17.7
darebin,Darebin,21890,-37.739303059887945,145.02287482953065,-37.7,145.0,67.0,Australia/Sydney,air_quality_2026-08-26.json,2026-08-30T00:00:00+1000,2026-08-29T14:00:00+0000,2026-08-30,0,0.0,12.3,16.4
darebin,Darebin,21890,-37.739303059887945,145.02287482953065,-37.7,145.0,67.0,Australia/Sydney,air_quality_2026-08-26.json,2026-08-30T01:00:00+1000,2026-08-29T15:00:00+0000,2026-08-30,1,0.0,11.5,15.3
darebin,Darebin,21890,-37.739303059887945,145.02287482953065,-37.7,145.0,67.0,Australia/Sydney,air_quality_2026-08-26.json,2026-08-30T02:00:00+1000,2026-08-29T16:00:00+0000,2026-08-30,2,0.0,11.2,15.1
darebin,Darebin,21890,-37.739303059887945,145.02287482953065,-37.7,145.0,67.0,Australia/Sydney,air_quality_2026-08-26.json,2026-08-30T03:00:00+1000,2026-08-29T17:00:00+0000,2026-08-30,3,0.0,11.2,15.0
darebin,Darebin,21890,-37.739303059887945,145.02287482953065,-37.7,145.0,67.0,Australia/Sydney,air_quality_2026-08-26.json,2026-08-30T04:00:00+1000,2026-08-29T18:00:00+0000,2026-08-30,4,0.0,11.3,15.1
darebin,Darebin,21890,-37.739303059887945,145.02287482953065,-37.7,145.0,67.0,Australia/Sydney,air_quality_2026-08-26.json,2026-08-30T05:00:00+1000,2026-08-29T19:00:00+0000,2026-08-30,5,0.0,11.4,15.3
darebin,Darebin,21890,-37.739303059887945,145.02287482953065,-37.7,145.0,67.0,Australia/Sydney,air_quality_2026-08-26.json,2026-08-30T06:00:00+1000,2026-08-29T20:00:00+0000,2026-08-30,6,0.0,12.2,16.2
darebin,Darebin,21890,-37.739303059887945,145.02287482953065,-37.7,145.0,67.0,Australia/Sydney,air_quality_2026-08-26.json,2026-08-30T07:00:00+1000,2026-08-29T21:00:00+0000,2026-08-30,7,0.0,13.5,17.4
darebin,Darebin,21890,-37.739303059887945,145.02287482953065,-37.7,145.0,67.0,Australia/Sydney,air_quality_2026-08-26.json,2026-08-30T08:00:00+1000,2026-08-29T22:00:00+0000,2026-08-30,8,0.2,15.1,19.0
darebin,Darebin,21890,-37.739303059887945,145.02287482953065,-37.7,145.0,67.0,Australia/Sydney,air_quality_2026-08-26.json,2026-08-30T09:00:00+1000,2026-08-29T23:00:00+0000,2026-08-30,9,0.6,14.3,18.5
darebin,Darebin,21890,-37.739303059887945,145.02287482953065,-37.7,145.0,67.0,Australia/Sydney,air_quality_2026-08-26.json,2026-08-30T10:00:00+1000,2026-08-30T00:00:00+0000,2026-08-30,10,1.5,12.6,17.6
darebin,Darebin,21890,-37.739303059887945,145.02287482953065,-37.7,145.0,67.0,Australia/Sydney,air_quality_2026-08-26.json,2026-08-30T11:00:00+1000,2026-08-30T01:00:00+0000,2026-08-30,11,2.25,11.8,17.0
darebin,Darebin,21890,-37.739303059887945,145.02287482953065,-37.7,145.0,67.0,Australia/Sydney,air_quality_2026-08-26.json,2026-08-30T12:00:00+1000,2026-08-30T02:00:00+0000,2026-08-30,12,2.95,11.3,16.4
darebin,Darebin,21890,-37.739303059887945,145.02287482953065,-37.7,145.0,67.0,Australia/Sydney,air_quality_2026-08-26.json,2026-08-30T13:00:00+1000,2026-08-30T03:00:00+0000,2026-08-30,13,3.15,11.2,16.2
darebin,Darebin,21890,-37.739303059887945,145.02287482953065,-37.7,145.0,67.0,Australia/Sydney,air_quality_2026-08-26.json,2026-08-30T14:00:00+1000,2026-08-30T04:00:00+0000,2026-08-30,14,2.9,10.5,15.1
darebin,Darebin,21890,-37.739303059887945,145.02287482953065,-37.7,145.0,67.0,Australia/Sydney,air_quality_2026-08-26.json,2026-08-30T15:00:00+1000,2026-08-30T05:00:00+0000,2026-08-30,15,1.8,10.7,15.2
darebin,Darebin,21890,-37.739303059887945,145.02287482953065,-37.7,145.0,67.0,Australia/Sydney,air_quality_2026-08-26.json,2026-08-30T16:00:00+1000,2026-08-30T06:00:00+0000,2026-08-30,16,0.8,10.8,15.4
darebin,Darebin,21890,-37.739303059887945,145.02287482953065,-37.7,145.0,67.0,Australia/Sydney,air_quality_2026-08-26.json,2026-08-30T17:00:00+1000,2026-08-30T07:00:00+0000,2026-08-30,17,0.15,11.1,15.7
darebin,Darebin,21890,-37.739303059887945,145.02287482953065,-37.7,145.0,67.0,Australia/Sydney,air_quality_2026-08-26.json,2026-08-30T18:00:00+1000,2026-08-30T08:00:00+0000,2026-08-30,18,0.0,12.6,17.1
darebin,Darebin,21890,-37.739303059887945,145.02287482953065,-37.7,145.0,67.0,Australia/Sydney,air_quality_2026-08-26.json,2026-08-30T19:00:00+1000,2026-08-30T09:00:00+0000,2026-08-30,19,0.0,12.8,16.6
darebin,Darebin,21890,-37.739303059887945,145.02287482953065,-37.7,145.0,67.0,Australia/Sydney,air_quality_2026-08-26.json,2026-08-30T20:00:00+1000,2026-08-30T10:00:00+0000,2026-08-30,20,0.0,12.6,16.0
darebin,Darebin,21890,-37.739303059887945,145.02287482953065,-37.7,145.0,67.0,Australia/Sydney,air_quality_2026-08-26.json,2026-08-30T21:00:00+1000,2026-08-30T11:00:00+0000,2026-08-30,21,0.0,12.8,16.1
darebin,Darebin,21890,-37.739303059887945,145.02287482953065,-37.7,145.0,67.0,Australia/Sydney,air_quality_2026-08-26.json,2026-08-30T22:00:00+1000,2026-08-30T12:00:00+0000,2026-08-30,22,0.0,13.4,16.6
frankston,Frankston,22170,-38.129067332252696,145.16875000632388,-38.1,145.20001,47.0,Australia/Sydney,air_quality_2026-08-26.json,2026-08-26T00:00:00+1000,2026-08-25T14:00:00+0000,2026-08-26,0,0.0,3.8,5.5
frankston,Frankston,22170,-38.129067332252696,145.16875000632388,-38.1,145.20001,47.0,Australia/Sydney,air_quality_2026-08-26.json,2026-08-26T01:00:00+1000,2026-08-25T15:00:00+0000,2026-08-26,1,0.0,3.9,6.0
frankston,Frankston,22170,-38.129067332252696,145.16875000632388,-38.1,145.20001,47.0,Australia/Sydney,air_quality_2026-08-26.json,2026-08-26T02:00:00+1000,2026-08-25T16:00:00+0000,2026-08-26,2,0.0,4.4,7.0
frankston,Frankston,22170,-38.129067332252696,145.16875000632388,-38.1,145.20001,47.0,Australia/Sydney,air_quality_2026-08-26.json,2026-08-26T03:00:00+1000,2026-08-25T17:00:00+0000,2026-08-26,3,0.0,4.9,7.8
frankston,Frankston,22170,-38.129067332252696,145.16875000632388,-38.1,145.20001,47.0,Australia/Sydney,air_quality_2026-08-26.json,2026-08-26T04:00:00+1000,2026-08-25T18:00:00+0000,2026-08-26,4,0.0,5.1,8.1
frankston,Frankston,22170,-38.129067332252696,145.16875000632388,-38.1,145.20001,47.0,Australia/Sydney,air_quality_2026-08-26.json,2026-08-26T05:00:00+1000,2026-08-25T19:00:00+0000,2026-08-26,5,0.0,5.3,8.4
frankston,Frankston,22170,-38.129067332252696,145.16875000632388,-38.1,145.20001,47.0,Australia/Sydney,air_quality_2026-08-26.json,2026-08-26T06:00:00+1000,2026-08-25T20:00:00+0000,2026-08-26,6,0.0,5.4,8.4
frankston,Frankston,22170,-38.129067332252696,145.16875000632388,-38.1,145.20001,47.0,Australia/Sydney,air_quality_2026-08-26.json,2026-08-26T07:00:00+1000,2026-08-25T21:00:00+0000,2026-08-26,7,0.05,5.9,8.7
frankston,Frankston,22170,-38.129067332252696,145.16875000632388,-38.1,145.20001,47.0,Australia/Sydney,air_quality_2026-08-26.json,2026-08-26T08:00:00+1000,2026-08-25T22:00:00+0000,2026-08-26,8,0.35,6.5,9.5
frankston,Frankston,22170,-38.129067332252696,145.16875000632388,-38.1,145.20001,47.0,Australia/Sydney,air_quality_2026-08-26.json,2026-08-26T09:00:00+1000,2026-08-25T23:00:00+0000,2026-08-26,9,1.0,6.5,9.9
frankston,Frankston,22170,-38.129067332252696,145.16875000632388,-38.1,145.20001,47.0,Australia/Sydney,air_quality_2026-08-26.json,2026-08-26T10:00:00+1000,2026-08-26T00:00:00+0000,2026-08-26,10,1.9,7.9,12.5
frankston,Frankston,22170,-38.129067332252696,145.16875000632388,-38.1,145.20001,47.0,Australia/Sydney,air_quality_2026-08-26.json,2026-08-26T11:00:00+1000,2026-08-26T01:00:00+0000,2026-08-26,11,2.8,7.3,11.7
frankston,Frankston,22170,-38.129067332252696,145.16875000632388,-38.1,145.20001,47.0,Australia/Sydney,air_quality_2026-08-26.json,2026-08-26T12:00:00+1000,2026-08-26T02:00:00+0000,2026-08-26,12,2.95,8.0,12.9
frankston,Frankston,22170,-38.129067332252696,145.16875000632388,-38.1,145.20001,47.0,Australia/Sydney,air_quality_2026-08-26.json,2026-08-26T13:00:00+1000,2026-08-26T03:00:00+0000,2026-08-26,13,2.65,7.3,11.9
frankston,Frankston,22170,-38.129067332252696,145.16875000632388,-38.1,145.20001,47.0,Australia/Sydney,air_quality_2026-08-26.json,2026-08-26T14:00:00+1000,2026-08-26T04:00:00+0000,2026-08-26,14,2.0,7.1,11.5
frankston,Frankston,22170,-38.129067332252696,145.16875000632388,-38.1,145.20001,47.0,Australia/Sydney,air_quality_2026-08-26.json,2026-08-26T15:00:00+1000,2026-08-26T05:00:00+0000,2026-08-26,15,1.15,7.0,11.3
frankston,Frankston,22170,-38.129067332252696,145.16875000632388,-38.1,145.20001,47.0,Australia/Sydney,air_quality_2026-08-26.json,2026-08-26T16:00:00+1000,2026-08-26T06:00:00+0000,2026-08-26,16,0.5,7.2,11.5
frankston,Frankston,22170,-38.129067332252696,145.16875000632388,-38.1,145.20001,47.0,Australia/Sydney,air_quality_2026-08-26.json,2026-08-26T17:00:00+1000,2026-08-26T07:00:00+0000,2026-08-26,17,0.1,7.6,11.8
frankston,Frankston,22170,-38.129067332252696,145.16875000632388,-38.1,145.20001,47.0,Australia/Sydney,air_quality_2026-08-26.json,2026-08-26T18:00:00+1000,2026-08-26T08:00:00+0000,2026-08-26,18,0.0,9.2,13.4
frankston,Frankston,22170,-38.129067332252696,145.16875000632388,-38.1,145.20001,47.0,Australia/Sydney,air_quality_2026-08-26.json,2026-08-26T19:00:00+1000,2026-08-26T09:00:00+0000,2026-08-26,19,0.0,11.3,15.5
frankston,Frankston,22170,-38.129067332252696,145.16875000632388,-38.1,145.20001,47.0,Australia/Sydney,air_quality_2026-08-26.json,2026-08-26T20:00:00+1000,2026-08-26T10:00:00+0000,2026-08-26,20,0.0,12.5,16.8
frankston,Frankston,22170,-38.129067332252696,145.16875000632388,-38.1,145.20001,47.0,Australia/Sydney,air_quality_2026-08-26.json,2026-08-26T21:00:00+1000,2026-08-26T11:00:00+0000,2026-08-26,21,0.0,12.4,16.3
frankston,Frankston,22170,-38.129067332252696,145.16875000632388,-38.1,145.20001,47.0,Australia/Sydney,air_quality_2026-08-26.json,2026-08-26T22:00:00+1000,2026-08-26T12:00:00+0000,2026-08-26,22,0.0,12.8,16.7
frankston,Frankston,22170,-38.129067332252696,145.16875000632388,-38.1,145.20001,47.0,Australia/Sydney,air_quality_2026-08-26.json,2026-08-26T23:00:00+1000,2026-08-26T13:00:00+0000,2026-08-26,23,0.0,13.3,17.2
frankston,Frankston,22170,-38.129067332252696,145.16875000632388,-38.1,145.20001,47.0,Australia/Sydney,air_quality_2026-08-26.json,2026-08-27T00:00:00+1000,2026-08-26T14:00:00+0000,2026-08-27,0,0.0,13.6,17.6
frankston,Frankston,22170,-38.129067332252696,145.16875000632388,-38.1,145.20001,47.0,Australia/Sydney,air_quality_2026-08-26.json,2026-08-27T01:00:00+1000,2026-08-26T15:00:00+0000,2026-08-27,1,0.0,13.6,17.6
frankston,Frankston,22170,-38.129067332252696,145.16875000632388,-38.1,145.20001,47.0,Australia/Sydney,air_quality_2026-08-26.json,2026-08-27T02:00:00+1000,2026-08-26T16:00:00+0000,2026-08-27,2,0.0,13.6,17.7
frankston,Frankston,22170,-38.129067332252696,145.16875000632388,-38.1,145.20001,47.0,Australia/Sydney,air_quality_2026-08-26.json,2026-08-27T03:00:00+1000,2026-08-26T17:00:00+0000,2026-08-27,3,0.0,13.5,17.7
frankston,Frankston,22170,-38.129067332252696,145.16875000632388,-38.1,145.20001,47.0,Australia/Sydney,air_quality_2026-08-26.json,2026-08-27T04:00:00+1000,2026-08-26T18:00:00+0000,2026-08-27,4,0.0,13.2,17.5
frankston,Frankston,22170,-38.129067332252696,145.16875000632388,-38.1,145.20001,47.0,Australia/Sydney,air_quality_2026-08-26.json,2026-08-27T05:00:00+1000,2026-08-26T19:00:00+0000,2026-08-27,5,0.0,13.0,17.2
frankston,Frankston,22170,-38.129067332252696,145.16875000632388,-38.1,145.20001,47.0,Australia/Sydney,air_quality_2026-08-26.json,2026-08-27T06:00:00+1000,2026-08-26T20:00:00+0000,2026-08-27,6,0.0,13.4,17.5
frankston,Frankston,22170,-38.129067332252696,145.16875000632388,-38.1,145.20001,47.0,Australia/Sydney,air_quality_2026-08-26.json,2026-08-27T07:00:00+1000,2026-08-26T21:00:00+0000,2026-08-27,7,0.05,16.2,19.8
frankston,Frankston,22170,-38.129067332252696,145.16875000632388,-38.1,145.20001,47.0,Australia/Sydney,air_quality_2026-08-26.json,2026-08-27T08:00:00+1000,2026-08-26T22:00:00+0000,2026-08-27,8,0.35,20.4,22.5
frankston,Frankston,22170,-38.129067332252696,145.16875000632388,-38.1,145.20001,47.0,Australia/Sydney,air_quality_2026-08-26.json,2026-08-27T09:00:00+1000,2026-08-26T23:00:00+0000,2026-08-27,9,1.1,15.4,18.1
frankston,Frankston,22170,-38.129067332252696,145.16875000632388,-38.1,145.20001,47.0,Australia/Sydney,air_quality_2026-08-26.json,2026-08-27T10:00:00+1000,2026-08-27T00:00:00+0000,2026-08-27,10,2.15,10.3,14.5
frankston,Frankston,22170,-38.129067332252696,145.16875000632388,-38.1,145.20001,47.0,Australia/Sydney,air_quality_2026-08-26.json,2026-08-27T11:00:00+1000,2026-08-27T01:00:00+0000,2026-08-27,11,2.65,9.5,13.8
frankston,Frankston,22170,-38.129067332252696,145.16875000632388,-38.1,145.20001,47.0,Australia/Sydney,air_quality_2026-08-26.json,2026-08-27T12:00:00+1000,2026-08-27T02:00:00+0000,2026-08-27,12,3.25,9.2,13.4
frankston,Frankston,22170,-38.129067332252696,145.16875000632388,-38.1,145.20001,47.0,Australia/Sydney,air_quality_2026-08-26.json,2026-08-27T13:00:00+1000,2026-08-27T03:00:00+0000,2026-08-27,13,3.3,9.6,13.7
frankston,Frankston,22170,-38.129067332252696,145.16875000632388,-38.1,145.20001,47.0,Australia/Sydney,air_quality_2026-08-26.json,2026-08-27T14:00:00+1000,2026-08-27T04:00:00+0000,2026-08-27,14,2.6,9.9,13.9
frankston,Frankston,22170,-38.129067332252696,145.16875000632388,-38.1,145.20001,47.0,Australia/Sydney,air_quality_2026-08-26.json,2026-08-27T15:00:00+1000,2026-08-27T05:00:00+0000,2026-08-27,15,1.5,10.1,14.2
frankston,Frankston,22170,-38.129067332252696,145.16875000632388,-38.1,145.20001,47.0,Australia/Sydney,air_quality_2026-08-26.json,2026-08-27T16:00:00+1000,2026-08-27T06:00:00+0000,2026-08-27,16,0.6,9.9,13.9
frankston,Frankston,22170,-38.129067332252696,145.16875000632388,-38.1,145.20001,47.0,Australia/Sydney,air_quality_2026-08-26.json,2026-08-27T17:00:00+1000,2026-08-27T07:00:00+0000,2026-08-27,17,0.15,11.4,15.3
frankston,Frankston,22170,-38.129067332252696,145.16875000632388,-38.1,145.20001,47.0,Australia/Sydney,air_quality_2026-08-26.json,2026-08-27T18:00:00+1000,2026-08-27T08:00:00+0000,2026-08-27,18,0.0,15.5,19.2
frankston,Frankston,22170,-38.129067332252696,145.16875000632388,-38.1,145.20001,47.0,Australia/Sydney,air_quality_2026-08-26.json,2026-08-27T19:00:00+1000,2026-08-27T09:00:00+0000,2026-08-27,19,0.0,19.1,22.8
frankston,Frankston,22170,-38.129067332252696,145.16875000632388,-38.1,145.20001,47.0,Australia/Sydney,air_quality_2026-08-26.json,2026-08-27T20:00:00+1000,2026-08-27T10:00:00+0000,2026-08-27,20,0.0,22.3,25.8
frankston,Frankston,22170,-38.129067332252696,145.16875000632388,-38.1,145.20001,47.0,Australia/Sydney,air_quality_2026-08-26.json,2026-08-27T21:00:00+1000,2026-08-27T11:00:00+0000,2026-08-27,21,0.0,25.4,28.8
frankston,Frankston,22170,-38.129067332252696,145.16875000632388,-38.1,145.20001,47.0,Australia/Sydney,air_quality_2026-08-26.json,2026-08-27T22:00:00+1000,2026-08-27T12:00:00+0000,2026-08-27,22,0.0,26.4,29.2
frankston,Frankston,22170,-38.129067332252696,145.16875000632388,-38.1,145.20001,47.0,Australia/Sydney,air_quality_2026-08-26.json,2026-08-27T23:00:00+1000,2026-08-27T13:00:00+0000,2026-08-27,23,0.0,23.2,25.2
frankston,Frankston,22170,-38.129067332252696,145.16875000632388,-38.1,145.20001,47.0,Australia/Sydney,air_quality_2026-08-26.json,2026-08-28T00:00:00+1000,2026-08-27T14:00:00+0000,2026-08-28,0,0.0,19.4,21.0
frankston,Frankston,22170,-38.129067332252696,145.16875000632388,-38.1,145.20001,47.0,Australia/Sydney,air_quality_2026-08-26.json,2026-08-28T01:00:00+1000,2026-08-27T15:00:00+0000,2026-08-28,1,0.0,16.6,18.0
frankston,Frankston,22170,-38.129067332252696,145.16875000632388,-38.1,145.20001,47.0,Australia/Sydney,air_quality_2026-08-26.json,2026-08-28T02:00:00+1000,2026-08-27T16:00:00+0000,2026-08-28,2,0.0,13.8,15.0
frankston,Frankston,22170,-38.129067332252696,145.16875000632388,-38.1,145.20001,47.0,Australia/Sydney,air_quality_2026-08-26.json,2026-08-28T03:00:00+1000,2026-08-27T17:00:00+0000,2026-08-28,3,0.0,11.1,12.2
frankston,Frankston,22170,-38.129067332252696,145.16875000632388,-38.1,145.20001,47.0,Australia/Sydney,air_quality_2026-08-26.json,2026-08-28T04:00:00+1000,2026-08-27T18:00:00+0000,2026-08-28,4,0.0,8.7,9.7
frankston,Frankston,22170,-38.129067332252696,145.16875000632388,-38.1,145.20001,47.0,Australia/Sydney,air_quality_2026-08-26.json,2026-08-28T05:00:00+1000,2026-08-27T19:00:00+0000,2026-08-28,5,0.0,7.4,8.6
frankston,Frankston,22170,-38.129067332252696,145.16875000632388,-38.1,145.20001,47.0,Australia/Sydney,air_quality_2026-08-26.json,2026-08-28T06:00:00+1000,2026-08-27T20:00:00+0000,2026-08-28,6,0.0,6.6,8.0
frankston,Frankston,22170,-38.129067332252696,145.16875000632388,-38.1,145.20001,47.0,Australia/Sydney,air_quality_2026-08-26.json,2026-08-28T07:00:00+1000,2026-08-27T21:00:00+0000,2026-08-28,7,0.0,7.2,8.5
frankston,Frankston,22170,-38.129067332252696,145.16875000632388,-38.1,145.20001,47.0,Australia/Sydney,air_quality_2026-08-26.json,2026-08-28T08:00:00+1000,2026-08-27T22:00:00+0000,2026-08-28,8,0.1,8.5,10.0
frankston,Frankston,22170,-38.129067332252696,145.16875000632388,-38.1,145.20001,47.0,Australia/Sydney,air_quality_2026-08-26.json,2026-08-28T09:00:00+1000,2026-08-27T23:00:00+0000,2026-08-28,9,0.35,10.3,11.9
frankston,Frankston,22170,-38.129067332252696,145.16875000632388,-38.1,145.20001,47.0,Australia/Sydney,air_quality_2026-08-26.json,2026-08-28T10:00:00+1000,2026-08-28T00:00:00+0000,2026-08-28,10,0.85,8.8,10.7
frankston,Frankston,22170,-38.129067332252696,145.16875000632388,-38.1,145.20001,47.0,Australia/Sydney,air_quality_2026-08-26.json,2026-08-28T11:00:00+1000,2026-08-28T01:00:00+0000,2026-08-28,11,1.8,7.7,9.7
frankston,Frankston,22170,-38.129067332252696,145.16875000632388,-38.1,145.20001,47.0,Australia/Sydney,air_quality_2026-08-26.json,2026-08-28T12:00:00+1000,2026-08-28T02:00:00+0000,2026-08-28,12,2.65,5.8,7.7
frankston,Frankston,22170,-38.129067332252696,145.16875000632388,-38.1,145.20001,47.0,Australia/Sydney,air_quality_2026-08-26.json,2026-08-28T13:00:00+1000,2026-08-28T03:00:00+0000,2026-08-28,13,3.1,6.0,8.6
frankston,Frankston,22170,-38.129067332252696,145.16875000632388,-38.1,145.20001,47.0,Australia/Sydney,air_quality_2026-08-26.json,2026-08-28T14:00:00+1000,2026-08-28T04:00:00+0000,2026-08-28,14,2.5,7.4,11.3
frankston,Frankston,22170,-38.129067332252696,145.16875000632388,-38.1,145.20001,47.0,Australia/Sydney,air_quality_2026-08-26.json,2026-08-28T15:00:00+1000,2026-08-28T05:00:00+0000,2026-08-28,15,1.55,8.7,13.7
frankston,Frankston,22170,-38.129067332252696,145.16875000632388,-38.1,145.20001,47.0,Australia/Sydney,air_quality_2026-08-26.json,2026-08-28T16:00:00+1000,2026-08-28T06:00:00+0000,2026-08-28,16,0.65,10.0,15.7
frankston,Frankston,22170,-38.129067332252696,145.16875000632388,-38.1,145.20001,47.0,Australia/Sydney,air_quality_2026-08-26.json,2026-08-28T17:00:00+1000,2026-08-28T07:00:00+0000,2026-08-28,17,0.15,11.0,17.3
frankston,Frankston,22170,-38.129067332252696,145.16875000632388,-38.1,145.20001,47.0,Australia/Sydney,air_quality_2026-08-26.json,2026-08-28T18:00:00+1000,2026-08-28T08:00:00+0000,2026-08-28,18,0.0,13.9,20.7
frankston,Frankston,22170,-38.129067332252696,145.16875000632388,-38.1,145.20001,47.0,Australia/Sydney,air_quality_2026-08-26.json,2026-08-28T19:00:00+1000,2026-08-28T09:00:00+0000,2026-08-28,19,0.0,17.2,23.7
frankston,Frankston,22170,-38.129067332252696,145.16875000632388,-38.1,145.20001,47.0,Australia/Sydney,air_quality_2026-08-26.json,2026-08-28T20:00:00+1000,2026-08-28T10:00:00+0000,2026-08-28,20,0.0,20.1,27.0
frankston,Frankston,22170,-38.129067332252696,145.16875000632388,-38.1,145.20001,47.0,Australia/Sydney,air_quality_2026-08-26.json,2026-08-28T21:00:00+1000,2026-08-28T11:00:00+0000,2026-08-28,21,0.0,21.8,28.8
frankston,Frankston,22170,-38.129067332252696,145.16875000632388,-38.1,145.20001,47.0,Australia/Sydney,air_quality_2026-08-26.json,2026-08-28T22:00:00+1000,2026-08-28T12:00:00+0000,2026-08-28,22,0.0,22.8,29.9
frankston,Frankston,22170,-38.129067332252696,145.16875000632388,-38.1,145.20001,47.0,Australia/Sydney,air_quality_2026-08-26.json,2026-08-28T23:00:00+1000,2026-08-28T13:00:00+0000,2026-08-28,23,0.0,23.4,30.6
frankston,Frankston,22170,-38.129067332252696,145.16875000632388,-38.1,145.20001,47.0,Australia/Sydney,air_quality_2026-08-26.json,2026-08-29T00:00:00+1000,2026-08-28T14:00:00+0000,2026-08-29,0,0.0,23.7,31.0
frankston,Frankston,22170,-38.129067332252696,145.16875000632388,-38.1,145.20001,47.0,Australia/Sydney,air_quality_2026-08-26.json,2026-08-29T01:00:00+1000,2026-08-28T15:00:00+0000,2026-08-29,1,0.0,23.3,30.3
frankston,Frankston,22170,-38.129067332252696,145.16875000632388,-38.1,145.20001,47.0,Australia/Sydney,air_quality_2026-08-26.json,2026-08-29T02:00:00+1000,2026-08-28T16:00:00+0000,2026-08-29,2,0.0,21.3,27.4
frankston,Frankston,22170,-38.129067332252696,145.16875000632388,-38.1,145.20001,47.0,Australia/Sydney,air_quality_2026-08-26.json,2026-08-29T03:00:00+1000,2026-08-28T17:00:00+0000,2026-08-29,3,0.0,17.9,23.1
frankston,Frankston,22170,-38.129067332252696,145.16875000632388,-38.1,145.20001,47.0,Australia/Sydney,air_quality_2026-08-26.json,2026-08-29T04:00:00+1000,2026-08-28T18:00:00+0000,2026-08-29,4,0.0,14.8,19.2
frankston,Frankston,22170,-38.129067332252696,145.16875000632388,-38.1,145.20001,47.0,Australia/Sydney,air_quality_2026-08-26.json,2026-08-29T05:00:00+1000,2026-08-28T19:00:00+0000,2026-08-29,5,0.0,12.3,16.1
frankston,Frankston,22170,-38.129067332252696,145.16875000632388,-38.1,145.20001,47.0,Australia/Sydney,air_quality_2026-08-26.json,2026-08-29T06:00:00+1000,2026-08-28T20:00:00+0000,2026-08-29,6,0.0,11.1,14.4
frankston,Frankston,22170,-38.129067332252696,145.16875000632388,-38.1,145.20001,47.0,Australia/Sydney,air_quality_2026-08-26.json,2026-08-29T07:00:00+1000,2026-08-28T21:00:00+0000,2026-08-29,7,0.05,12.4,15.3
frankston,Frankston,22170,-38.129067332252696,145.16875000632388,-38.1,145.20001,47.0,Australia/Sydney,air_quality_2026-08-26.json,2026-08-29T08:00:00+1000,2026-08-28T22:00:00+0000,2026-08-29,8,0.25,14.0,16.9
frankston,Frankston,22170,-38.129067332252696,145.16875000632388,-38.1,145.20001,47.0,Australia/Sydney,air_quality_2026-08-26.json,2026-08-29T09:00:00+1000,2026-08-28T23:00:00+0000,2026-08-29,9,0.7,12.3,16.1
frankston,Frankston,22170,-38.129067332252696,145.16875000632388,-38.1,145.20001,47.0,Australia/Sydney,air_quality_2026-08-26.json,2026-08-29T10:00:00+1000,2026-08-29T00:00:00+0000,2026-08-29,10,1.25,12.3,17.6
frankston,Frankston,22170,-38.129067332252696,145.16875000632388,-38.1,145.20001,47.0,Australia/Sydney,air_quality_2026-08-26.json,2026-08-29T11:00:00+1000,2026-08-29T01:00:00+0000,2026-08-29,11,1.5,11.9,17.9
frankston,Frankston,22170,-38.129067332252696,145.16875000632388,-38.1,145.20001,47.0,Australia/Sydney,air_quality_2026-08-26.json,2026-08-29T12:00:00+1000,2026-08-29T02:00:00+0000,2026-08-29,12,1.55,12.0,18.6
frankston,Frankston,22170,-38.129067332252696,145.16875000632388,-38.1,145.20001,47.0,Australia/Sydney,air_quality_2026-08-26.json,2026-08-29T13:00:00+1000,2026-08-29T03:00:00+0000,2026-08-29,13,1.6,11.8,18.5
frankston,Frankston,22170,-38.129067332252696,145.16875000632388,-38.1,145.20001,47.0,Australia/Sydney,air_quality_2026-08-26.json,2026-08-29T14:00:00+1000,2026-08-29T04:00:00+0000,2026-08-29,14,1.2,11.8,18.7
frankston,Frankston,22170,-38.129067332252696,145.16875000632388,-38.1,145.20001,47.0,Australia/Sydney,air_quality_2026-08-26.json,2026-08-29T15:00:00+1000,2026-08-29T05:00:00+0000,2026-08-29,15,0.7,12.8,20.3
frankston,Frankston,22170,-38.129067332252696,145.16875000632388,-38.1,145.20001,47.0,Australia/Sydney,air_quality_2026-08-26.json,2026-08-29T16:00:00+1000,2026-08-29T06:00:00+0000,2026-08-29,16,0.3,14.8,23.3
frankston,Frankston,22170,-38.129067332252696,145.16875000632388,-38.1,145.20001,47.0,Australia/Sydney,air_quality_2026-08-26.json,2026-08-29T17:00:00+1000,2026-08-29T07:00:00+0000,2026-08-29,17,0.1,16.6,26.0
frankston,Frankston,22170,-38.129067332252696,145.16875000632388,-38.1,145.20001,47.0,Australia/Sydney,air_quality_2026-08-26.json,2026-08-29T18:00:00+1000,2026-08-29T08:00:00+0000,2026-08-29,18,0.0,16.3,24.9
frankston,Frankston,22170,-38.129067332252696,145.16875000632388,-38.1,145.20001,47.0,Australia/Sydney,air_quality_2026-08-26.json,2026-08-29T19:00:00+1000,2026-08-29T09:00:00+0000,2026-08-29,19,0.0,15.7,22.8
frankston,Frankston,22170,-38.129067332252696,145.16875000632388,-38.1,145.20001,47.0,Australia/Sydney,air_quality_2026-08-26.json,2026-08-29T20:00:00+1000,2026-08-29T10:00:00+0000,2026-08-29,20,0.0,16.1,23.0
frankston,Frankston,22170,-38.129067332252696,145.16875000632388,-38.1,145.20001,47.0,Australia/Sydney,air_quality_2026-08-26.json,2026-08-29T21:00:00+1000,2026-08-29T11:00:00+0000,2026-08-29,21,0.0,16.3,23.1
frankston,Frankston,22170,-38.129067332252696,145.16875000632388,-38.1,145.20001,47.0,Australia/Sydney,air_quality_2026-08-26.json,2026-08-29T22:00:00+1000,2026-08-29T12:00:00+0000,2026-08-29,22,0.0,15.3,21.4
frankston,Frankston,22170,-38.129067332252696,145.16875000632388,-38.1,145.20001,47.0,Australia/Sydney,air_quality_2026-08-26.json,2026-08-29T23:00:00+1000,2026-08-29T13:00:00+0000,2026-08-29,23,0.0,14.3,20.2
frankston,Frankston,22170,-38.129067332252696,145.16875000632388,-38.1,145.20001,47.0,Australia/Sydney,air_quality_2026-08-26.json,2026-08-30T00:00:00+1000,2026-08-29T14:00:00+0000,2026-08-30,0,0.0,12.9,18.2
frankston,Frankston,22170,-38.129067332252696,145.16875000632388,-38.1,145.20001,47.0,Australia/Sydney,air_quality_2026-08-26.json,2026-08-30T01:00:00+1000,2026-08-29T15:00:00+0000,2026-08-30,1,0.0,11.4,16.2
frankston,Frankston,22170,-38.129067332252696,145.16875000632388,-38.1,145.20001,47.0,Australia/Sydney,air_quality_2026-08-26.json,2026-08-30T02:00:00+1000,2026-08-29T16:00:00+0000,2026-08-30,2,0.0,10.5,15.0
frankston,Frankston,22170,-38.129067332252696,145.16875000632388,-38.1,145.20001,47.0,Australia/Sydney,air_quality_2026-08-26.json,2026-08-30T03:00:00+1000,2026-08-29T17:00:00+0000,2026-08-30,3,0.0,9.8,14.2
frankston,Frankston,22170,-38.129067332252696,145.16875000632388,-38.1,145.20001,47.0,Australia/Sydney,air_quality_2026-08-26.json,2026-08-30T04:00:00+1000,2026-08-29T18:00:00+0000,2026-08-30,4,0.0,9.3,13.6
frankston,Frankston,22170,-38.129067332252696,145.16875000632388,-38.1,145.20001,47.0,Australia/Sydney,air_quality_2026-08-26.json,2026-08-30T05:00:00+1000,2026-08-29T19:00:00+0000,2026-08-30,5,0.0,9.0,13.3
frankston,Frankston,22170,-38.129067332252696,145.16875000632388,-38.1,145.20001,47.0,Australia/Sydney,air_quality_2026-08-26.json,2026-08-30T06:00:00+1000,2026-08-29T20:00:00+0000,2026-08-30,6,0.0,9.3,13.6
frankston,Frankston,22170,-38.129067332252696,145.16875000632388,-38.1,145.20001,47.0,Australia/Sydney,air_quality_2026-08-26.json,2026-08-30T07:00:00+1000,2026-08-29T21:00:00+0000,2026-08-30,7,0.0,10.9,15.2
frankston,Frankston,22170,-38.129067332252696,145.16875000632388,-38.1,145.20001,47.0,Australia/Sydney,air_quality_2026-08-26.json,2026-08-30T08:00:00+1000,2026-08-29T22:00:00+0000,2026-08-30,8,0.2,12.5,17.0
frankston,Frankston,22170,-38.129067332252696,145.16875000632388,-38.1,145.20001,47.0,Australia/Sydney,air_quality_2026-08-26.json,2026-08-30T09:00:00+1000,2026-08-29T23:00:00+0000,2026-08-30,9,0.55,12.6,17.5
frankston,Frankston,22170,-38.129067332252696,145.16875000632388,-38.1,145.20001,47.0,Australia/Sydney,air_quality_2026-08-26.json,2026-08-30T10:00:00+1000,2026-08-30T00:00:00+0000,2026-08-30,10,1.15,12.1,17.4
frankston,Frankston,22170,-38.129067332252696,145.16875000632388,-38.1,145.20001,47.0,Australia/Sydney,air_quality_2026-08-26.json,2026-08-30T11:00:00+1000,2026-08-30T01:00:00+0000,2026-08-30,11,1.8,12.1,18.2
frankston,Frankston,22170,-38.129067332252696,145.16875000632388,-38.1,145.20001,47.0,Australia/Sydney,air_quality_2026-08-26.json,2026-08-30T12:00:00+1000,2026-08-30T02:00:00+0000,2026-08-30,12,2.35,11.8,18.1
frankston,Frankston,22170,-38.129067332252696,145.16875000632388,-38.1,145.20001,47.0,Australia/Sydney,air_quality_2026-08-26.json,2026-08-30T13:00:00+1000,2026-08-30T03:00:00+0000,2026-08-30,13,2.55,11.8,18.2
frankston,Frankston,22170,-38.129067332252696,145.16875000632388,-38.1,145.20001,47.0,Australia/Sydney,air_quality_2026-08-26.json,2026-08-30T14:00:00+1000,2026-08-30T04:00:00+0000,2026-08-30,14,2.25,10.2,15.7
frankston,Frankston,22170,-38.129067332252696,145.16875000632388,-38.1,145.20001,47.0,Australia/Sydney,air_quality_2026-08-26.json,2026-08-30T15:00:00+1000,2026-08-30T05:00:00+0000,2026-08-30,15,1.35,10.0,15.2
frankston,Frankston,22170,-38.129067332252696,145.16875000632388,-38.1,145.20001,47.0,Australia/Sydney,air_quality_2026-08-26.json,2026-08-30T16:00:00+1000,2026-08-30T06:00:00+0000,2026-08-30,16,0.55,10.0,15.1
frankston,Frankston,22170,-38.129067332252696,145.16875000632388,-38.1,145.20001,47.0,Australia/Sydney,air_quality_2026-08-26.json,2026-08-30T17:00:00+1000,2026-08-30T07:00:00+0000,2026-08-30,17,0.1,10.0,15.3
frankston,Frankston,22170,-38.129067332252696,145.16875000632388,-38.1,145.20001,47.0,Australia/Sydney,air_quality_2026-08-26.json,2026-08-30T18:00:00+1000,2026-08-30T08:00:00+0000,2026-08-30,18,0.0,11.4,16.5
frankston,Frankston,22170,-38.129067332252696,145.16875000632388,-38.1,145.20001,47.0,Australia/Sydney,air_quality_2026-08-26.json,2026-08-30T19:00:00+1000,2026-08-30T09:00:00+0000,2026-08-30,19,0.0,11.4,15.7
frankston,Frankston,22170,-38.129067332252696,145.16875000632388,-38.1,145.20001,47.0,Australia/Sydney,air_quality_2026-08-26.json,2026-08-30T20:00:00+1000,2026-08-30T10:00:00+0000,2026-08-30,20,0.0,11.5,15.7
frankston,Frankston,22170,-38.129067332252696,145.16875000632388,-38.1,145.20001,47.0,Australia/Sydney,air_quality_2026-08-26.json,2026-08-30T21:00:00+1000,2026-08-30T11:00:00+0000,2026-08-30,21,0.0,12.4,16.7
frankston,Frankston,22170,-38.129067332252696,145.16875000632388,-38.1,145.20001,47.0,Australia/Sydney,air_quality_2026-08-26.json,2026-08-30T22:00:00+1000,2026-08-30T12:00:00+0000,2026-08-30,22,0.0,13.6,18.2
glen_eira,Glen Eira,22310,-37.89947547268133,145.04104488479757,-37.899998,145.0,39.0,Australia/Sydney,air_quality_2026-08-26.json,2026-08-26T00:00:00+1000,2026-08-25T14:00:00+0000,2026-08-26,0,0.0,3.8,5.5
glen_eira,Glen Eira,22310,-37.89947547268133,145.04104488479757,-37.899998,145.0,39.0,Australia/Sydney,air_quality_2026-08-26.json,2026-08-26T01:00:00+1000,2026-08-25T15:00:00+0000,2026-08-26,1,0.0,3.9,6.0
glen_eira,Glen Eira,22310,-37.89947547268133,145.04104488479757,-37.899998,145.0,39.0,Australia/Sydney,air_quality_2026-08-26.json,2026-08-26T02:00:00+1000,2026-08-25T16:00:00+0000,2026-08-26,2,0.0,4.4,7.0
glen_eira,Glen Eira,22310,-37.89947547268133,145.04104488479757,-37.899998,145.0,39.0,Australia/Sydney,air_quality_2026-08-26.json,2026-08-26T03:00:00+1000,2026-08-25T17:00:00+0000,2026-08-26,3,0.0,4.9,7.8
glen_eira,Glen Eira,22310,-37.89947547268133,145.04104488479757,-37.899998,145.0,39.0,Australia/Sydney,air_quality_2026-08-26.json,2026-08-26T04:00:00+1000,2026-08-25T18:00:00+0000,2026-08-26,4,0.0,5.1,8.1
glen_eira,Glen Eira,22310,-37.89947547268133,145.04104488479757,-37.899998,145.0,39.0,Australia/Sydney,air_quality_2026-08-26.json,2026-08-26T05:00:00+1000,2026-08-25T19:00:00+0000,2026-08-26,5,0.0,5.3,8.4
glen_eira,Glen Eira,22310,-37.89947547268133,145.04104488479757,-37.899998,145.0,39.0,Australia/Sydney,air_quality_2026-08-26.json,2026-08-26T06:00:00+1000,2026-08-25T20:00:00+0000,2026-08-26,6,0.0,5.4,8.4
glen_eira,Glen Eira,22310,-37.89947547268133,145.04104488479757,-37.899998,145.0,39.0,Australia/Sydney,air_quality_2026-08-26.json,2026-08-26T07:00:00+1000,2026-08-25T21:00:00+0000,2026-08-26,7,0.05,5.9,8.7
glen_eira,Glen Eira,22310,-37.89947547268133,145.04104488479757,-37.899998,145.0,39.0,Australia/Sydney,air_quality_2026-08-26.json,2026-08-26T08:00:00+1000,2026-08-25T22:00:00+0000,2026-08-26,8,0.35,6.5,9.5
glen_eira,Glen Eira,22310,-37.89947547268133,145.04104488479757,-37.899998,145.0,39.0,Australia/Sydney,air_quality_2026-08-26.json,2026-08-26T09:00:00+1000,2026-08-25T23:00:00+0000,2026-08-26,9,1.0,6.5,9.9
glen_eira,Glen Eira,22310,-37.89947547268133,145.04104488479757,-37.899998,145.0,39.0,Australia/Sydney,air_quality_2026-08-26.json,2026-08-26T10:00:00+1000,2026-08-26T00:00:00+0000,2026-08-26,10,1.9,7.9,12.5
glen_eira,Glen Eira,22310,-37.89947547268133,145.04104488479757,-37.899998,145.0,39.0,Australia/Sydney,air_quality_2026-08-26.json,2026-08-26T11:00:00+1000,2026-08-26T01:00:00+0000,2026-08-26,11,2.8,7.3,11.7
glen_eira,Glen Eira,22310,-37.89947547268133,145.04104488479757,-37.899998,145.0,39.0,Australia/Sydney,air_quality_2026-08-26.json,2026-08-26T12:00:00+1000,2026-08-26T02:00:00+0000,2026-08-26,12,2.95,8.0,12.9
glen_eira,Glen Eira,22310,-37.89947547268133,145.04104488479757,-37.899998,145.0,39.0,Australia/Sydney,air_quality_2026-08-26.json,2026-08-26T13:00:00+1000,2026-08-26T03:00:00+0000,2026-08-26,13,2.65,7.3,11.9
glen_eira,Glen Eira,22310,-37.89947547268133,145.04104488479757,-37.899998,145.0,39.0,Australia/Sydney,air_quality_2026-08-26.json,2026-08-26T14:00:00+1000,2026-08-26T04:00:00+0000,2026-08-26,14,2.0,7.1,11.5
glen_eira,Glen Eira,22310,-37.89947547268133,145.04104488479757,-37.899998,145.0,39.0,Australia/Sydney,air_quality_2026-08-26.json,2026-08-26T15:00:00+1000,2026-08-26T05:00:00+0000,2026-08-26,15,1.15,7.0,11.3
glen_eira,Glen Eira,22310,-37.89947547268133,145.04104488479757,-37.899998,145.0,39.0,Australia/Sydney,air_quality_2026-08-26.json,2026-08-26T16:00:00+1000,2026-08-26T06:00:00+0000,2026-08-26,16,0.5,7.2,11.5
glen_eira,Glen Eira,22310,-37.89947547268133,145.04104488479757,-37.899998,145.0,39.0,Australia/Sydney,air_quality_2026-08-26.json,2026-08-26T17:00:00+1000,2026-08-26T07:00:00+0000,2026-08-26,17,0.1,7.6,11.8
glen_eira,Glen Eira,22310,-37.89947547268133,145.04104488479757,-37.899998,145.0,39.0,Australia/Sydney,air_quality_2026-08-26.json,2026-08-26T18:00:00+1000,2026-08-26T08:00:00+0000,2026-08-26,18,0.0,9.2,13.4
glen_eira,Glen Eira,22310,-37.89947547268133,145.04104488479757,-37.899998,145.0,39.0,Australia/Sydney,air_quality_2026-08-26.json,2026-08-26T19:00:00+1000,2026-08-26T09:00:00+0000,2026-08-26,19,0.0,11.3,15.5
glen_eira,Glen Eira,22310,-37.89947547268133,145.04104488479757,-37.899998,145.0,39.0,Australia/Sydney,air_quality_2026-08-26.json,2026-08-26T20:00:00+1000,2026-08-26T10:00:00+0000,2026-08-26,20,0.0,12.5,16.8
glen_eira,Glen Eira,22310,-37.89947547268133,145.04104488479757,-37.899998,145.0,39.0,Australia/Sydney,air_quality_2026-08-26.json,2026-08-26T21:00:00+1000,2026-08-26T11:00:00+0000,2026-08-26,21,0.0,12.4,16.3
glen_eira,Glen Eira,22310,-37.89947547268133,145.04104488479757,-37.899998,145.0,39.0,Australia/Sydney,air_quality_2026-08-26.json,2026-08-26T22:00:00+1000,2026-08-26T12:00:00+0000,2026-08-26,22,0.0,12.8,16.7
glen_eira,Glen Eira,22310,-37.89947547268133,145.04104488479757,-37.899998,145.0,39.0,Australia/Sydney,air_quality_2026-08-26.json,2026-08-26T23:00:00+1000,2026-08-26T13:00:00+0000,2026-08-26,23,0.0,13.3,17.2
glen_eira,Glen Eira,22310,-37.89947547268133,145.04104488479757,-37.899998,145.0,39.0,Australia/Sydney,air_quality_2026-08-26.json,2026-08-27T00:00:00+1000,2026-08-26T14:00:00+0000,2026-08-27,0,0.0,13.6,17.6
glen_eira,Glen Eira,22310,-37.89947547268133,145.04104488479757,-37.899998,145.0,39.0,Australia/Sydney,air_quality_2026-08-26.json,2026-08-27T01:00:00+1000,2026-08-26T15:00:00+0000,2026-08-27,1,0.0,13.6,17.6
glen_eira,Glen Eira,22310,-37.89947547268133,145.04104488479757,-37.899998,145.0,39.0,Australia/Sydney,air_quality_2026-08-26.json,2026-08-27T02:00:00+1000,2026-08-26T16:00:00+0000,2026-08-27,2,0.0,13.6,17.7
glen_eira,Glen Eira,22310,-37.89947547268133,145.04104488479757,-37.899998,145.0,39.0,Australia/Sydney,air_quality_2026-08-26.json,2026-08-27T03:00:00+1000,2026-08-26T17:00:00+0000,2026-08-27,3,0.0,13.5,17.7
glen_eira,Glen Eira,22310,-37.89947547268133,145.04104488479757,-37.899998,145.0,39.0,Australia/Sydney,air_quality_2026-08-26.json,2026-08-27T04:00:00+1000,2026-08-26T18:00:00+0000,2026-08-27,4,0.0,13.2,17.5
glen_eira,Glen Eira,22310,-37.89947547268133,145.04104488479757,-37.899998,145.0,39.0,Australia/Sydney,air_quality_2026-08-26.json,2026-08-27T05:00:00+1000,2026-08-26T19:00:00+0000,2026-08-27,5,0.0,13.0,17.2
glen_eira,Glen Eira,22310,-37.89947547268133,145.04104488479757,-37.899998,145.0,39.0,Australia/Sydney,air_quality_2026-08-26.json,2026-08-27T06:00:00+1000,2026-08-26T20:00:00+0000,2026-08-27,6,0.0,13.4,17.5
glen_eira,Glen Eira,22310,-37.89947547268133,145.04104488479757,-37.899998,145.0,39.0,Australia/Sydney,air_quality_2026-08-26.json,2026-08-27T07:00:00+1000,2026-08-26T21:00:00+0000,2026-08-27,7,0.05,16.2,19.8
glen_eira,Glen Eira,22310,-37.89947547268133,145.04104488479757,-37.899998,145.0,39.0,Australia/Sydney,air_quality_2026-08-26.json,2026-08-27T08:00:00+1000,2026-08-26T22:00:00+0000,2026-08-27,8,0.35,20.4,22.5
glen_eira,Glen Eira,22310,-37.89947547268133,145.04104488479757,-37.899998,145.0,39.0,Australia/Sydney,air_quality_2026-08-26.json,2026-08-27T09:00:00+1000,2026-08-26T23:00:00+0000,2026-08-27,9,1.1,15.4,18.1
glen_eira,Glen Eira,22310,-37.89947547268133,145.04104488479757,-37.899998,145.0,39.0,Australia/Sydney,air_quality_2026-08-26.json,2026-08-27T10:00:00+1000,2026-08-27T00:00:00+0000,2026-08-27,10,2.15,10.3,14.5
glen_eira,Glen Eira,22310,-37.89947547268133,145.04104488479757,-37.899998,145.0,39.0,Australia/Sydney,air_quality_2026-08-26.json,2026-08-27T11:00:00+1000,2026-08-27T01:00:00+0000,2026-08-27,11,2.65,9.5,13.8
glen_eira,Glen Eira,22310,-37.89947547268133,145.04104488479757,-37.899998,145.0,39.0,Australia/Sydney,air_quality_2026-08-26.json,2026-08-27T12:00:00+1000,2026-08-27T02:00:00+0000,2026-08-27,12,3.25,9.2,13.4
glen_eira,Glen Eira,22310,-37.89947547268133,145.04104488479757,-37.899998,145.0,39.0,Australia/Sydney,air_quality_2026-08-26.json,2026-08-27T13:00:00+1000,2026-08-27T03:00:00+0000,2026-08-27,13,3.3,9.6,13.7
glen_eira,Glen Eira,22310,-37.89947547268133,145.04104488479757,-37.899998,145.0,39.0,Australia/Sydney,air_quality_2026-08-26.json,2026-08-27T14:00:00+1000,2026-08-27T04:00:00+0000,2026-08-27,14,2.6,9.9,13.9
glen_eira,Glen Eira,22310,-37.89947547268133,145.04104488479757,-37.899998,145.0,39.0,Australia/Sydney,air_quality_2026-08-26.json,2026-08-27T15:00:00+1000,2026-08-27T05:00:00+0000,2026-08-27,15,1.5,10.1,14.2
glen_eira,Glen Eira,22310,-37.89947547268133,145.04104488479757,-37.899998,145.0,39.0,Australia/Sydney,air_quality_2026-08-26.json,2026-08-27T16:00:00+1000,2026-08-27T06:00:00+0000,2026-08-27,16,0.6,9.9,13.9
glen_eira,Glen Eira,22310,-37.89947547268133,145.04104488479757,-37.899998,145.0,39.0,Australia/Sydney,air_quality_2026-08-26.json,2026-08-27T17:00:00+1000,2026-08-27T07:00:00+0000,2026-08-27,17,0.15,11.4,15.3
glen_eira,Glen Eira,22310,-37.89947547268133,145.04104488479757,-37.899998,145.0,39.0,Australia/Sydney,air_quality_2026-08-26.json,2026-08-27T18:00:00+1000,2026-08-27T08:00:00+0000,2026-08-27,18,0.0,15.5,19.2
glen_eira,Glen Eira,22310,-37.89947547268133,145.04104488479757,-37.899998,145.0,39.0,Australia/Sydney,air_quality_2026-08-26.json,2026-08-27T19:00:00+1000,2026-08-27T09:00:00+0000,2026-08-27,19,0.0,19.1,22.8
glen_eira,Glen Eira,22310,-37.89947547268133,145.04104488479757,-37.899998,145.0,39.0,Australia/Sydney,air_quality_2026-08-26.json,2026-08-27T20:00:00+1000,2026-08-27T10:00:00+0000,2026-08-27,20,0.0,22.3,25.8
glen_eira,Glen Eira,22310,-37.89947547268133,145.04104488479757,-37.899998,145.0,39.0,Australia/Sydney,air_quality_2026-08-26.json,2026-08-27T21:00:00+1000,2026-08-27T11:00:00+0000,2026-08-27,21,0.0,25.4,28.8
glen_eira,Glen Eira,22310,-37.89947547268133,145.04104488479757,-37.899998,145.0,39.0,Australia/Sydney,air_quality_2026-08-26.json,2026-08-27T22:00:00+1000,2026-08-27T12:00:00+0000,2026-08-27,22,0.0,26.4,29.2
glen_eira,Glen Eira,22310,-37.89947547268133,145.04104488479757,-37.899998,145.0,39.0,Australia/Sydney,air_quality_2026-08-26.json,2026-08-27T23:00:00+1000,2026-08-27T13:00:00+0000,2026-08-27,23,0.0,23.2,25.2
glen_eira,Glen Eira,22310,-37.89947547268133,145.04104488479757,-37.899998,145.0,39.0,Australia/Sydney,air_quality_2026-08-26.json,2026-08-28T00:00:00+1000,2026-08-27T14:00:00+0000,2026-08-28,0,0.0,19.4,21.0
glen_eira,Glen Eira,22310,-37.89947547268133,145.04104488479757,-37.899998,145.0,39.0,Australia/Sydney,air_quality_2026-08-26.json,2026-08-28T01:00:00+1000,2026-08-27T15:00:00+0000,2026-08-28,1,0.0,16.6,18.0
glen_eira,Glen Eira,22310,-37.89947547268133,145.04104488479757,-37.899998,145.0,39.0,Australia/Sydney,air_quality_2026-08-26.json,2026-08-28T02:00:00+1000,2026-08-27T16:00:00+0000,2026-08-28,2,0.0,13.8,15.0
glen_eira,Glen Eira,22310,-37.89947547268133,145.04104488479757,-37.899998,145.0,39.0,Australia/Sydney,air_quality_2026-08-26.json,2026-08-28T03:00:00+1000,2026-08-27T17:00:00+0000,2026-08-28,3,0.0,11.1,12.2
glen_eira,Glen Eira,22310,-37.89947547268133,145.04104488479757,-37.899998,145.0,39.0,Australia/Sydney,air_quality_2026-08-26.json,2026-08-28T04:00:00+1000,2026-08-27T18:00:00+0000,2026-08-28,4,0.0,8.7,9.7
glen_eira,Glen Eira,22310,-37.89947547268133,145.04104488479757,-37.899998,145.0,39.0,Australia/Sydney,air_quality_2026-08-26.json,2026-08-28T05:00:00+1000,2026-08-27T19:00:00+0000,2026-08-28,5,0.0,7.4,8.6
glen_eira,Glen Eira,22310,-37.89947547268133,145.04104488479757,-37.899998,145.0,39.0,Australia/Sydney,air_quality_2026-08-26.json,2026-08-28T06:00:00+1000,2026-08-27T20:00:00+0000,2026-08-28,6,0.0,6.6,8.0
glen_eira,Glen Eira,22310,-37.89947547268133,145.04104488479757,-37.899998,145.0,39.0,Australia/Sydney,air_quality_2026-08-26.json,2026-08-28T07:00:00+1000,2026-08-27T21:00:00+0000,2026-08-28,7,0.0,7.2,8.5
glen_eira,Glen Eira,22310,-37.89947547268133,145.04104488479757,-37.899998,145.0,39.0,Australia/Sydney,air_quality_2026-08-26.json,2026-08-28T08:00:00+1000,2026-08-27T22:00:00+0000,2026-08-28,8,0.1,8.5,10.0
glen_eira,Glen Eira,22310,-37.89947547268133,145.04104488479757,-37.899998,145.0,39.0,Australia/Sydney,air_quality_2026-08-26.json,2026-08-28T09:00:00+1000,2026-08-27T23:00:00+0000,2026-08-28,9,0.35,10.3,11.9
glen_eira,Glen Eira,22310,-37.89947547268133,145.04104488479757,-37.899998,145.0,39.0,Australia/Sydney,air_quality_2026-08-26.json,2026-08-28T10:00:00+1000,2026-08-28T00:00:00+0000,2026-08-28,10,0.85,8.8,10.7
glen_eira,Glen Eira,22310,-37.89947547268133,145.04104488479757,-37.899998,145.0,39.0,Australia/Sydney,air_quality_2026-08-26.json,2026-08-28T11:00:00+1000,2026-08-28T01:00:00+0000,2026-08-28,11,1.8,7.7,9.7
glen_eira,Glen Eira,22310,-37.89947547268133,145.04104488479757,-37.899998,145.0,39.0,Australia/Sydney,air_quality_2026-08-26.json,2026-08-28T12:00:00+1000,2026-08-28T02:00:00+0000,2026-08-28,12,2.65,5.8,7.7
glen_eira,Glen Eira,22310,-37.89947547268133,145.04104488479757,-37.899998,145.0,39.0,Australia/Sydney,air_quality_2026-08-26.json,2026-08-28T13:00:00+1000,2026-08-28T03:00:00+0000,2026-08-28,13,3.1,6.0,8.6
glen_eira,Glen Eira,22310,-37.89947547268133,145.04104488479757,-37.899998,145.0,39.0,Australia/Sydney,air_quality_2026-08-26.json,2026-08-28T14:00:00+1000,2026-08-28T04:00:00+0000,2026-08-28,14,2.5,7.4,11.3
glen_eira,Glen Eira,22310,-37.89947547268133,145.04104488479757,-37.899998,145.0,39.0,Australia/Sydney,air_quality_2026-08-26.json,2026-08-28T15:00:00+1000,2026-08-28T05:00:00+0000,2026-08-28,15,1.55,8.7,13.7
glen_eira,Glen Eira,22310,-37.89947547268133,145.04104488479757,-37.899998,145.0,39.0,Australia/Sydney,air_quality_2026-08-26.json,2026-08-28T16:00:00+1000,2026-08-28T06:00:00+0000,2026-08-28,16,0.65,10.0,15.7
glen_eira,Glen Eira,22310,-37.89947547268133,145.04104488479757,-37.899998,145.0,39.0,Australia/Sydney,air_quality_2026-08-26.json,2026-08-28T17:00:00+1000,2026-08-28T07:00:00+0000,2026-08-28,17,0.15,11.0,17.3
glen_eira,Glen Eira,22310,-37.89947547268133,145.04104488479757,-37.899998,145.0,39.0,Australia/Sydney,air_quality_2026-08-26.json,2026-08-28T18:00:00+1000,2026-08-28T08:00:00+0000,2026-08-28,18,0.0,13.9,20.7
glen_eira,Glen Eira,22310,-37.89947547268133,145.04104488479757,-37.899998,145.0,39.0,Australia/Sydney,air_quality_2026-08-26.json,2026-08-28T19:00:00+1000,2026-08-28T09:00:00+0000,2026-08-28,19,0.0,17.2,23.7
glen_eira,Glen Eira,22310,-37.89947547268133,145.04104488479757,-37.899998,145.0,39.0,Australia/Sydney,air_quality_2026-08-26.json,2026-08-28T20:00:00+1000,2026-08-28T10:00:00+0000,2026-08-28,20,0.0,20.1,27.0
glen_eira,Glen Eira,22310,-37.89947547268133,145.04104488479757,-37.899998,145.0,39.0,Australia/Sydney,air_quality_2026-08-26.json,2026-08-28T21:00:00+1000,2026-08-28T11:00:00+0000,2026-08-28,21,0.0,21.8,28.8
glen_eira,Glen Eira,22310,-37.89947547268133,145.04104488479757,-37.899998,145.0,39.0,Australia/Sydney,air_quality_2026-08-26.json,2026-08-28T22:00:00+1000,2026-08-28T12:00:00+0000,2026-08-28,22,0.0,22.8,29.9
glen_eira,Glen Eira,22310,-37.89947547268133,145.04104488479757,-37.899998,145.0,39.0,Australia/Sydney,air_quality_2026-08-26.json,2026-08-28T23:00:00+1000,2026-08-28T13:00:00+0000,2026-08-28,23,0.0,23.4,30.6
glen_eira,Glen Eira,22310,-37.89947547268133,145.04104488479757,-37.899998,145.0,39.0,Australia/Sydney,air_quality_2026-08-26.json,2026-08-29T00:00:00+1000,2026-08-28T14:00:00+0000,2026-08-29,0,0.0,23.7,31.0
glen_eira,Glen Eira,22310,-37.89947547268133,145.04104488479757,-37.899998,145.0,39.0,Australia/Sydney,air_quality_2026-08-26.json,2026-08-29T01:00:00+1000,2026-08-28T15:00:00+0000,2026-08-29,1,0.0,23.3,30.3
glen_eira,Glen Eira,22310,-37.89947547268133,145.04104488479757,-37.899998,145.0,39.0,Australia/Sydney,air_quality_2026-08-26.json,2026-08-29T02:00:00+1000,2026-08-28T16:00:00+0000,2026-08-29,2,0.0,21.3,27.4
glen_eira,Glen Eira,22310,-37.89947547268133,145.04104488479757,-37.899998,145.0,39.0,Australia/Sydney,air_quality_2026-08-26.json,2026-08-29T03:00:00+1000,2026-08-28T17:00:00+0000,2026-08-29,3,0.0,17.9,23.1
glen_eira,Glen Eira,22310,-37.89947547268133,145.04104488479757,-37.899998,145.0,39.0,Australia/Sydney,air_quality_2026-08-26.json,2026-08-29T04:00:00+1000,2026-08-28T18:00:00+0000,2026-08-29,4,0.0,14.8,19.2
glen_eira,Glen Eira,22310,-37.89947547268133,145.04104488479757,-37.899998,145.0,39.0,Australia/Sydney,air_quality_2026-08-26.json,2026-08-29T05:00:00+1000,2026-08-28T19:00:00+0000,2026-08-29,5,0.0,12.3,16.1
glen_eira,Glen Eira,22310,-37.89947547268133,145.04104488479757,-37.899998,145.0,39.0,Australia/Sydney,air_quality_2026-08-26.json,2026-08-29T06:00:00+1000,2026-08-28T20:00:00+0000,2026-08-29,6,0.0,11.1,14.4
glen_eira,Glen Eira,22310,-37.89947547268133,145.04104488479757,-37.899998,145.0,39.0,Australia/Sydney,air_quality_2026-08-26.json,2026-08-29T07:00:00+1000,2026-08-28T21:00:00+0000,2026-08-29,7,0.05,12.4,15.3
glen_eira,Glen Eira,22310,-37.89947547268133,145.04104488479757,-37.899998,145.0,39.0,Australia/Sydney,air_quality_2026-08-26.json,2026-08-29T08:00:00+1000,2026-08-28T22:00:00+0000,2026-08-29,8,0.25,14.0,16.9
glen_eira,Glen Eira,22310,-37.89947547268133,145.04104488479757,-37.899998,145.0,39.0,Australia/Sydney,air_quality_2026-08-26.json,2026-08-29T09:00:00+1000,2026-08-28T23:00:00+0000,2026-08-29,9,0.7,12.3,16.1
glen_eira,Glen Eira,22310,-37.89947547268133,145.04104488479757,-37.899998,145.0,39.0,Australia/Sydney,air_quality_2026-08-26.json,2026-08-29T10:00:00+1000,2026-08-29T00:00:00+0000,2026-08-29,10,1.25,12.3,17.6
glen_eira,Glen Eira,22310,-37.89947547268133,145.04104488479757,-37.899998,145.0,39.0,Australia/Sydney,air_quality_2026-08-26.json,2026-08-29T11:00:00+1000,2026-08-29T01:00:00+0000,2026-08-29,11,1.5,11.9,17.9
glen_eira,Glen Eira,22310,-37.89947547268133,145.04104488479757,-37.899998,145.0,39.0,Australia/Sydney,air_quality_2026-08-26.json,2026-08-29T12:00:00+1000,2026-08-29T02:00:00+0000,2026-08-29,12,1.55,12.0,18.6
glen_eira,Glen Eira,22310,-37.89947547268133,145.04104488479757,-37.899998,145.0,39.0,Australia/Sydney,air_quality_2026-08-26.json,2026-08-29T13:00:00+1000,2026-08-29T03:00:00+0000,2026-08-29,13,1.6,11.8,18.5
glen_eira,Glen Eira,22310,-37.89947547268133,145.04104488479757,-37.899998,145.0,39.0,Australia/Sydney,air_quality_2026-08-26.json,2026-08-29T14:00:00+1000,2026-08-29T04:00:00+0000,2026-08-29,14,1.2,11.8,18.7
glen_eira,Glen Eira,22310,-37.89947547268133,145.04104488479757,-37.899998,145.0,39.0,Australia/Sydney,air_quality_2026-08-26.json,2026-08-29T15:00:00+1000,2026-08-29T05:00:00+0000,2026-08-29,15,0.7,12.8,20.3
glen_eira,Glen Eira,22310,-37.89947547268133,145.04104488479757,-37.899998,145.0,39.0,Australia/Sydney,air_quality_2026-08-26.json,2026-08-29T16:00:00+1000,2026-08-29T06:00:00+0000,2026-08-29,16,0.3,14.8,23.3
glen_eira,Glen Eira,22310,-37.89947547268133,145.04104488479757,-37.899998,145.0,39.0,Australia/Sydney,air_quality_2026-08-26.json,2026-08-29T17:00:00+1000,2026-08-29T07:00:00+0000,2026-08-29,17,0.1,16.6,26.0
glen_eira,Glen Eira,22310,-37.89947547268133,145.04104488479757,-37.899998,145.0,39.0,Australia/Sydney,air_quality_2026-08-26.json,2026-08-29T18:00:00+1000,2026-08-29T08:00:00+0000,2026-08-29,18,0.0,16.3,24.9
glen_eira,Glen Eira,22310,-37.89947547268133,145.04104488479757,-37.899998,145.0,39.0,Australia/Sydney,air_quality_2026-08-26.json,2026-08-29T19:00:00+1000,2026-08-29T09:00:00+0000,2026-08-29,19,0.0,15.7,22.8
glen_eira,Glen Eira,22310,-37.89947547268133,145.04104488479757,-37.899998,145.0,39.0,Australia/Sydney,air_quality_2026-08-26.json,2026-08-29T20:00:00+1000,2026-08-29T10:00:00+0000,2026-08-29,20,0.0,16.1,23.0
glen_eira,Glen Eira,22310,-37.89947547268133,145.04104488479757,-37.899998,145.0,39.0,Australia/Sydney,air_quality_2026-08-26.json,2026-08-29T21:00:00+1000,2026-08-29T11:00:00+0000,2026-08-29,21,0.0,16.3,23.1
glen_eira,Glen Eira,22310,-37.89947547268133,145.04104488479757,-37.899998,145.0,39.0,Australia/Sydney,air_quality_2026-08-26.json,2026-08-29T22:00:00+1000,2026-08-29T12:00:00+0000,2026-08-29,22,0.0,15.3,21.4
glen_eira,Glen Eira,22310,-37.89947547268133,145.04104488479757,-37.899998,145.0,39.0,Australia/Sydney,air_quality_2026-08-26.json,2026-08-29T23:00:00+1000,2026-08-29T13:00:00+0000,2026-08-29,23,0.0,14.3,20.2
glen_eira,Glen Eira,22310,-37.89947547268133,145.04104488479757,-37.899998,145.0,39.0,Australia/Sydney,air_quality_2026-08-26.json,2026-08-30T00:00:00+1000,2026-08-29T14:00:00+0000,2026-08-30,0,0.0,12.9,18.2
glen_eira,Glen Eira,22310,-37.89947547268133,145.04104488479757,-37.899998,145.0,39.0,Australia/Sydney,air_quality_2026-08-26.json,2026-08-30T01:00:00+1000,2026-08-29T15:00:00+0000,2026-08-30,1,0.0,11.4,16.2
glen_eira,Glen Eira,22310,-37.89947547268133,145.04104488479757,-37.899998,145.0,39.0,Australia/Sydney,air_quality_2026-08-26.json,2026-08-30T02:00:00+1000,2026-08-29T16:00:00+0000,2026-08-30,2,0.0,10.5,15.0
glen_eira,Glen Eira,22310,-37.89947547268133,145.04104488479757,-37.899998,145.0,39.0,Australia/Sydney,air_quality_2026-08-26.json,2026-08-30T03:00:00+1000,2026-08-29T17:00:00+0000,2026-08-30,3,0.0,9.8,14.2
glen_eira,Glen Eira,22310,-37.89947547268133,145.04104488479757,-37.899998,145.0,39.0,Australia/Sydney,air_quality_2026-08-26.json,2026-08-30T04:00:00+1000,2026-08-29T18:00:00+0000,2026-08-30,4,0.0,9.3,13.6
glen_eira,Glen Eira,22310,-37.89947547268133,145.04104488479757,-37.899998,145.0,39.0,Australia/Sydney,air_quality_2026-08-26.json,2026-08-30T05:00:00+1000,2026-08-29T19:00:00+0000,2026-08-30,5,0.0,9.0,13.3
glen_eira,Glen Eira,22310,-37.89947547268133,145.04104488479757,-37.899998,145.0,39.0,Australia/Sydney,air_quality_2026-08-26.json,2026-08-30T06:00:00+1000,2026-08-29T20:00:00+0000,2026-08-30,6,0.0,9.3,13.6
glen_eira,Glen Eira,22310,-37.89947547268133,145.04104488479757,-37.899998,145.0,39.0,Australia/Sydney,air_quality_2026-08-26.json,2026-08-30T07:00:00+1000,2026-08-29T21:00:00+0000,2026-08-30,7,0.0,10.9,15.2
glen_eira,Glen Eira,22310,-37.89947547268133,145.04104488479757,-37.899998,145.0,39.0,Australia/Sydney,air_quality_2026-08-26.json,2026-08-30T08:00:00+1000,2026-08-29T22:00:00+0000,2026-08-30,8,0.2,12.5,17.0
glen_eira,Glen Eira,22310,-37.89947547268133,145.04104488479757,-37.899998,145.0,39.0,Australia/Sydney,air_quality_2026-08-26.json,2026-08-30T09:00:00+1000,2026-08-29T23:00:00+0000,2026-08-30,9,0.55,12.6,17.5
glen_eira,Glen Eira,22310,-37.89947547268133,145.04104488479757,-37.899998,145.0,39.0,Australia/Sydney,air_quality_2026-08-26.json,2026-08-30T10:00:00+1000,2026-08-30T00:00:00+0000,2026-08-30,10,1.15,12.1,17.4
glen_eira,Glen Eira,22310,-37.89947547268133,145.04104488479757,-37.899998,145.0,39.0,Australia/Sydney,air_quality_2026-08-26.json,2026-08-30T11:00:00+1000,2026-08-30T01:00:00+0000,2026-08-30,11,1.8,12.1,18.2
glen_eira,Glen Eira,22310,-37.89947547268133,145.04104488479757,-37.899998,145.0,39.0,Australia/Sydney,air_quality_2026-08-26.json,2026-08-30T12:00:00+1000,2026-08-30T02:00:00+0000,2026-08-30,12,2.35,11.8,18.1
glen_eira,Glen Eira,22310,-37.89947547268133,145.04104488479757,-37.899998,145.0,39.0,Australia/Sydney,air_quality_2026-08-26.json,2026-08-30T13:00:00+1000,2026-08-30T03:00:00+0000,2026-08-30,13,2.55,11.8,18.2
glen_eira,Glen Eira,22310,-37.89947547268133,145.04104488479757,-37.899998,145.0,39.0,Australia/Sydney,air_quality_2026-08-26.json,2026-08-30T14:00:00+1000,2026-08-30T04:00:00+0000,2026-08-30,14,2.25,10.2,15.7
glen_eira,Glen Eira,22310,-37.89947547268133,145.04104488479757,-37.899998,145.0,39.0,Australia/Sydney,air_quality_2026-08-26.json,2026-08-30T15:00:00+1000,2026-08-30T05:00:00+0000,2026-08-30,15,1.35,10.0,15.2
glen_eira,Glen Eira,22310,-37.89947547268133,145.04104488479757,-37.899998,145.0,39.0,Australia/Sydney,air_quality_2026-08-26.json,2026-08-30T16:00:00+1000,2026-08-30T06:00:00+0000,2026-08-30,16,0.55,10.0,15.1
glen_eira,Glen Eira,22310,-37.89947547268133,145.04104488479757,-37.899998,145.0,39.0,Australia/Sydney,air_quality_2026-08-26.json,2026-08-30T17:00:00+1000,2026-08-30T07:00:00+0000,2026-08-30,17,0.1,10.0,15.3
glen_eira,Glen Eira,22310,-37.89947547268133,145.04104488479757,-37.899998,145.0,39.0,Australia/Sydney,air_quality_2026-08-26.json,2026-08-30T18:00:00+1000,2026-08-30T08:00:00+0000,2026-08-30,18,0.0,11.4,16.5
glen_eira,Glen Eira,22310,-37.89947547268133,145.04104488479757,-37.899998,145.0,39.0,Australia/Sydney,air_quality_2026-08-26.json,2026-08-30T19:00:00+1000,2026-08-30T09:00:00+0000,2026-08-30,19,0.0,11.4,15.7
glen_eira,Glen Eira,22310,-37.89947547268133,145.04104488479757,-37.899998,145.0,39.0,Australia/Sydney,air_quality_2026-08-26.json,2026-08-30T20:00:00+1000,2026-08-30T10:00:00+0000,2026-08-30,20,0.0,11.5,15.7
glen_eira,Glen Eira,22310,-37.89947547268133,145.04104488479757,-37.899998,145.0,39.0,Australia/Sydney,air_quality_2026-08-26.json,2026-08-30T21:00:00+1000,2026-08-30T11:00:00+0000,2026-08-30,21,0.0,12.4,16.7
glen_eira,Glen Eira,22310,-37.89947547268133,145.04104488479757,-37.899998,145.0,39.0,Australia/Sydney,air_quality_2026-08-26.json,2026-08-30T22:00:00+1000,2026-08-30T12:00:00+0000,2026-08-30,22,0.0,13.6,18.2
greater_dandenong,Greater Dandenong,22670,-38.00450592423965,145.19073159088342,-38.0,145.20001,15.0,Australia/Sydney,air_quality_2026-08-26.json,2026-08-26T00:00:00+1000,2026-08-25T14:00:00+0000,2026-08-26,0,0.0,3.8,5.5
greater_dandenong,Greater Dandenong,22670,-38.00450592423965,145.19073159088342,-38.0,145.20001,15.0,Australia/Sydney,air_quality_2026-08-26.json,2026-08-26T01:00:00+1000,2026-08-25T15:00:00+0000,2026-08-26,1,0.0,3.9,6.0
greater_dandenong,Greater Dandenong,22670,-38.00450592423965,145.19073159088342,-38.0,145.20001,15.0,Australia/Sydney,air_quality_2026-08-26.json,2026-08-26T02:00:00+1000,2026-08-25T16:00:00+0000,2026-08-26,2,0.0,4.4,7.0
greater_dandenong,Greater Dandenong,22670,-38.00450592423965,145.19073159088342,-38.0,145.20001,15.0,Australia/Sydney,air_quality_2026-08-26.json,2026-08-26T03:00:00+1000,2026-08-25T17:00:00+0000,2026-08-26,3,0.0,4.9,7.8
greater_dandenong,Greater Dandenong,22670,-38.00450592423965,145.19073159088342,-38.0,145.20001,15.0,Australia/Sydney,air_quality_2026-08-26.json,2026-08-26T04:00:00+1000,2026-08-25T18:00:00+0000,2026-08-26,4,0.0,5.1,8.1
greater_dandenong,Greater Dandenong,22670,-38.00450592423965,145.19073159088342,-38.0,145.20001,15.0,Australia/Sydney,air_quality_2026-08-26.json,2026-08-26T05:00:00+1000,2026-08-25T19:00:00+0000,2026-08-26,5,0.0,5.3,8.4
greater_dandenong,Greater Dandenong,22670,-38.00450592423965,145.19073159088342,-38.0,145.20001,15.0,Australia/Sydney,air_quality_2026-08-26.json,2026-08-26T06:00:00+1000,2026-08-25T20:00:00+0000,2026-08-26,6,0.0,5.4,8.4
greater_dandenong,Greater Dandenong,22670,-38.00450592423965,145.19073159088342,-38.0,145.20001,15.0,Australia/Sydney,air_quality_2026-08-26.json,2026-08-26T07:00:00+1000,2026-08-25T21:00:00+0000,2026-08-26,7,0.05,5.9,8.7
greater_dandenong,Greater Dandenong,22670,-38.00450592423965,145.19073159088342,-38.0,145.20001,15.0,Australia/Sydney,air_quality_2026-08-26.json,2026-08-26T08:00:00+1000,2026-08-25T22:00:00+0000,2026-08-26,8,0.35,6.5,9.5
greater_dandenong,Greater Dandenong,22670,-38.00450592423965,145.19073159088342,-38.0,145.20001,15.0,Australia/Sydney,air_quality_2026-08-26.json,2026-08-26T09:00:00+1000,2026-08-25T23:00:00+0000,2026-08-26,9,1.0,6.5,9.9
greater_dandenong,Greater Dandenong,22670,-38.00450592423965,145.19073159088342,-38.0,145.20001,15.0,Australia/Sydney,air_quality_2026-08-26.json,2026-08-26T10:00:00+1000,2026-08-26T00:00:00+0000,2026-08-26,10,1.9,7.9,12.5
greater_dandenong,Greater Dandenong,22670,-38.00450592423965,145.19073159088342,-38.0,145.20001,15.0,Australia/Sydney,air_quality_2026-08-26.json,2026-08-26T11:00:00+1000,2026-08-26T01:00:00+0000,2026-08-26,11,2.8,7.3,11.7
greater_dandenong,Greater Dandenong,22670,-38.00450592423965,145.19073159088342,-38.0,145.20001,15.0,Australia/Sydney,air_quality_2026-08-26.json,2026-08-26T12:00:00+1000,2026-08-26T02:00:00+0000,2026-08-26,12,2.95,8.0,12.9
greater_dandenong,Greater Dandenong,22670,-38.00450592423965,145.19073159088342,-38.0,145.20001,15.0,Australia/Sydney,air_quality_2026-08-26.json,2026-08-26T13:00:00+1000,2026-08-26T03:00:00+0000,2026-08-26,13,2.65,7.3,11.9
greater_dandenong,Greater Dandenong,22670,-38.00450592423965,145.19073159088342,-38.0,145.20001,15.0,Australia/Sydney,air_quality_2026-08-26.json,2026-08-26T14:00:00+1000,2026-08-26T04:00:00+0000,2026-08-26,14,2.0,7.1,11.5
greater_dandenong,Greater Dandenong,22670,-38.00450592423965,145.19073159088342,-38.0,145.20001,15.0,Australia/Sydney,air_quality_2026-08-26.json,2026-08-26T15:00:00+1000,2026-08-26T05:00:00+0000,2026-08-26,15,1.15,7.0,11.3
greater_dandenong,Greater Dandenong,22670,-38.00450592423965,145.19073159088342,-38.0,145.20001,15.0,Australia/Sydney,air_quality_2026-08-26.json,2026-08-26T16:00:00+1000,2026-08-26T06:00:00+0000,2026-08-26,16,0.5,7.2,11.5
greater_dandenong,Greater Dandenong,22670,-38.00450592423965,145.19073159088342,-38.0,145.20001,15.0,Australia/Sydney,air_quality_2026-08-26.json,2026-08-26T17:00:00+1000,2026-08-26T07:00:00+0000,2026-08-26,17,0.1,7.6,11.8
greater_dandenong,Greater Dandenong,22670,-38.00450592423965,145.19073159088342,-38.0,145.20001,15.0,Australia/Sydney,air_quality_2026-08-26.json,2026-08-26T18:00:00+1000,2026-08-26T08:00:00+0000,2026-08-26,18,0.0,9.2,13.4
greater_dandenong,Greater Dandenong,22670,-38.00450592423965,145.19073159088342,-38.0,145.20001,15.0,Australia/Sydney,air_quality_2026-08-26.json,2026-08-26T19:00:00+1000,2026-08-26T09:00:00+0000,2026-08-26,19,0.0,11.3,15.5
greater_dandenong,Greater Dandenong,22670,-38.00450592423965,145.19073159088342,-38.0,145.20001,15.0,Australia/Sydney,air_quality_2026-08-26.json,2026-08-26T20:00:00+1000,2026-08-26T10:00:00+0000,2026-08-26,20,0.0,12.5,16.8
greater_dandenong,Greater Dandenong,22670,-38.00450592423965,145.19073159088342,-38.0,145.20001,15.0,Australia/Sydney,air_quality_2026-08-26.json,2026-08-26T21:00:00+1000,2026-08-26T11:00:00+0000,2026-08-26,21,0.0,12.4,16.3
greater_dandenong,Greater Dandenong,22670,-38.00450592423965,145.19073159088342,-38.0,145.20001,15.0,Australia/Sydney,air_quality_2026-08-26.json,2026-08-26T22:00:00+1000,2026-08-26T12:00:00+0000,2026-08-26,22,0.0,12.8,16.7
greater_dandenong,Greater Dandenong,22670,-38.00450592423965,145.19073159088342,-38.0,145.20001,15.0,Australia/Sydney,air_quality_2026-08-26.json,2026-08-26T23:00:00+1000,2026-08-26T13:00:00+0000,2026-08-26,23,0.0,13.3,17.2
greater_dandenong,Greater Dandenong,22670,-38.00450592423965,145.19073159088342,-38.0,145.20001,15.0,Australia/Sydney,air_quality_2026-08-26.json,2026-08-27T00:00:00+1000,2026-08-26T14:00:00+0000,2026-08-27,0,0.0,13.6,17.6
greater_dandenong,Greater Dandenong,22670,-38.00450592423965,145.19073159088342,-38.0,145.20001,15.0,Australia/Sydney,air_quality_2026-08-26.json,2026-08-27T01:00:00+1000,2026-08-26T15:00:00+0000,2026-08-27,1,0.0,13.6,17.6
greater_dandenong,Greater Dandenong,22670,-38.00450592423965,145.19073159088342,-38.0,145.20001,15.0,Australia/Sydney,air_quality_2026-08-26.json,2026-08-27T02:00:00+1000,2026-08-26T16:00:00+0000,2026-08-27,2,0.0,13.6,17.7
greater_dandenong,Greater Dandenong,22670,-38.00450592423965,145.19073159088342,-38.0,145.20001,15.0,Australia/Sydney,air_quality_2026-08-26.json,2026-08-27T03:00:00+1000,2026-08-26T17:00:00+0000,2026-08-27,3,0.0,13.5,17.7
greater_dandenong,Greater Dandenong,22670,-38.00450592423965,145.19073159088342,-38.0,145.20001,15.0,Australia/Sydney,air_quality_2026-08-26.json,2026-08-27T04:00:00+1000,2026-08-26T18:00:00+0000,2026-08-27,4,0.0,13.2,17.5
greater_dandenong,Greater Dandenong,22670,-38.00450592423965,145.19073159088342,-38.0,145.20001,15.0,Australia/Sydney,air_quality_2026-08-26.json,2026-08-27T05:00:00+1000,2026-08-26T19:00:00+0000,2026-08-27,5,0.0,13.0,17.2
greater_dandenong,Greater Dandenong,22670,-38.00450592423965,145.19073159088342,-38.0,145.20001,15.0,Australia/Sydney,air_quality_2026-08-26.json,2026-08-27T06:00:00+1000,2026-08-26T20:00:00+0000,2026-08-27,6,0.0,13.4,17.5
greater_dandenong,Greater Dandenong,22670,-38.00450592423965,145.19073159088342,-38.0,145.20001,15.0,Australia/Sydney,air_quality_2026-08-26.json,2026-08-27T07:00:00+1000,2026-08-26T21:00:00+0000,2026-08-27,7,0.05,16.2,19.8
greater_dandenong,Greater Dandenong,22670,-38.00450592423965,145.19073159088342,-38.0,145.20001,15.0,Australia/Sydney,air_quality_2026-08-26.json,2026-08-27T08:00:00+1000,2026-08-26T22:00:00+0000,2026-08-27,8,0.35,20.4,22.5
greater_dandenong,Greater Dandenong,22670,-38.00450592423965,145.19073159088342,-38.0,145.20001,15.0,Australia/Sydney,air_quality_2026-08-26.json,2026-08-27T09:00:00+1000,2026-08-26T23:00:00+0000,2026-08-27,9,1.1,15.4,18.1
greater_dandenong,Greater Dandenong,22670,-38.00450592423965,145.19073159088342,-38.0,145.20001,15.0,Australia/Sydney,air_quality_2026-08-26.json,2026-08-27T10:00:00+1000,2026-08-27T00:00:00+0000,2026-08-27,10,2.15,10.3,14.5
greater_dandenong,Greater Dandenong,22670,-38.00450592423965,145.19073159088342,-38.0,145.20001,15.0,Australia/Sydney,air_quality_2026-08-26.json,2026-08-27T11:00:00+1000,2026-08-27T01:00:00+0000,2026-08-27,11,2.65,9.5,13.8
greater_dandenong,Greater Dandenong,22670,-38.00450592423965,145.19073159088342,-38.0,145.20001,15.0,Australia/Sydney,air_quality_2026-08-26.json,2026-08-27T12:00:00+1000,2026-08-27T02:00:00+0000,2026-08-27,12,3.25,9.2,13.4
greater_dandenong,Greater Dandenong,22670,-38.00450592423965,145.19073159088342,-38.0,145.20001,15.0,Australia/Sydney,air_quality_2026-08-26.json,2026-08-27T13:00:00+1000,2026-08-27T03:00:00+0000,2026-08-27,13,3.3,9.6,13.7
greater_dandenong,Greater Dandenong,22670,-38.00450592423965,145.19073159088342,-38.0,145.20001,15.0,Australia/Sydney,air_quality_2026-08-26.json,2026-08-27T14:00:00+1000,2026-08-27T04:00:00+0000,2026-08-27,14,2.6,9.9,13.9
greater_dandenong,Greater Dandenong,22670,-38.00450592423965,145.19073159088342,-38.0,145.20001,15.0,Australia/Sydney,air_quality_2026-08-26.json,2026-08-27T15:00:00+1000,2026-08-27T05:00:00+0000,2026-08-27,15,1.5,10.1,14.2
greater_dandenong,Greater Dandenong,22670,-38.00450592423965,145.19073159088342,-38.0,145.20001,15.0,Australia/Sydney,air_quality_2026-08-26.json,2026-08-27T16:00:00+1000,2026-08-27T06:00:00+0000,2026-08-27,16,0.6,9.9,13.9
greater_dandenong,Greater Dandenong,22670,-38.00450592423965,145.19073159088342,-38.0,145.20001,15.0,Australia/Sydney,air_quality_2026-08-26.json,2026-08-27T17:00:00+1000,2026-08-27T07:00:00+0000,2026-08-27,17,0.15,11.4,15.3
greater_dandenong,Greater Dandenong,22670,-38.00450592423965,145.19073159088342,-38.0,145.20001,15.0,Australia/Sydney,air_quality_2026-08-26.json,2026-08-27T18:00:00+1000,2026-08-27T08:00:00+0000,2026-08-27,18,0.0,15.5,19.2
greater_dandenong,Greater Dandenong,22670,-38.00450592423965,145.19073159088342,-38.0,145.20001,15.0,Australia/Sydney,air_quality_2026-08-26.json,2026-08-27T19:00:00+1000,2026-08-27T09:00:00+0000,2026-08-27,19,0.0,19.1,22.8
greater_dandenong,Greater Dandenong,22670,-38.00450592423965,145.19073159088342,-38.0,145.20001,15.0,Australia/Sydney,air_quality_2026-08-26.json,2026-08-27T20:00:00+1000,2026-08-27T10:00:00+0000,2026-08-27,20,0.0,22.3,25.8
greater_dandenong,Greater Dandenong,22670,-38.00450592423965,145.19073159088342,-38.0,145.20001,15.0,Australia/Sydney,air_quality_2026-08-26.json,2026-08-27T21:00:00+1000,2026-08-27T11:00:00+0000,2026-08-27,21,0.0,25.4,28.8
greater_dandenong,Greater Dandenong,22670,-38.00450592423965,145.19073159088342,-38.0,145.20001,15.0,Australia/Sydney,air_quality_2026-08-26.json,2026-08-27T22:00:00+1000,2026-08-27T12:00:00+0000,2026-08-27,22,0.0,26.4,29.2
greater_dandenong,Greater Dandenong,22670,-38.00450592423965,145.19073159088342,-38.0,145.20001,15.0,Australia/Sydney,air_quality_2026-08-26.json,2026-08-27T23:00:00+1000,2026-08-27T13:00:00+0000,2026-08-27,23,0.0,23.2,25.2
greater_dandenong,Greater Dandenong,22670,-38.00450592423965,145.19073159088342,-38.0,145.20001,15.0,Australia/Sydney,air_quality_2026-08-26.json,2026-08-28T00:00:00+1000,2026-08-27T14:00:00+0000,2026-08-28,0,0.0,19.4,21.0
greater_dandenong,Greater Dandenong,22670,-38.00450592423965,145.19073159088342,-38.0,145.20001,15.0,Australia/Sydney,air_quality_2026-08-26.json,2026-08-28T01:00:00+1000,2026-08-27T15:00:00+0000,2026-08-28,1,0.0,16.6,18.0
greater_dandenong,Greater Dandenong,22670,-38.00450592423965,145.19073159088342,-38.0,145.20001,15.0,Australia/Sydney,air_quality_2026-08-26.json,2026-08-28T02:00:00+1000,2026-08-27T16:00:00+0000,2026-08-28,2,0.0,13.8,15.0
greater_dandenong,Greater Dandenong,22670,-38.00450592423965,145.19073159088342,-38.0,145.20001,15.0,Australia/Sydney,air_quality_2026-08-26.json,2026-08-28T03:00:00+1000,2026-08-27T17:00:00+0000,2026-08-28,3,0.0,11.1,12.2
greater_dandenong,Greater Dandenong,22670,-38.00450592423965,145.19073159088342,-38.0,145.20001,15.0,Australia/Sydney,air_quality_2026-08-26.json,2026-08-28T04:00:00+1000,2026-08-27T18:00:00+0000,2026-08-28,4,0.0,8.7,9.7
greater_dandenong,Greater Dandenong,22670,-38.00450592423965,145.19073159088342,-38.0,145.20001,15.0,Australia/Sydney,air_quality_2026-08-26.json,2026-08-28T05:00:00+1000,2026-08-27T19:00:00+0000,2026-08-28,5,0.0,7.4,8.6
greater_dandenong,Greater Dandenong,22670,-38.00450592423965,145.19073159088342,-38.0,145.20001,15.0,Australia/Sydney,air_quality_2026-08-26.json,2026-08-28T06:00:00+1000,2026-08-27T20:00:00+0000,2026-08-28,6,0.0,6.6,8.0
greater_dandenong,Greater Dandenong,22670,-38.00450592423965,145.19073159088342,-38.0,145.20001,15.0,Australia/Sydney,air_quality_2026-08-26.json,2026-08-28T07:00:00+1000,2026-08-27T21:00:00+0000,2026-08-28,7,0.0,7.2,8.5
greater_dandenong,Greater Dandenong,22670,-38.00450592423965,145.19073159088342,-38.0,145.20001,15.0,Australia/Sydney,air_quality_2026-08-26.json,2026-08-28T08:00:00+1000,2026-08-27T22:00:00+0000,2026-08-28,8,0.1,8.5,10.0
greater_dandenong,Greater Dandenong,22670,-38.00450592423965,145.19073159088342,-38.0,145.20001,15.0,Australia/Sydney,air_quality_2026-08-26.json,2026-08-28T09:00:00+1000,2026-08-27T23:00:00+0000,2026-08-28,9,0.35,10.3,11.9
greater_dandenong,Greater Dandenong,22670,-38.00450592423965,145.19073159088342,-38.0,145.20001,15.0,Australia/Sydney,air_quality_2026-08-26.json,2026-08-28T10:00:00+1000,2026-08-28T00:00:00+0000,2026-08-28,10,0.85,8.8,10.7
greater_dandenong,Greater Dandenong,22670,-38.00450592423965,145.19073159088342,-38.0,145.20001,15.0,Australia/Sydney,air_quality_2026-08-26.json,2026-08-28T11:00:00+1000,2026-08-28T01:00:00+0000,2026-08-28,11,1.8,7.7,9.7
greater_dandenong,Greater Dandenong,22670,-38.00450592423965,145.19073159088342,-38.0,145.20001,15.0,Australia/Sydney,air_quality_2026-08-26.json,2026-08-28T12:00:00+1000,2026-08-28T02:00:00+0000,2026-08-28,12,2.65,5.8,7.7
greater_dandenong,Greater Dandenong,22670,-38.00450592423965,145.19073159088342,-38.0,145.20001,15.0,Australia/Sydney,air_quality_2026-08-26.json,2026-08-28T13:00:00+1000,2026-08-28T03:00:00+0000,2026-08-28,13,3.1,6.0,8.6
greater_dandenong,Greater Dandenong,22670,-38.00450592423965,145.19073159088342,-38.0,145.20001,15.0,Australia/Sydney,air_quality_2026-08-26.json,2026-08-28T14:00:00+1000,2026-08-28T04:00:00+0000,2026-08-28,14,2.5,7.4,11.3
greater_dandenong,Greater Dandenong,22670,-38.00450592423965,145.19073159088342,-38.0,145.20001,15.0,Australia/Sydney,air_quality_2026-08-26.json,2026-08-28T15:00:00+1000,2026-08-28T05:00:00+0000,2026-08-28,15,1.55,8.7,13.7
greater_dandenong,Greater Dandenong,22670,-38.00450592423965,145.19073159088342,-38.0,145.20001,15.0,Australia/Sydney,air_quality_2026-08-26.json,2026-08-28T16:00:00+1000,2026-08-28T06:00:00+0000,2026-08-28,16,0.65,10.0,15.7
greater_dandenong,Greater Dandenong,22670,-38.00450592423965,145.19073159088342,-38.0,145.20001,15.0,Australia/Sydney,air_quality_2026-08-26.json,2026-08-28T17:00:00+1000,2026-08-28T07:00:00+0000,2026-08-28,17,0.15,11.0,17.3
greater_dandenong,Greater Dandenong,22670,-38.00450592423965,145.19073159088342,-38.0,145.20001,15.0,Australia/Sydney,air_quality_2026-08-26.json,2026-08-28T18:00:00+1000,2026-08-28T08:00:00+0000,2026-08-28,18,0.0,13.9,20.7
greater_dandenong,Greater Dandenong,22670,-38.00450592423965,145.19073159088342,-38.0,145.20001,15.0,Australia/Sydney,air_quality_2026-08-26.json,2026-08-28T19:00:00+1000,2026-08-28T09:00:00+0000,2026-08-28,19,0.0,17.2,23.7
greater_dandenong,Greater Dandenong,22670,-38.00450592423965,145.19073159088342,-38.0,145.20001,15.0,Australia/Sydney,air_quality_2026-08-26.json,2026-08-28T20:00:00+1000,2026-08-28T10:00:00+0000,2026-08-28,20,0.0,20.1,27.0
greater_dandenong,Greater Dandenong,22670,-38.00450592423965,145.19073159088342,-38.0,145.20001,15.0,Australia/Sydney,air_quality_2026-08-26.json,2026-08-28T21:00:00+1000,2026-08-28T11:00:00+0000,2026-08-28,21,0.0,21.8,28.8
greater_dandenong,Greater Dandenong,22670,-38.00450592423965,145.19073159088342,-38.0,145.20001,15.0,Australia/Sydney,air_quality_2026-08-26.json,2026-08-28T22:00:00+1000,2026-08-28T12:00:00+0000,2026-08-28,22,0.0,22.8,29.9
greater_dandenong,Greater Dandenong,22670,-38.00450592423965,145.19073159088342,-38.0,145.20001,15.0,Australia/Sydney,air_quality_2026-08-26.json,2026-08-28T23:00:00+1000,2026-08-28T13:00:00+0000,2026-08-28,23,0.0,23.4,30.6
greater_dandenong,Greater Dandenong,22670,-38.00450592423965,145.19073159088342,-38.0,145.20001,15.0,Australia/Sydney,air_quality_2026-08-26.json,2026-08-29T00:00:00+1000,2026-08-28T14:00:00+0000,2026-08-29,0,0.0,23.7,31.0
greater_dandenong,Greater Dandenong,22670,-38.00450592423965,145.19073159088342,-38.0,145.20001,15.0,Australia/Sydney,air_quality_2026-08-26.json,2026-08-29T01:00:00+1000,2026-08-28T15:00:00+0000,2026-08-29,1,0.0,23.3,30.3
greater_dandenong,Greater Dandenong,22670,-38.00450592423965,145.19073159088342,-38.0,145.20001,15.0,Australia/Sydney,air_quality_2026-08-26.json,2026-08-29T02:00:00+1000,2026-08-28T16:00:00+0000,2026-08-29,2,0.0,21.3,27.4
greater_dandenong,Greater Dandenong,22670,-38.00450592423965,145.19073159088342,-38.0,145.20001,15.0,Australia/Sydney,air_quality_2026-08-26.json,2026-08-29T03:00:00+1000,2026-08-28T17:00:00+0000,2026-08-29,3,0.0,17.9,23.1
greater_dandenong,Greater Dandenong,22670,-38.00450592423965,145.19073159088342,-38.0,145.20001,15.0,Australia/Sydney,air_quality_2026-08-26.json,2026-08-29T04:00:00+1000,2026-08-28T18:00:00+0000,2026-08-29,4,0.0,14.8,19.2
greater_dandenong,Greater Dandenong,22670,-38.00450592423965,145.19073159088342,-38.0,145.20001,15.0,Australia/Sydney,air_quality_2026-08-26.json,2026-08-29T05:00:00+1000,2026-08-28T19:00:00+0000,2026-08-29,5,0.0,12.3,16.1
greater_dandenong,Greater Dandenong,22670,-38.00450592423965,145.19073159088342,-38.0,145.20001,15.0,Australia/Sydney,air_quality_2026-08-26.json,2026-08-29T06:00:00+1000,2026-08-28T20:00:00+0000,2026-08-29,6,0.0,11.1,14.4
greater_dandenong,Greater Dandenong,22670,-38.00450592423965,145.19073159088342,-38.0,145.20001,15.0,Australia/Sydney,air_quality_2026-08-26.json,2026-08-29T07:00:00+1000,2026-08-28T21:00:00+0000,2026-08-29,7,0.05,12.4,15.3
greater_dandenong,Greater Dandenong,22670,-38.00450592423965,145.19073159088342,-38.0,145.20001,15.0,Australia/Sydney,air_quality_2026-08-26.json,2026-08-29T08:00:00+1000,2026-08-28T22:00:00+0000,2026-08-29,8,0.25,14.0,16.9
greater_dandenong,Greater Dandenong,22670,-38.00450592423965,145.19073159088342,-38.0,145.20001,15.0,Australia/Sydney,air_quality_2026-08-26.json,2026-08-29T09:00:00+1000,2026-08-28T23:00:00+0000,2026-08-29,9,0.7,12.3,16.1
greater_dandenong,Greater Dandenong,22670,-38.00450592423965,145.19073159088342,-38.0,145.20001,15.0,Australia/Sydney,air_quality_2026-08-26.json,2026-08-29T10:00:00+1000,2026-08-29T00:00:00+0000,2026-08-29,10,1.25,12.3,17.6
greater_dandenong,Greater Dandenong,22670,-38.00450592423965,145.19073159088342,-38.0,145.20001,15.0,Australia/Sydney,air_quality_2026-08-26.json,2026-08-29T11:00:00+1000,2026-08-29T01:00:00+0000,2026-08-29,11,1.5,11.9,17.9
greater_dandenong,Greater Dandenong,22670,-38.00450592423965,145.19073159088342,-38.0,145.20001,15.0,Australia/Sydney,air_quality_2026-08-26.json,2026-08-29T12:00:00+1000,2026-08-29T02:00:00+0000,2026-08-29,12,1.55,12.0,18.6
greater_dandenong,Greater Dandenong,22670,-38.00450592423965,145.19073159088342,-38.0,145.20001,15.0,Australia/Sydney,air_quality_2026-08-26.json,2026-08-29T13:00:00+1000,2026-08-29T03:00:00+0000,2026-08-29,13,1.6,11.8,18.5
greater_dandenong,Greater Dandenong,22670,-38.00450592423965,145.19073159088342,-38.0,145.20001,15.0,Australia/Sydney,air_quality_2026-08-26.json,2026-08-29T14:00:00+1000,2026-08-29T04:00:00+0000,2026-08-29,14,1.2,11.8,18.7
greater_dandenong,Greater Dandenong,22670,-38.00450592423965,145.19073159088342,-38.0,145.20001,15.0,Australia/Sydney,air_quality_2026-08-26.json,2026-08-29T15:00:00+1000,2026-08-29T05:00:00+0000,2026-08-29,15,0.7,12.8,20.3
greater_dandenong,Greater Dandenong,22670,-38.00450592423965,145.19073159088342,-38.0,145.20001,15.0,Australia/Sydney,air_quality_2026-08-26.json,2026-08-29T16:00:00+1000,2026-08-29T06:00:00+0000,2026-08-29,16,0.3,14.8,23.3
greater_dandenong,Greater Dandenong,22670,-38.00450592423965,145.19073159088342,-38.0,145.20001,15.0,Australia/Sydney,air_quality_2026-08-26.json,2026-08-29T17:00:00+1000,2026-08-29T07:00:00+0000,2026-08-29,17,0.1,16.6,26.0
greater_dandenong,Greater Dandenong,22670,-38.00450592423965,145.19073159088342,-38.0,145.20001,15.0,Australia/Sydney,air_quality_2026-08-26.json,2026-08-29T18:00:00+1000,2026-08-29T08:00:00+0000,2026-08-29,18,0.0,16.3,24.9
greater_dandenong,Greater Dandenong,22670,-38.00450592423965,145.19073159088342,-38.0,145.20001,15.0,Australia/Sydney,air_quality_2026-08-26.json,2026-08-29T19:00:00+1000,2026-08-29T09:00:00+0000,2026-08-29,19,0.0,15.7,22.8
greater_dandenong,Greater Dandenong,22670,-38.00450592423965,145.19073159088342,-38.0,145.20001,15.0,Australia/Sydney,air_quality_2026-08-26.json,2026-08-29T20:00:00+1000,2026-08-29T10:00:00+0000,2026-08-29,20,0.0,16.1,23.0
greater_dandenong,Greater Dandenong,22670,-38.00450592423965,145.19073159088342,-38.0,145.20001,15.0,Australia/Sydney,air_quality_2026-08-26.json,2026-08-29T21:00:00+1000,2026-08-29T11:00:00+0000,2026-08-29,21,0.0,16.3,23.1
greater_dandenong,Greater Dandenong,22670,-38.00450592423965,145.19073159088342,-38.0,145.20001,15.0,Australia/Sydney,air_quality_2026-08-26.json,2026-08-29T22:00:00+1000,2026-08-29T12:00:00+0000,2026-08-29,22,0.0,15.3,21.4
greater_dandenong,Greater Dandenong,22670,-38.00450592423965,145.19073159088342,-38.0,145.20001,15.0,Australia/Sydney,air_quality_2026-08-26.json,2026-08-29T23:00:00+1000,2026-08-29T13:00:00+0000,2026-08-29,23,0.0,14.3,20.2
greater_dandenong,Greater Dandenong,22670,-38.00450592423965,145.19073159088342,-38.0,145.20001,15.0,Australia/Sydney,air_quality_2026-08-26.json,2026-08-30T00:00:00+1000,2026-08-29T14:00:00+0000,2026-08-30,0,0.0,12.9,18.2
greater_dandenong,Greater Dandenong,22670,-38.00450592423965,145.19073159088342,-38.0,145.20001,15.0,Australia/Sydney,air_quality_2026-08-26.json,2026-08-30T01:00:00+1000,2026-08-29T15:00:00+0000,2026-08-30,1,0.0,11.4,16.2
greater_dandenong,Greater Dandenong,22670,-38.00450592423965,145.19073159088342,-38.0,145.20001,15.0,Australia/Sydney,air_quality_2026-08-26.json,2026-08-30T02:00:00+1000,2026-08-29T16:00:00+0000,2026-08-30,2,0.0,10.5,15.0
greater_dandenong,Greater Dandenong,22670,-38.00450592423965,145.19073159088342,-38.0,145.20001,15.0,Australia/Sydney,air_quality_2026-08-26.json,2026-08-30T03:00:00+1000,2026-08-29T17:00:00+0000,2026-08-30,3,0.0,9.8,14.2
greater_dandenong,Greater Dandenong,22670,-38.00450592423965,145.19073159088342,-38.0,145.20001,15.0,Australia/Sydney,air_quality_2026-08-26.json,2026-08-30T04:00:00+1000,2026-08-29T18:00:00+0000,2026-08-30,4,0.0,9.3,13.6
greater_dandenong,Greater Dandenong,22670,-38.00450592423965,145.19073159088342,-38.0,145.20001,15.0,Australia/Sydney,air_quality_2026-08-26.json,2026-08-30T05:00:00+1000,2026-08-29T19:00:00+0000,2026-08-30,5,0.0,9.0,13.3
greater_dandenong,Greater Dandenong,22670,-38.00450592423965,145.19073159088342,-38.0,145.20001,15.0,Australia/Sydney,air_quality_2026-08-26.json,2026-08-30T06:00:00+1000,2026-08-29T20:00:00+0000,2026-08-30,6,0.0,9.3,13.6
greater_dandenong,Greater Dandenong,22670,-38.00450592423965,145.19073159088342,-38.0,145.20001,15.0,Australia/Sydney,air_quality_2026-08-26.json,2026-08-30T07:00:00+1000,2026-08-29T21:00:00+0000,2026-08-30,7,0.0,10.9,15.2
greater_dandenong,Greater Dandenong,22670,-38.00450592423965,145.19073159088342,-38.0,145.20001,15.0,Australia/Sydney,air_quality_2026-08-26.json,2026-08-30T08:00:00+1000,2026-08-29T22:00:00+0000,2026-08-30,8,0.2,12.5,17.0
greater_dandenong,Greater Dandenong,22670,-38.00450592423965,145.19073159088342,-38.0,145.20001,15.0,Australia/Sydney,air_quality_2026-08-26.json,2026-08-30T09:00:00+1000,2026-08-29T23:00:00+0000,2026-08-30,9,0.55,12.6,17.5
greater_dandenong,Greater Dandenong,22670,-38.00450592423965,145.19073159088342,-38.0,145.20001,15.0,Australia/Sydney,air_quality_2026-08-26.json,2026-08-30T10:00:00+1000,2026-08-30T00:00:00+0000,2026-08-30,10,1.15,12.1,17.4
greater_dandenong,Greater Dandenong,22670,-38.00450592423965,145.19073159088342,-38.0,145.20001,15.0,Australia/Sydney,air_quality_2026-08-26.json,2026-08-30T11:00:00+1000,2026-08-30T01:00:00+0000,2026-08-30,11,1.8,12.1,18.2
greater_dandenong,Greater Dandenong,22670,-38.00450592423965,145.19073159088342,-38.0,145.20001,15.0,Australia/Sydney,air_quality_2026-08-26.json,2026-08-30T12:00:00+1000,2026-08-30T02:00:00+0000,2026-08-30,12,2.35,11.8,18.1
greater_dandenong,Greater Dandenong,22670,-38.00450592423965,145.19073159088342,-38.0,145.20001,15.0,Australia/Sydney,air_quality_2026-08-26.json,2026-08-30T13:00:00+1000,2026-08-30T03:00:00+0000,2026-08-30,13,2.55,11.8,18.2
greater_dandenong,Greater Dandenong,22670,-38.00450592423965,145.19073159088342,-38.0,145.20001,15.0,Australia/Sydney,air_quality_2026-08-26.json,2026-08-30T14:00:00+1000,2026-08-30T04:00:00+0000,2026-08-30,14,2.25,10.2,15.7
greater_dandenong,Greater Dandenong,22670,-38.00450592423965,145.19073159088342,-38.0,145.20001,15.0,Australia/Sydney,air_quality_2026-08-26.json,2026-08-30T15:00:00+1000,2026-08-30T05:00:00+0000,2026-08-30,15,1.35,10.0,15.2
greater_dandenong,Greater Dandenong,22670,-38.00450592423965,145.19073159088342,-38.0,145.20001,15.0,Australia/Sydney,air_quality_2026-08-26.json,2026-08-30T16:00:00+1000,2026-08-30T06:00:00+0000,2026-08-30,16,0.55,10.0,15.1
greater_dandenong,Greater Dandenong,22670,-38.00450592423965,145.19073159088342,-38.0,145.20001,15.0,Australia/Sydney,air_quality_2026-08-26.json,2026-08-30T17:00:00+1000,2026-08-30T07:00:00+0000,2026-08-30,17,0.1,10.0,15.3
greater_dandenong,Greater Dandenong,22670,-38.00450592423965,145.19073159088342,-38.0,145.20001,15.0,Australia/Sydney,air_quality_2026-08-26.json,2026-08-30T18:00:00+1000,2026-08-30T08:00:00+0000,2026-08-30,18,0.0,11.4,16.5
greater_dandenong,Greater Dandenong,22670,-38.00450592423965,145.19073159088342,-38.0,145.20001,15.0,Australia/Sydney,air_quality_2026-08-26.json,2026-08-30T19:00:00+1000,2026-08-30T09:00:00+0000,2026-08-30,19,0.0,11.4,15.7
greater_dandenong,Greater Dandenong,22670,-38.00450592423965,145.19073159088342,-38.0,145.20001,15.0,Australia/Sydney,air_quality_2026-08-26.json,2026-08-30T20:00:00+1000,2026-08-30T10:00:00+0000,2026-08-30,20,0.0,11.5,15.7
greater_dandenong,Greater Dandenong,22670,-38.00450592423965,145.19073159088342,-38.0,145.20001,15.0,Australia/Sydney,air_quality_2026-08-26.json,2026-08-30T21:00:00+1000,2026-08-30T11:00:00+0000,2026-08-30,21,0.0,12.4,16.7
greater_dandenong,Greater Dandenong,22670,-38.00450592423965,145.19073159088342,-38.0,145.20001,15.0,Australia/Sydney,air_quality_2026-08-26.json,2026-08-30T22:00:00+1000,2026-08-30T12:00:00+0000,2026-08-30,22,0.0,13.6,18.2
hobsons_bay,Hobsons Bay,23110,-37.85692420807772,144.8365925742649,-37.899998,144.80002,1.0,Australia/Sydney,air_quality_2026-08-26.json,2026-08-26T00:00:00+1000,2026-08-25T14:00:00+0000,2026-08-26,0,0.0,3.6,5.3
hobsons_bay,Hobsons Bay,23110,-37.85692420807772,144.8365925742649,-37.899998,144.80002,1.0,Australia/Sydney,air_quality_2026-08-26.json,2026-08-26T01:00:00+1000,2026-08-25T15:00:00+0000,2026-08-26,1,0.0,3.8,5.9
hobsons_bay,Hobsons Bay,23110,-37.85692420807772,144.8365925742649,-37.899998,144.80002,1.0,Australia/Sydney,air_quality_2026-08-26.json,2026-08-26T02:00:00+1000,2026-08-25T16:00:00+0000,2026-08-26,2,0.0,4.2,6.6
hobsons_bay,Hobsons Bay,23110,-37.85692420807772,144.8365925742649,-37.899998,144.80002,1.0,Australia/Sydney,air_quality_2026-08-26.json,2026-08-26T03:00:00+1000,2026-08-25T17:00:00+0000,2026-08-26,3,0.0,4.3,6.9
hobsons_bay,Hobsons Bay,23110,-37.85692420807772,144.8365925742649,-37.899998,144.80002,1.0,Australia/Sydney,air_quality_2026-08-26.json,2026-08-26T04:00:00+1000,2026-08-25T18:00:00+0000,2026-08-26,4,0.0,4.4,7.0
hobsons_bay,Hobsons Bay,23110,-37.85692420807772,144.8365925742649,-37.899998,144.80002,1.0,Australia/Sydney,air_quality_2026-08-26.json,2026-08-26T05:00:00+1000,2026-08-25T19:00:00+0000,2026-08-26,5,0.0,4.5,7.0
hobsons_bay,Hobsons Bay,23110,-37.85692420807772,144.8365925742649,-37.899998,144.80002,1.0,Australia/Sydney,air_quality_2026-08-26.json,2026-08-26T06:00:00+1000,2026-08-25T20:00:00+0000,2026-08-26,6,0.0,4.4,6.9
hobsons_bay,Hobsons Bay,23110,-37.85692420807772,144.8365925742649,-37.899998,144.80002,1.0,Australia/Sydney,air_quality_2026-08-26.json,2026-08-26T07:00:00+1000,2026-08-25T21:00:00+0000,2026-08-26,7,0.05,4.8,7.3
hobsons_bay,Hobsons Bay,23110,-37.85692420807772,144.8365925742649,-37.899998,144.80002,1.0,Australia/Sydney,air_quality_2026-08-26.json,2026-08-26T08:00:00+1000,2026-08-25T22:00:00+0000,2026-08-26,8,0.3,5.3,7.9
hobsons_bay,Hobsons Bay,23110,-37.85692420807772,144.8365925742649,-37.899998,144.80002,1.0,Australia/Sydney,air_quality_2026-08-26.json,2026-08-26T09:00:00+1000,2026-08-25T23:00:00+0000,2026-08-26,9,0.95,5.9,9.3
hobsons_bay,Hobsons Bay,23110,-37.85692420807772,144.8365925742649,-37.899998,144.80002,1.0,Australia/Sydney,air_quality_2026-08-26.json,2026-08-26T10:00:00+1000,2026-08-26T00:00:00+0000,2026-08-26,10,1.9,8.3,13.3
hobsons_bay,Hobsons Bay,23110,-37.85692420807772,144.8365925742649,-37.899998,144.80002,1.0,Australia/Sydney,air_quality_2026-08-26.json,2026-08-26T11:00:00+1000,2026-08-26T01:00:00+0000,2026-08-26,11,2.6,7.3,11.8
hobsons_bay,Hobsons Bay,23110,-37.85692420807772,144.8365925742649,-37.899998,144.80002,1.0,Australia/Sydney,air_quality_2026-08-26.json,2026-08-26T12:00:00+1000,2026-08-26T02:00:00+0000,2026-08-26,12,2.9,7.5,12.1
hobsons_bay,Hobsons Bay,23110,-37.85692420807772,144.8365925742649,-37.899998,144.80002,1.0,Australia/Sydney,air_quality_2026-08-26.json,2026-08-26T13:00:00+1000,2026-08-26T03:00:00+0000,2026-08-26,13,2.7,7.1,11.5
hobsons_bay,Hobsons Bay,23110,-37.85692420807772,144.8365925742649,-37.899998,144.80002,1.0,Australia/Sydney,air_quality_2026-08-26.json,2026-08-26T14:00:00+1000,2026-08-26T04:00:00+0000,2026-08-26,14,2.0,6.9,11.2
hobsons_bay,Hobsons Bay,23110,-37.85692420807772,144.8365925742649,-37.899998,144.80002,1.0,Australia/Sydney,air_quality_2026-08-26.json,2026-08-26T15:00:00+1000,2026-08-26T05:00:00+0000,2026-08-26,15,1.15,7.0,11.3
hobsons_bay,Hobsons Bay,23110,-37.85692420807772,144.8365925742649,-37.899998,144.80002,1.0,Australia/Sydney,air_quality_2026-08-26.json,2026-08-26T16:00:00+1000,2026-08-26T06:00:00+0000,2026-08-26,16,0.5,7.1,11.5
hobsons_bay,Hobsons Bay,23110,-37.85692420807772,144.8365925742649,-37.899998,144.80002,1.0,Australia/Sydney,air_quality_2026-08-26.json,2026-08-26T17:00:00+1000,2026-08-26T07:00:00+0000,2026-08-26,17,0.1,7.4,11.8
hobsons_bay,Hobsons Bay,23110,-37.85692420807772,144.8365925742649,-37.899998,144.80002,1.0,Australia/Sydney,air_quality_2026-08-26.json,2026-08-26T18:00:00+1000,2026-08-26T08:00:00+0000,2026-08-26,18,0.0,8.5,12.6
hobsons_bay,Hobsons Bay,23110,-37.85692420807772,144.8365925742649,-37.899998,144.80002,1.0,Australia/Sydney,air_quality_2026-08-26.json,2026-08-26T19:00:00+1000,2026-08-26T09:00:00+0000,2026-08-26,19,0.0,9.7,13.7
hobsons_bay,Hobsons Bay,23110,-37.85692420807772,144.8365925742649,-37.899998,144.80002,1.0,Australia/Sydney,air_quality_2026-08-26.json,2026-08-26T20:00:00+1000,2026-08-26T10:00:00+0000,2026-08-26,20,0.0,10.4,14.3
hobsons_bay,Hobsons Bay,23110,-37.85692420807772,144.8365925742649,-37.899998,144.80002,1.0,Australia/Sydney,air_quality_2026-08-26.json,2026-08-26T21:00:00+1000,2026-08-26T11:00:00+0000,2026-08-26,21,0.0,9.8,13.1
hobsons_bay,Hobsons Bay,23110,-37.85692420807772,144.8365925742649,-37.899998,144.80002,1.0,Australia/Sydney,air_quality_2026-08-26.json,2026-08-26T22:00:00+1000,2026-08-26T12:00:00+0000,2026-08-26,22,0.0,9.9,13.1
hobsons_bay,Hobsons Bay,23110,-37.85692420807772,144.8365925742649,-37.899998,144.80002,1.0,Australia/Sydney,air_quality_2026-08-26.json,2026-08-26T23:00:00+1000,2026-08-26T13:00:00+0000,2026-08-26,23,0.0,9.9,13.1
hobsons_bay,Hobsons Bay,23110,-37.85692420807772,144.8365925742649,-37.899998,144.80002,1.0,Australia/Sydney,air_quality_2026-08-26.json,2026-08-27T00:00:00+1000,2026-08-26T14:00:00+0000,2026-08-27,0,0.0,9.2,12.0
hobsons_bay,Hobsons Bay,23110,-37.85692420807772,144.8365925742649,-37.899998,144.80002,1.0,Australia/Sydney,air_quality_2026-08-26.json,2026-08-27T01:00:00+1000,2026-08-26T15:00:00+0000,2026-08-27,1,0.0,8.4,11.1
hobsons_bay,Hobsons Bay,23110,-37.85692420807772,144.8365925742649,-37.899998,144.80002,1.0,Australia/Sydney,air_quality_2026-08-26.json,2026-08-27T02:00:00+1000,2026-08-26T16:00:00+0000,2026-08-27,2,0.0,8.0,10.6
hobsons_bay,Hobsons Bay,23110,-37.85692420807772,144.8365925742649,-37.899998,144.80002,1.0,Australia/Sydney,air_quality_2026-08-26.json,2026-08-27T03:00:00+1000,2026-08-26T17:00:00+0000,2026-08-27,3,0.0,7.7,10.3
hobsons_bay,Hobsons Bay,23110,-37.85692420807772,144.8365925742649,-37.899998,144.80002,1.0,Australia/Sydney,air_quality_2026-08-26.json,2026-08-27T04:00:00+1000,2026-08-26T18:00:00+0000,2026-08-27,4,0.0,7.5,10.0
hobsons_bay,Hobsons Bay,23110,-37.85692420807772,144.8365925742649,-37.899998,144.80002,1.0,Australia/Sydney,air_quality_2026-08-26.json,2026-08-27T05:00:00+1000,2026-08-26T19:00:00+0000,2026-08-27,5,0.0,7.4,9.9
hobsons_bay,Hobsons Bay,23110,-37.85692420807772,144.8365925742649,-37.899998,144.80002,1.0,Australia/Sydney,air_quality_2026-08-26.json,2026-08-27T06:00:00+1000,2026-08-26T20:00:00+0000,2026-08-27,6,0.0,7.7,10.1
hobsons_bay,Hobsons Bay,23110,-37.85692420807772,144.8365925742649,-37.899998,144.80002,1.0,Australia/Sydney,air_quality_2026-08-26.json,2026-08-27T07:00:00+1000,2026-08-26T21:00:00+0000,2026-08-27,7,0.05,9.8,12.0
hobsons_bay,Hobsons Bay,23110,-37.85692420807772,144.8365925742649,-37.899998,144.80002,1.0,Australia/Sydney,air_quality_2026-08-26.json,2026-08-27T08:00:00+1000,2026-08-26T22:00:00+0000,2026-08-27,8,0.35,13.2,14.9
hobsons_bay,Hobsons Bay,23110,-37.85692420807772,144.8365925742649,-37.899998,144.80002,1.0,Australia/Sydney,air_quality_2026-08-26.json,2026-08-27T09:00:00+1000,2026-08-26T23:00:00+0000,2026-08-27,9,1.1,9.6,12.1
hobsons_bay,Hobsons Bay,23110,-37.85692420807772,144.8365925742649,-37.899998,144.80002,1.0,Australia/Sydney,air_quality_2026-08-26.json,2026-08-27T10:00:00+1000,2026-08-27T00:00:00+0000,2026-08-27,10,2.25,8.7,12.8
hobsons_bay,Hobsons Bay,23110,-37.85692420807772,144.8365925742649,-37.899998,144.80002,1.0,Australia/Sydney,air_quality_2026-08-26.json,2026-08-27T11:00:00+1000,2026-08-27T01:00:00+0000,2026-08-27,11,3.0,8.5,13.0
hobsons_bay,Hobsons Bay,23110,-37.85692420807772,144.8365925742649,-37.899998,144.80002,1.0,Australia/Sydney,air_quality_2026-08-26.json,2026-08-27T12:00:00+1000,2026-08-27T02:00:00+0000,2026-08-27,12,3.3,8.3,12.7
hobsons_bay,Hobsons Bay,23110,-37.85692420807772,144.8365925742649,-37.899998,144.80002,1.0,Australia/Sydney,air_quality_2026-08-26.json,2026-08-27T13:00:00+1000,2026-08-27T03:00:00+0000,2026-08-27,13,3.1,8.4,12.5
hobsons_bay,Hobsons Bay,23110,-37.85692420807772,144.8365925742649,-37.899998,144.80002,1.0,Australia/Sydney,air_quality_2026-08-26.json,2026-08-27T14:00:00+1000,2026-08-27T04:00:00+0000,2026-08-27,14,2.3,8.5,12.5
hobsons_bay,Hobsons Bay,23110,-37.85692420807772,144.8365925742649,-37.899998,144.80002,1.0,Australia/Sydney,air_quality_2026-08-26.json,2026-08-27T15:00:00+1000,2026-08-27T05:00:00+0000,2026-08-27,15,1.4,8.5,12.3
hobsons_bay,Hobsons Bay,23110,-37.85692420807772,144.8365925742649,-37.899998,144.80002,1.0,Australia/Sydney,air_quality_2026-08-26.json,2026-08-27T16:00:00+1000,2026-08-27T06:00:00+0000,2026-08-27,16,0.55,8.1,11.7
hobsons_bay,Hobsons Bay,23110,-37.85692420807772,144.8365925742649,-37.899998,144.80002,1.0,Australia/Sydney,air_quality_2026-08-26.json,2026-08-27T17:00:00+1000,2026-08-27T07:00:00+0000,2026-08-27,17,0.15,9.3,12.6
hobsons_bay,Hobsons Bay,23110,-37.85692420807772,144.8365925742649,-37.899998,144.80002,1.0,Australia/Sydney,air_quality_2026-08-26.json,2026-08-27T18:00:00+1000,2026-08-27T08:00:00+0000,2026-08-27,18,0.0,12.4,15.5
hobsons_bay,Hobsons Bay,23110,-37.85692420807772,144.8365925742649,-37.899998,144.80002,1.0,Australia/Sydney,air_quality_2026-08-26.json,2026-08-27T19:00:00+1000,2026-08-27T09:00:00+0000,2026-08-27,19,0.0,14.8,17.6
hobsons_bay,Hobsons Bay,23110,-37.85692420807772,144.8365925742649,-37.899998,144.80002,1.0,Australia/Sydney,air_quality_2026-08-26.json,2026-08-27T20:00:00+1000,2026-08-27T10:00:00+0000,2026-08-27,20,0.0,16.7,19.3
hobsons_bay,Hobsons Bay,23110,-37.85692420807772,144.8365925742649,-37.899998,144.80002,1.0,Australia/Sydney,air_quality_2026-08-26.json,2026-08-27T21:00:00+1000,2026-08-27T11:00:00+0000,2026-08-27,21,0.0,18.8,21.1
hobsons_bay,Hobsons Bay,23110,-37.85692420807772,144.8365925742649,-37.899998,144.80002,1.0,Australia/Sydney,air_quality_2026-08-26.json,2026-08-27T22:00:00+1000,2026-08-27T12:00:00+0000,2026-08-27,22,0.0,19.3,21.3
hobsons_bay,Hobsons Bay,23110,-37.85692420807772,144.8365925742649,-37.899998,144.80002,1.0,Australia/Sydney,air_quality_2026-08-26.json,2026-08-27T23:00:00+1000,2026-08-27T13:00:00+0000,2026-08-27,23,0.0,17.3,18.9
hobsons_bay,Hobsons Bay,23110,-37.85692420807772,144.8365925742649,-37.899998,144.80002,1.0,Australia/Sydney,air_quality_2026-08-26.json,2026-08-28T00:00:00+1000,2026-08-27T14:00:00+0000,2026-08-28,0,0.0,14.3,15.8
hobsons_bay,Hobsons Bay,23110,-37.85692420807772,144.8365925742649,-37.899998,144.80002,1.0,Australia/Sydney,air_quality_2026-08-26.json,2026-08-28T01:00:00+1000,2026-08-27T15:00:00+0000,2026-08-28,1,0.0,11.8,13.2
hobsons_bay,Hobsons Bay,23110,-37.85692420807772,144.8365925742649,-37.899998,144.80002,1.0,Australia/Sydney,air_quality_2026-08-26.json,2026-08-28T02:00:00+1000,2026-08-27T16:00:00+0000,2026-08-28,2,0.0,9.6,10.9
hobsons_bay,Hobsons Bay,23110,-37.85692420807772,144.8365925742649,-37.899998,144.80002,1.0,Australia/Sydney,air_quality_2026-08-26.json,2026-08-28T03:00:00+1000,2026-08-27T17:00:00+0000,2026-08-28,3,0.0,7.5,8.6
hobsons_bay,Hobsons Bay,23110,-37.85692420807772,144.8365925742649,-37.899998,144.80002,1.0,Australia/Sydney,air_quality_2026-08-26.json,2026-08-28T04:00:00+1000,2026-08-27T18:00:00+0000,2026-08-28,4,0.0,5.8,6.9
hobsons_bay,Hobsons Bay,23110,-37.85692420807772,144.8365925742649,-37.899998,144.80002,1.0,Australia/Sydney,air_quality_2026-08-26.json,2026-08-28T05:00:00+1000,2026-08-27T19:00:00+0000,2026-08-28,5,0.0,4.9,6.0
hobsons_bay,Hobsons Bay,23110,-37.85692420807772,144.8365925742649,-37.899998,144.80002,1.0,Australia/Sydney,air_quality_2026-08-26.json,2026-08-28T06:00:00+1000,2026-08-27T20:00:00+0000,2026-08-28,6,0.0,4.5,5.7
hobsons_bay,Hobsons Bay,23110,-37.85692420807772,144.8365925742649,-37.899998,144.80002,1.0,Australia/Sydney,air_quality_2026-08-26.json,2026-08-28T07:00:00+1000,2026-08-27T21:00:00+0000,2026-08-28,7,0.0,5.4,6.7
hobsons_bay,Hobsons Bay,23110,-37.85692420807772,144.8365925742649,-37.899998,144.80002,1.0,Australia/Sydney,air_quality_2026-08-26.json,2026-08-28T08:00:00+1000,2026-08-27T22:00:00+0000,2026-08-28,8,0.15,6.9,8.5
hobsons_bay,Hobsons Bay,23110,-37.85692420807772,144.8365925742649,-37.899998,144.80002,1.0,Australia/Sydney,air_quality_2026-08-26.json,2026-08-28T09:00:00+1000,2026-08-27T23:00:00+0000,2026-08-28,9,0.5,8.7,10.4
hobsons_bay,Hobsons Bay,23110,-37.85692420807772,144.8365925742649,-37.899998,144.80002,1.0,Australia/Sydney,air_quality_2026-08-26.json,2026-08-28T10:00:00+1000,2026-08-28T00:00:00+0000,2026-08-28,10,1.25,6.8,8.5
hobsons_bay,Hobsons Bay,23110,-37.85692420807772,144.8365925742649,-37.899998,144.80002,1.0,Australia/Sydney,air_quality_2026-08-26.json,2026-08-28T11:00:00+1000,2026-08-28T01:00:00+0000,2026-08-28,11,2.3,5.4,7.1
hobsons_bay,Hobsons Bay,23110,-37.85692420807772,144.8365925742649,-37.899998,144.80002,1.0,Australia/Sydney,air_quality_2026-08-26.json,2026-08-28T12:00:00+1000,2026-08-28T02:00:00+0000,2026-08-28,12,2.7,5.1,7.1
hobsons_bay,Hobsons Bay,23110,-37.85692420807772,144.8365925742649,-37.899998,144.80002,1.0,Australia/Sydney,air_quality_2026-08-26.json,2026-08-28T13:00:00+1000,2026-08-28T03:00:00+0000,2026-08-28,13,3.05,6.3,9.4
hobsons_bay,Hobsons Bay,23110,-37.85692420807772,144.8365925742649,-37.899998,144.80002,1.0,Australia/Sydney,air_quality_2026-08-26.json,2026-08-28T14:00:00+1000,2026-08-28T04:00:00+0000,2026-08-28,14,2.4,7.9,12.3
hobsons_bay,Hobsons Bay,23110,-37.85692420807772,144.8365925742649,-37.899998,144.80002,1.0,Australia/Sydney,air_quality_2026-08-26.json,2026-08-28T15:00:00+1000,2026-08-28T05:00:00+0000,2026-08-28,15,1.55,10.0,15.8
hobsons_bay,Hobsons Bay,23110,-37.85692420807772,144.8365925742649,-37.899998,144.80002,1.0,Australia/Sydney,air_quality_2026-08-26.json,2026-08-28T16:00:00+1000,2026-08-28T06:00:00+0000,2026-08-28,16,0.65,11.0,17.6
hobsons_bay,Hobsons Bay,23110,-37.85692420807772,144.8365925742649,-37.899998,144.80002,1.0,Australia/Sydney,air_quality_2026-08-26.json,2026-08-28T17:00:00+1000,2026-08-28T07:00:00+0000,2026-08-28,17,0.15,12.2,19.4
hobsons_bay,Hobsons Bay,23110,-37.85692420807772,144.8365925742649,-37.899998,144.80002,1.0,Australia/Sydney,air_quality_2026-08-26.json,2026-08-28T18:00:00+1000,2026-08-28T08:00:00+0000,2026-08-28,18,0.0,14.2,21.7
hobsons_bay,Hobsons Bay,23110,-37.85692420807772,144.8365925742649,-37.899998,144.80002,1.0,Australia/Sydney,air_quality_2026-08-26.json,2026-08-28T19:00:00+1000,2026-08-28T09:00:00+0000,2026-08-28,19,0.0,15.5,22.2
hobsons_bay,Hobsons Bay,23110,-37.85692420807772,144.8365925742649,-37.899998,144.80002,1.0,Australia/Sydney,air_quality_2026-08-26.json,2026-08-28T20:00:00+1000,2026-08-28T10:00:00+0000,2026-08-28,20,0.0,17.2,24.0
hobsons_bay,Hobsons Bay,23110,-37.85692420807772,144.8365925742649,-37.899998,144.80002,1.0,Australia/Sydney,air_quality_2026-08-26.json,2026-08-28T21:00:00+1000,2026-08-28T11:00:00+0000,2026-08-28,21,0.0,18.0,24.6
hobsons_bay,Hobsons Bay,23110,-37.85692420807772,144.8365925742649,-37.899998,144.80002,1.0,Australia/Sydney,air_quality_2026-08-26.json,2026-08-28T22:00:00+1000,2026-08-28T12:00:00+0000,2026-08-28,22,0.0,18.1,24.2
hobsons_bay,Hobsons Bay,23110,-37.85692420807772,144.8365925742649,-37.899998,144.80002,1.0,Australia/Sydney,air_quality_2026-08-26.json,2026-08-28T23:00:00+1000,2026-08-28T13:00:00+0000,2026-08-28,23,0.0,17.6,23.3
hobsons_bay,Hobsons Bay,23110,-37.85692420807772,144.8365925742649,-37.899998,144.80002,1.0,Australia/Sydney,air_quality_2026-08-26.json,2026-08-29T00:00:00+1000,2026-08-28T14:00:00+0000,2026-08-29,0,0.0,17.2,22.5
hobsons_bay,Hobsons Bay,23110,-37.85692420807772,144.8365925742649,-37.899998,144.80002,1.0,Australia/Sydney,air_quality_2026-08-26.json,2026-08-29T01:00:00+1000,2026-08-28T15:00:00+0000,2026-08-29,1,0.0,16.4,21.2
hobsons_bay,Hobsons Bay,23110,-37.85692420807772,144.8365925742649,-37.899998,144.80002,1.0,Australia/Sydney,air_quality_2026-08-26.json,2026-08-29T02:00:00+1000,2026-08-28T16:00:00+0000,2026-08-29,2,0.0,14.8,19.2
hobsons_bay,Hobsons Bay,23110,-37.85692420807772,144.8365925742649,-37.899998,144.80002,1.0,Australia/Sydney,air_quality_2026-08-26.json,2026-08-29T03:00:00+1000,2026-08-28T17:00:00+0000,2026-08-29,3,0.0,12.9,16.6
hobsons_bay,Hobsons Bay,23110,-37.85692420807772,144.8365925742649,-37.899998,144.80002,1.0,Australia/Sydney,air_quality_2026-08-26.json,2026-08-29T04:00:00+1000,2026-08-28T18:00:00+0000,2026-08-29,4,0.0,10.6,13.9
hobsons_bay,Hobsons Bay,23110,-37.85692420807772,144.8365925742649,-37.899998,144.80002,1.0,Australia/Sydney,air_quality_2026-08-26.json,2026-08-29T05:00:00+1000,2026-08-28T19:00:00+0000,2026-08-29,5,0.0,9.1,12.2
hobsons_bay,Hobsons Bay,23110,-37.85692420807772,144.8365925742649,-37.899998,144.80002,1.0,Australia/Sydney,air_quality_2026-08-26.json,2026-08-29T06:00:00+1000,2026-08-28T20:00:00+0000,2026-08-29,6,0.0,8.3,11.2
hobsons_bay,Hobsons Bay,23110,-37.85692420807772,144.8365925742649,-37.899998,144.80002,1.0,Australia/Sydney,air_quality_2026-08-26.json,2026-08-29T07:00:00+1000,2026-08-28T21:00:00+0000,2026-08-29,7,0.05,8.6,11.2
hobsons_bay,Hobsons Bay,23110,-37.85692420807772,144.8365925742649,-37.899998,144.80002,1.0,Australia/Sydney,air_quality_2026-08-26.json,2026-08-29T08:00:00+1000,2026-08-28T22:00:00+0000,2026-08-29,8,0.3,9.5,12.0
hobsons_bay,Hobsons Bay,23110,-37.85692420807772,144.8365925742649,-37.899998,144.80002,1.0,Australia/Sydney,air_quality_2026-08-26.json,2026-08-29T09:00:00+1000,2026-08-28T23:00:00+0000,2026-08-29,9,0.8,9.2,12.7
hobsons_bay,Hobsons Bay,23110,-37.85692420807772,144.8365925742649,-37.899998,144.80002,1.0,Australia/Sydney,air_quality_2026-08-26.json,2026-08-29T10:00:00+1000,2026-08-29T00:00:00+0000,2026-08-29,10,1.45,10.8,16.5
hobsons_bay,Hobsons Bay,23110,-37.85692420807772,144.8365925742649,-37.899998,144.80002,1.0,Australia/Sydney,air_quality_2026-08-26.json,2026-08-29T11:00:00+1000,2026-08-29T01:00:00+0000,2026-08-29,11,1.75,11.2,17.9
hobsons_bay,Hobsons Bay,23110,-37.85692420807772,144.8365925742649,-37.899998,144.80002,1.0,Australia/Sydney,air_quality_2026-08-26.json,2026-08-29T12:00:00+1000,2026-08-29T02:00:00+0000,2026-08-29,12,1.65,11.4,18.3
hobsons_bay,Hobsons Bay,23110,-37.85692420807772,144.8365925742649,-37.899998,144.80002,1.0,Australia/Sydney,air_quality_2026-08-26.json,2026-08-29T13:00:00+1000,2026-08-29T03:00:00+0000,2026-08-29,13,1.65,13.7,21.9
hobsons_bay,Hobsons Bay,23110,-37.85692420807772,144.8365925742649,-37.899998,144.80002,1.0,Australia/Sydney,air_quality_2026-08-26.json,2026-08-29T14:00:00+1000,2026-08-29T04:00:00+0000,2026-08-29,14,1.25,13.4,21.2
hobsons_bay,Hobsons Bay,23110,-37.85692420807772,144.8365925742649,-37.899998,144.80002,1.0,Australia/Sydney,air_quality_2026-08-26.json,2026-08-29T15:00:00+1000,2026-08-29T05:00:00+0000,2026-08-29,15,0.75,16.3,25.8
hobsons_bay,Hobsons Bay,23110,-37.85692420807772,144.8365925742649,-37.899998,144.80002,1.0,Australia/Sydney,air_quality_2026-08-26.json,2026-08-29T16:00:00+1000,2026-08-29T06:00:00+0000,2026-08-29,16,0.35,15.7,24.7
hobsons_bay,Hobsons Bay,23110,-37.85692420807772,144.8365925742649,-37.899998,144.80002,1.0,Australia/Sydney,air_quality_2026-08-26.json,2026-08-29T17:00:00+1000,2026-08-29T07:00:00+0000,2026-08-29,17,0.1,15.9,25.0
hobsons_bay,Hobsons Bay,23110,-37.85692420807772,144.8365925742649,-37.899998,144.80002,1.0,Australia/Sydney,air_quality_2026-08-26.json,2026-08-29T18:00:00+1000,2026-08-29T08:00:00+0000,2026-08-29,18,0.0,16.1,24.9
hobsons_bay,Hobsons Bay,23110,-37.85692420807772,144.8365925742649,-37.899998,144.80002,1.0,Australia/Sydney,air_quality_2026-08-26.json,2026-08-29T19:00:00+1000,2026-08-29T09:00:00+0000,2026-08-29,19,0.0,15.1,22.5
hobsons_bay,Hobsons Bay,23110,-37.85692420807772,144.8365925742649,-37.899998,144.80002,1.0,Australia/Sydney,air_quality_2026-08-26.json,2026-08-29T20:00:00+1000,2026-08-29T10:00:00+0000,2026-08-29,20,0.0,14.1,20.5
hobsons_bay,Hobsons Bay,23110,-37.85692420807772,144.8365925742649,-37.899998,144.80002,1.0,Australia/Sydney,air_quality_2026-08-26.json,2026-08-29T21:00:00+1000,2026-08-29T11:00:00+0000,2026-08-29,21,0.0,12.7,18.2
hobsons_bay,Hobsons Bay,23110,-37.85692420807772,144.8365925742649,-37.899998,144.80002,1.0,Australia/Sydney,air_quality_2026-08-26.json,2026-08-29T22:00:00+1000,2026-08-29T12:00:00+0000,2026-08-29,22,0.0,11.0,15.5
hobsons_bay,Hobsons Bay,23110,-37.85692420807772,144.8365925742649,-37.899998,144.80002,1.0,Australia/Sydney,air_quality_2026-08-26.json,2026-08-29T23:00:00+1000,2026-08-29T13:00:00+0000,2026-08-29,23,0.0,10.1,14.3
hobsons_bay,Hobsons Bay,23110,-37.85692420807772,144.8365925742649,-37.899998,144.80002,1.0,Australia/Sydney,air_quality_2026-08-26.json,2026-08-30T00:00:00+1000,2026-08-29T14:00:00+0000,2026-08-30,0,0.0,9.0,12.8
hobsons_bay,Hobsons Bay,23110,-37.85692420807772,144.8365925742649,-37.899998,144.80002,1.0,Australia/Sydney,air_quality_2026-08-26.json,2026-08-30T01:00:00+1000,2026-08-29T15:00:00+0000,2026-08-30,1,0.0,8.6,12.5
hobsons_bay,Hobsons Bay,23110,-37.85692420807772,144.8365925742649,-37.899998,144.80002,1.0,Australia/Sydney,air_quality_2026-08-26.json,2026-08-30T02:00:00+1000,2026-08-29T16:00:00+0000,2026-08-30,2,0.0,8.3,12.3
hobsons_bay,Hobsons Bay,23110,-37.85692420807772,144.8365925742649,-37.899998,144.80002,1.0,Australia/Sydney,air_quality_2026-08-26.json,2026-08-30T03:00:00+1000,2026-08-29T17:00:00+0000,2026-08-30,3,0.0,7.8,11.6
hobsons_bay,Hobsons Bay,23110,-37.85692420807772,144.8365925742649,-37.899998,144.80002,1.0,Australia/Sydney,air_quality_2026-08-26.json,2026-08-30T04:00:00+1000,2026-08-29T18:00:00+0000,2026-08-30,4,0.0,7.3,10.9
hobsons_bay,Hobsons Bay,23110,-37.85692420807772,144.8365925742649,-37.899998,144.80002,1.0,Australia/Sydney,air_quality_2026-08-26.json,2026-08-30T05:00:00+1000,2026-08-29T19:00:00+0000,2026-08-30,5,0.0,6.9,10.4
hobsons_bay,Hobsons Bay,23110,-37.85692420807772,144.8365925742649,-37.899998,144.80002,1.0,Australia/Sydney,air_quality_2026-08-26.json,2026-08-30T06:00:00+1000,2026-08-29T20:00:00+0000,2026-08-30,6,0.0,7.0,10.4
hobsons_bay,Hobsons Bay,23110,-37.85692420807772,144.8365925742649,-37.899998,144.80002,1.0,Australia/Sydney,air_quality_2026-08-26.json,2026-08-30T07:00:00+1000,2026-08-29T21:00:00+0000,2026-08-30,7,0.0,7.7,11.2
hobsons_bay,Hobsons Bay,23110,-37.85692420807772,144.8365925742649,-37.899998,144.80002,1.0,Australia/Sydney,air_quality_2026-08-26.json,2026-08-30T08:00:00+1000,2026-08-29T22:00:00+0000,2026-08-30,8,0.2,8.8,12.3
hobsons_bay,Hobsons Bay,23110,-37.85692420807772,144.8365925742649,-37.899998,144.80002,1.0,Australia/Sydney,air_quality_2026-08-26.json,2026-08-30T09:00:00+1000,2026-08-29T23:00:00+0000,2026-08-30,9,0.65,9.9,14.6
hobsons_bay,Hobsons Bay,23110,-37.85692420807772,144.8365925742649,-37.899998,144.80002,1.0,Australia/Sydney,air_quality_2026-08-26.json,2026-08-30T10:00:00+1000,2026-08-30T00:00:00+0000,2026-08-30,10,1.4,11.1,17.2
hobsons_bay,Hobsons Bay,23110,-37.85692420807772,144.8365925742649,-37.899998,144.80002,1.0,Australia/Sydney,air_quality_2026-08-26.json,2026-08-30T11:00:00+1000,2026-08-30T01:00:00+0000,2026-08-30,11,2.1,11.1,17.5
hobsons_bay,Hobsons Bay,23110,-37.85692420807772,144.8365925742649,-37.899998,144.80002,1.0,Australia/Sydney,air_quality_2026-08-26.json,2026-08-30T12:00:00+1000,2026-08-30T02:00:00+0000,2026-08-30,12,2.5,11.2,17.5
hobsons_bay,Hobsons Bay,23110,-37.85692420807772,144.8365925742649,-37.899998,144.80002,1.0,Australia/Sydney,air_quality_2026-08-26.json,2026-08-30T13:00:00+1000,2026-08-30T03:00:00+0000,2026-08-30,13,2.55,10.3,16.0
hobsons_bay,Hobsons Bay,23110,-37.85692420807772,144.8365925742649,-37.899998,144.80002,1.0,Australia/Sydney,air_quality_2026-08-26.json,2026-08-30T14:00:00+1000,2026-08-30T04:00:00+0000,2026-08-30,14,2.2,9.7,15.0
hobsons_bay,Hobsons Bay,23110,-37.85692420807772,144.8365925742649,-37.899998,144.80002,1.0,Australia/Sydney,air_quality_2026-08-26.json,2026-08-30T15:00:00+1000,2026-08-30T05:00:00+0000,2026-08-30,15,1.25,9.8,15.1
hobsons_bay,Hobsons Bay,23110,-37.85692420807772,144.8365925742649,-37.899998,144.80002,1.0,Australia/Sydney,air_quality_2026-08-26.json,2026-08-30T16:00:00+1000,2026-08-30T06:00:00+0000,2026-08-30,16,0.55,10.1,15.5
hobsons_bay,Hobsons Bay,23110,-37.85692420807772,144.8365925742649,-37.899998,144.80002,1.0,Australia/Sydney,air_quality_2026-08-26.json,2026-08-30T17:00:00+1000,2026-08-30T07:00:00+0000,2026-08-30,17,0.1,10.4,15.9
hobsons_bay,Hobsons Bay,23110,-37.85692420807772,144.8365925742649,-37.899998,144.80002,1.0,Australia/Sydney,air_quality_2026-08-26.json,2026-08-30T18:00:00+1000,2026-08-30T08:00:00+0000,2026-08-30,18,0.0,11.6,17.2
hobsons_bay,Hobsons Bay,23110,-37.85692420807772,144.8365925742649,-37.899998,144.80002,1.0,Australia/Sydney,air_quality_2026-08-26.json,2026-08-30T19:00:00+1000,2026-08-30T09:00:00+0000,2026-08-30,19,0.0,11.2,16.0
hobsons_bay,Hobsons Bay,23110,-37.85692420807772,144.8365925742649,-37.899998,144.80002,1.0,Australia/Sydney,air_quality_2026-08-26.json,2026-08-30T20:00:00+1000,2026-08-30T10:00:00+0000,2026-08-30,20,0.0,10.6,14.9
hobsons_bay,Hobsons Bay,23110,-37.85692420807772,144.8365925742649,-37.899998,144.80002,1.0,Australia/Sydney,air_quality_2026-08-26.json,2026-08-30T21:00:00+1000,2026-08-30T11:00:00+0000,2026-08-30,21,0.0,10.9,15.2
hobsons_bay,Hobsons Bay,23110,-37.85692420807772,144.8365925742649,-37.899998,144.80002,1.0,Australia/Sydney,air_quality_2026-08-26.json,2026-08-30T22:00:00+1000,2026-08-30T12:00:00+0000,2026-08-30,22,0.0,11.8,16.4
hume,Hume,23270,-37.5971521009482,144.823570879774,-37.6,144.80002,147.0,Australia/Sydney,air_quality_2026-08-26.json,2026-08-26T00:00:00+1000,2026-08-25T14:00:00+0000,2026-08-26,0,0.0,3.3,4.0
hume,Hume,23270,-37.5971521009482,144.823570879774,-37.6,144.80002,147.0,Australia/Sydney,air_quality_2026-08-26.json,2026-08-26T01:00:00+1000,2026-08-25T15:00:00+0000,2026-08-26,1,0.0,3.1,4.0
hume,Hume,23270,-37.5971521009482,144.823570879774,-37.6,144.80002,147.0,Australia/Sydney,air_quality_2026-08-26.json,2026-08-26T02:00:00+1000,2026-08-25T16:00:00+0000,2026-08-26,2,0.0,3.4,4.6
hume,Hume,23270,-37.5971521009482,144.823570879774,-37.6,144.80002,147.0,Australia/Sydney,air_quality_2026-08-26.json,2026-08-26T03:00:00+1000,2026-08-25T17:00:00+0000,2026-08-26,3,0.0,3.6,4.9
hume,Hume,23270,-37.5971521009482,144.823570879774,-37.6,144.80002,147.0,Australia/Sydney,air_quality_2026-08-26.json,2026-08-26T04:00:00+1000,2026-08-25T18:00:00+0000,2026-08-26,4,0.0,3.9,5.5
hume,Hume,23270,-37.5971521009482,144.823570879774,-37.6,144.80002,147.0,Australia/Sydney,air_quality_2026-08-26.json,2026-08-26T05:00:00+1000,2026-08-25T19:00:00+0000,2026-08-26,5,0.0,4.3,6.1
hume,Hume,23270,-37.5971521009482,144.823570879774,-37.6,144.80002,147.0,Australia/Sydney,air_quality_2026-08-26.json,2026-08-26T06:00:00+1000,2026-08-25T20:00:00+0000,2026-08-26,6,0.0,4.6,6.4
hume,Hume,23270,-37.5971521009482,144.823570879774,-37.6,144.80002,147.0,Australia/Sydney,air_quality_2026-08-26.json,2026-08-26T07:00:00+1000,2026-08-25T21:00:00+0000,2026-08-26,7,0.0,5.4,7.3
hume,Hume,23270,-37.5971521009482,144.823570879774,-37.6,144.80002,147.0,Australia/Sydney,air_quality_2026-08-26.json,2026-08-26T08:00:00+1000,2026-08-25T22:00:00+0000,2026-08-26,8,0.25,5.8,8.1
hume,Hume,23270,-37.5971521009482,144.823570879774,-37.6,144.80002,147.0,Australia/Sydney,air_quality_2026-08-26.json,2026-08-26T09:00:00+1000,2026-08-25T23:00:00+0000,2026-08-26,9,0.9,5.4,7.9
hume,Hume,23270,-37.5971521009482,144.823570879774,-37.6,144.80002,147.0,Australia/Sydney,air_quality_2026-08-26.json,2026-08-26T10:00:00+1000,2026-08-26T00:00:00+0000,2026-08-26,10,1.75,7.7,11.7
hume,Hume,23270,-37.5971521009482,144.823570879774,-37.6,144.80002,147.0,Australia/Sydney,air_quality_2026-08-26.json,2026-08-26T11:00:00+1000,2026-08-26T01:00:00+0000,2026-08-26,11,2.45,6.6,10.0
hume,Hume,23270,-37.5971521009482,144.823570879774,-37.6,144.80002,147.0,Australia/Sydney,air_quality_2026-08-26.json,2026-08-26T12:00:00+1000,2026-08-26T02:00:00+0000,2026-08-26,12,2.35,7.1,10.9
hume,Hume,23270,-37.5971521009482,144.823570879774,-37.6,144.80002,147.0,Australia/Sydney,air_quality_2026-08-26.json,2026-08-26T13:00:00+1000,2026-08-26T03:00:00+0000,2026-08-26,13,2.3,6.8,10.5
hume,Hume,23270,-37.5971521009482,144.823570879774,-37.6,144.80002,147.0,Australia/Sydney,air_quality_2026-08-26.json,2026-08-26T14:00:00+1000,2026-08-26T04:00:00+0000,2026-08-26,14,1.7,6.7,10.3
hume,Hume,23270,-37.5971521009482,144.823570879774,-37.6,144.80002,147.0,Australia/Sydney,air_quality_2026-08-26.json,2026-08-26T15:00:00+1000,2026-08-26T05:00:00+0000,2026-08-26,15,0.95,6.7,10.2
hume,Hume,23270,-37.5971521009482,144.823570879774,-37.6,144.80002,147.0,Australia/Sydney,air_quality_2026-08-26.json,2026-08-26T16:00:00+1000,2026-08-26T06:00:00+0000,2026-08-26,16,0.5,7.1,10.7
hume,Hume,23270,-37.5971521009482,144.823570879774,-37.6,144.80002,147.0,Australia/Sydney,air_quality_2026-08-26.json,2026-08-26T17:00:00+1000,2026-08-26T07:00:00+0000,2026-08-26,17,0.15,7.4,11.0
hume,Hume,23270,-37.5971521009482,144.823570879774,-37.6,144.80002,147.0,Australia/Sydney,air_quality_2026-08-26.json,2026-08-26T18:00:00+1000,2026-08-26T08:00:00+0000,2026-08-26,18,0.0,9.5,13.2
hume,Hume,23270,-37.5971521009482,144.823570879774,-37.6,144.80002,147.0,Australia/Sydney,air_quality_2026-08-26.json,2026-08-26T19:00:00+1000,2026-08-26T09:00:00+0000,2026-08-26,19,0.0,11.9,15.7
hume,Hume,23270,-37.5971521009482,144.823570879774,-37.6,144.80002,147.0,Australia/Sydney,air_quality_2026-08-26.json,2026-08-26T20:00:00+1000,2026-08-26T10:00:00+0000,2026-08-26,20,0.0,12.6,16.1
hume,Hume,23270,-37.5971521009482,144.823570879774,-37.6,144.80002,147.0,Australia/Sydney,air_quality_2026-08-26.json,2026-08-26T21:00:00+1000,2026-08-26T11:00:00+0000,2026-08-26,21,0.0,11.6,14.0
hume,Hume,23270,-37.5971521009482,144.823570879774,-37.6,144.80002,147.0,Australia/Sydney,air_quality_2026-08-26.json,2026-08-26T22:00:00+1000,2026-08-26T12:00:00+0000,2026-08-26,22,0.0,11.5,13.8
hume,Hume,23270,-37.5971521009482,144.823570879774,-37.6,144.80002,147.0,Australia/Sydney,air_quality_2026-08-26.json,2026-08-26T23:00:00+1000,2026-08-26T13:00:00+0000,2026-08-26,23,0.0,11.4,13.6
hume,Hume,23270,-37.5971521009482,144.823570879774,-37.6,144.80002,147.0,Australia/Sydney,air_quality_2026-08-26.json,2026-08-27T00:00:00+1000,2026-08-26T14:00:00+0000,2026-08-27,0,0.0,10.9,13.1
hume,Hume,23270,-37.5971521009482,144.823570879774,-37.6,144.80002,147.0,Australia/Sydney,air_quality_2026-08-26.json,2026-08-27T01:00:00+1000,2026-08-26T15:00:00+0000,2026-08-27,1,0.0,10.0,12.3
hume,Hume,23270,-37.5971521009482,144.823570879774,-37.6,144.80002,147.0,Australia/Sydney,air_quality_2026-08-26.json,2026-08-27T02:00:00+1000,2026-08-26T16:00:00+0000,2026-08-27,2,0.0,9.4,11.6
hume,Hume,23270,-37.5971521009482,144.823570879774,-37.6,144.80002,147.0,Australia/Sydney,air_quality_2026-08-26.json,2026-08-27T03:00:00+1000,2026-08-26T17:00:00+0000,2026-08-27,3,0.0,8.8,11.2
hume,Hume,23270,-37.5971521009482,144.823570879774,-37.6,144.80002,147.0,Australia/Sydney,air_quality_2026-08-26.json,2026-08-27T04:00:00+1000,2026-08-26T18:00:00+0000,2026-08-27,4,0.0,8.6,11.1
hume,Hume,23270,-37.5971521009482,144.823570879774,-37.6,144.80002,147.0,Australia/Sydney,air_quality_2026-08-26.json,2026-08-27T05:00:00+1000,2026-08-26T19:00:00+0000,2026-08-27,5,0.0,8.6,11.2
hume,Hume,23270,-37.5971521009482,144.823570879774,-37.6,144.80002,147.0,Australia/Sydney,air_quality_2026-08-26.json,2026-08-27T06:00:00+1000,2026-08-26T20:00:00+0000,2026-08-27,6,0.0,9.3,12.0
hume,Hume,23270,-37.5971521009482,144.823570879774,-37.6,144.80002,147.0,Australia/Sydney,air_quality_2026-08-26.json,2026-08-27T07:00:00+1000,2026-08-26T21:00:00+0000,2026-08-27,7,0.05,12.7,15.4
hume,Hume,23270,-37.5971521009482,144.823570879774,-37.6,144.80002,147.0,Australia/Sydney,air_quality_2026-08-26.json,2026-08-27T08:00:00+1000,2026-08-26T22:00:00+0000,2026-08-27,8,0.35,17.9,19.8
hume,Hume,23270,-37.5971521009482,144.823570879774,-37.6,144.80002,147.0,Australia/Sydney,air_quality_2026-08-26.json,2026-08-27T09:00:00+1000,2026-08-26T23:00:00+0000,2026-08-27,9,1.15,12.0,15.5
hume,Hume,23270,-37.5971521009482,144.823570879774,-37.6,144.80002,147.0,Australia/Sydney,air_quality_2026-08-26.json,2026-08-27T10:00:00+1000,2026-08-27T00:00:00+0000,2026-08-27,10,2.35,8.9,13.0
hume,Hume,23270,-37.5971521009482,144.823570879774,-37.6,144.80002,147.0,Australia/Sydney,air_quality_2026-08-26.json,2026-08-27T11:00:00+1000,2026-08-27T01:00:00+0000,2026-08-27,11,3.45,8.4,12.4
hume,Hume,23270,-37.5971521009482,144.823570879774,-37.6,144.80002,147.0,Australia/Sydney,air_quality_2026-08-26.json,2026-08-27T12:00:00+1000,2026-08-27T02:00:00+0000,2026-08-27,12,3.95,8.3,12.2
hume,Hume,23270,-37.5971521009482,144.823570879774,-37.6,144.80002,147.0,Australia/Sydney,air_quality_2026-08-26.json,2026-08-27T13:00:00+1000,2026-08-27T03:00:00+0000,2026-08-27,13,3.7,8.4,12.0
hume,Hume,23270,-37.5971521009482,144.823570879774,-37.6,144.80002,147.0,Australia/Sydney,air_quality_2026-08-26.json,2026-08-27T14:00:00+1000,2026-08-27T04:00:00+0000,2026-08-27,14,2.8,8.4,12.0
hume,Hume,23270,-37.5971521009482,144.823570879774,-37.6,144.80002,147.0,Australia/Sydney,air_quality_2026-08-26.json,2026-08-27T15:00:00+1000,2026-08-27T05:00:00+0000,2026-08-27,15,1.65,8.6,12.1
hume,Hume,23270,-37.5971521009482,144.823570879774,-37.6,144.80002,147.0,Australia/Sydney,air_quality_2026-08-26.json,2026-08-27T16:00:00+1000,2026-08-27T06:00:00+0000,2026-08-27,16,0.65,8.3,11.6
hume,Hume,23270,-37.5971521009482,144.823570879774,-37.6,144.80002,147.0,Australia/Sydney,air_quality_2026-08-26.json,2026-08-27T17:00:00+1000,2026-08-27T07:00:00+0000,2026-08-27,17,0.15,10.6,13.8
hume,Hume,23270,-37.5971521009482,144.823570879774,-37.6,144.80002,147.0,Australia/Sydney,air_quality_2026-08-26.json,2026-08-27T18:00:00+1000,2026-08-27T08:00:00+0000,2026-08-27,18,0.0,15.9,19.1
hume,Hume,23270,-37.5971521009482,144.823570879774,-37.6,144.80002,147.0,Australia/Sydney,air_quality_2026-08-26.json,2026-08-27T19:00:00+1000,2026-08-27T09:00:00+0000,2026-08-27,19,0.0,20.5,23.6
hume,Hume,23270,-37.5971521009482,144.823570879774,-37.6,144.80002,147.0,Australia/Sydney,air_quality_2026-08-26.json,2026-08-27T20:00:00+1000,2026-08-27T10:00:00+0000,2026-08-27,20,0.0,24.6,27.5
hume,Hume,23270,-37.5971521009482,144.823570879774,-37.6,144.80002,147.0,Australia/Sydney,air_quality_2026-08-26.json,2026-08-27T21:00:00+1000,2026-08-27T11:00:00+0000,2026-08-27,21,0.0,28.2,31.0
hume,Hume,23270,-37.5971521009482,144.823570879774,-37.6,144.80002,147.0,Australia/Sydney,air_quality_2026-08-26.json,2026-08-27T22:00:00+1000,2026-08-27T12:00:00+0000,2026-08-27,22,0.0,28.2,30.3
hume,Hume,23270,-37.5971521009482,144.823570879774,-37.6,144.80002,147.0,Australia/Sydney,air_quality_2026-08-26.json,2026-08-27T23:00:00+1000,2026-08-27T13:00:00+0000,2026-08-27,23,0.0,22.9,24.3
hume,Hume,23270,-37.5971521009482,144.823570879774,-37.6,144.80002,147.0,Australia/Sydney,air_quality_2026-08-26.json,2026-08-28T00:00:00+1000,2026-08-27T14:00:00+0000,2026-08-28,0,0.0,16.9,18.0
hume,Hume,23270,-37.5971521009482,144.823570879774,-37.6,144.80002,147.0,Australia/Sydney,air_quality_2026-08-26.json,2026-08-28T01:00:00+1000,2026-08-27T15:00:00+0000,2026-08-28,1,0.0,12.6,13.5
hume,Hume,23270,-37.5971521009482,144.823570879774,-37.6,144.80002,147.0,Australia/Sydney,air_quality_2026-08-26.json,2026-08-28T02:00:00+1000,2026-08-27T16:00:00+0000,2026-08-28,2,0.0,9.5,10.4
hume,Hume,23270,-37.5971521009482,144.823570879774,-37.6,144.80002,147.0,Australia/Sydney,air_quality_2026-08-26.json,2026-08-28T03:00:00+1000,2026-08-27T17:00:00+0000,2026-08-28,3,0.0,7.2,8.1
hume,Hume,23270,-37.5971521009482,144.823570879774,-37.6,144.80002,147.0,Australia/Sydney,air_quality_2026-08-26.json,2026-08-28T04:00:00+1000,2026-08-27T18:00:00+0000,2026-08-28,4,0.0,5.8,6.8
hume,Hume,23270,-37.5971521009482,144.823570879774,-37.6,144.80002,147.0,Australia/Sydney,air_quality_2026-08-26.json,2026-08-28T05:00:00+1000,2026-08-27T19:00:00+0000,2026-08-28,5,0.0,5.2,6.3
hume,Hume,23270,-37.5971521009482,144.823570879774,-37.6,144.80002,147.0,Australia/Sydney,air_quality_2026-08-26.json,2026-08-28T06:00:00+1000,2026-08-27T20:00:00+0000,2026-08-28,6,0.0,5.1,6.2
hume,Hume,23270,-37.5971521009482,144.823570879774,-37.6,144.80002,147.0,Australia/Sydney,air_quality_2026-08-26.json,2026-08-28T07:00:00+1000,2026-08-27T21:00:00+0000,2026-08-28,7,0.05,6.4,7.5
hume,Hume,23270,-37.5971521009482,144.823570879774,-37.6,144.80002,147.0,Australia/Sydney,air_quality_2026-08-26.json,2026-08-28T08:00:00+1000,2026-08-27T22:00:00+0000,2026-08-28,8,0.2,8.1,9.3
hume,Hume,23270,-37.5971521009482,144.823570879774,-37.6,144.80002,147.0,Australia/Sydney,air_quality_2026-08-26.json,2026-08-28T09:00:00+1000,2026-08-27T23:00:00+0000,2026-08-28,9,0.55,10.4,11.6
hume,Hume,23270,-37.5971521009482,144.823570879774,-37.6,144.80002,147.0,Australia/Sydney,air_quality_2026-08-26.json,2026-08-28T10:00:00+1000,2026-08-28T00:00:00+0000,2026-08-28,10,1.05,8.3,10.2
hume,Hume,23270,-37.5971521009482,144.823570879774,-37.6,144.80002,147.0,Australia/Sydney,air_quality_2026-08-26.json,2026-08-28T11:00:00+1000,2026-08-28T01:00:00+0000,2026-08-28,11,1.5,7.2,9.1
hume,Hume,23270,-37.5971521009482,144.823570879774,-37.6,144.80002,147.0,Australia/Sydney,air_quality_2026-08-26.json,2026-08-28T12:00:00+1000,2026-08-28T02:00:00+0000,2026-08-28,12,1.45,4.9,6.1
hume,Hume,23270,-37.5971521009482,144.823570879774,-37.6,144.80002,147.0,Australia/Sydney,air_quality_2026-08-26.json,2026-08-28T13:00:00+1000,2026-08-28T03:00:00+0000,2026-08-28,13,2.85,4.0,5.0
hume,Hume,23270,-37.5971521009482,144.823570879774,-37.6,144.80002,147.0,Australia/Sydney,air_quality_2026-08-26.json,2026-08-28T14:00:00+1000,2026-08-28T04:00:00+0000,2026-08-28,14,2.2,3.8,5.1
hume,Hume,23270,-37.5971521009482,144.823570879774,-37.6,144.80002,147.0,Australia/Sydney,air_quality_2026-08-26.json,2026-08-28T15:00:00+1000,2026-08-28T05:00:00+0000,2026-08-28,15,1.5,4.7,6.6
hume,Hume,23270,-37.5971521009482,144.823570879774,-37.6,144.80002,147.0,Australia/Sydney,air_quality_2026-08-26.json,2026-08-28T16:00:00+1000,2026-08-28T06:00:00+0000,2026-08-28,16,0.65,6.3,9.2
hume,Hume,23270,-37.5971521009482,144.823570879774,-37.6,144.80002,147.0,Australia/Sydney,air_quality_2026-08-26.json,2026-08-28T17:00:00+1000,2026-08-28T07:00:00+0000,2026-08-28,17,0.15,8.2,12.1
hume,Hume,23270,-37.5971521009482,144.823570879774,-37.6,144.80002,147.0,Australia/Sydney,air_quality_2026-08-26.json,2026-08-28T18:00:00+1000,2026-08-28T08:00:00+0000,2026-08-28,18,0.0,11.3,15.4
hume,Hume,23270,-37.5971521009482,144.823570879774,-37.6,144.80002,147.0,Australia/Sydney,air_quality_2026-08-26.json,2026-08-28T19:00:00+1000,2026-08-28T09:00:00+0000,2026-08-28,19,0.0,14.8,18.6
hume,Hume,23270,-37.5971521009482,144.823570879774,-37.6,144.80002,147.0,Australia/Sydney,air_quality_2026-08-26.json,2026-08-28T20:00:00+1000,2026-08-28T10:00:00+0000,2026-08-28,20,0.0,19.0,23.3
hume,Hume,23270,-37.5971521009482,144.823570879774,-37.6,144.80002,147.0,Australia/Sydney,air_quality_2026-08-26.json,2026-08-28T21:00:00+1000,2026-08-28T11:00:00+0000,2026-08-28,21,0.0,22.0,26.8
hume,Hume,23270,-37.5971521009482,144.823570879774,-37.6,144.80002,147.0,Australia/Sydney,air_quality_2026-08-26.json,2026-08-28T22:00:00+1000,2026-08-28T12:00:00+0000,2026-08-28,22,0.0,26.8,32.1
hume,Hume,23270,-37.5971521009482,144.823570879774,-37.6,144.80002,147.0,Australia/Sydney,air_quality_2026-08-26.json,2026-08-28T23:00:00+1000,2026-08-28T13:00:00+0000,2026-08-28,23,0.0,27.9,33.6
hume,Hume,23270,-37.5971521009482,144.823570879774,-37.6,144.80002,147.0,Australia/Sydney,air_quality_2026-08-26.json,2026-08-29T00:00:00+1000,2026-08-28T14:00:00+0000,2026-08-29,0,0.0,28.5,34.3
hume,Hume,23270,-37.5971521009482,144.823570879774,-37.6,144.80002,147.0,Australia/Sydney,air_quality_2026-08-26.json,2026-08-29T01:00:00+1000,2026-08-28T15:00:00+0000,2026-08-29,1,0.0,27.4,33.2
hume,Hume,23270,-37.5971521009482,144.823570879774,-37.6,144.80002,147.0,Australia/Sydney,air_quality_2026-08-26.json,2026-08-29T02:00:00+1000,2026-08-28T16:00:00+0000,2026-08-29,2,0.0,24.8,30.4
hume,Hume,23270,-37.5971521009482,144.823570879774,-37.6,144.80002,147.0,Australia/Sydney,air_quality_2026-08-26.json,2026-08-29T03:00:00+1000,2026-08-28T17:00:00+0000,2026-08-29,3,0.0,20.9,25.7
hume,Hume,23270,-37.5971521009482,144.823570879774,-37.6,144.80002,147.0,Australia/Sydney,air_quality_2026-08-26.json,2026-08-29T04:00:00+1000,2026-08-28T18:00:00+0000,2026-08-29,4,0.0,16.6,20.6
hume,Hume,23270,-37.5971521009482,144.823570879774,-37.6,144.80002,147.0,Australia/Sydney,air_quality_2026-08-26.json,2026-08-29T05:00:00+1000,2026-08-28T19:00:00+0000,2026-08-29,5,0.0,12.8,16.4
hume,Hume,23270,-37.5971521009482,144.823570879774,-37.6,144.80002,147.0,Australia/Sydney,air_quality_2026-08-26.json,2026-08-29T06:00:00+1000,2026-08-28T20:00:00+0000,2026-08-29,6,0.0,10.6,13.8
hume,Hume,23270,-37.5971521009482,144.823570879774,-37.6,144.80002,147.0,Australia/Sydney,air_quality_2026-08-26.json,2026-08-29T07:00:00+1000,2026-08-28T21:00:00+0000,2026-08-29,7,0.05,11.3,14.0
hume,Hume,23270,-37.5971521009482,144.823570879774,-37.6,144.80002,147.0,Australia/Sydney,air_quality_2026-08-26.json,2026-08-29T08:00:00+1000,2026-08-28T22:00:00+0000,2026-08-29,8,0.4,12.3,14.9
hume,Hume,23270,-37.5971521009482,144.823570879774,-37.6,144.80002,147.0,Australia/Sydney,air_quality_2026-08-26.json,2026-08-29T09:00:00+1000,2026-08-28T23:00:00+0000,2026-08-29,9,1.05,11.6,15.7
hume,Hume,23270,-37.5971521009482,144.823570879774,-37.6,144.80002,147.0,Australia/Sydney,air_quality_2026-08-26.json,2026-08-29T10:00:00+1000,2026-08-29T00:00:00+0000,2026-08-29,10,1.95,11.9,17.6
hume,Hume,23270,-37.5971521009482,144.823570879774,-37.6,144.80002,147.0,Australia/Sydney,air_quality_2026-08-26.json,2026-08-29T11:00:00+1000,2026-08-29T01:00:00+0000,2026-08-29,11,2.55,11.5,17.9
hume,Hume,23270,-37.5971521009482,144.823570879774,-37.6,144.80002,147.0,Australia/Sydney,air_quality_2026-08-26.json,2026-08-29T12:00:00+1000,2026-08-29T02:00:00+0000,2026-08-29,12,2.75,11.1,17.2
hume,Hume,23270,-37.5971521009482,144.823570879774,-37.6,144.80002,147.0,Australia/Sydney,air_quality_2026-08-26.json,2026-08-29T13:00:00+1000,2026-08-29T03:00:00+0000,2026-08-29,13,2.55,11.1,17.1
hume,Hume,23270,-37.5971521009482,144.823570879774,-37.6,144.80002,147.0,Australia/Sydney,air_quality_2026-08-26.json,2026-08-29T14:00:00+1000,2026-08-29T04:00:00+0000,2026-08-29,14,1.85,11.0,16.8
hume,Hume,23270,-37.5971521009482,144.823570879774,-37.6,144.80002,147.0,Australia/Sydney,air_quality_2026-08-26.json,2026-08-29T15:00:00+1000,2026-08-29T05:00:00+0000,2026-08-29,15,1.05,11.3,17.0
hume,Hume,23270,-37.5971521009482,144.823570879774,-37.6,144.80002,147.0,Australia/Sydney,air_quality_2026-08-26.json,2026-08-29T16:00:00+1000,2026-08-29T06:00:00+0000,2026-08-29,16,0.4,12.5,18.7
hume,Hume,23270,-37.5971521009482,144.823570879774,-37.6,144.80002,147.0,Australia/Sydney,air_quality_2026-08-26.json,2026-08-29T17:00:00+1000,2026-08-29T07:00:00+0000,2026-08-29,17,0.1,13.8,20.7
hume,Hume,23270,-37.5971521009482,144.823570879774,-37.6,144.80002,147.0,Australia/Sydney,air_quality_2026-08-26.json,2026-08-29T18:00:00+1000,2026-08-29T08:00:00+0000,2026-08-29,18,0.0,15.7,23.2
hume,Hume,23270,-37.5971521009482,144.823570879774,-37.6,144.80002,147.0,Australia/Sydney,air_quality_2026-08-26.json,2026-08-29T19:00:00+1000,2026-08-29T09:00:00+0000,2026-08-29,19,0.0,14.3,19.7
hume,Hume,23270,-37.5971521009482,144.823570879774,-37.6,144.80002,147.0,Australia/Sydney,air_quality_2026-08-26.json,2026-08-29T20:00:00+1000,2026-08-29T10:00:00+0000,2026-08-29,20,0.0,14.2,19.1
hume,Hume,23270,-37.5971521009482,144.823570879774,-37.6,144.80002,147.0,Australia/Sydney,air_quality_2026-08-26.json,2026-08-29T21:00:00+1000,2026-08-29T11:00:00+0000,2026-08-29,21,0.0,14.4,19.3
hume,Hume,23270,-37.5971521009482,144.823570879774,-37.6,144.80002,147.0,Australia/Sydney,air_quality_2026-08-26.json,2026-08-29T22:00:00+1000,2026-08-29T12:00:00+0000,2026-08-29,22,0.0,12.7,16.9
hume,Hume,23270,-37.5971521009482,144.823570879774,-37.6,144.80002,147.0,Australia/Sydney,air_quality_2026-08-26.json,2026-08-29T23:00:00+1000,2026-08-29T13:00:00+0000,2026-08-29,23,0.0,11.0,14.6
hume,Hume,23270,-37.5971521009482,144.823570879774,-37.6,144.80002,147.0,Australia/Sydney,air_quality_2026-08-26.json,2026-08-30T00:00:00+1000,2026-08-29T14:00:00+0000,2026-08-30,0,0.0,9.6,12.7
hume,Hume,23270,-37.5971521009482,144.823570879774,-37.6,144.80002,147.0,Australia/Sydney,air_quality_2026-08-26.json,2026-08-30T01:00:00+1000,2026-08-29T15:00:00+0000,2026-08-30,1,0.0,8.4,11.3
hume,Hume,23270,-37.5971521009482,144.823570879774,-37.6,144.80002,147.0,Australia/Sydney,air_quality_2026-08-26.json,2026-08-30T02:00:00+1000,2026-08-29T16:00:00+0000,2026-08-30,2,0.0,7.5,10.3
hume,Hume,23270,-37.5971521009482,144.823570879774,-37.6,144.80002,147.0,Australia/Sydney,air_quality_2026-08-26.json,2026-08-30T03:00:00+1000,2026-08-29T17:00:00+0000,2026-08-30,3,0.0,7.0,9.7
hume,Hume,23270,-37.5971521009482,144.823570879774,-37.6,144.80002,147.0,Australia/Sydney,air_quality_2026-08-26.json,2026-08-30T04:00:00+1000,2026-08-29T18:00:00+0000,2026-08-30,4,0.0,6.6,9.3
hume,Hume,23270,-37.5971521009482,144.823570879774,-37.6,144.80002,147.0,Australia/Sydney,air_quality_2026-08-26.json,2026-08-30T05:00:00+1000,2026-08-29T19:00:00+0000,2026-08-30,5,0.0,6.5,9.2
hume,Hume,23270,-37.5971521009482,144.823570879774,-37.6,144.80002,147.0,Australia/Sydney,air_quality_2026-08-26.json,2026-08-30T06:00:00+1000,2026-08-29T20:00:00+0000,2026-08-30,6,0.0,6.9,9.6
hume,Hume,23270,-37.5971521009482,144.823570879774,-37.6,144.80002,147.0,Australia/Sydney,air_quality_2026-08-26.json,2026-08-30T07:00:00+1000,2026-08-29T21:00:00+0000,2026-08-30,7,0.05,8.2,11.0
hume,Hume,23270,-37.5971521009482,144.823570879774,-37.6,144.80002,147.0,Australia/Sydney,air_quality_2026-08-26.json,2026-08-30T08:00:00+1000,2026-08-29T22:00:00+0000,2026-08-30,8,0.25,10.3,13.8
hume,Hume,23270,-37.5971521009482,144.823570879774,-37.6,144.80002,147.0,Australia/Sydney,air_quality_2026-08-26.json,2026-08-30T09:00:00+1000,2026-08-29T23:00:00+0000,2026-08-30,9,0.8,10.0,14.0
hume,Hume,23270,-37.5971521009482,144.823570879774,-37.6,144.80002,147.0,Australia/Sydney,air_quality_2026-08-26.json,2026-08-30T10:00:00+1000,2026-08-30T00:00:00+0000,2026-08-30,10,1.75,9.8,14.4
hume,Hume,23270,-37.5971521009482,144.823570879774,-37.6,144.80002,147.0,Australia/Sydney,air_quality_2026-08-26.json,2026-08-30T11:00:00+1000,2026-08-30T01:00:00+0000,2026-08-30,11,2.75,10.2,15.3
hume,Hume,23270,-37.5971521009482,144.823570879774,-37.6,144.80002,147.0,Australia/Sydney,air_quality_2026-08-26.json,2026-08-30T12:00:00+1000,2026-08-30T02:00:00+0000,2026-08-30,12,3.25,10.5,15.6
hume,Hume,23270,-37.5971521009482,144.823570879774,-37.6,144.80002,147.0,Australia/Sydney,air_quality_2026-08-26.json,2026-08-30T13:00:00+1000,2026-08-30T03:00:00+0000,2026-08-30,13,3.55,10.6,15.5
hume,Hume,23270,-37.5971521009482,144.823570879774,-37.6,144.80002,147.0,Australia/Sydney,air_quality_2026-08-26.json,2026-08-30T14:00:00+1000,2026-08-30T04:00:00+0000,2026-08-30,14,3.15,9.8,14.4
hume,Hume,23270,-37.5971521009482,144.823570879774,-37.6,144.80002,147.0,Australia/Sydney,air_quality_2026-08-26.json,2026-08-30T15:00:00+1000,2026-08-30T05:00:00+0000,2026-08-30,15,1.9,9.8,14.3
hume,Hume,23270,-37.5971521009482,144.823570879774,-37.6,144.80002,147.0,Australia/Sydney,air_quality_2026-08-26.json,2026-08-30T16:00:00+1000,2026-08-30T06:00:00+0000,2026-08-30,16,0.8,10.0,14.3
hume,Hume,23270,-37.5971521009482,144.823570879774,-37.6,144.80002,147.0,Australia/Sydney,air_quality_2026-08-26.json,2026-08-30T17:00:00+1000,2026-08-30T07:00:00+0000,2026-08-30,17,0.2,10.1,14.6
hume,Hume,23270,-37.5971521009482,144.823570879774,-37.6,144.80002,147.0,Australia/Sydney,air_quality_2026-08-26.json,2026-08-30T18:00:00+1000,2026-08-30T08:00:00+0000,2026-08-30,18,0.0,11.7,16.0
hume,Hume,23270,-37.5971521009482,144.823570879774,-37.6,144.80002,147.0,Australia/Sydney,air_quality_2026-08-26.json,2026-08-30T19:00:00+1000,2026-08-30T09:00:00+0000,2026-08-30,19,0.0,12.2,15.8
hume,Hume,23270,-37.5971521009482,144.823570879774,-37.6,144.80002,147.0,Australia/Sydney,air_quality_2026-08-26.json,2026-08-30T20:00:00+1000,2026-08-30T10:00:00+0000,2026-08-30,20,0.0,12.0,15.0
hume,Hume,23270,-37.5971521009482,144.823570879774,-37.6,144.80002,147.0,Australia/Sydney,air_quality_2026-08-26.json,2026-08-30T21:00:00+1000,2026-08-30T11:00:00+0000,2026-08-30,21,0.0,12.3,15.3
hume,Hume,23270,-37.5971521009482,144.823570879774,-37.6,144.80002,147.0,Australia/Sydney,air_quality_2026-08-26.json,2026-08-30T22:00:00+1000,2026-08-30T12:00:00+0000,2026-08-30,22,0.0,13.1,16.1
kingston,Kingston,23430,-37.97317532432438,145.09531946112688,-38.0,145.1,15.0,Australia/Sydney,air_quality_2026-08-26.json,2026-08-26T00:00:00+1000,2026-08-25T14:00:00+0000,2026-08-26,0,0.0,3.8,5.5
kingston,Kingston,23430,-37.97317532432438,145.09531946112688,-38.0,145.1,15.0,Australia/Sydney,air_quality_2026-08-26.json,2026-08-26T01:00:00+1000,2026-08-25T15:00:00+0000,2026-08-26,1,0.0,3.9,6.0
kingston,Kingston,23430,-37.97317532432438,145.09531946112688,-38.0,145.1,15.0,Australia/Sydney,air_quality_2026-08-26.json,2026-08-26T02:00:00+1000,2026-08-25T16:00:00+0000,2026-08-26,2,0.0,4.4,7.0
kingston,Kingston,23430,-37.97317532432438,145.09531946112688,-38.0,145.1,15.0,Australia/Sydney,air_quality_2026-08-26.json,2026-08-26T03:00:00+1000,2026-08-25T17:00:00+0000,2026-08-26,3,0.0,4.9,7.8
kingston,Kingston,23430,-37.97317532432438,145.09531946112688,-38.0,145.1,15.0,Australia/Sydney,air_quality_2026-08-26.json,2026-08-26T04:00:00+1000,2026-08-25T18:00:00+0000,2026-08-26,4,0.0,5.1,8.1
kingston,Kingston,23430,-37.97317532432438,145.09531946112688,-38.0,145.1,15.0,Australia/Sydney,air_quality_2026-08-26.json,2026-08-26T05:00:00+1000,2026-08-25T19:00:00+0000,2026-08-26,5,0.0,5.3,8.4
kingston,Kingston,23430,-37.97317532432438,145.09531946112688,-38.0,145.1,15.0,Australia/Sydney,air_quality_2026-08-26.json,2026-08-26T06:00:00+1000,2026-08-25T20:00:00+0000,2026-08-26,6,0.0,5.4,8.4
kingston,Kingston,23430,-37.97317532432438,145.09531946112688,-38.0,145.1,15.0,Australia/Sydney,air_quality_2026-08-26.json,2026-08-26T07:00:00+1000,2026-08-25T21:00:00+0000,2026-08-26,7,0.05,5.9,8.7
kingston,Kingston,23430,-37.97317532432438,145.09531946112688,-38.0,145.1,15.0,Australia/Sydney,air_quality_2026-08-26.json,2026-08-26T08:00:00+1000,2026-08-25T22:00:00+0000,2026-08-26,8,0.35,6.5,9.5
kingston,Kingston,23430,-37.97317532432438,145.09531946112688,-38.0,145.1,15.0,Australia/Sydney,air_quality_2026-08-26.json,2026-08-26T09:00:00+1000,2026-08-25T23:00:00+0000,2026-08-26,9,1.0,6.5,9.9
kingston,Kingston,23430,-37.97317532432438,145.09531946112688,-38.0,145.1,15.0,Australia/Sydney,air_quality_2026-08-26.json,2026-08-26T10:00:00+1000,2026-08-26T00:00:00+0000,2026-08-26,10,1.9,7.9,12.5
kingston,Kingston,23430,-37.97317532432438,145.09531946112688,-38.0,145.1,15.0,Australia/Sydney,air_quality_2026-08-26.json,2026-08-26T11:00:00+1000,2026-08-26T01:00:00+0000,2026-08-26,11,2.8,7.3,11.7
kingston,Kingston,23430,-37.97317532432438,145.09531946112688,-38.0,145.1,15.0,Australia/Sydney,air_quality_2026-08-26.json,2026-08-26T12:00:00+1000,2026-08-26T02:00:00+0000,2026-08-26,12,2.95,8.0,12.9
kingston,Kingston,23430,-37.97317532432438,145.09531946112688,-38.0,145.1,15.0,Australia/Sydney,air_quality_2026-08-26.json,2026-08-26T13:00:00+1000,2026-08-26T03:00:00+0000,2026-08-26,13,2.65,7.3,11.9
kingston,Kingston,23430,-37.97317532432438,145.09531946112688,-38.0,145.1,15.0,Australia/Sydney,air_quality_2026-08-26.json,2026-08-26T14:00:00+1000,2026-08-26T04:00:00+0000,2026-08-26,14,2.0,7.1,11.5
kingston,Kingston,23430,-37.97317532432438,145.09531946112688,-38.0,145.1,15.0,Australia/Sydney,air_quality_2026-08-26.json,2026-08-26T15:00:00+1000,2026-08-26T05:00:00+0000,2026-08-26,15,1.15,7.0,11.3
kingston,Kingston,23430,-37.97317532432438,145.09531946112688,-38.0,145.1,15.0,Australia/Sydney,air_quality_2026-08-26.json,2026-08-26T16:00:00+1000,2026-08-26T06:00:00+0000,2026-08-26,16,0.5,7.2,11.5
kingston,Kingston,23430,-37.97317532432438,145.09531946112688,-38.0,145.1,15.0,Australia/Sydney,air_quality_2026-08-26.json,2026-08-26T17:00:00+1000,2026-08-26T07:00:00+0000,2026-08-26,17,0.1,7.6,11.8
kingston,Kingston,23430,-37.97317532432438,145.09531946112688,-38.0,145.1,15.0,Australia/Sydney,air_quality_2026-08-26.json,2026-08-26T18:00:00+1000,2026-08-26T08:00:00+0000,2026-08-26,18,0.0,9.2,13.4
kingston,Kingston,23430,-37.97317532432438,145.09531946112688,-38.0,145.1,15.0,Australia/Sydney,air_quality_2026-08-26.json,2026-08-26T19:00:00+1000,2026-08-26T09:00:00+0000,2026-08-26,19,0.0,11.3,15.5
kingston,Kingston,23430,-37.97317532432438,145.09531946112688,-38.0,145.1,15.0,Australia/Sydney,air_quality_2026-08-26.json,2026-08-26T20:00:00+1000,2026-08-26T10:00:00+0000,2026-08-26,20,0.0,12.5,16.8
kingston,Kingston,23430,-37.97317532432438,145.09531946112688,-38.0,145.1,15.0,Australia/Sydney,air_quality_2026-08-26.json,2026-08-26T21:00:00+1000,2026-08-26T11:00:00+0000,2026-08-26,21,0.0,12.4,16.3
kingston,Kingston,23430,-37.97317532432438,145.09531946112688,-38.0,145.1,15.0,Australia/Sydney,air_quality_2026-08-26.json,2026-08-26T22:00:00+1000,2026-08-26T12:00:00+0000,2026-08-26,22,0.0,12.8,16.7
kingston,Kingston,23430,-37.97317532432438,145.09531946112688,-38.0,145.1,15.0,Australia/Sydney,air_quality_2026-08-26.json,2026-08-26T23:00:00+1000,2026-08-26T13:00:00+0000,2026-08-26,23,0.0,13.3,17.2
kingston,Kingston,23430,-37.97317532432438,145.09531946112688,-38.0,145.1,15.0,Australia/Sydney,air_quality_2026-08-26.json,2026-08-27T00:00:00+1000,2026-08-26T14:00:00+0000,2026-08-27,0,0.0,13.6,17.6
kingston,Kingston,23430,-37.97317532432438,145.09531946112688,-38.0,145.1,15.0,Australia/Sydney,air_quality_2026-08-26.json,2026-08-27T01:00:00+1000,2026-08-26T15:00:00+0000,2026-08-27,1,0.0,13.6,17.6
kingston,Kingston,23430,-37.97317532432438,145.09531946112688,-38.0,145.1,15.0,Australia/Sydney,air_quality_2026-08-26.json,2026-08-27T02:00:00+1000,2026-08-26T16:00:00+0000,2026-08-27,2,0.0,13.6,17.7
kingston,Kingston,23430,-37.97317532432438,145.09531946112688,-38.0,145.1,15.0,Australia/Sydney,air_quality_2026-08-26.json,2026-08-27T03:00:00+1000,2026-08-26T17:00:00+0000,2026-08-27,3,0.0,13.5,17.7
kingston,Kingston,23430,-37.97317532432438,145.09531946112688,-38.0,145.1,15.0,Australia/Sydney,air_quality_2026-08-26.json,2026-08-27T04:00:00+1000,2026-08-26T18:00:00+0000,2026-08-27,4,0.0,13.2,17.5
kingston,Kingston,23430,-37.97317532432438,145.09531946112688,-38.0,145.1,15.0,Australia/Sydney,air_quality_2026-08-26.json,2026-08-27T05:00:00+1000,2026-08-26T19:00:00+0000,2026-08-27,5,0.0,13.0,17.2
kingston,Kingston,23430,-37.97317532432438,145.09531946112688,-38.0,145.1,15.0,Australia/Sydney,air_quality_2026-08-26.json,2026-08-27T06:00:00+1000,2026-08-26T20:00:00+0000,2026-08-27,6,0.0,13.4,17.5
kingston,Kingston,23430,-37.97317532432438,145.09531946112688,-38.0,145.1,15.0,Australia/Sydney,air_quality_2026-08-26.json,2026-08-27T07:00:00+1000,2026-08-26T21:00:00+0000,2026-08-27,7,0.05,16.2,19.8
kingston,Kingston,23430,-37.97317532432438,145.09531946112688,-38.0,145.1,15.0,Australia/Sydney,air_quality_2026-08-26.json,2026-08-27T08:00:00+1000,2026-08-26T22:00:00+0000,2026-08-27,8,0.35,20.4,22.5
kingston,Kingston,23430,-37.97317532432438,145.09531946112688,-38.0,145.1,15.0,Australia/Sydney,air_quality_2026-08-26.json,2026-08-27T09:00:00+1000,2026-08-26T23:00:00+0000,2026-08-27,9,1.1,15.4,18.1
kingston,Kingston,23430,-37.97317532432438,145.09531946112688,-38.0,145.1,15.0,Australia/Sydney,air_quality_2026-08-26.json,2026-08-27T10:00:00+1000,2026-08-27T00:00:00+0000,2026-08-27,10,2.15,10.3,14.5
kingston,Kingston,23430,-37.97317532432438,145.09531946112688,-38.0,145.1,15.0,Australia/Sydney,air_quality_2026-08-26.json,2026-08-27T11:00:00+1000,2026-08-27T01:00:00+0000,2026-08-27,11,2.65,9.5,13.8
kingston,Kingston,23430,-37.97317532432438,145.09531946112688,-38.0,145.1,15.0,Australia/Sydney,air_quality_2026-08-26.json,2026-08-27T12:00:00+1000,2026-08-27T02:00:00+0000,2026-08-27,12,3.25,9.2,13.4
kingston,Kingston,23430,-37.97317532432438,145.09531946112688,-38.0,145.1,15.0,Australia/Sydney,air_quality_2026-08-26.json,2026-08-27T13:00:00+1000,2026-08-27T03:00:00+0000,2026-08-27,13,3.3,9.6,13.7
kingston,Kingston,23430,-37.97317532432438,145.09531946112688,-38.0,145.1,15.0,Australia/Sydney,air_quality_2026-08-26.json,2026-08-27T14:00:00+1000,2026-08-27T04:00:00+0000,2026-08-27,14,2.6,9.9,13.9
kingston,Kingston,23430,-37.97317532432438,145.09531946112688,-38.0,145.1,15.0,Australia/Sydney,air_quality_2026-08-26.json,2026-08-27T15:00:00+1000,2026-08-27T05:00:00+0000,2026-08-27,15,1.5,10.1,14.2
kingston,Kingston,23430,-37.97317532432438,145.09531946112688,-38.0,145.1,15.0,Australia/Sydney,air_quality_2026-08-26.json,2026-08-27T16:00:00+1000,2026-08-27T06:00:00+0000,2026-08-27,16,0.6,9.9,13.9
kingston,Kingston,23430,-37.97317532432438,145.09531946112688,-38.0,145.1,15.0,Australia/Sydney,air_quality_2026-08-26.json,2026-08-27T17:00:00+1000,2026-08-27T07:00:00+0000,2026-08-27,17,0.15,11.4,15.3
kingston,Kingston,23430,-37.97317532432438,145.09531946112688,-38.0,145.1,15.0,Australia/Sydney,air_quality_2026-08-26.json,2026-08-27T18:00:00+1000,2026-08-27T08:00:00+0000,2026-08-27,18,0.0,15.5,19.2
kingston,Kingston,23430,-37.97317532432438,145.09531946112688,-38.0,145.1,15.0,Australia/Sydney,air_quality_2026-08-26.json,2026-08-27T19:00:00+1000,2026-08-27T09:00:00+0000,2026-08-27,19,0.0,19.1,22.8
kingston,Kingston,23430,-37.97317532432438,145.09531946112688,-38.0,145.1,15.0,Australia/Sydney,air_quality_2026-08-26.json,2026-08-27T20:00:00+1000,2026-08-27T10:00:00+0000,2026-08-27,20,0.0,22.3,25.8
kingston,Kingston,23430,-37.97317532432438,145.09531946112688,-38.0,145.1,15.0,Australia/Sydney,air_quality_2026-08-26.json,2026-08-27T21:00:00+1000,2026-08-27T11:00:00+0000,2026-08-27,21,0.0,25.4,28.8
kingston,Kingston,23430,-37.97317532432438,145.09531946112688,-38.0,145.1,15.0,Australia/Sydney,air_quality_2026-08-26.json,2026-08-27T22:00:00+1000,2026-08-27T12:00:00+0000,2026-08-27,22,0.0,26.4,29.2
kingston,Kingston,23430,-37.97317532432438,145.09531946112688,-38.0,145.1,15.0,Australia/Sydney,air_quality_2026-08-26.json,2026-08-27T23:00:00+1000,2026-08-27T13:00:00+0000,2026-08-27,23,0.0,23.2,25.2
kingston,Kingston,23430,-37.97317532432438,145.09531946112688,-38.0,145.1,15.0,Australia/Sydney,air_quality_2026-08-26.json,2026-08-28T00:00:00+1000,2026-08-27T14:00:00+0000,2026-08-28,0,0.0,19.4,21.0
kingston,Kingston,23430,-37.97317532432438,145.09531946112688,-38.0,145.1,15.0,Australia/Sydney,air_quality_2026-08-26.json,2026-08-28T01:00:00+1000,2026-08-27T15:00:00+0000,2026-08-28,1,0.0,16.6,18.0
kingston,Kingston,23430,-37.97317532432438,145.09531946112688,-38.0,145.1,15.0,Australia/Sydney,air_quality_2026-08-26.json,2026-08-28T02:00:00+1000,2026-08-27T16:00:00+0000,2026-08-28,2,0.0,13.8,15.0
kingston,Kingston,23430,-37.97317532432438,145.09531946112688,-38.0,145.1,15.0,Australia/Sydney,air_quality_2026-08-26.json,2026-08-28T03:00:00+1000,2026-08-27T17:00:00+0000,2026-08-28,3,0.0,11.1,12.2
kingston,Kingston,23430,-37.97317532432438,145.09531946112688,-38.0,145.1,15.0,Australia/Sydney,air_quality_2026-08-26.json,2026-08-28T04:00:00+1000,2026-08-27T18:00:00+0000,2026-08-28,4,0.0,8.7,9.7
kingston,Kingston,23430,-37.97317532432438,145.09531946112688,-38.0,145.1,15.0,Australia/Sydney,air_quality_2026-08-26.json,2026-08-28T05:00:00+1000,2026-08-27T19:00:00+0000,2026-08-28,5,0.0,7.4,8.6
kingston,Kingston,23430,-37.97317532432438,145.09531946112688,-38.0,145.1,15.0,Australia/Sydney,air_quality_2026-08-26.json,2026-08-28T06:00:00+1000,2026-08-27T20:00:00+0000,2026-08-28,6,0.0,6.6,8.0
kingston,Kingston,23430,-37.97317532432438,145.09531946112688,-38.0,145.1,15.0,Australia/Sydney,air_quality_2026-08-26.json,2026-08-28T07:00:00+1000,2026-08-27T21:00:00+0000,2026-08-28,7,0.0,7.2,8.5
kingston,Kingston,23430,-37.97317532432438,145.09531946112688,-38.0,145.1,15.0,Australia/Sydney,air_quality_2026-08-26.json,2026-08-28T08:00:00+1000,2026-08-27T22:00:00+0000,2026-08-28,8,0.1,8.5,10.0
kingston,Kingston,23430,-37.97317532432438,145.09531946112688,-38.0,145.1,15.0,Australia/Sydney,air_quality_2026-08-26.json,2026-08-28T09:00:00+1000,2026-08-27T23:00:00+0000,2026-08-28,9,0.35,10.3,11.9
kingston,Kingston,23430,-37.97317532432438,145.09531946112688,-38.0,145.1,15.0,Australia/Sydney,air_quality_2026-08-26.json,2026-08-28T10:00:00+1000,2026-08-28T00:00:00+0000,2026-08-28,10,0.85,8.8,10.7
kingston,Kingston,23430,-37.97317532432438,145.09531946112688,-38.0,145.1,15.0,Australia/Sydney,air_quality_2026-08-26.json,2026-08-28T11:00:00+1000,2026-08-28T01:00:00+0000,2026-08-28,11,1.8,7.7,9.7
kingston,Kingston,23430,-37.97317532432438,145.09531946112688,-38.0,145.1,15.0,Australia/Sydney,air_quality_2026-08-26.json,2026-08-28T12:00:00+1000,2026-08-28T02:00:00+0000,2026-08-28,12,2.65,5.8,7.7
kingston,Kingston,23430,-37.97317532432438,145.09531946112688,-38.0,145.1,15.0,Australia/Sydney,air_quality_2026-08-26.json,2026-08-28T13:00:00+1000,2026-08-28T03:00:00+0000,2026-08-28,13,3.1,6.0,8.6
kingston,Kingston,23430,-37.97317532432438,145.09531946112688,-38.0,145.1,15.0,Australia/Sydney,air_quality_2026-08-26.json,2026-08-28T14:00:00+1000,2026-08-28T04:00:00+0000,2026-08-28,14,2.5,7.4,11.3
kingston,Kingston,23430,-37.97317532432438,145.09531946112688,-38.0,145.1,15.0,Australia/Sydney,air_quality_2026-08-26.json,2026-08-28T15:00:00+1000,2026-08-28T05:00:00+0000,2026-08-28,15,1.55,8.7,13.7
kingston,Kingston,23430,-37.97317532432438,145.09531946112688,-38.0,145.1,15.0,Australia/Sydney,air_quality_2026-08-26.json,2026-08-28T16:00:00+1000,2026-08-28T06:00:00+0000,2026-08-28,16,0.65,10.0,15.7
kingston,Kingston,23430,-37.97317532432438,145.09531946112688,-38.0,145.1,15.0,Australia/Sydney,air_quality_2026-08-26.json,2026-08-28T17:00:00+1000,2026-08-28T07:00:00+0000,2026-08-28,17,0.15,11.0,17.3
kingston,Kingston,23430,-37.97317532432438,145.09531946112688,-38.0,145.1,15.0,Australia/Sydney,air_quality_2026-08-26.json,2026-08-28T18:00:00+1000,2026-08-28T08:00:00+0000,2026-08-28,18,0.0,13.9,20.7
kingston,Kingston,23430,-37.97317532432438,145.09531946112688,-38.0,145.1,15.0,Australia/Sydney,air_quality_2026-08-26.json,2026-08-28T19:00:00+1000,2026-08-28T09:00:00+0000,2026-08-28,19,0.0,17.2,23.7
kingston,Kingston,23430,-37.97317532432438,145.09531946112688,-38.0,145.1,15.0,Australia/Sydney,air_quality_2026-08-26.json,2026-08-28T20:00:00+1000,2026-08-28T10:00:00+0000,2026-08-28,20,0.0,20.1,27.0
kingston,Kingston,23430,-37.97317532432438,145.09531946112688,-38.0,145.1,15.0,Australia/Sydney,air_quality_2026-08-26.json,2026-08-28T21:00:00+1000,2026-08-28T11:00:00+0000,2026-08-28,21,0.0,21.8,28.8
kingston,Kingston,23430,-37.97317532432438,145.09531946112688,-38.0,145.1,15.0,Australia/Sydney,air_quality_2026-08-26.json,2026-08-28T22:00:00+1000,2026-08-28T12:00:00+0000,2026-08-28,22,0.0,22.8,29.9
kingston,Kingston,23430,-37.97317532432438,145.09531946112688,-38.0,145.1,15.0,Australia/Sydney,air_quality_2026-08-26.json,2026-08-28T23:00:00+1000,2026-08-28T13:00:00+0000,2026-08-28,23,0.0,23.4,30.6
kingston,Kingston,23430,-37.97317532432438,145.09531946112688,-38.0,145.1,15.0,Australia/Sydney,air_quality_2026-08-26.json,2026-08-29T00:00:00+1000,2026-08-28T14:00:00+0000,2026-08-29,0,0.0,23.7,31.0
kingston,Kingston,23430,-37.97317532432438,145.09531946112688,-38.0,145.1,15.0,Australia/Sydney,air_quality_2026-08-26.json,2026-08-29T01:00:00+1000,2026-08-28T15:00:00+0000,2026-08-29,1,0.0,23.3,30.3
kingston,Kingston,23430,-37.97317532432438,145.09531946112688,-38.0,145.1,15.0,Australia/Sydney,air_quality_2026-08-26.json,2026-08-29T02:00:00+1000,2026-08-28T16:00:00+0000,2026-08-29,2,0.0,21.3,27.4
kingston,Kingston,23430,-37.97317532432438,145.09531946112688,-38.0,145.1,15.0,Australia/Sydney,air_quality_2026-08-26.json,2026-08-29T03:00:00+1000,2026-08-28T17:00:00+0000,2026-08-29,3,0.0,17.9,23.1
kingston,Kingston,23430,-37.97317532432438,145.09531946112688,-38.0,145.1,15.0,Australia/Sydney,air_quality_2026-08-26.json,2026-08-29T04:00:00+1000,2026-08-28T18:00:00+0000,2026-08-29,4,0.0,14.8,19.2
kingston,Kingston,23430,-37.97317532432438,145.09531946112688,-38.0,145.1,15.0,Australia/Sydney,air_quality_2026-08-26.json,2026-08-29T05:00:00+1000,2026-08-28T19:00:00+0000,2026-08-29,5,0.0,12.3,16.1
kingston,Kingston,23430,-37.97317532432438,145.09531946112688,-38.0,145.1,15.0,Australia/Sydney,air_quality_2026-08-26.json,2026-08-29T06:00:00+1000,2026-08-28T20:00:00+0000,2026-08-29,6,0.0,11.1,14.4
kingston,Kingston,23430,-37.97317532432438,145.09531946112688,-38.0,145.1,15.0,Australia/Sydney,air_quality_2026-08-26.json,2026-08-29T07:00:00+1000,2026-08-28T21:00:00+0000,2026-08-29,7,0.05,12.4,15.3
kingston,Kingston,23430,-37.97317532432438,145.09531946112688,-38.0,145.1,15.0,Australia/Sydney,air_quality_2026-08-26.json,2026-08-29T08:00:00+1000,2026-08-28T22:00:00+0000,2026-08-29,8,0.25,14.0,16.9
kingston,Kingston,23430,-37.97317532432438,145.09531946112688,-38.0,145.1,15.0,Australia/Sydney,air_quality_2026-08-26.json,2026-08-29T09:00:00+1000,2026-08-28T23:00:00+0000,2026-08-29,9,0.7,12.3,16.1
kingston,Kingston,23430,-37.97317532432438,145.09531946112688,-38.0,145.1,15.0,Australia/Sydney,air_quality_2026-08-26.json,2026-08-29T10:00:00+1000,2026-08-29T00:00:00+0000,2026-08-29,10,1.25,12.3,17.6
kingston,Kingston,23430,-37.97317532432438,145.09531946112688,-38.0,145.1,15.0,Australia/Sydney,air_quality_2026-08-26.json,2026-08-29T11:00:00+1000,2026-08-29T01:00:00+0000,2026-08-29,11,1.5,11.9,17.9
kingston,Kingston,23430,-37.97317532432438,145.09531946112688,-38.0,145.1,15.0,Australia/Sydney,air_quality_2026-08-26.json,2026-08-29T12:00:00+1000,2026-08-29T02:00:00+0000,2026-08-29,12,1.55,12.0,18.6
kingston,Kingston,23430,-37.97317532432438,145.09531946112688,-38.0,145.1,15.0,Australia/Sydney,air_quality_2026-08-26.json,2026-08-29T13:00:00+1000,2026-08-29T03:00:00+0000,2026-08-29,13,1.6,11.8,18.5
kingston,Kingston,23430,-37.97317532432438,145.09531946112688,-38.0,145.1,15.0,Australia/Sydney,air_quality_2026-08-26.json,2026-08-29T14:00:00+1000,2026-08-29T04:00:00+0000,2026-08-29,14,1.2,11.8,18.7
kingston,Kingston,23430,-37.97317532432438,145.09531946112688,-38.0,145.1,15.0,Australia/Sydney,air_quality_2026-08-26.json,2026-08-29T15:00:00+1000,2026-08-29T05:00:00+0000,2026-08-29,15,0.7,12.8,20.3
kingston,Kingston,23430,-37.97317532432438,145.09531946112688,-38.0,145.1,15.0,Australia/Sydney,air_quality_2026-08-26.json,2026-08-29T16:00:00+1000,2026-08-29T06:00:00+0000,2026-08-29,16,0.3,14.8,23.3
kingston,Kingston,23430,-37.97317532432438,145.09531946112688,-38.0,145.1,15.0,Australia/Sydney,air_quality_2026-08-26.json,2026-08-29T17:00:00+1000,2026-08-29T07:00:00+0000,2026-08-29,17,0.1,16.6,26.0
kingston,Kingston,23430,-37.97317532432438,145.09531946112688,-38.0,145.1,15.0,Australia/Sydney,air_quality_2026-08-26.json,2026-08-29T18:00:00+1000,2026-08-29T08:00:00+0000,2026-08-29,18,0.0,16.3,24.9
kingston,Kingston,23430,-37.97317532432438,145.09531946112688,-38.0,145.1,15.0,Australia/Sydney,air_quality_2026-08-26.json,2026-08-29T19:00:00+1000,2026-08-29T09:00:00+0000,2026-08-29,19,0.0,15.7,22.8
kingston,Kingston,23430,-37.97317532432438,145.09531946112688,-38.0,145.1,15.0,Australia/Sydney,air_quality_2026-08-26.json,2026-08-29T20:00:00+1000,2026-08-29T10:00:00+0000,2026-08-29,20,0.0,16.1,23.0
kingston,Kingston,23430,-37.97317532432438,145.09531946112688,-38.0,145.1,15.0,Australia/Sydney,air_quality_2026-08-26.json,2026-08-29T21:00:00+1000,2026-08-29T11:00:00+0000,2026-08-29,21,0.0,16.3,23.1
kingston,Kingston,23430,-37.97317532432438,145.09531946112688,-38.0,145.1,15.0,Australia/Sydney,air_quality_2026-08-26.json,2026-08-29T22:00:00+1000,2026-08-29T12:00:00+0000,2026-08-29,22,0.0,15.3,21.4
kingston,Kingston,23430,-37.97317532432438,145.09531946112688,-38.0,145.1,15.0,Australia/Sydney,air_quality_2026-08-26.json,2026-08-29T23:00:00+1000,2026-08-29T13:00:00+0000,2026-08-29,23,0.0,14.3,20.2
kingston,Kingston,23430,-37.97317532432438,145.09531946112688,-38.0,145.1,15.0,Australia/Sydney,air_quality_2026-08-26.json,2026-08-30T00:00:00+1000,2026-08-29T14:00:00+0000,2026-08-30,0,0.0,12.9,18.2
kingston,Kingston,23430,-37.97317532432438,145.09531946112688,-38.0,145.1,15.0,Australia/Sydney,air_quality_2026-08-26.json,2026-08-30T01:00:00+1000,2026-08-29T15:00:00+0000,2026-08-30,1,0.0,11.4,16.2
kingston,Kingston,23430,-37.97317532432438,145.09531946112688,-38.0,145.1,15.0,Australia/Sydney,air_quality_2026-08-26.json,2026-08-30T02:00:00+1000,2026-08-29T16:00:00+0000,2026-08-30,2,0.0,10.5,15.0
kingston,Kingston,23430,-37.97317532432438,145.09531946112688,-38.0,145.1,15.0,Australia/Sydney,air_quality_2026-08-26.json,2026-08-30T03:00:00+1000,2026-08-29T17:00:00+0000,2026-08-30,3,0.0,9.8,14.2
kingston,Kingston,23430,-37.97317532432438,145.09531946112688,-38.0,145.1,15.0,Australia/Sydney,air_quality_2026-08-26.json,2026-08-30T04:00:00+1000,2026-08-29T18:00:00+0000,2026-08-30,4,0.0,9.3,13.6
kingston,Kingston,23430,-37.97317532432438,145.09531946112688,-38.0,145.1,15.0,Australia/Sydney,air_quality_2026-08-26.json,2026-08-30T05:00:00+1000,2026-08-29T19:00:00+0000,2026-08-30,5,0.0,9.0,13.3
kingston,Kingston,23430,-37.97317532432438,145.09531946112688,-38.0,145.1,15.0,Australia/Sydney,air_quality_2026-08-26.json,2026-08-30T06:00:00+1000,2026-08-29T20:00:00+0000,2026-08-30,6,0.0,9.3,13.6
kingston,Kingston,23430,-37.97317532432438,145.09531946112688,-38.0,145.1,15.0,Australia/Sydney,air_quality_2026-08-26.json,2026-08-30T07:00:00+1000,2026-08-29T21:00:00+0000,2026-08-30,7,0.0,10.9,15.2
kingston,Kingston,23430,-37.97317532432438,145.09531946112688,-38.0,145.1,15.0,Australia/Sydney,air_quality_2026-08-26.json,2026-08-30T08:00:00+1000,2026-08-29T22:00:00+0000,2026-08-30,8,0.2,12.5,17.0
kingston,Kingston,23430,-37.97317532432438,145.09531946112688,-38.0,145.1,15.0,Australia/Sydney,air_quality_2026-08-26.json,2026-08-30T09:00:00+1000,2026-08-29T23:00:00+0000,2026-08-30,9,0.55,12.6,17.5
kingston,Kingston,23430,-37.97317532432438,145.09531946112688,-38.0,145.1,15.0,Australia/Sydney,air_quality_2026-08-26.json,2026-08-30T10:00:00+1000,2026-08-30T00:00:00+0000,2026-08-30,10,1.15,12.1,17.4
kingston,Kingston,23430,-37.97317532432438,145.09531946112688,-38.0,145.1,15.0,Australia/Sydney,air_quality_2026-08-26.json,2026-08-30T11:00:00+1000,2026-08-30T01:00:00+0000,2026-08-30,11,1.8,12.1,18.2
kingston,Kingston,23430,-37.97317532432438,145.09531946112688,-38.0,145.1,15.0,Australia/Sydney,air_quality_2026-08-26.json,2026-08-30T12:00:00+1000,2026-08-30T02:00:00+0000,2026-08-30,12,2.35,11.8,18.1
kingston,Kingston,23430,-37.97317532432438,145.09531946112688,-38.0,145.1,15.0,Australia/Sydney,air_quality_2026-08-26.json,2026-08-30T13:00:00+1000,2026-08-30T03:00:00+0000,2026-08-30,13,2.55,11.8,18.2
kingston,Kingston,23430,-37.97317532432438,145.09531946112688,-38.0,145.1,15.0,Australia/Sydney,air_quality_2026-08-26.json,2026-08-30T14:00:00+1000,2026-08-30T04:00:00+0000,2026-08-30,14,2.25,10.2,15.7
kingston,Kingston,23430,-37.97317532432438,145.09531946112688,-38.0,145.1,15.0,Australia/Sydney,air_quality_2026-08-26.json,2026-08-30T15:00:00+1000,2026-08-30T05:00:00+0000,2026-08-30,15,1.35,10.0,15.2
kingston,Kingston,23430,-37.97317532432438,145.09531946112688,-38.0,145.1,15.0,Australia/Sydney,air_quality_2026-08-26.json,2026-08-30T16:00:00+1000,2026-08-30T06:00:00+0000,2026-08-30,16,0.55,10.0,15.1
kingston,Kingston,23430,-37.97317532432438,145.09531946112688,-38.0,145.1,15.0,Australia/Sydney,air_quality_2026-08-26.json,2026-08-30T17:00:00+1000,2026-08-30T07:00:00+0000,2026-08-30,17,0.1,10.0,15.3
kingston,Kingston,23430,-37.97317532432438,145.09531946112688,-38.0,145.1,15.0,Australia/Sydney,air_quality_2026-08-26.json,2026-08-30T18:00:00+1000,2026-08-30T08:00:00+0000,2026-08-30,18,0.0,11.4,16.5
kingston,Kingston,23430,-37.97317532432438,145.09531946112688,-38.0,145.1,15.0,Australia/Sydney,air_quality_2026-08-26.json,2026-08-30T19:00:00+1000,2026-08-30T09:00:00+0000,2026-08-30,19,0.0,11.4,15.7
kingston,Kingston,23430,-37.97317532432438,145.09531946112688,-38.0,145.1,15.0,Australia/Sydney,air_quality_2026-08-26.json,2026-08-30T20:00:00+1000,2026-08-30T10:00:00+0000,2026-08-30,20,0.0,11.5,15.7
kingston,Kingston,23430,-37.97317532432438,145.09531946112688,-38.0,145.1,15.0,Australia/Sydney,air_quality_2026-08-26.json,2026-08-30T21:00:00+1000,2026-08-30T11:00:00+0000,2026-08-30,21,0.0,12.4,16.7
kingston,Kingston,23430,-37.97317532432438,145.09531946112688,-38.0,145.1,15.0,Australia/Sydney,air_quality_2026-08-26.json,2026-08-30T22:00:00+1000,2026-08-30T12:00:00+0000,2026-08-30,22,0.0,13.6,18.2
knox,Knox,23670,-37.89893753264437,145.26577056061342,-37.899998,145.30002,73.0,Australia/Sydney,air_quality_2026-08-26.json,2026-08-26T00:00:00+1000,2026-08-25T14:00:00+0000,2026-08-26,0,0.0,3.8,5.5
knox,Knox,23670,-37.89893753264437,145.26577056061342,-37.899998,145.30002,73.0,Australia/Sydney,air_quality_2026-08-26.json,2026-08-26T01:00:00+1000,2026-08-25T15:00:00+0000,2026-08-26,1,0.0,3.9,6.0
knox,Knox,23670,-37.89893753264437,145.26577056061342,-37.899998,145.30002,73.0,Australia/Sydney,air_quality_2026-08-26.json,2026-08-26T02:00:00+1000,2026-08-25T16:00:00+0000,2026-08-26,2,0.0,4.4,7.0
knox,Knox,23670,-37.89893753264437,145.26577056061342,-37.899998,145.30002,73.0,Australia/Sydney,air_quality_2026-08-26.json,2026-08-26T03:00:00+1000,2026-08-25T17:00:00+0000,2026-08-26,3,0.0,4.9,7.8
knox,Knox,23670,-37.89893753264437,145.26577056061342,-37.899998,145.30002,73.0,Australia/Sydney,air_quality_2026-08-26.json,2026-08-26T04:00:00+1000,2026-08-25T18:00:00+0000,2026-08-26,4,0.0,5.1,8.1
knox,Knox,23670,-37.89893753264437,145.26577056061342,-37.899998,145.30002,73.0,Australia/Sydney,air_quality_2026-08-26.json,2026-08-26T05:00:00+1000,2026-08-25T19:00:00+0000,2026-08-26,5,0.0,5.3,8.4
knox,Knox,23670,-37.89893753264437,145.26577056061342,-37.899998,145.30002,73.0,Australia/Sydney,air_quality_2026-08-26.json,2026-08-26T06:00:00+1000,2026-08-25T20:00:00+0000,2026-08-26,6,0.0,5.4,8.4
knox,Knox,23670,-37.89893753264437,145.26577056061342,-37.899998,145.30002,73.0,Australia/Sydney,air_quality_2026-08-26.json,2026-08-26T07:00:00+1000,2026-08-25T21:00:00+0000,2026-08-26,7,0.05,5.9,8.7
knox,Knox,23670,-37.89893753264437,145.26577056061342,-37.899998,145.30002,73.0,Australia/Sydney,air_quality_2026-08-26.json,2026-08-26T08:00:00+1000,2026-08-25T22:00:00+0000,2026-08-26,8,0.35,6.5,9.5
knox,Knox,23670,-37.89893753264437,145.26577056061342,-37.899998,145.30002,73.0,Australia/Sydney,air_quality_2026-08-26.json,2026-08-26T09:00:00+1000,2026-08-25T23:00:00+0000,2026-08-26,9,1.0,6.5,9.9
knox,Knox,23670,-37.89893753264437,145.26577056061342,-37.899998,145.30002,73.0,Australia/Sydney,air_quality_2026-08-26.json,2026-08-26T10:00:00+1000,2026-08-26T00:00:00+0000,2026-08-26,10,1.9,7.9,12.5
knox,Knox,23670,-37.89893753264437,145.26577056061342,-37.899998,145.30002,73.0,Australia/Sydney,air_quality_2026-08-26.json,2026-08-26T11:00:00+1000,2026-08-26T01:00:00+0000,2026-08-26,11,2.8,7.3,11.7
knox,Knox,23670,-37.89893753264437,145.26577056061342,-37.899998,145.30002,73.0,Australia/Sydney,air_quality_2026-08-26.json,2026-08-26T12:00:00+1000,2026-08-26T02:00:00+0000,2026-08-26,12,2.95,8.0,12.9
knox,Knox,23670,-37.89893753264437,145.26577056061342,-37.899998,145.30002,73.0,Australia/Sydney,air_quality_2026-08-26.json,2026-08-26T13:00:00+1000,2026-08-26T03:00:00+0000,2026-08-26,13,2.65,7.3,11.9
knox,Knox,23670,-37.89893753264437,145.26577056061342,-37.899998,145.30002,73.0,Australia/Sydney,air_quality_2026-08-26.json,2026-08-26T14:00:00+1000,2026-08-26T04:00:00+0000,2026-08-26,14,2.0,7.1,11.5
knox,Knox,23670,-37.89893753264437,145.26577056061342,-37.899998,145.30002,73.0,Australia/Sydney,air_quality_2026-08-26.json,2026-08-26T15:00:00+1000,2026-08-26T05:00:00+0000,2026-08-26,15,1.15,7.0,11.3
knox,Knox,23670,-37.89893753264437,145.26577056061342,-37.899998,145.30002,73.0,Australia/Sydney,air_quality_2026-08-26.json,2026-08-26T16:00:00+1000,2026-08-26T06:00:00+0000,2026-08-26,16,0.5,7.2,11.5
knox,Knox,23670,-37.89893753264437,145.26577056061342,-37.899998,145.30002,73.0,Australia/Sydney,air_quality_2026-08-26.json,2026-08-26T17:00:00+1000,2026-08-26T07:00:00+0000,2026-08-26,17,0.1,7.6,11.8
knox,Knox,23670,-37.89893753264437,145.26577056061342,-37.899998,145.30002,73.0,Australia/Sydney,air_quality_2026-08-26.json,2026-08-26T18:00:00+1000,2026-08-26T08:00:00+0000,2026-08-26,18,0.0,9.2,13.4
knox,Knox,23670,-37.89893753264437,145.26577056061342,-37.899998,145.30002,73.0,Australia/Sydney,air_quality_2026-08-26.json,2026-08-26T19:00:00+1000,2026-08-26T09:00:00+0000,2026-08-26,19,0.0,11.3,15.5
knox,Knox,23670,-37.89893753264437,145.26577056061342,-37.899998,145.30002,73.0,Australia/Sydney,air_quality_2026-08-26.json,2026-08-26T20:00:00+1000,2026-08-26T10:00:00+0000,2026-08-26,20,0.0,12.5,16.8
knox,Knox,23670,-37.89893753264437,145.26577056061342,-37.899998,145.30002,73.0,Australia/Sydney,air_quality_2026-08-26.json,2026-08-26T21:00:00+1000,2026-08-26T11:00:00+0000,2026-08-26,21,0.0,12.4,16.3
knox,Knox,23670,-37.89893753264437,145.26577056061342,-37.899998,145.30002,73.0,Australia/Sydney,air_quality_2026-08-26.json,2026-08-26T22:00:00+1000,2026-08-26T12:00:00+0000,2026-08-26,22,0.0,12.8,16.7
knox,Knox,23670,-37.89893753264437,145.26577056061342,-37.899998,145.30002,73.0,Australia/Sydney,air_quality_2026-08-26.json,2026-08-26T23:00:00+1000,2026-08-26T13:00:00+0000,2026-08-26,23,0.0,13.3,17.2
knox,Knox,23670,-37.89893753264437,145.26577056061342,-37.899998,145.30002,73.0,Australia/Sydney,air_quality_2026-08-26.json,2026-08-27T00:00:00+1000,2026-08-26T14:00:00+0000,2026-08-27,0,0.0,13.6,17.6
knox,Knox,23670,-37.89893753264437,145.26577056061342,-37.899998,145.30002,73.0,Australia/Sydney,air_quality_2026-08-26.json,2026-08-27T01:00:00+1000,2026-08-26T15:00:00+0000,2026-08-27,1,0.0,13.6,17.6
knox,Knox,23670,-37.89893753264437,145.26577056061342,-37.899998,145.30002,73.0,Australia/Sydney,air_quality_2026-08-26.json,2026-08-27T02:00:00+1000,2026-08-26T16:00:00+0000,2026-08-27,2,0.0,13.6,17.7
knox,Knox,23670,-37.89893753264437,145.26577056061342,-37.899998,145.30002,73.0,Australia/Sydney,air_quality_2026-08-26.json,2026-08-27T03:00:00+1000,2026-08-26T17:00:00+0000,2026-08-27,3,0.0,13.5,17.7
knox,Knox,23670,-37.89893753264437,145.26577056061342,-37.899998,145.30002,73.0,Australia/Sydney,air_quality_2026-08-26.json,2026-08-27T04:00:00+1000,2026-08-26T18:00:00+0000,2026-08-27,4,0.0,13.2,17.5
knox,Knox,23670,-37.89893753264437,145.26577056061342,-37.899998,145.30002,73.0,Australia/Sydney,air_quality_2026-08-26.json,2026-08-27T05:00:00+1000,2026-08-26T19:00:00+0000,2026-08-27,5,0.0,13.0,17.2
knox,Knox,23670,-37.89893753264437,145.26577056061342,-37.899998,145.30002,73.0,Australia/Sydney,air_quality_2026-08-26.json,2026-08-27T06:00:00+1000,2026-08-26T20:00:00+0000,2026-08-27,6,0.0,13.4,17.5
knox,Knox,23670,-37.89893753264437,145.26577056061342,-37.899998,145.30002,73.0,Australia/Sydney,air_quality_2026-08-26.json,2026-08-27T07:00:00+1000,2026-08-26T21:00:00+0000,2026-08-27,7,0.05,16.2,19.8
knox,Knox,23670,-37.89893753264437,145.26577056061342,-37.899998,145.30002,73.0,Australia/Sydney,air_quality_2026-08-26.json,2026-08-27T08:00:00+1000,2026-08-26T22:00:00+0000,2026-08-27,8,0.35,20.4,22.5
knox,Knox,23670,-37.89893753264437,145.26577056061342,-37.899998,145.30002,73.0,Australia/Sydney,air_quality_2026-08-26.json,2026-08-27T09:00:00+1000,2026-08-26T23:00:00+0000,2026-08-27,9,1.1,15.4,18.1
knox,Knox,23670,-37.89893753264437,145.26577056061342,-37.899998,145.30002,73.0,Australia/Sydney,air_quality_2026-08-26.json,2026-08-27T10:00:00+1000,2026-08-27T00:00:00+0000,2026-08-27,10,2.15,10.3,14.5
knox,Knox,23670,-37.89893753264437,145.26577056061342,-37.899998,145.30002,73.0,Australia/Sydney,air_quality_2026-08-26.json,2026-08-27T11:00:00+1000,2026-08-27T01:00:00+0000,2026-08-27,11,2.65,9.5,13.8
knox,Knox,23670,-37.89893753264437,145.26577056061342,-37.899998,145.30002,73.0,Australia/Sydney,air_quality_2026-08-26.json,2026-08-27T12:00:00+1000,2026-08-27T02:00:00+0000,2026-08-27,12,3.25,9.2,13.4
knox,Knox,23670,-37.89893753264437,145.26577056061342,-37.899998,145.30002,73.0,Australia/Sydney,air_quality_2026-08-26.json,2026-08-27T13:00:00+1000,2026-08-27T03:00:00+0000,2026-08-27,13,3.3,9.6,13.7
knox,Knox,23670,-37.89893753264437,145.26577056061342,-37.899998,145.30002,73.0,Australia/Sydney,air_quality_2026-08-26.json,2026-08-27T14:00:00+1000,2026-08-27T04:00:00+0000,2026-08-27,14,2.6,9.9,13.9
knox,Knox,23670,-37.89893753264437,145.26577056061342,-37.899998,145.30002,73.0,Australia/Sydney,air_quality_2026-08-26.json,2026-08-27T15:00:00+1000,2026-08-27T05:00:00+0000,2026-08-27,15,1.5,10.1,14.2
knox,Knox,23670,-37.89893753264437,145.26577056061342,-37.899998,145.30002,73.0,Australia/Sydney,air_quality_2026-08-26.json,2026-08-27T16:00:00+1000,2026-08-27T06:00:00+0000,2026-08-27,16,0.6,9.9,13.9
knox,Knox,23670,-37.89893753264437,145.26577056061342,-37.899998,145.30002,73.0,Australia/Sydney,air_quality_2026-08-26.json,2026-08-27T17:00:00+1000,2026-08-27T07:00:00+0000,2026-08-27,17,0.15,11.4,15.3
knox,Knox,23670,-37.89893753264437,145.26577056061342,-37.899998,145.30002,73.0,Australia/Sydney,air_quality_2026-08-26.json,2026-08-27T18:00:00+1000,2026-08-27T08:00:00+0000,2026-08-27,18,0.0,15.5,19.2
knox,Knox,23670,-37.89893753264437,145.26577056061342,-37.899998,145.30002,73.0,Australia/Sydney,air_quality_2026-08-26.json,2026-08-27T19:00:00+1000,2026-08-27T09:00:00+0000,2026-08-27,19,0.0,19.1,22.8
knox,Knox,23670,-37.89893753264437,145.26577056061342,-37.899998,145.30002,73.0,Australia/Sydney,air_quality_2026-08-26.json,2026-08-27T20:00:00+1000,2026-08-27T10:00:00+0000,2026-08-27,20,0.0,22.3,25.8
knox,Knox,23670,-37.89893753264437,145.26577056061342,-37.899998,145.30002,73.0,Australia/Sydney,air_quality_2026-08-26.json,2026-08-27T21:00:00+1000,2026-08-27T11:00:00+0000,2026-08-27,21,0.0,25.4,28.8
knox,Knox,23670,-37.89893753264437,145.26577056061342,-37.899998,145.30002,73.0,Australia/Sydney,air_quality_2026-08-26.json,2026-08-27T22:00:00+1000,2026-08-27T12:00:00+0000,2026-08-27,22,0.0,26.4,29.2
knox,Knox,23670,-37.89893753264437,145.26577056061342,-37.899998,145.30002,73.0,Australia/Sydney,air_quality_2026-08-26.json,2026-08-27T23:00:00+1000,2026-08-27T13:00:00+0000,2026-08-27,23,0.0,23.2,25.2
knox,Knox,23670,-37.89893753264437,145.26577056061342,-37.899998,145.30002,73.0,Australia/Sydney,air_quality_2026-08-26.json,2026-08-28T00:00:00+1000,2026-08-27T14:00:00+0000,2026-08-28,0,0.0,19.4,21.0
knox,Knox,23670,-37.89893753264437,145.26577056061342,-37.899998,145.30002,73.0,Australia/Sydney,air_quality_2026-08-26.json,2026-08-28T01:00:00+1000,2026-08-27T15:00:00+0000,2026-08-28,1,0.0,16.6,18.0
knox,Knox,23670,-37.89893753264437,145.26577056061342,-37.899998,145.30002,73.0,Australia/Sydney,air_quality_2026-08-26.json,2026-08-28T02:00:00+1000,2026-08-27T16:00:00+0000,2026-08-28,2,0.0,13.8,15.0
knox,Knox,23670,-37.89893753264437,145.26577056061342,-37.899998,145.30002,73.0,Australia/Sydney,air_quality_2026-08-26.json,2026-08-28T03:00:00+1000,2026-08-27T17:00:00+0000,2026-08-28,3,0.0,11.1,12.2
knox,Knox,23670,-37.89893753264437,145.26577056061342,-37.899998,145.30002,73.0,Australia/Sydney,air_quality_2026-08-26.json,2026-08-28T04:00:00+1000,2026-08-27T18:00:00+0000,2026-08-28,4,0.0,8.7,9.7
knox,Knox,23670,-37.89893753264437,145.26577056061342,-37.899998,145.30002,73.0,Australia/Sydney,air_quality_2026-08-26.json,2026-08-28T05:00:00+1000,2026-08-27T19:00:00+0000,2026-08-28,5,0.0,7.4,8.6
knox,Knox,23670,-37.89893753264437,145.26577056061342,-37.899998,145.30002,73.0,Australia/Sydney,air_quality_2026-08-26.json,2026-08-28T06:00:00+1000,2026-08-27T20:00:00+0000,2026-08-28,6,0.0,6.6,8.0
knox,Knox,23670,-37.89893753264437,145.26577056061342,-37.899998,145.30002,73.0,Australia/Sydney,air_quality_2026-08-26.json,2026-08-28T07:00:00+1000,2026-08-27T21:00:00+0000,2026-08-28,7,0.0,7.2,8.5
knox,Knox,23670,-37.89893753264437,145.26577056061342,-37.899998,145.30002,73.0,Australia/Sydney,air_quality_2026-08-26.json,2026-08-28T08:00:00+1000,2026-08-27T22:00:00+0000,2026-08-28,8,0.1,8.5,10.0
knox,Knox,23670,-37.89893753264437,145.26577056061342,-37.899998,145.30002,73.0,Australia/Sydney,air_quality_2026-08-26.json,2026-08-28T09:00:00+1000,2026-08-27T23:00:00+0000,2026-08-28,9,0.35,10.3,11.9
knox,Knox,23670,-37.89893753264437,145.26577056061342,-37.899998,145.30002,73.0,Australia/Sydney,air_quality_2026-08-26.json,2026-08-28T10:00:00+1000,2026-08-28T00:00:00+0000,2026-08-28,10,0.85,8.8,10.7
knox,Knox,23670,-37.89893753264437,145.26577056061342,-37.899998,145.30002,73.0,Australia/Sydney,air_quality_2026-08-26.json,2026-08-28T11:00:00+1000,2026-08-28T01:00:00+0000,2026-08-28,11,1.8,7.7,9.7
knox,Knox,23670,-37.89893753264437,145.26577056061342,-37.899998,145.30002,73.0,Australia/Sydney,air_quality_2026-08-26.json,2026-08-28T12:00:00+1000,2026-08-28T02:00:00+0000,2026-08-28,12,2.65,5.8,7.7
knox,Knox,23670,-37.89893753264437,145.26577056061342,-37.899998,145.30002,73.0,Australia/Sydney,air_quality_2026-08-26.json,2026-08-28T13:00:00+1000,2026-08-28T03:00:00+0000,2026-08-28,13,3.1,6.0,8.6
knox,Knox,23670,-37.89893753264437,145.26577056061342,-37.899998,145.30002,73.0,Australia/Sydney,air_quality_2026-08-26.json,2026-08-28T14:00:00+1000,2026-08-28T04:00:00+0000,2026-08-28,14,2.5,7.4,11.3
knox,Knox,23670,-37.89893753264437,145.26577056061342,-37.899998,145.30002,73.0,Australia/Sydney,air_quality_2026-08-26.json,2026-08-28T15:00:00+1000,2026-08-28T05:00:00+0000,2026-08-28,15,1.55,8.7,13.7
knox,Knox,23670,-37.89893753264437,145.26577056061342,-37.899998,145.30002,73.0,Australia/Sydney,air_quality_2026-08-26.json,2026-08-28T16:00:00+1000,2026-08-28T06:00:00+0000,2026-08-28,16,0.65,10.0,15.7
knox,Knox,23670,-37.89893753264437,145.26577056061342,-37.899998,145.30002,73.0,Australia/Sydney,air_quality_2026-08-26.json,2026-08-28T17:00:00+1000,2026-08-28T07:00:00+0000,2026-08-28,17,0.15,11.0,17.3
knox,Knox,23670,-37.89893753264437,145.26577056061342,-37.899998,145.30002,73.0,Australia/Sydney,air_quality_2026-08-26.json,2026-08-28T18:00:00+1000,2026-08-28T08:00:00+0000,2026-08-28,18,0.0,13.9,20.7
knox,Knox,23670,-37.89893753264437,145.26577056061342,-37.899998,145.30002,73.0,Australia/Sydney,air_quality_2026-08-26.json,2026-08-28T19:00:00+1000,2026-08-28T09:00:00+0000,2026-08-28,19,0.0,17.2,23.7
knox,Knox,23670,-37.89893753264437,145.26577056061342,-37.899998,145.30002,73.0,Australia/Sydney,air_quality_2026-08-26.json,2026-08-28T20:00:00+1000,2026-08-28T10:00:00+0000,2026-08-28,20,0.0,20.1,27.0
knox,Knox,23670,-37.89893753264437,145.26577056061342,-37.899998,145.30002,73.0,Australia/Sydney,air_quality_2026-08-26.json,2026-08-28T21:00:00+1000,2026-08-28T11:00:00+0000,2026-08-28,21,0.0,21.8,28.8
knox,Knox,23670,-37.89893753264437,145.26577056061342,-37.899998,145.30002,73.0,Australia/Sydney,air_quality_2026-08-26.json,2026-08-28T22:00:00+1000,2026-08-28T12:00:00+0000,2026-08-28,22,0.0,22.8,29.9
knox,Knox,23670,-37.89893753264437,145.26577056061342,-37.899998,145.30002,73.0,Australia/Sydney,air_quality_2026-08-26.json,2026-08-28T23:00:00+1000,2026-08-28T13:00:00+0000,2026-08-28,23,0.0,23.4,30.6
knox,Knox,23670,-37.89893753264437,145.26577056061342,-37.899998,145.30002,73.0,Australia/Sydney,air_quality_2026-08-26.json,2026-08-29T00:00:00+1000,2026-08-28T14:00:00+0000,2026-08-29,0,0.0,23.7,31.0
knox,Knox,23670,-37.89893753264437,145.26577056061342,-37.899998,145.30002,73.0,Australia/Sydney,air_quality_2026-08-26.json,2026-08-29T01:00:00+1000,2026-08-28T15:00:00+0000,2026-08-29,1,0.0,23.3,30.3
knox,Knox,23670,-37.89893753264437,145.26577056061342,-37.899998,145.30002,73.0,Australia/Sydney,air_quality_2026-08-26.json,2026-08-29T02:00:00+1000,2026-08-28T16:00:00+0000,2026-08-29,2,0.0,21.3,27.4
knox,Knox,23670,-37.89893753264437,145.26577056061342,-37.899998,145.30002,73.0,Australia/Sydney,air_quality_2026-08-26.json,2026-08-29T03:00:00+1000,2026-08-28T17:00:00+0000,2026-08-29,3,0.0,17.9,23.1
knox,Knox,23670,-37.89893753264437,145.26577056061342,-37.899998,145.30002,73.0,Australia/Sydney,air_quality_2026-08-26.json,2026-08-29T04:00:00+1000,2026-08-28T18:00:00+0000,2026-08-29,4,0.0,14.8,19.2
knox,Knox,23670,-37.89893753264437,145.26577056061342,-37.899998,145.30002,73.0,Australia/Sydney,air_quality_2026-08-26.json,2026-08-29T05:00:00+1000,2026-08-28T19:00:00+0000,2026-08-29,5,0.0,12.3,16.1
knox,Knox,23670,-37.89893753264437,145.26577056061342,-37.899998,145.30002,73.0,Australia/Sydney,air_quality_2026-08-26.json,2026-08-29T06:00:00+1000,2026-08-28T20:00:00+0000,2026-08-29,6,0.0,11.1,14.4
knox,Knox,23670,-37.89893753264437,145.26577056061342,-37.899998,145.30002,73.0,Australia/Sydney,air_quality_2026-08-26.json,2026-08-29T07:00:00+1000,2026-08-28T21:00:00+0000,2026-08-29,7,0.05,12.4,15.3
knox,Knox,23670,-37.89893753264437,145.26577056061342,-37.899998,145.30002,73.0,Australia/Sydney,air_quality_2026-08-26.json,2026-08-29T08:00:00+1000,2026-08-28T22:00:00+0000,2026-08-29,8,0.25,14.0,16.9
knox,Knox,23670,-37.89893753264437,145.26577056061342,-37.899998,145.30002,73.0,Australia/Sydney,air_quality_2026-08-26.json,2026-08-29T09:00:00+1000,2026-08-28T23:00:00+0000,2026-08-29,9,0.7,12.3,16.1
knox,Knox,23670,-37.89893753264437,145.26577056061342,-37.899998,145.30002,73.0,Australia/Sydney,air_quality_2026-08-26.json,2026-08-29T10:00:00+1000,2026-08-29T00:00:00+0000,2026-08-29,10,1.25,12.3,17.6
knox,Knox,23670,-37.89893753264437,145.26577056061342,-37.899998,145.30002,73.0,Australia/Sydney,air_quality_2026-08-26.json,2026-08-29T11:00:00+1000,2026-08-29T01:00:00+0000,2026-08-29,11,1.5,11.9,17.9
knox,Knox,23670,-37.89893753264437,145.26577056061342,-37.899998,145.30002,73.0,Australia/Sydney,air_quality_2026-08-26.json,2026-08-29T12:00:00+1000,2026-08-29T02:00:00+0000,2026-08-29,12,1.55,12.0,18.6
knox,Knox,23670,-37.89893753264437,145.26577056061342,-37.899998,145.30002,73.0,Australia/Sydney,air_quality_2026-08-26.json,2026-08-29T13:00:00+1000,2026-08-29T03:00:00+0000,2026-08-29,13,1.6,11.8,18.5
knox,Knox,23670,-37.89893753264437,145.26577056061342,-37.899998,145.30002,73.0,Australia/Sydney,air_quality_2026-08-26.json,2026-08-29T14:00:00+1000,2026-08-29T04:00:00+0000,2026-08-29,14,1.2,11.8,18.7
knox,Knox,23670,-37.89893753264437,145.26577056061342,-37.899998,145.30002,73.0,Australia/Sydney,air_quality_2026-08-26.json,2026-08-29T15:00:00+1000,2026-08-29T05:00:00+0000,2026-08-29,15,0.7,12.8,20.3
knox,Knox,23670,-37.89893753264437,145.26577056061342,-37.899998,145.30002,73.0,Australia/Sydney,air_quality_2026-08-26.json,2026-08-29T16:00:00+1000,2026-08-29T06:00:00+0000,2026-08-29,16,0.3,14.8,23.3
knox,Knox,23670,-37.89893753264437,145.26577056061342,-37.899998,145.30002,73.0,Australia/Sydney,air_quality_2026-08-26.json,2026-08-29T17:00:00+1000,2026-08-29T07:00:00+0000,2026-08-29,17,0.1,16.6,26.0
knox,Knox,23670,-37.89893753264437,145.26577056061342,-37.899998,145.30002,73.0,Australia/Sydney,air_quality_2026-08-26.json,2026-08-29T18:00:00+1000,2026-08-29T08:00:00+0000,2026-08-29,18,0.0,16.3,24.9
knox,Knox,23670,-37.89893753264437,145.26577056061342,-37.899998,145.30002,73.0,Australia/Sydney,air_quality_2026-08-26.json,2026-08-29T19:00:00+1000,2026-08-29T09:00:00+0000,2026-08-29,19,0.0,15.7,22.8
knox,Knox,23670,-37.89893753264437,145.26577056061342,-37.899998,145.30002,73.0,Australia/Sydney,air_quality_2026-08-26.json,2026-08-29T20:00:00+1000,2026-08-29T10:00:00+0000,2026-08-29,20,0.0,16.1,23.0
knox,Knox,23670,-37.89893753264437,145.26577056061342,-37.899998,145.30002,73.0,Australia/Sydney,air_quality_2026-08-26.json,2026-08-29T21:00:00+1000,2026-08-29T11:00:00+0000,2026-08-29,21,0.0,16.3,23.1
knox,Knox,23670,-37.89893753264437,145.26577056061342,-37.899998,145.30002,73.0,Australia/Sydney,air_quality_2026-08-26.json,2026-08-29T22:00:00+1000,2026-08-29T12:00:00+0000,2026-08-29,22,0.0,15.3,21.4
knox,Knox,23670,-37.89893753264437,145.26577056061342,-37.899998,145.30002,73.0,Australia/Sydney,air_quality_2026-08-26.json,2026-08-29T23:00:00+1000,2026-08-29T13:00:00+0000,2026-08-29,23,0.0,14.3,20.2
knox,Knox,23670,-37.89893753264437,145.26577056061342,-37.899998,145.30002,73.0,Australia/Sydney,air_quality_2026-08-26.json,2026-08-30T00:00:00+1000,2026-08-29T14:00:00+0000,2026-08-30,0,0.0,12.9,18.2
knox,Knox,23670,-37.89893753264437,145.26577056061342,-37.899998,145.30002,73.0,Australia/Sydney,air_quality_2026-08-26.json,2026-08-30T01:00:00+1000,2026-08-29T15:00:00+0000,2026-08-30,1,0.0,11.4,16.2
knox,Knox,23670,-37.89893753264437,145.26577056061342,-37.899998,145.30002,73.0,Australia/Sydney,air_quality_2026-08-26.json,2026-08-30T02:00:00+1000,2026-08-29T16:00:00+0000,2026-08-30,2,0.0,10.5,15.0
knox,Knox,23670,-37.89893753264437,145.26577056061342,-37.899998,145.30002,73.0,Australia/Sydney,air_quality_2026-08-26.json,2026-08-30T03:00:00+1000,2026-08-29T17:00:00+0000,2026-08-30,3,0.0,9.8,14.2
knox,Knox,23670,-37.89893753264437,145.26577056061342,-37.899998,145.30002,73.0,Australia/Sydney,air_quality_2026-08-26.json,2026-08-30T04:00:00+1000,2026-08-29T18:00:00+0000,2026-08-30,4,0.0,9.3,13.6
knox,Knox,23670,-37.89893753264437,145.26577056061342,-37.899998,145.30002,73.0,Australia/Sydney,air_quality_2026-08-26.json,2026-08-30T05:00:00+1000,2026-08-29T19:00:00+0000,2026-08-30,5,0.0,9.0,13.3
knox,Knox,23670,-37.89893753264437,145.26577056061342,-37.899998,145.30002,73.0,Australia/Sydney,air_quality_2026-08-26.json,2026-08-30T06:00:00+1000,2026-08-29T20:00:00+0000,2026-08-30,6,0.0,9.3,13.6
knox,Knox,23670,-37.89893753264437,145.26577056061342,-37.899998,145.30002,73.0,Australia/Sydney,air_quality_2026-08-26.json,2026-08-30T07:00:00+1000,2026-08-29T21:00:00+0000,2026-08-30,7,0.0,10.9,15.2
knox,Knox,23670,-37.89893753264437,145.26577056061342,-37.899998,145.30002,73.0,Australia/Sydney,air_quality_2026-08-26.json,2026-08-30T08:00:00+1000,2026-08-29T22:00:00+0000,2026-08-30,8,0.2,12.5,17.0
knox,Knox,23670,-37.89893753264437,145.26577056061342,-37.899998,145.30002,73.0,Australia/Sydney,air_quality_2026-08-26.json,2026-08-30T09:00:00+1000,2026-08-29T23:00:00+0000,2026-08-30,9,0.55,12.6,17.5
knox,Knox,23670,-37.89893753264437,145.26577056061342,-37.899998,145.30002,73.0,Australia/Sydney,air_quality_2026-08-26.json,2026-08-30T10:00:00+1000,2026-08-30T00:00:00+0000,2026-08-30,10,1.15,12.1,17.4
knox,Knox,23670,-37.89893753264437,145.26577056061342,-37.899998,145.30002,73.0,Australia/Sydney,air_quality_2026-08-26.json,2026-08-30T11:00:00+1000,2026-08-30T01:00:00+0000,2026-08-30,11,1.8,12.1,18.2
knox,Knox,23670,-37.89893753264437,145.26577056061342,-37.899998,145.30002,73.0,Australia/Sydney,air_quality_2026-08-26.json,2026-08-30T12:00:00+1000,2026-08-30T02:00:00+0000,2026-08-30,12,2.35,11.8,18.1
knox,Knox,23670,-37.89893753264437,145.26577056061342,-37.899998,145.30002,73.0,Australia/Sydney,air_quality_2026-08-26.json,2026-08-30T13:00:00+1000,2026-08-30T03:00:00+0000,2026-08-30,13,2.55,11.8,18.2
knox,Knox,23670,-37.89893753264437,145.26577056061342,-37.899998,145.30002,73.0,Australia/Sydney,air_quality_2026-08-26.json,2026-08-30T14:00:00+1000,2026-08-30T04:00:00+0000,2026-08-30,14,2.25,10.2,15.7
knox,Knox,23670,-37.89893753264437,145.26577056061342,-37.899998,145.30002,73.0,Australia/Sydney,air_quality_2026-08-26.json,2026-08-30T15:00:00+1000,2026-08-30T05:00:00+0000,2026-08-30,15,1.35,10.0,15.2
knox,Knox,23670,-37.89893753264437,145.26577056061342,-37.899998,145.30002,73.0,Australia/Sydney,air_quality_2026-08-26.json,2026-08-30T16:00:00+1000,2026-08-30T06:00:00+0000,2026-08-30,16,0.55,10.0,15.1
knox,Knox,23670,-37.89893753264437,145.26577056061342,-37.899998,145.30002,73.0,Australia/Sydney,air_quality_2026-08-26.json,2026-08-30T17:00:00+1000,2026-08-30T07:00:00+0000,2026-08-30,17,0.1,10.0,15.3
knox,Knox,23670,-37.89893753264437,145.26577056061342,-37.899998,145.30002,73.0,Australia/Sydney,air_quality_2026-08-26.json,2026-08-30T18:00:00+1000,2026-08-30T08:00:00+0000,2026-08-30,18,0.0,11.4,16.5
knox,Knox,23670,-37.89893753264437,145.26577056061342,-37.899998,145.30002,73.0,Australia/Sydney,air_quality_2026-08-26.json,2026-08-30T19:00:00+1000,2026-08-30T09:00:00+0000,2026-08-30,19,0.0,11.4,15.7
knox,Knox,23670,-37.89893753264437,145.26577056061342,-37.899998,145.30002,73.0,Australia/Sydney,air_quality_2026-08-26.json,2026-08-30T20:00:00+1000,2026-08-30T10:00:00+0000,2026-08-30,20,0.0,11.5,15.7
knox,Knox,23670,-37.89893753264437,145.26577056061342,-37.899998,145.30002,73.0,Australia/Sydney,air_quality_2026-08-26.json,2026-08-30T21:00:00+1000,2026-08-30T11:00:00+0000,2026-08-30,21,0.0,12.4,16.7
knox,Knox,23670,-37.89893753264437,145.26577056061342,-37.899998,145.30002,73.0,Australia/Sydney,air_quality_2026-08-26.json,2026-08-30T22:00:00+1000,2026-08-30T12:00:00+0000,2026-08-30,22,0.0,13.6,18.2
manningham,Manningham,24210,-37.75709145113663,145.18527872637898,-37.8,145.20001,69.0,Australia/Sydney,air_quality_2026-08-26.json,2026-08-26T00:00:00+1000,2026-08-25T14:00:00+0000,2026-08-26,0,0.0,9.8,10.5
manningham,Manningham,24210,-37.75709145113663,145.18527872637898,-37.8,145.20001,69.0,Australia/Sydney,air_quality_2026-08-26.json,2026-08-26T01:00:00+1000,2026-08-25T15:00:00+0000,2026-08-26,1,0.0,5.2,6.0
manningham,Manningham,24210,-37.75709145113663,145.18527872637898,-37.8,145.20001,69.0,Australia/Sydney,air_quality_2026-08-26.json,2026-08-26T02:00:00+1000,2026-08-25T16:00:00+0000,2026-08-26,2,0.0,3.7,4.9
manningham,Manningham,24210,-37.75709145113663,145.18527872637898,-37.8,145.20001,69.0,Australia/Sydney,air_quality_2026-08-26.json,2026-08-26T03:00:00+1000,2026-08-25T17:00:00+0000,2026-08-26,3,0.0,3.8,5.1
manningham,Manningham,24210,-37.75709145113663,145.18527872637898,-37.8,145.20001,69.0,Australia/Sydney,air_quality_2026-08-26.json,2026-08-26T04:00:00+1000,2026-08-25T18:00:00+0000,2026-08-26,4,0.0,4.2,5.8
manningham,Manningham,24210,-37.75709145113663,145.18527872637898,-37.8,145.20001,69.0,Australia/Sydney,air_quality_2026-08-26.json,2026-08-26T05:00:00+1000,2026-08-25T19:00:00+0000,2026-08-26,5,0.0,4.8,6.6
manningham,Manningham,24210,-37.75709145113663,145.18527872637898,-37.8,145.20001,69.0,Australia/Sydney,air_quality_2026-08-26.json,2026-08-26T06:00:00+1000,2026-08-25T20:00:00+0000,2026-08-26,6,0.0,5.3,7.2
manningham,Manningham,24210,-37.75709145113663,145.18527872637898,-37.8,145.20001,69.0,Australia/Sydney,air_quality_2026-08-26.json,2026-08-26T07:00:00+1000,2026-08-25T21:00:00+0000,2026-08-26,7,0.0,6.2,8.3
manningham,Manningham,24210,-37.75709145113663,145.18527872637898,-37.8,145.20001,69.0,Australia/Sydney,air_quality_2026-08-26.json,2026-08-26T08:00:00+1000,2026-08-25T22:00:00+0000,2026-08-26,8,0.2,6.7,9.1
manningham,Manningham,24210,-37.75709145113663,145.18527872637898,-37.8,145.20001,69.0,Australia/Sydney,air_quality_2026-08-26.json,2026-08-26T09:00:00+1000,2026-08-25T23:00:00+0000,2026-08-26,9,0.7,6.1,8.6
manningham,Manningham,24210,-37.75709145113663,145.18527872637898,-37.8,145.20001,69.0,Australia/Sydney,air_quality_2026-08-26.json,2026-08-26T10:00:00+1000,2026-08-26T00:00:00+0000,2026-08-26,10,1.75,8.3,12.2
manningham,Manningham,24210,-37.75709145113663,145.18527872637898,-37.8,145.20001,69.0,Australia/Sydney,air_quality_2026-08-26.json,2026-08-26T11:00:00+1000,2026-08-26T01:00:00+0000,2026-08-26,11,2.5,7.3,10.9
manningham,Manningham,24210,-37.75709145113663,145.18527872637898,-37.8,145.20001,69.0,Australia/Sydney,air_quality_2026-08-26.json,2026-08-26T12:00:00+1000,2026-08-26T02:00:00+0000,2026-08-26,12,2.55,7.3,11.0
manningham,Manningham,24210,-37.75709145113663,145.18527872637898,-37.8,145.20001,69.0,Australia/Sydney,air_quality_2026-08-26.json,2026-08-26T13:00:00+1000,2026-08-26T03:00:00+0000,2026-08-26,13,2.45,7.2,10.9
manningham,Manningham,24210,-37.75709145113663,145.18527872637898,-37.8,145.20001,69.0,Australia/Sydney,air_quality_2026-08-26.json,2026-08-26T14:00:00+1000,2026-08-26T04:00:00+0000,2026-08-26,14,1.7,7.5,11.2
manningham,Manningham,24210,-37.75709145113663,145.18527872637898,-37.8,145.20001,69.0,Australia/Sydney,air_quality_2026-08-26.json,2026-08-26T15:00:00+1000,2026-08-26T05:00:00+0000,2026-08-26,15,1.1,7.2,10.9
manningham,Manningham,24210,-37.75709145113663,145.18527872637898,-37.8,145.20001,69.0,Australia/Sydney,air_quality_2026-08-26.json,2026-08-26T16:00:00+1000,2026-08-26T06:00:00+0000,2026-08-26,16,0.5,7.5,11.1
manningham,Manningham,24210,-37.75709145113663,145.18527872637898,-37.8,145.20001,69.0,Australia/Sydney,air_quality_2026-08-26.json,2026-08-26T17:00:00+1000,2026-08-26T07:00:00+0000,2026-08-26,17,0.1,8.0,11.6
manningham,Manningham,24210,-37.75709145113663,145.18527872637898,-37.8,145.20001,69.0,Australia/Sydney,air_quality_2026-08-26.json,2026-08-26T18:00:00+1000,2026-08-26T08:00:00+0000,2026-08-26,18,0.0,9.9,13.6
manningham,Manningham,24210,-37.75709145113663,145.18527872637898,-37.8,145.20001,69.0,Australia/Sydney,air_quality_2026-08-26.json,2026-08-26T19:00:00+1000,2026-08-26T09:00:00+0000,2026-08-26,19,0.0,12.1,15.9
manningham,Manningham,24210,-37.75709145113663,145.18527872637898,-37.8,145.20001,69.0,Australia/Sydney,air_quality_2026-08-26.json,2026-08-26T20:00:00+1000,2026-08-26T10:00:00+0000,2026-08-26,20,0.0,12.9,16.4
manningham,Manningham,24210,-37.75709145113663,145.18527872637898,-37.8,145.20001,69.0,Australia/Sydney,air_quality_2026-08-26.json,2026-08-26T21:00:00+1000,2026-08-26T11:00:00+0000,2026-08-26,21,0.0,11.8,14.5
manningham,Manningham,24210,-37.75709145113663,145.18527872637898,-37.8,145.20001,69.0,Australia/Sydney,air_quality_2026-08-26.json,2026-08-26T22:00:00+1000,2026-08-26T12:00:00+0000,2026-08-26,22,0.0,11.8,14.3
manningham,Manningham,24210,-37.75709145113663,145.18527872637898,-37.8,145.20001,69.0,Australia/Sydney,air_quality_2026-08-26.json,2026-08-26T23:00:00+1000,2026-08-26T13:00:00+0000,2026-08-26,23,0.0,11.8,14.4
manningham,Manningham,24210,-37.75709145113663,145.18527872637898,-37.8,145.20001,69.0,Australia/Sydney,air_quality_2026-08-26.json,2026-08-27T00:00:00+1000,2026-08-26T14:00:00+0000,2026-08-27,0,0.0,11.6,14.2
manningham,Manningham,24210,-37.75709145113663,145.18527872637898,-37.8,145.20001,69.0,Australia/Sydney,air_quality_2026-08-26.json,2026-08-27T01:00:00+1000,2026-08-26T15:00:00+0000,2026-08-27,1,0.0,11.1,13.9
manningham,Manningham,24210,-37.75709145113663,145.18527872637898,-37.8,145.20001,69.0,Australia/Sydney,air_quality_2026-08-26.json,2026-08-27T02:00:00+1000,2026-08-26T16:00:00+0000,2026-08-27,2,0.0,10.8,13.7
manningham,Manningham,24210,-37.75709145113663,145.18527872637898,-37.8,145.20001,69.0,Australia/Sydney,air_quality_2026-08-26.json,2026-08-27T03:00:00+1000,2026-08-26T17:00:00+0000,2026-08-27,3,0.0,10.6,13.6
manningham,Manningham,24210,-37.75709145113663,145.18527872637898,-37.8,145.20001,69.0,Australia/Sydney,air_quality_2026-08-26.json,2026-08-27T04:00:00+1000,2026-08-26T18:00:00+0000,2026-08-27,4,0.0,10.5,13.9
manningham,Manningham,24210,-37.75709145113663,145.18527872637898,-37.8,145.20001,69.0,Australia/Sydney,air_quality_2026-08-26.json,2026-08-27T05:00:00+1000,2026-08-26T19:00:00+0000,2026-08-27,5,0.0,10.8,14.2
manningham,Manningham,24210,-37.75709145113663,145.18527872637898,-37.8,145.20001,69.0,Australia/Sydney,air_quality_2026-08-26.json,2026-08-27T06:00:00+1000,2026-08-26T20:00:00+0000,2026-08-27,6,0.0,11.4,14.8
manningham,Manningham,24210,-37.75709145113663,145.18527872637898,-37.8,145.20001,69.0,Australia/Sydney,air_quality_2026-08-26.json,2026-08-27T07:00:00+1000,2026-08-26T21:00:00+0000,2026-08-27,7,0.05,16.4,19.8
manningham,Manningham,24210,-37.75709145113663,145.18527872637898,-37.8,145.20001,69.0,Australia/Sydney,air_quality_2026-08-26.json,2026-08-27T08:00:00+1000,2026-08-26T22:00:00+0000,2026-08-27,8,0.35,21.0,23.2
manningham,Manningham,24210,-37.75709145113663,145.18527872637898,-37.8,145.20001,69.0,Australia/Sydney,air_quality_2026-08-26.json,2026-08-27T09:00:00+1000,2026-08-26T23:00:00+0000,2026-08-27,9,1.15,13.6,17.1
manningham,Manningham,24210,-37.75709145113663,145.18527872637898,-37.8,145.20001,69.0,Australia/Sydney,air_quality_2026-08-26.json,2026-08-27T10:00:00+1000,2026-08-27T00:00:00+0000,2026-08-27,10,2.3,10.4,14.6
manningham,Manningham,24210,-37.75709145113663,145.18527872637898,-37.8,145.20001,69.0,Australia/Sydney,air_quality_2026-08-26.json,2026-08-27T11:00:00+1000,2026-08-27T01:00:00+0000,2026-08-27,11,3.4,10.0,14.0
manningham,Manningham,24210,-37.75709145113663,145.18527872637898,-37.8,145.20001,69.0,Australia/Sydney,air_quality_2026-08-26.json,2026-08-27T12:00:00+1000,2026-08-27T02:00:00+0000,2026-08-27,12,3.95,9.8,13.8
manningham,Manningham,24210,-37.75709145113663,145.18527872637898,-37.8,145.20001,69.0,Australia/Sydney,air_quality_2026-08-26.json,2026-08-27T13:00:00+1000,2026-08-27T03:00:00+0000,2026-08-27,13,3.65,10.0,14.1
manningham,Manningham,24210,-37.75709145113663,145.18527872637898,-37.8,145.20001,69.0,Australia/Sydney,air_quality_2026-08-26.json,2026-08-27T14:00:00+1000,2026-08-27T04:00:00+0000,2026-08-27,14,2.8,10.3,14.3
manningham,Manningham,24210,-37.75709145113663,145.18527872637898,-37.8,145.20001,69.0,Australia/Sydney,air_quality_2026-08-26.json,2026-08-27T15:00:00+1000,2026-08-27T05:00:00+0000,2026-08-27,15,1.65,10.5,14.5
manningham,Manningham,24210,-37.75709145113663,145.18527872637898,-37.8,145.20001,69.0,Australia/Sydney,air_quality_2026-08-26.json,2026-08-27T16:00:00+1000,2026-08-27T06:00:00+0000,2026-08-27,16,0.65,10.0,13.8
manningham,Manningham,24210,-37.75709145113663,145.18527872637898,-37.8,145.20001,69.0,Australia/Sydney,air_quality_2026-08-26.json,2026-08-27T17:00:00+1000,2026-08-27T07:00:00+0000,2026-08-27,17,0.15,11.9,15.4
manningham,Manningham,24210,-37.75709145113663,145.18527872637898,-37.8,145.20001,69.0,Australia/Sydney,air_quality_2026-08-26.json,2026-08-27T18:00:00+1000,2026-08-27T08:00:00+0000,2026-08-27,18,0.0,17.1,20.5
manningham,Manningham,24210,-37.75709145113663,145.18527872637898,-37.8,145.20001,69.0,Australia/Sydney,air_quality_2026-08-26.json,2026-08-27T19:00:00+1000,2026-08-27T09:00:00+0000,2026-08-27,19,0.0,21.2,24.4
manningham,Manningham,24210,-37.75709145113663,145.18527872637898,-37.8,145.20001,69.0,Australia/Sydney,air_quality_2026-08-26.json,2026-08-27T20:00:00+1000,2026-08-27T10:00:00+0000,2026-08-27,20,0.0,25.0,28.0
manningham,Manningham,24210,-37.75709145113663,145.18527872637898,-37.8,145.20001,69.0,Australia/Sydney,air_quality_2026-08-26.json,2026-08-27T21:00:00+1000,2026-08-27T11:00:00+0000,2026-08-27,21,0.0,28.4,31.2
manningham,Manningham,24210,-37.75709145113663,145.18527872637898,-37.8,145.20001,69.0,Australia/Sydney,air_quality_2026-08-26.json,2026-08-27T22:00:00+1000,2026-08-27T12:00:00+0000,2026-08-27,22,0.0,28.3,30.5
manningham,Manningham,24210,-37.75709145113663,145.18527872637898,-37.8,145.20001,69.0,Australia/Sydney,air_quality_2026-08-26.json,2026-08-27T23:00:00+1000,2026-08-27T13:00:00+0000,2026-08-27,23,0.0,23.4,25.1
manningham,Manningham,24210,-37.75709145113663,145.18527872637898,-37.8,145.20001,69.0,Australia/Sydney,air_quality_2026-08-26.json,2026-08-28T00:00:00+1000,2026-08-27T14:00:00+0000,2026-08-28,0,0.0,17.5,19.0
manningham,Manningham,24210,-37.75709145113663,145.18527872637898,-37.8,145.20001,69.0,Australia/Sydney,air_quality_2026-08-26.json,2026-08-28T01:00:00+1000,2026-08-27T15:00:00+0000,2026-08-28,1,0.0,13.2,14.6
manningham,Manningham,24210,-37.75709145113663,145.18527872637898,-37.8,145.20001,69.0,Australia/Sydney,air_quality_2026-08-26.json,2026-08-28T02:00:00+1000,2026-08-27T16:00:00+0000,2026-08-28,2,0.0,10.0,11.4
manningham,Manningham,24210,-37.75709145113663,145.18527872637898,-37.8,145.20001,69.0,Australia/Sydney,air_quality_2026-08-26.json,2026-08-28T03:00:00+1000,2026-08-27T17:00:00+0000,2026-08-28,3,0.0,7.7,9.0
manningham,Manningham,24210,-37.75709145113663,145.18527872637898,-37.8,145.20001,69.0,Australia/Sydney,air_quality_2026-08-26.json,2026-08-28T04:00:00+1000,2026-08-27T18:00:00+0000,2026-08-28,4,0.0,6.3,7.7
manningham,Manningham,24210,-37.75709145113663,145.18527872637898,-37.8,145.20001,69.0,Australia/Sydney,air_quality_2026-08-26.json,2026-08-28T05:00:00+1000,2026-08-27T19:00:00+0000,2026-08-28,5,0.0,5.7,7.2
manningham,Manningham,24210,-37.75709145113663,145.18527872637898,-37.8,145.20001,69.0,Australia/Sydney,air_quality_2026-08-26.json,2026-08-28T06:00:00+1000,2026-08-27T20:00:00+0000,2026-08-28,6,0.0,5.6,7.1
manningham,Manningham,24210,-37.75709145113663,145.18527872637898,-37.8,145.20001,69.0,Australia/Sydney,air_quality_2026-08-26.json,2026-08-28T07:00:00+1000,2026-08-27T21:00:00+0000,2026-08-28,7,0.05,6.9,8.3
manningham,Manningham,24210,-37.75709145113663,145.18527872637898,-37.8,145.20001,69.0,Australia/Sydney,air_quality_2026-08-26.json,2026-08-28T08:00:00+1000,2026-08-27T22:00:00+0000,2026-08-28,8,0.2,8.2,9.5
manningham,Manningham,24210,-37.75709145113663,145.18527872637898,-37.8,145.20001,69.0,Australia/Sydney,air_quality_2026-08-26.json,2026-08-28T09:00:00+1000,2026-08-27T23:00:00+0000,2026-08-28,9,0.4,10.6,12.0
manningham,Manningham,24210,-37.75709145113663,145.18527872637898,-37.8,145.20001,69.0,Australia/Sydney,air_quality_2026-08-26.json,2026-08-28T10:00:00+1000,2026-08-28T00:00:00+0000,2026-08-28,10,0.75,8.7,10.9
manningham,Manningham,24210,-37.75709145113663,145.18527872637898,-37.8,145.20001,69.0,Australia/Sydney,air_quality_2026-08-26.json,2026-08-28T11:00:00+1000,2026-08-28T01:00:00+0000,2026-08-28,11,1.25,7.4,9.5
manningham,Manningham,24210,-37.75709145113663,145.18527872637898,-37.8,145.20001,69.0,Australia/Sydney,air_quality_2026-08-26.json,2026-08-28T12:00:00+1000,2026-08-28T02:00:00+0000,2026-08-28,12,1.3,6.0,7.7
manningham,Manningham,24210,-37.75709145113663,145.18527872637898,-37.8,145.20001,69.0,Australia/Sydney,air_quality_2026-08-26.json,2026-08-28T13:00:00+1000,2026-08-28T03:00:00+0000,2026-08-28,13,2.05,5.9,7.5
manningham,Manningham,24210,-37.75709145113663,145.18527872637898,-37.8,145.20001,69.0,Australia/Sydney,air_quality_2026-08-26.json,2026-08-28T14:00:00+1000,2026-08-28T04:00:00+0000,2026-08-28,14,2.45,5.8,7.7
manningham,Manningham,24210,-37.75709145113663,145.18527872637898,-37.8,145.20001,69.0,Australia/Sydney,air_quality_2026-08-26.json,2026-08-28T15:00:00+1000,2026-08-28T05:00:00+0000,2026-08-28,15,1.5,6.3,8.7
manningham,Manningham,24210,-37.75709145113663,145.18527872637898,-37.8,145.20001,69.0,Australia/Sydney,air_quality_2026-08-26.json,2026-08-28T16:00:00+1000,2026-08-28T06:00:00+0000,2026-08-28,16,0.65,7.5,10.5
manningham,Manningham,24210,-37.75709145113663,145.18527872637898,-37.8,145.20001,69.0,Australia/Sydney,air_quality_2026-08-26.json,2026-08-28T17:00:00+1000,2026-08-28T07:00:00+0000,2026-08-28,17,0.15,8.5,12.1
manningham,Manningham,24210,-37.75709145113663,145.18527872637898,-37.8,145.20001,69.0,Australia/Sydney,air_quality_2026-08-26.json,2026-08-28T18:00:00+1000,2026-08-28T08:00:00+0000,2026-08-28,18,0.0,11.6,15.5
manningham,Manningham,24210,-37.75709145113663,145.18527872637898,-37.8,145.20001,69.0,Australia/Sydney,air_quality_2026-08-26.json,2026-08-28T19:00:00+1000,2026-08-28T09:00:00+0000,2026-08-28,19,0.0,15.1,18.8
manningham,Manningham,24210,-37.75709145113663,145.18527872637898,-37.8,145.20001,69.0,Australia/Sydney,air_quality_2026-08-26.json,2026-08-28T20:00:00+1000,2026-08-28T10:00:00+0000,2026-08-28,20,0.0,18.9,23.2
manningham,Manningham,24210,-37.75709145113663,145.18527872637898,-37.8,145.20001,69.0,Australia/Sydney,air_quality_2026-08-26.json,2026-08-28T21:00:00+1000,2026-08-28T11:00:00+0000,2026-08-28,21,0.0,21.7,26.4
manningham,Manningham,24210,-37.75709145113663,145.18527872637898,-37.8,145.20001,69.0,Australia/Sydney,air_quality_2026-08-26.json,2026-08-28T22:00:00+1000,2026-08-28T12:00:00+0000,2026-08-28,22,0.0,26.5,31.9
manningham,Manningham,24210,-37.75709145113663,145.18527872637898,-37.8,145.20001,69.0,Australia/Sydney,air_quality_2026-08-26.json,2026-08-28T23:00:00+1000,2026-08-28T13:00:00+0000,2026-08-28,23,0.0,28.0,33.9
manningham,Manningham,24210,-37.75709145113663,145.18527872637898,-37.8,145.20001,69.0,Australia/Sydney,air_quality_2026-08-26.json,2026-08-29T00:00:00+1000,2026-08-28T14:00:00+0000,2026-08-29,0,0.0,28.8,35.2
manningham,Manningham,24210,-37.75709145113663,145.18527872637898,-37.8,145.20001,69.0,Australia/Sydney,air_quality_2026-08-26.json,2026-08-29T01:00:00+1000,2026-08-28T15:00:00+0000,2026-08-29,1,0.0,28.2,34.8
manningham,Manningham,24210,-37.75709145113663,145.18527872637898,-37.8,145.20001,69.0,Australia/Sydney,air_quality_2026-08-26.json,2026-08-29T02:00:00+1000,2026-08-28T16:00:00+0000,2026-08-29,2,0.0,25.7,32.0
manningham,Manningham,24210,-37.75709145113663,145.18527872637898,-37.8,145.20001,69.0,Australia/Sydney,air_quality_2026-08-26.json,2026-08-29T03:00:00+1000,2026-08-28T17:00:00+0000,2026-08-29,3,0.0,22.5,28.1
manningham,Manningham,24210,-37.75709145113663,145.18527872637898,-37.8,145.20001,69.0,Australia/Sydney,air_quality_2026-08-26.json,2026-08-29T04:00:00+1000,2026-08-28T18:00:00+0000,2026-08-29,4,0.0,19.4,24.8
manningham,Manningham,24210,-37.75709145113663,145.18527872637898,-37.8,145.20001,69.0,Australia/Sydney,air_quality_2026-08-26.json,2026-08-29T05:00:00+1000,2026-08-28T19:00:00+0000,2026-08-29,5,0.0,16.9,22.2
manningham,Manningham,24210,-37.75709145113663,145.18527872637898,-37.8,145.20001,69.0,Australia/Sydney,air_quality_2026-08-26.json,2026-08-29T06:00:00+1000,2026-08-28T20:00:00+0000,2026-08-29,6,0.0,15.7,20.5
manningham,Manningham,24210,-37.75709145113663,145.18527872637898,-37.8,145.20001,69.0,Australia/Sydney,air_quality_2026-08-26.json,2026-08-29T07:00:00+1000,2026-08-28T21:00:00+0000,2026-08-29,7,0.05,17.2,21.7
manningham,Manningham,24210,-37.75709145113663,145.18527872637898,-37.8,145.20001,69.0,Australia/Sydney,air_quality_2026-08-26.json,2026-08-29T08:00:00+1000,2026-08-28T22:00:00+0000,2026-08-29,8,0.35,18.5,22.8
manningham,Manningham,24210,-37.75709145113663,145.18527872637898,-37.8,145.20001,69.0,Australia/Sydney,air_quality_2026-08-26.json,2026-08-29T09:00:00+1000,2026-08-28T23:00:00+0000,2026-08-29,9,0.95,15.3,20.4
manningham,Manningham,24210,-37.75709145113663,145.18527872637898,-37.8,145.20001,69.0,Australia/Sydney,air_quality_2026-08-26.json,2026-08-29T10:00:00+1000,2026-08-29T00:00:00+0000,2026-08-29,10,1.6,13.9,20.3
manningham,Manningham,24210,-37.75709145113663,145.18527872637898,-37.8,145.20001,69.0,Australia/Sydney,air_quality_2026-08-26.json,2026-08-29T11:00:00+1000,2026-08-29T01:00:00+0000,2026-08-29,11,2.0,13.1,19.8
manningham,Manningham,24210,-37.75709145113663,145.18527872637898,-37.8,145.20001,69.0,Australia/Sydney,air_quality_2026-08-26.json,2026-08-29T12:00:00+1000,2026-08-29T02:00:00+0000,2026-08-29,12,2.2,12.1,18.1
manningham,Manningham,24210,-37.75709145113663,145.18527872637898,-37.8,145.20001,69.0,Australia/Sydney,air_quality_2026-08-26.json,2026-08-29T13:00:00+1000,2026-08-29T03:00:00+0000,2026-08-29,13,2.1,11.8,17.5
manningham,Manningham,24210,-37.75709145113663,145.18527872637898,-37.8,145.20001,69.0,Australia/Sydney,air_quality_2026-08-26.json,2026-08-29T14:00:00+1000,2026-08-29T04:00:00+0000,2026-08-29,14,1.55,11.4,16.7
manningham,Manningham,24210,-37.75709145113663,145.18527872637898,-37.8,145.20001,69.0,Australia/Sydney,air_quality_2026-08-26.json,2026-08-29T15:00:00+1000,2026-08-29T05:00:00+0000,2026-08-29,15,0.85,11.4,16.6
manningham,Manningham,24210,-37.75709145113663,145.18527872637898,-37.8,145.20001,69.0,Australia/Sydney,air_quality_2026-08-26.json,2026-08-29T16:00:00+1000,2026-08-29T06:00:00+0000,2026-08-29,16,0.35,12.2,17.9
manningham,Manningham,24210,-37.75709145113663,145.18527872637898,-37.8,145.20001,69.0,Australia/Sydney,air_quality_2026-08-26.json,2026-08-29T17:00:00+1000,2026-08-29T07:00:00+0000,2026-08-29,17,0.1,13.5,19.8
manningham,Manningham,24210,-37.75709145113663,145.18527872637898,-37.8,145.20001,69.0,Australia/Sydney,air_quality_2026-08-26.json,2026-08-29T18:00:00+1000,2026-08-29T08:00:00+0000,2026-08-29,18,0.0,14.1,20.1
manningham,Manningham,24210,-37.75709145113663,145.18527872637898,-37.8,145.20001,69.0,Australia/Sydney,air_quality_2026-08-26.json,2026-08-29T19:00:00+1000,2026-08-29T09:00:00+0000,2026-08-29,19,0.0,14.1,19.1
manningham,Manningham,24210,-37.75709145113663,145.18527872637898,-37.8,145.20001,69.0,Australia/Sydney,air_quality_2026-08-26.json,2026-08-29T20:00:00+1000,2026-08-29T10:00:00+0000,2026-08-29,20,0.0,14.8,19.7
manningham,Manningham,24210,-37.75709145113663,145.18527872637898,-37.8,145.20001,69.0,Australia/Sydney,air_quality_2026-08-26.json,2026-08-29T21:00:00+1000,2026-08-29T11:00:00+0000,2026-08-29,21,0.0,15.6,21.0
manningham,Manningham,24210,-37.75709145113663,145.18527872637898,-37.8,145.20001,69.0,Australia/Sydney,air_quality_2026-08-26.json,2026-08-29T22:00:00+1000,2026-08-29T12:00:00+0000,2026-08-29,22,0.0,14.5,19.5
manningham,Manningham,24210,-37.75709145113663,145.18527872637898,-37.8,145.20001,69.0,Australia/Sydney,air_quality_2026-08-26.json,2026-08-29T23:00:00+1000,2026-08-29T13:00:00+0000,2026-08-29,23,0.0,13.2,17.7
manningham,Manningham,24210,-37.75709145113663,145.18527872637898,-37.8,145.20001,69.0,Australia/Sydney,air_quality_2026-08-26.json,2026-08-30T00:00:00+1000,2026-08-29T14:00:00+0000,2026-08-30,0,0.0,12.3,16.4
manningham,Manningham,24210,-37.75709145113663,145.18527872637898,-37.8,145.20001,69.0,Australia/Sydney,air_quality_2026-08-26.json,2026-08-30T01:00:00+1000,2026-08-29T15:00:00+0000,2026-08-30,1,0.0,11.5,15.3
manningham,Manningham,24210,-37.75709145113663,145.18527872637898,-37.8,145.20001,69.0,Australia/Sydney,air_quality_2026-08-26.json,2026-08-30T02:00:00+1000,2026-08-29T16:00:00+0000,2026-08-30,2,0.0,11.2,15.1
manningham,Manningham,24210,-37.75709145113663,145.18527872637898,-37.8,145.20001,69.0,Australia/Sydney,air_quality_2026-08-26.json,2026-08-30T03:00:00+1000,2026-08-29T17:00:00+0000,2026-08-30,3,0.0,11.2,15.0
manningham,Manningham,24210,-37.75709145113663,145.18527872637898,-37.8,145.20001,69.0,Australia/Sydney,air_quality_2026-08-26.json,2026-08-30T04:00:00+1000,2026-08-29T18:00:00+0000,2026-08-30,4,0.0,11.3,15.1
manningham,Manningham,24210,-37.75709145113663,145.18527872637898,-37.8,145.20001,69.0,Australia/Sydney,air_quality_2026-08-26.json,2026-08-30T05:00:00+1000,2026-08-29T19:00:00+0000,2026-08-30,5,0.0,11.4,15.3
manningham,Manningham,24210,-37.75709145113663,145.18527872637898,-37.8,145.20001,69.0,Australia/Sydney,air_quality_2026-08-26.json,2026-08-30T06:00:00+1000,2026-08-29T20:00:00+0000,2026-08-30,6,0.0,12.2,16.2
manningham,Manningham,24210,-37.75709145113663,145.18527872637898,-37.8,145.20001,69.0,Australia/Sydney,air_quality_2026-08-26.json,2026-08-30T07:00:00+1000,2026-08-29T21:00:00+0000,2026-08-30,7,0.0,13.5,17.4
manningham,Manningham,24210,-37.75709145113663,145.18527872637898,-37.8,145.20001,69.0,Australia/Sydney,air_quality_2026-08-26.json,2026-08-30T08:00:00+1000,2026-08-29T22:00:00+0000,2026-08-30,8,0.2,15.1,19.0
manningham,Manningham,24210,-37.75709145113663,145.18527872637898,-37.8,145.20001,69.0,Australia/Sydney,air_quality_2026-08-26.json,2026-08-30T09:00:00+1000,2026-08-29T23:00:00+0000,2026-08-30,9,0.6,14.3,18.5
manningham,Manningham,24210,-37.75709145113663,145.18527872637898,-37.8,145.20001,69.0,Australia/Sydney,air_quality_2026-08-26.json,2026-08-30T10:00:00+1000,2026-08-30T00:00:00+0000,2026-08-30,10,1.5,12.6,17.6
manningham,Manningham,24210,-37.75709145113663,145.18527872637898,-37.8,145.20001,69.0,Australia/Sydney,air_quality_2026-08-26.json,2026-08-30T11:00:00+1000,2026-08-30T01:00:00+0000,2026-08-30,11,2.25,11.8,17.0
manningham,Manningham,24210,-37.75709145113663,145.18527872637898,-37.8,145.20001,69.0,Australia/Sydney,air_quality_2026-08-26.json,2026-08-30T12:00:00+1000,2026-08-30T02:00:00+0000,2026-08-30,12,2.95,11.3,16.4
manningham,Manningham,24210,-37.75709145113663,145.18527872637898,-37.8,145.20001,69.0,Australia/Sydney,air_quality_2026-08-26.json,2026-08-30T13:00:00+1000,2026-08-30T03:00:00+0000,2026-08-30,13,3.15,11.2,16.2
manningham,Manningham,24210,-37.75709145113663,145.18527872637898,-37.8,145.20001,69.0,Australia/Sydney,air_quality_2026-08-26.json,2026-08-30T14:00:00+1000,2026-08-30T04:00:00+0000,2026-08-30,14,2.9,10.5,15.1
manningham,Manningham,24210,-37.75709145113663,145.18527872637898,-37.8,145.20001,69.0,Australia/Sydney,air_quality_2026-08-26.json,2026-08-30T15:00:00+1000,2026-08-30T05:00:00+0000,2026-08-30,15,1.8,10.7,15.2
manningham,Manningham,24210,-37.75709145113663,145.18527872637898,-37.8,145.20001,69.0,Australia/Sydney,air_quality_2026-08-26.json,2026-08-30T16:00:00+1000,2026-08-30T06:00:00+0000,2026-08-30,16,0.8,10.8,15.4
manningham,Manningham,24210,-37.75709145113663,145.18527872637898,-37.8,145.20001,69.0,Australia/Sydney,air_quality_2026-08-26.json,2026-08-30T17:00:00+1000,2026-08-30T07:00:00+0000,2026-08-30,17,0.15,11.1,15.7
manningham,Manningham,24210,-37.75709145113663,145.18527872637898,-37.8,145.20001,69.0,Australia/Sydney,air_quality_2026-08-26.json,2026-08-30T18:00:00+1000,2026-08-30T08:00:00+0000,2026-08-30,18,0.0,12.6,17.1
manningham,Manningham,24210,-37.75709145113663,145.18527872637898,-37.8,145.20001,69.0,Australia/Sydney,air_quality_2026-08-26.json,2026-08-30T19:00:00+1000,2026-08-30T09:00:00+0000,2026-08-30,19,0.0,12.8,16.6
manningham,Manningham,24210,-37.75709145113663,145.18527872637898,-37.8,145.20001,69.0,Australia/Sydney,air_quality_2026-08-26.json,2026-08-30T20:00:00+1000,2026-08-30T10:00:00+0000,2026-08-30,20,0.0,12.6,16.0
manningham,Manningham,24210,-37.75709145113663,145.18527872637898,-37.8,145.20001,69.0,Australia/Sydney,air_quality_2026-08-26.json,2026-08-30T21:00:00+1000,2026-08-30T11:00:00+0000,2026-08-30,21,0.0,12.8,16.1
manningham,Manningham,24210,-37.75709145113663,145.18527872637898,-37.8,145.20001,69.0,Australia/Sydney,air_quality_2026-08-26.json,2026-08-30T22:00:00+1000,2026-08-30T12:00:00+0000,2026-08-30,22,0.0,13.4,16.6
maribyrnong,Maribyrnong,24330,-37.79217377766585,144.87786848890715,-37.8,144.9,36.0,Australia/Sydney,air_quality_2026-08-26.json,2026-08-26T00:00:00+1000,2026-08-25T14:00:00+0000,2026-08-26,0,0.0,3.3,4.0
maribyrnong,Maribyrnong,24330,-37.79217377766585,144.87786848890715,-37.8,144.9,36.0,Australia/Sydney,air_quality_2026-08-26.json,2026-08-26T01:00:00+1000,2026-08-25T15:00:00+0000,2026-08-26,1,0.0,3.1,4.0
maribyrnong,Maribyrnong,24330,-37.79217377766585,144.87786848890715,-37.8,144.9,36.0,Australia/Sydney,air_quality_2026-08-26.json,2026-08-26T02:00:00+1000,2026-08-25T16:00:00+0000,2026-08-26,2,0.0,3.4,4.6
maribyrnong,Maribyrnong,24330,-37.79217377766585,144.87786848890715,-37.8,144.9,36.0,Australia/Sydney,air_quality_2026-08-26.json,2026-08-26T03:00:00+1000,2026-08-25T17:00:00+0000,2026-08-26,3,0.0,3.6,4.9
maribyrnong,Maribyrnong,24330,-37.79217377766585,144.87786848890715,-37.8,144.9,36.0,Australia/Sydney,air_quality_2026-08-26.json,2026-08-26T04:00:00+1000,2026-08-25T18:00:00+0000,2026-08-26,4,0.0,3.9,5.5
maribyrnong,Maribyrnong,24330,-37.79217377766585,144.87786848890715,-37.8,144.9,36.0,Australia/Sydney,air_quality_2026-08-26.json,2026-08-26T05:00:00+1000,2026-08-25T19:00:00+0000,2026-08-26,5,0.0,4.3,6.1
maribyrnong,Maribyrnong,24330,-37.79217377766585,144.87786848890715,-37.8,144.9,36.0,Australia/Sydney,air_quality_2026-08-26.json,2026-08-26T06:00:00+1000,2026-08-25T20:00:00+0000,2026-08-26,6,0.0,4.6,6.4
maribyrnong,Maribyrnong,24330,-37.79217377766585,144.87786848890715,-37.8,144.9,36.0,Australia/Sydney,air_quality_2026-08-26.json,2026-08-26T07:00:00+1000,2026-08-25T21:00:00+0000,2026-08-26,7,0.0,5.4,7.3
maribyrnong,Maribyrnong,24330,-37.79217377766585,144.87786848890715,-37.8,144.9,36.0,Australia/Sydney,air_quality_2026-08-26.json,2026-08-26T08:00:00+1000,2026-08-25T22:00:00+0000,2026-08-26,8,0.25,5.8,8.1
maribyrnong,Maribyrnong,24330,-37.79217377766585,144.87786848890715,-37.8,144.9,36.0,Australia/Sydney,air_quality_2026-08-26.json,2026-08-26T09:00:00+1000,2026-08-25T23:00:00+0000,2026-08-26,9,0.9,5.4,7.9
maribyrnong,Maribyrnong,24330,-37.79217377766585,144.87786848890715,-37.8,144.9,36.0,Australia/Sydney,air_quality_2026-08-26.json,2026-08-26T10:00:00+1000,2026-08-26T00:00:00+0000,2026-08-26,10,1.75,7.7,11.7
maribyrnong,Maribyrnong,24330,-37.79217377766585,144.87786848890715,-37.8,144.9,36.0,Australia/Sydney,air_quality_2026-08-26.json,2026-08-26T11:00:00+1000,2026-08-26T01:00:00+0000,2026-08-26,11,2.45,6.6,10.0
maribyrnong,Maribyrnong,24330,-37.79217377766585,144.87786848890715,-37.8,144.9,36.0,Australia/Sydney,air_quality_2026-08-26.json,2026-08-26T12:00:00+1000,2026-08-26T02:00:00+0000,2026-08-26,12,2.35,7.1,10.9
maribyrnong,Maribyrnong,24330,-37.79217377766585,144.87786848890715,-37.8,144.9,36.0,Australia/Sydney,air_quality_2026-08-26.json,2026-08-26T13:00:00+1000,2026-08-26T03:00:00+0000,2026-08-26,13,2.3,6.8,10.5
maribyrnong,Maribyrnong,24330,-37.79217377766585,144.87786848890715,-37.8,144.9,36.0,Australia/Sydney,air_quality_2026-08-26.json,2026-08-26T14:00:00+1000,2026-08-26T04:00:00+0000,2026-08-26,14,1.7,6.7,10.3
maribyrnong,Maribyrnong,24330,-37.79217377766585,144.87786848890715,-37.8,144.9,36.0,Australia/Sydney,air_quality_2026-08-26.json,2026-08-26T15:00:00+1000,2026-08-26T05:00:00+0000,2026-08-26,15,0.95,6.7,10.2
maribyrnong,Maribyrnong,24330,-37.79217377766585,144.87786848890715,-37.8,144.9,36.0,Australia/Sydney,air_quality_2026-08-26.json,2026-08-26T16:00:00+1000,2026-08-26T06:00:00+0000,2026-08-26,16,0.5,7.1,10.7
maribyrnong,Maribyrnong,24330,-37.79217377766585,144.87786848890715,-37.8,144.9,36.0,Australia/Sydney,air_quality_2026-08-26.json,2026-08-26T17:00:00+1000,2026-08-26T07:00:00+0000,2026-08-26,17,0.15,7.4,11.0
maribyrnong,Maribyrnong,24330,-37.79217377766585,144.87786848890715,-37.8,144.9,36.0,Australia/Sydney,air_quality_2026-08-26.json,2026-08-26T18:00:00+1000,2026-08-26T08:00:00+0000,2026-08-26,18,0.0,9.5,13.2
maribyrnong,Maribyrnong,24330,-37.79217377766585,144.87786848890715,-37.8,144.9,36.0,Australia/Sydney,air_quality_2026-08-26.json,2026-08-26T19:00:00+1000,2026-08-26T09:00:00+0000,2026-08-26,19,0.0,11.9,15.7
maribyrnong,Maribyrnong,24330,-37.79217377766585,144.87786848890715,-37.8,144.9,36.0,Australia/Sydney,air_quality_2026-08-26.json,2026-08-26T20:00:00+1000,2026-08-26T10:00:00+0000,2026-08-26,20,0.0,12.6,16.1
maribyrnong,Maribyrnong,24330,-37.79217377766585,144.87786848890715,-37.8,144.9,36.0,Australia/Sydney,air_quality_2026-08-26.json,2026-08-26T21:00:00+1000,2026-08-26T11:00:00+0000,2026-08-26,21,0.0,11.6,14.0
maribyrnong,Maribyrnong,24330,-37.79217377766585,144.87786848890715,-37.8,144.9,36.0,Australia/Sydney,air_quality_2026-08-26.json,2026-08-26T22:00:00+1000,2026-08-26T12:00:00+0000,2026-08-26,22,0.0,11.5,13.8
maribyrnong,Maribyrnong,24330,-37.79217377766585,144.87786848890715,-37.8,144.9,36.0,Australia/Sydney,air_quality_2026-08-26.json,2026-08-26T23:00:00+1000,2026-08-26T13:00:00+0000,2026-08-26,23,0.0,11.4,13.6
maribyrnong,Maribyrnong,24330,-37.79217377766585,144.87786848890715,-37.8,144.9,36.0,Australia/Sydney,air_quality_2026-08-26.json,2026-08-27T00:00:00+1000,2026-08-26T14:00:00+0000,2026-08-27,0,0.0,10.9,13.1
maribyrnong,Maribyrnong,24330,-37.79217377766585,144.87786848890715,-37.8,144.9,36.0,Australia/Sydney,air_quality_2026-08-26.json,2026-08-27T01:00:00+1000,2026-08-26T15:00:00+0000,2026-08-27,1,0.0,10.0,12.3
maribyrnong,Maribyrnong,24330,-37.79217377766585,144.87786848890715,-37.8,144.9,36.0,Australia/Sydney,air_quality_2026-08-26.json,2026-08-27T02:00:00+1000,2026-08-26T16:00:00+0000,2026-08-27,2,0.0,9.4,11.6
maribyrnong,Maribyrnong,24330,-37.79217377766585,144.87786848890715,-37.8,144.9,36.0,Australia/Sydney,air_quality_2026-08-26.json,2026-08-27T03:00:00+1000,2026-08-26T17:00:00+0000,2026-08-27,3,0.0,8.8,11.2
maribyrnong,Maribyrnong,24330,-37.79217377766585,144.87786848890715,-37.8,144.9,36.0,Australia/Sydney,air_quality_2026-08-26.json,2026-08-27T04:00:00+1000,2026-08-26T18:00:00+0000,2026-08-27,4,0.0,8.6,11.1
maribyrnong,Maribyrnong,24330,-37.79217377766585,144.87786848890715,-37.8,144.9,36.0,Australia/Sydney,air_quality_2026-08-26.json,2026-08-27T05:00:00+1000,2026-08-26T19:00:00+0000,2026-08-27,5,0.0,8.6,11.2
maribyrnong,Maribyrnong,24330,-37.79217377766585,144.87786848890715,-37.8,144.9,36.0,Australia/Sydney,air_quality_2026-08-26.json,2026-08-27T06:00:00+1000,2026-08-26T20:00:00+0000,2026-08-27,6,0.0,9.3,12.0
maribyrnong,Maribyrnong,24330,-37.79217377766585,144.87786848890715,-37.8,144.9,36.0,Australia/Sydney,air_quality_2026-08-26.json,2026-08-27T07:00:00+1000,2026-08-26T21:00:00+0000,2026-08-27,7,0.05,12.7,15.4
maribyrnong,Maribyrnong,24330,-37.79217377766585,144.87786848890715,-37.8,144.9,36.0,Australia/Sydney,air_quality_2026-08-26.json,2026-08-27T08:00:00+1000,2026-08-26T22:00:00+0000,2026-08-27,8,0.35,17.9,19.8
maribyrnong,Maribyrnong,24330,-37.79217377766585,144.87786848890715,-37.8,144.9,36.0,Australia/Sydney,air_quality_2026-08-26.json,2026-08-27T09:00:00+1000,2026-08-26T23:00:00+0000,2026-08-27,9,1.15,12.0,15.5
maribyrnong,Maribyrnong,24330,-37.79217377766585,144.87786848890715,-37.8,144.9,36.0,Australia/Sydney,air_quality_2026-08-26.json,2026-08-27T10:00:00+1000,2026-08-27T00:00:00+0000,2026-08-27,10,2.35,8.9,13.0
maribyrnong,Maribyrnong,24330,-37.79217377766585,144.87786848890715,-37.8,144.9,36.0,Australia/Sydney,air_quality_2026-08-26.json,2026-08-27T11:00:00+1000,2026-08-27T01:00:00+0000,2026-08-27,11,3.45,8.4,12.4
maribyrnong,Maribyrnong,24330,-37.79217377766585,144.87786848890715,-37.8,144.9,36.0,Australia/Sydney,air_quality_2026-08-26.json,2026-08-27T12:00:00+1000,2026-08-27T02:00:00+0000,2026-08-27,12,3.95,8.3,12.2
maribyrnong,Maribyrnong,24330,-37.79217377766585,144.87786848890715,-37.8,144.9,36.0,Australia/Sydney,air_quality_2026-08-26.json,2026-08-27T13:00:00+1000,2026-08-27T03:00:00+0000,2026-08-27,13,3.7,8.4,12.0
maribyrnong,Maribyrnong,24330,-37.79217377766585,144.87786848890715,-37.8,144.9,36.0,Australia/Sydney,air_quality_2026-08-26.json,2026-08-27T14:00:00+1000,2026-08-27T04:00:00+0000,2026-08-27,14,2.8,8.4,12.0
maribyrnong,Maribyrnong,24330,-37.79217377766585,144.87786848890715,-37.8,144.9,36.0,Australia/Sydney,air_quality_2026-08-26.json,2026-08-27T15:00:00+1000,2026-08-27T05:00:00+0000,2026-08-27,15,1.65,8.6,12.1
maribyrnong,Maribyrnong,24330,-37.79217377766585,144.87786848890715,-37.8,144.9,36.0,Australia/Sydney,air_quality_2026-08-26.json,2026-08-27T16:00:00+1000,2026-08-27T06:00:00+0000,2026-08-27,16,0.65,8.3,11.6
maribyrnong,Maribyrnong,24330,-37.79217377766585,144.87786848890715,-37.8,144.9,36.0,Australia/Sydney,air_quality_2026-08-26.json,2026-08-27T17:00:00+1000,2026-08-27T07:00:00+0000,2026-08-27,17,0.15,10.6,13.8
maribyrnong,Maribyrnong,24330,-37.79217377766585,144.87786848890715,-37.8,144.9,36.0,Australia/Sydney,air_quality_2026-08-26.json,2026-08-27T18:00:00+1000,2026-08-27T08:00:00+0000,2026-08-27,18,0.0,15.9,19.1
maribyrnong,Maribyrnong,24330,-37.79217377766585,144.87786848890715,-37.8,144.9,36.0,Australia/Sydney,air_quality_2026-08-26.json,2026-08-27T19:00:00+1000,2026-08-27T09:00:00+0000,2026-08-27,19,0.0,20.5,23.6
maribyrnong,Maribyrnong,24330,-37.79217377766585,144.87786848890715,-37.8,144.9,36.0,Australia/Sydney,air_quality_2026-08-26.json,2026-08-27T20:00:00+1000,2026-08-27T10:00:00+0000,2026-08-27,20,0.0,24.6,27.5
maribyrnong,Maribyrnong,24330,-37.79217377766585,144.87786848890715,-37.8,144.9,36.0,Australia/Sydney,air_quality_2026-08-26.json,2026-08-27T21:00:00+1000,2026-08-27T11:00:00+0000,2026-08-27,21,0.0,28.2,31.0
maribyrnong,Maribyrnong,24330,-37.79217377766585,144.87786848890715,-37.8,144.9,36.0,Australia/Sydney,air_quality_2026-08-26.json,2026-08-27T22:00:00+1000,2026-08-27T12:00:00+0000,2026-08-27,22,0.0,28.2,30.3
maribyrnong,Maribyrnong,24330,-37.79217377766585,144.87786848890715,-37.8,144.9,36.0,Australia/Sydney,air_quality_2026-08-26.json,2026-08-27T23:00:00+1000,2026-08-27T13:00:00+0000,2026-08-27,23,0.0,22.9,24.3
maribyrnong,Maribyrnong,24330,-37.79217377766585,144.87786848890715,-37.8,144.9,36.0,Australia/Sydney,air_quality_2026-08-26.json,2026-08-28T00:00:00+1000,2026-08-27T14:00:00+0000,2026-08-28,0,0.0,16.9,18.0
maribyrnong,Maribyrnong,24330,-37.79217377766585,144.87786848890715,-37.8,144.9,36.0,Australia/Sydney,air_quality_2026-08-26.json,2026-08-28T01:00:00+1000,2026-08-27T15:00:00+0000,2026-08-28,1,0.0,12.6,13.5
maribyrnong,Maribyrnong,24330,-37.79217377766585,144.87786848890715,-37.8,144.9,36.0,Australia/Sydney,air_quality_2026-08-26.json,2026-08-28T02:00:00+1000,2026-08-27T16:00:00+0000,2026-08-28,2,0.0,9.5,10.4
maribyrnong,Maribyrnong,24330,-37.79217377766585,144.87786848890715,-37.8,144.9,36.0,Australia/Sydney,air_quality_2026-08-26.json,2026-08-28T03:00:00+1000,2026-08-27T17:00:00+0000,2026-08-28,3,0.0,7.2,8.1
maribyrnong,Maribyrnong,24330,-37.79217377766585,144.87786848890715,-37.8,144.9,36.0,Australia/Sydney,air_quality_2026-08-26.json,2026-08-28T04:00:00+1000,2026-08-27T18:00:00+0000,2026-08-28,4,0.0,5.8,6.8
maribyrnong,Maribyrnong,24330,-37.79217377766585,144.87786848890715,-37.8,144.9,36.0,Australia/Sydney,air_quality_2026-08-26.json,2026-08-28T05:00:00+1000,2026-08-27T19:00:00+0000,2026-08-28,5,0.0,5.2,6.3
maribyrnong,Maribyrnong,24330,-37.79217377766585,144.87786848890715,-37.8,144.9,36.0,Australia/Sydney,air_quality_2026-08-26.json,2026-08-28T06:00:00+1000,2026-08-27T20:00:00+0000,2026-08-28,6,0.0,5.1,6.2
maribyrnong,Maribyrnong,24330,-37.79217377766585,144.87786848890715,-37.8,144.9,36.0,Australia/Sydney,air_quality_2026-08-26.json,2026-08-28T07:00:00+1000,2026-08-27T21:00:00+0000,2026-08-28,7,0.05,6.4,7.5
maribyrnong,Maribyrnong,24330,-37.79217377766585,144.87786848890715,-37.8,144.9,36.0,Australia/Sydney,air_quality_2026-08-26.json,2026-08-28T08:00:00+1000,2026-08-27T22:00:00+0000,2026-08-28,8,0.2,8.1,9.3
maribyrnong,Maribyrnong,24330,-37.79217377766585,144.87786848890715,-37.8,144.9,36.0,Australia/Sydney,air_quality_2026-08-26.json,2026-08-28T09:00:00+1000,2026-08-27T23:00:00+0000,2026-08-28,9,0.55,10.4,11.6
maribyrnong,Maribyrnong,24330,-37.79217377766585,144.87786848890715,-37.8,144.9,36.0,Australia/Sydney,air_quality_2026-08-26.json,2026-08-28T10:00:00+1000,2026-08-28T00:00:00+0000,2026-08-28,10,1.05,8.3,10.2
maribyrnong,Maribyrnong,24330,-37.79217377766585,144.87786848890715,-37.8,144.9,36.0,Australia/Sydney,air_quality_2026-08-26.json,2026-08-28T11:00:00+1000,2026-08-28T01:00:00+0000,2026-08-28,11,1.5,7.2,9.1
maribyrnong,Maribyrnong,24330,-37.79217377766585,144.87786848890715,-37.8,144.9,36.0,Australia/Sydney,air_quality_2026-08-26.json,2026-08-28T12:00:00+1000,2026-08-28T02:00:00+0000,2026-08-28,12,1.45,4.9,6.1
maribyrnong,Maribyrnong,24330,-37.79217377766585,144.87786848890715,-37.8,144.9,36.0,Australia/Sydney,air_quality_2026-08-26.json,2026-08-28T13:00:00+1000,2026-08-28T03:00:00+0000,2026-08-28,13,2.85,4.0,5.0
maribyrnong,Maribyrnong,24330,-37.79217377766585,144.87786848890715,-37.8,144.9,36.0,Australia/Sydney,air_quality_2026-08-26.json,2026-08-28T14:00:00+1000,2026-08-28T04:00:00+0000,2026-08-28,14,2.2,3.8,5.1
maribyrnong,Maribyrnong,24330,-37.79217377766585,144.87786848890715,-37.8,144.9,36.0,Australia/Sydney,air_quality_2026-08-26.json,2026-08-28T15:00:00+1000,2026-08-28T05:00:00+0000,2026-08-28,15,1.5,4.7,6.6
maribyrnong,Maribyrnong,24330,-37.79217377766585,144.87786848890715,-37.8,144.9,36.0,Australia/Sydney,air_quality_2026-08-26.json,2026-08-28T16:00:00+1000,2026-08-28T06:00:00+0000,2026-08-28,16,0.65,6.3,9.2
maribyrnong,Maribyrnong,24330,-37.79217377766585,144.87786848890715,-37.8,144.9,36.0,Australia/Sydney,air_quality_2026-08-26.json,2026-08-28T17:00:00+1000,2026-08-28T07:00:00+0000,2026-08-28,17,0.15,8.2,12.1
maribyrnong,Maribyrnong,24330,-37.79217377766585,144.87786848890715,-37.8,144.9,36.0,Australia/Sydney,air_quality_2026-08-26.json,2026-08-28T18:00:00+1000,2026-08-28T08:00:00+0000,2026-08-28,18,0.0,11.3,15.4
maribyrnong,Maribyrnong,24330,-37.79217377766585,144.87786848890715,-37.8,144.9,36.0,Australia/Sydney,air_quality_2026-08-26.json,2026-08-28T19:00:00+1000,2026-08-28T09:00:00+0000,2026-08-28,19,0.0,14.8,18.6
maribyrnong,Maribyrnong,24330,-37.79217377766585,144.87786848890715,-37.8,144.9,36.0,Australia/Sydney,air_quality_2026-08-26.json,2026-08-28T20:00:00+1000,2026-08-28T10:00:00+0000,2026-08-28,20,0.0,19.0,23.3
maribyrnong,Maribyrnong,24330,-37.79217377766585,144.87786848890715,-37.8,144.9,36.0,Australia/Sydney,air_quality_2026-08-26.json,2026-08-28T21:00:00+1000,2026-08-28T11:00:00+0000,2026-08-28,21,0.0,22.0,26.8
maribyrnong,Maribyrnong,24330,-37.79217377766585,144.87786848890715,-37.8,144.9,36.0,Australia/Sydney,air_quality_2026-08-26.json,2026-08-28T22:00:00+1000,2026-08-28T12:00:00+0000,2026-08-28,22,0.0,26.8,32.1
maribyrnong,Maribyrnong,24330,-37.79217377766585,144.87786848890715,-37.8,144.9,36.0,Australia/Sydney,air_quality_2026-08-26.json,2026-08-28T23:00:00+1000,2026-08-28T13:00:00+0000,2026-08-28,23,0.0,27.9,33.6
maribyrnong,Maribyrnong,24330,-37.79217377766585,144.87786848890715,-37.8,144.9,36.0,Australia/Sydney,air_quality_2026-08-26.json,2026-08-29T00:00:00+1000,2026-08-28T14:00:00+0000,2026-08-29,0,0.0,28.5,34.3
maribyrnong,Maribyrnong,24330,-37.79217377766585,144.87786848890715,-37.8,144.9,36.0,Australia/Sydney,air_quality_2026-08-26.json,2026-08-29T01:00:00+1000,2026-08-28T15:00:00+0000,2026-08-29,1,0.0,27.4,33.2
maribyrnong,Maribyrnong,24330,-37.79217377766585,144.87786848890715,-37.8,144.9,36.0,Australia/Sydney,air_quality_2026-08-26.json,2026-08-29T02:00:00+1000,2026-08-28T16:00:00+0000,2026-08-29,2,0.0,24.8,30.4
maribyrnong,Maribyrnong,24330,-37.79217377766585,144.87786848890715,-37.8,144.9,36.0,Australia/Sydney,air_quality_2026-08-26.json,2026-08-29T03:00:00+1000,2026-08-28T17:00:00+0000,2026-08-29,3,0.0,20.9,25.7
maribyrnong,Maribyrnong,24330,-37.79217377766585,144.87786848890715,-37.8,144.9,36.0,Australia/Sydney,air_quality_2026-08-26.json,2026-08-29T04:00:00+1000,2026-08-28T18:00:00+0000,2026-08-29,4,0.0,16.6,20.6
maribyrnong,Maribyrnong,24330,-37.79217377766585,144.87786848890715,-37.8,144.9,36.0,Australia/Sydney,air_quality_2026-08-26.json,2026-08-29T05:00:00+1000,2026-08-28T19:00:00+0000,2026-08-29,5,0.0,12.8,16.4
maribyrnong,Maribyrnong,24330,-37.79217377766585,144.87786848890715,-37.8,144.9,36.0,Australia/Sydney,air_quality_2026-08-26.json,2026-08-29T06:00:00+1000,2026-08-28T20:00:00+0000,2026-08-29,6,0.0,10.6,13.8
maribyrnong,Maribyrnong,24330,-37.79217377766585,144.87786848890715,-37.8,144.9,36.0,Australia/Sydney,air_quality_2026-08-26.json,2026-08-29T07:00:00+1000,2026-08-28T21:00:00+0000,2026-08-29,7,0.05,11.3,14.0
maribyrnong,Maribyrnong,24330,-37.79217377766585,144.87786848890715,-37.8,144.9,36.0,Australia/Sydney,air_quality_2026-08-26.json,2026-08-29T08:00:00+1000,2026-08-28T22:00:00+0000,2026-08-29,8,0.4,12.3,14.9
maribyrnong,Maribyrnong,24330,-37.79217377766585,144.87786848890715,-37.8,144.9,36.0,Australia/Sydney,air_quality_2026-08-26.json,2026-08-29T09:00:00+1000,2026-08-28T23:00:00+0000,2026-08-29,9,1.05,11.6,15.7
maribyrnong,Maribyrnong,24330,-37.79217377766585,144.87786848890715,-37.8,144.9,36.0,Australia/Sydney,air_quality_2026-08-26.json,2026-08-29T10:00:00+1000,2026-08-29T00:00:00+0000,2026-08-29,10,1.95,11.9,17.6
maribyrnong,Maribyrnong,24330,-37.79217377766585,144.87786848890715,-37.8,144.9,36.0,Australia/Sydney,air_quality_2026-08-26.json,2026-08-29T11:00:00+1000,2026-08-29T01:00:00+0000,2026-08-29,11,2.55,11.5,17.9
maribyrnong,Maribyrnong,24330,-37.79217377766585,144.87786848890715,-37.8,144.9,36.0,Australia/Sydney,air_quality_2026-08-26.json,2026-08-29T12:00:00+1000,2026-08-29T02:00:00+0000,2026-08-29,12,2.75,11.1,17.2
maribyrnong,Maribyrnong,24330,-37.79217377766585,144.87786848890715,-37.8,144.9,36.0,Australia/Sydney,air_quality_2026-08-26.json,2026-08-29T13:00:00+1000,2026-08-29T03:00:00+0000,2026-08-29,13,2.55,11.1,17.1
maribyrnong,Maribyrnong,24330,-37.79217377766585,144.87786848890715,-37.8,144.9,36.0,Australia/Sydney,air_quality_2026-08-26.json,2026-08-29T14:00:00+1000,2026-08-29T04:00:00+0000,2026-08-29,14,1.85,11.0,16.8
maribyrnong,Maribyrnong,24330,-37.79217377766585,144.87786848890715,-37.8,144.9,36.0,Australia/Sydney,air_quality_2026-08-26.json,2026-08-29T15:00:00+1000,2026-08-29T05:00:00+0000,2026-08-29,15,1.05,11.3,17.0
maribyrnong,Maribyrnong,24330,-37.79217377766585,144.87786848890715,-37.8,144.9,36.0,Australia/Sydney,air_quality_2026-08-26.json,2026-08-29T16:00:00+1000,2026-08-29T06:00:00+0000,2026-08-29,16,0.4,12.5,18.7
maribyrnong,Maribyrnong,24330,-37.79217377766585,144.87786848890715,-37.8,144.9,36.0,Australia/Sydney,air_quality_2026-08-26.json,2026-08-29T17:00:00+1000,2026-08-29T07:00:00+0000,2026-08-29,17,0.1,13.8,20.7
maribyrnong,Maribyrnong,24330,-37.79217377766585,144.87786848890715,-37.8,144.9,36.0,Australia/Sydney,air_quality_2026-08-26.json,2026-08-29T18:00:00+1000,2026-08-29T08:00:00+0000,2026-08-29,18,0.0,15.7,23.2
maribyrnong,Maribyrnong,24330,-37.79217377766585,144.87786848890715,-37.8,144.9,36.0,Australia/Sydney,air_quality_2026-08-26.json,2026-08-29T19:00:00+1000,2026-08-29T09:00:00+0000,2026-08-29,19,0.0,14.3,19.7
maribyrnong,Maribyrnong,24330,-37.79217377766585,144.87786848890715,-37.8,144.9,36.0,Australia/Sydney,air_quality_2026-08-26.json,2026-08-29T20:00:00+1000,2026-08-29T10:00:00+0000,2026-08-29,20,0.0,14.2,19.1
maribyrnong,Maribyrnong,24330,-37.79217377766585,144.87786848890715,-37.8,144.9,36.0,Australia/Sydney,air_quality_2026-08-26.json,2026-08-29T21:00:00+1000,2026-08-29T11:00:00+0000,2026-08-29,21,0.0,14.4,19.3
maribyrnong,Maribyrnong,24330,-37.79217377766585,144.87786848890715,-37.8,144.9,36.0,Australia/Sydney,air_quality_2026-08-26.json,2026-08-29T22:00:00+1000,2026-08-29T12:00:00+0000,2026-08-29,22,0.0,12.7,16.9
maribyrnong,Maribyrnong,24330,-37.79217377766585,144.87786848890715,-37.8,144.9,36.0,Australia/Sydney,air_quality_2026-08-26.json,2026-08-29T23:00:00+1000,2026-08-29T13:00:00+0000,2026-08-29,23,0.0,11.0,14.6
maribyrnong,Maribyrnong,24330,-37.79217377766585,144.87786848890715,-37.8,144.9,36.0,Australia/Sydney,air_quality_2026-08-26.json,2026-08-30T00:00:00+1000,2026-08-29T14:00:00+0000,2026-08-30,0,0.0,9.6,12.7
maribyrnong,Maribyrnong,24330,-37.79217377766585,144.87786848890715,-37.8,144.9,36.0,Australia/Sydney,air_quality_2026-08-26.json,2026-08-30T01:00:00+1000,2026-08-29T15:00:00+0000,2026-08-30,1,0.0,8.4,11.3
maribyrnong,Maribyrnong,24330,-37.79217377766585,144.87786848890715,-37.8,144.9,36.0,Australia/Sydney,air_quality_2026-08-26.json,2026-08-30T02:00:00+1000,2026-08-29T16:00:00+0000,2026-08-30,2,0.0,7.5,10.3
maribyrnong,Maribyrnong,24330,-37.79217377766585,144.87786848890715,-37.8,144.9,36.0,Australia/Sydney,air_quality_2026-08-26.json,2026-08-30T03:00:00+1000,2026-08-29T17:00:00+0000,2026-08-30,3,0.0,7.0,9.7
maribyrnong,Maribyrnong,24330,-37.79217377766585,144.87786848890715,-37.8,144.9,36.0,Australia/Sydney,air_quality_2026-08-26.json,2026-08-30T04:00:00+1000,2026-08-29T18:00:00+0000,2026-08-30,4,0.0,6.6,9.3
maribyrnong,Maribyrnong,24330,-37.79217377766585,144.87786848890715,-37.8,144.9,36.0,Australia/Sydney,air_quality_2026-08-26.json,2026-08-30T05:00:00+1000,2026-08-29T19:00:00+0000,2026-08-30,5,0.0,6.5,9.2
maribyrnong,Maribyrnong,24330,-37.79217377766585,144.87786848890715,-37.8,144.9,36.0,Australia/Sydney,air_quality_2026-08-26.json,2026-08-30T06:00:00+1000,2026-08-29T20:00:00+0000,2026-08-30,6,0.0,6.9,9.6
maribyrnong,Maribyrnong,24330,-37.79217377766585,144.87786848890715,-37.8,144.9,36.0,Australia/Sydney,air_quality_2026-08-26.json,2026-08-30T07:00:00+1000,2026-08-29T21:00:00+0000,2026-08-30,7,0.05,8.2,11.0
maribyrnong,Maribyrnong,24330,-37.79217377766585,144.87786848890715,-37.8,144.9,36.0,Australia/Sydney,air_quality_2026-08-26.json,2026-08-30T08:00:00+1000,2026-08-29T22:00:00+0000,2026-08-30,8,0.25,10.3,13.8
maribyrnong,Maribyrnong,24330,-37.79217377766585,144.87786848890715,-37.8,144.9,36.0,Australia/Sydney,air_quality_2026-08-26.json,2026-08-30T09:00:00+1000,2026-08-29T23:00:00+0000,2026-08-30,9,0.8,10.0,14.0
maribyrnong,Maribyrnong,24330,-37.79217377766585,144.87786848890715,-37.8,144.9,36.0,Australia/Sydney,air_quality_2026-08-26.json,2026-08-30T10:00:00+1000,2026-08-30T00:00:00+0000,2026-08-30,10,1.75,9.8,14.4
maribyrnong,Maribyrnong,24330,-37.79217377766585,144.87786848890715,-37.8,144.9,36.0,Australia/Sydney,air_quality_2026-08-26.json,2026-08-30T11:00:00+1000,2026-08-30T01:00:00+0000,2026-08-30,11,2.75,10.2,15.3
maribyrnong,Maribyrnong,24330,-37.79217377766585,144.87786848890715,-37.8,144.9,36.0,Australia/Sydney,air_quality_2026-08-26.json,2026-08-30T12:00:00+1000,2026-08-30T02:00:00+0000,2026-08-30,12,3.25,10.5,15.6
maribyrnong,Maribyrnong,24330,-37.79217377766585,144.87786848890715,-37.8,144.9,36.0,Australia/Sydney,air_quality_2026-08-26.json,2026-08-30T13:00:00+1000,2026-08-30T03:00:00+0000,2026-08-30,13,3.55,10.6,15.5
maribyrnong,Maribyrnong,24330,-37.79217377766585,144.87786848890715,-37.8,144.9,36.0,Australia/Sydney,air_quality_2026-08-26.json,2026-08-30T14:00:00+1000,2026-08-30T04:00:00+0000,2026-08-30,14,3.15,9.8,14.4
maribyrnong,Maribyrnong,24330,-37.79217377766585,144.87786848890715,-37.8,144.9,36.0,Australia/Sydney,air_quality_2026-08-26.json,2026-08-30T15:00:00+1000,2026-08-30T05:00:00+0000,2026-08-30,15,1.9,9.8,14.3
maribyrnong,Maribyrnong,24330,-37.79217377766585,144.87786848890715,-37.8,144.9,36.0,Australia/Sydney,air_quality_2026-08-26.json,2026-08-30T16:00:00+1000,2026-08-30T06:00:00+0000,2026-08-30,16,0.8,10.0,14.3
maribyrnong,Maribyrnong,24330,-37.79217377766585,144.87786848890715,-37.8,144.9,36.0,Australia/Sydney,air_quality_2026-08-26.json,2026-08-30T17:00:00+1000,2026-08-30T07:00:00+0000,2026-08-30,17,0.2,10.1,14.6
maribyrnong,Maribyrnong,24330,-37.79217377766585,144.87786848890715,-37.8,144.9,36.0,Australia/Sydney,air_quality_2026-08-26.json,2026-08-30T18:00:00+1000,2026-08-30T08:00:00+0000,2026-08-30,18,0.0,11.7,16.0
maribyrnong,Maribyrnong,24330,-37.79217377766585,144.87786848890715,-37.8,144.9,36.0,Australia/Sydney,air_quality_2026-08-26.json,2026-08-30T19:00:00+1000,2026-08-30T09:00:00+0000,2026-08-30,19,0.0,12.2,15.8
maribyrnong,Maribyrnong,24330,-37.79217377766585,144.87786848890715,-37.8,144.9,36.0,Australia/Sydney,air_quality_2026-08-26.json,2026-08-30T20:00:00+1000,2026-08-30T10:00:00+0000,2026-08-30,20,0.0,12.0,15.0
maribyrnong,Maribyrnong,24330,-37.79217377766585,144.87786848890715,-37.8,144.9,36.0,Australia/Sydney,air_quality_2026-08-26.json,2026-08-30T21:00:00+1000,2026-08-30T11:00:00+0000,2026-08-30,21,0.0,12.3,15.3
maribyrnong,Maribyrnong,24330,-37.79217377766585,144.87786848890715,-37.8,144.9,36.0,Australia/Sydney,air_quality_2026-08-26.json,2026-08-30T22:00:00+1000,2026-08-30T12:00:00+0000,2026-08-30,22,0.0,13.1,16.1
maroondah,Maroondah,24410,-37.802868577202695,145.26149495445853,-37.8,145.30002,181.0,Australia/Sydney,air_quality_2026-08-26.json,2026-08-26T00:00:00+1000,2026-08-25T14:00:00+0000,2026-08-26,0,0.0,3.8,5.5
maroondah,Maroondah,24410,-37.802868577202695,145.26149495445853,-37.8,145.30002,181.0,Australia/Sydney,air_quality_2026-08-26.json,2026-08-26T01:00:00+1000,2026-08-25T15:00:00+0000,2026-08-26,1,0.0,3.9,6.0
maroondah,Maroondah,24410,-37.802868577202695,145.26149495445853,-37.8,145.30002,181.0,Australia/Sydney,air_quality_2026-08-26.json,2026-08-26T02:00:00+1000,2026-08-25T16:00:00+0000,2026-08-26,2,0.0,4.4,7.0
maroondah,Maroondah,24410,-37.802868577202695,145.26149495445853,-37.8,145.30002,181.0,Australia/Sydney,air_quality_2026-08-26.json,2026-08-26T03:00:00+1000,2026-08-25T17:00:00+0000,2026-08-26,3,0.0,4.9,7.8
maroondah,Maroondah,24410,-37.802868577202695,145.26149495445853,-37.8,145.30002,181.0,Australia/Sydney,air_quality_2026-08-26.json,2026-08-26T04:00:00+1000,2026-08-25T18:00:00+0000,2026-08-26,4,0.0,5.1,8.1
maroondah,Maroondah,24410,-37.802868577202695,145.26149495445853,-37.8,145.30002,181.0,Australia/Sydney,air_quality_2026-08-26.json,2026-08-26T05:00:00+1000,2026-08-25T19:00:00+0000,2026-08-26,5,0.0,5.3,8.4
maroondah,Maroondah,24410,-37.802868577202695,145.26149495445853,-37.8,145.30002,181.0,Australia/Sydney,air_quality_2026-08-26.json,2026-08-26T06:00:00+1000,2026-08-25T20:00:00+0000,2026-08-26,6,0.0,5.4,8.4
maroondah,Maroondah,24410,-37.802868577202695,145.26149495445853,-37.8,145.30002,181.0,Australia/Sydney,air_quality_2026-08-26.json,2026-08-26T07:00:00+1000,2026-08-25T21:00:00+0000,2026-08-26,7,0.05,5.9,8.7
maroondah,Maroondah,24410,-37.802868577202695,145.26149495445853,-37.8,145.30002,181.0,Australia/Sydney,air_quality_2026-08-26.json,2026-08-26T08:00:00+1000,2026-08-25T22:00:00+0000,2026-08-26,8,0.35,6.5,9.5
maroondah,Maroondah,24410,-37.802868577202695,145.26149495445853,-37.8,145.30002,181.0,Australia/Sydney,air_quality_2026-08-26.json,2026-08-26T09:00:00+1000,2026-08-25T23:00:00+0000,2026-08-26,9,1.0,6.5,9.9
maroondah,Maroondah,24410,-37.802868577202695,145.26149495445853,-37.8,145.30002,181.0,Australia/Sydney,air_quality_2026-08-26.json,2026-08-26T10:00:00+1000,2026-08-26T00:00:00+0000,2026-08-26,10,1.9,7.9,12.5
maroondah,Maroondah,24410,-37.802868577202695,145.26149495445853,-37.8,145.30002,181.0,Australia/Sydney,air_quality_2026-08-26.json,2026-08-26T11:00:00+1000,2026-08-26T01:00:00+0000,2026-08-26,11,2.8,7.3,11.7
maroondah,Maroondah,24410,-37.802868577202695,145.26149495445853,-37.8,145.30002,181.0,Australia/Sydney,air_quality_2026-08-26.json,2026-08-26T12:00:00+1000,2026-08-26T02:00:00+0000,2026-08-26,12,2.95,8.0,12.9
maroondah,Maroondah,24410,-37.802868577202695,145.26149495445853,-37.8,145.30002,181.0,Australia/Sydney,air_quality_2026-08-26.json,2026-08-26T13:00:00+1000,2026-08-26T03:00:00+0000,2026-08-26,13,2.65,7.3,11.9
maroondah,Maroondah,24410,-37.802868577202695,145.26149495445853,-37.8,145.30002,181.0,Australia/Sydney,air_quality_2026-08-26.json,2026-08-26T14:00:00+1000,2026-08-26T04:00:00+0000,2026-08-26,14,2.0,7.1,11.5
maroondah,Maroondah,24410,-37.802868577202695,145.26149495445853,-37.8,145.30002,181.0,Australia/Sydney,air_quality_2026-08-26.json,2026-08-26T15:00:00+1000,2026-08-26T05:00:00+0000,2026-08-26,15,1.15,7.0,11.3
maroondah,Maroondah,24410,-37.802868577202695,145.26149495445853,-37.8,145.30002,181.0,Australia/Sydney,air_quality_2026-08-26.json,2026-08-26T16:00:00+1000,2026-08-26T06:00:00+0000,2026-08-26,16,0.5,7.2,11.5
maroondah,Maroondah,24410,-37.802868577202695,145.26149495445853,-37.8,145.30002,181.0,Australia/Sydney,air_quality_2026-08-26.json,2026-08-26T17:00:00+1000,2026-08-26T07:00:00+0000,2026-08-26,17,0.1,7.6,11.8
maroondah,Maroondah,24410,-37.802868577202695,145.26149495445853,-37.8,145.30002,181.0,Australia/Sydney,air_quality_2026-08-26.json,2026-08-26T18:00:00+1000,2026-08-26T08:00:00+0000,2026-08-26,18,0.0,9.2,13.4
maroondah,Maroondah,24410,-37.802868577202695,145.26149495445853,-37.8,145.30002,181.0,Australia/Sydney,air_quality_2026-08-26.json,2026-08-26T19:00:00+1000,2026-08-26T09:00:00+0000,2026-08-26,19,0.0,11.3,15.5
maroondah,Maroondah,24410,-37.802868577202695,145.26149495445853,-37.8,145.30002,181.0,Australia/Sydney,air_quality_2026-08-26.json,2026-08-26T20:00:00+1000,2026-08-26T10:00:00+0000,2026-08-26,20,0.0,12.5,16.8
maroondah,Maroondah,24410,-37.802868577202695,145.26149495445853,-37.8,145.30002,181.0,Australia/Sydney,air_quality_2026-08-26.json,2026-08-26T21:00:00+1000,2026-08-26T11:00:00+0000,2026-08-26,21,0.0,12.4,16.3
maroondah,Maroondah,24410,-37.802868577202695,145.26149495445853,-37.8,145.30002,181.0,Australia/Sydney,air_quality_2026-08-26.json,2026-08-26T22:00:00+1000,2026-08-26T12:00:00+0000,2026-08-26,22,0.0,12.8,16.7
maroondah,Maroondah,24410,-37.802868577202695,145.26149495445853,-37.8,145.30002,181.0,Australia/Sydney,air_quality_2026-08-26.json,2026-08-26T23:00:00+1000,2026-08-26T13:00:00+0000,2026-08-26,23,0.0,13.3,17.2
maroondah,Maroondah,24410,-37.802868577202695,145.26149495445853,-37.8,145.30002,181.0,Australia/Sydney,air_quality_2026-08-26.json,2026-08-27T00:00:00+1000,2026-08-26T14:00:00+0000,2026-08-27,0,0.0,13.6,17.6
maroondah,Maroondah,24410,-37.802868577202695,145.26149495445853,-37.8,145.30002,181.0,Australia/Sydney,air_quality_2026-08-26.json,2026-08-27T01:00:00+1000,2026-08-26T15:00:00+0000,2026-08-27,1,0.0,13.6,17.6
maroondah,Maroondah,24410,-37.802868577202695,145.26149495445853,-37.8,145.30002,181.0,Australia/Sydney,air_quality_2026-08-26.json,2026-08-27T02:00:00+1000,2026-08-26T16:00:00+0000,2026-08-27,2,0.0,13.6,17.7
maroondah,Maroondah,24410,-37.802868577202695,145.26149495445853,-37.8,145.30002,181.0,Australia/Sydney,air_quality_2026-08-26.json,2026-08-27T03:00:00+1000,2026-08-26T17:00:00+0000,2026-08-27,3,0.0,13.5,17.7
maroondah,Maroondah,24410,-37.802868577202695,145.26149495445853,-37.8,145.30002,181.0,Australia/Sydney,air_quality_2026-08-26.json,2026-08-27T04:00:00+1000,2026-08-26T18:00:00+0000,2026-08-27,4,0.0,13.2,17.5
maroondah,Maroondah,24410,-37.802868577202695,145.26149495445853,-37.8,145.30002,181.0,Australia/Sydney,air_quality_2026-08-26.json,2026-08-27T05:00:00+1000,2026-08-26T19:00:00+0000,2026-08-27,5,0.0,13.0,17.2
maroondah,Maroondah,24410,-37.802868577202695,145.26149495445853,-37.8,145.30002,181.0,Australia/Sydney,air_quality_2026-08-26.json,2026-08-27T06:00:00+1000,2026-08-26T20:00:00+0000,2026-08-27,6,0.0,13.4,17.5
maroondah,Maroondah,24410,-37.802868577202695,145.26149495445853,-37.8,145.30002,181.0,Australia/Sydney,air_quality_2026-08-26.json,2026-08-27T07:00:00+1000,2026-08-26T21:00:00+0000,2026-08-27,7,0.05,16.2,19.8
maroondah,Maroondah,24410,-37.802868577202695,145.26149495445853,-37.8,145.30002,181.0,Australia/Sydney,air_quality_2026-08-26.json,2026-08-27T08:00:00+1000,2026-08-26T22:00:00+0000,2026-08-27,8,0.35,20.4,22.5
maroondah,Maroondah,24410,-37.802868577202695,145.26149495445853,-37.8,145.30002,181.0,Australia/Sydney,air_quality_2026-08-26.json,2026-08-27T09:00:00+1000,2026-08-26T23:00:00+0000,2026-08-27,9,1.1,15.4,18.1
maroondah,Maroondah,24410,-37.802868577202695,145.26149495445853,-37.8,145.30002,181.0,Australia/Sydney,air_quality_2026-08-26.json,2026-08-27T10:00:00+1000,2026-08-27T00:00:00+0000,2026-08-27,10,2.15,10.3,14.5
maroondah,Maroondah,24410,-37.802868577202695,145.26149495445853,-37.8,145.30002,181.0,Australia/Sydney,air_quality_2026-08-26.json,2026-08-27T11:00:00+1000,2026-08-27T01:00:00+0000,2026-08-27,11,2.65,9.5,13.8
maroondah,Maroondah,24410,-37.802868577202695,145.26149495445853,-37.8,145.30002,181.0,Australia/Sydney,air_quality_2026-08-26.json,2026-08-27T12:00:00+1000,2026-08-27T02:00:00+0000,2026-08-27,12,3.25,9.2,13.4
maroondah,Maroondah,24410,-37.802868577202695,145.26149495445853,-37.8,145.30002,181.0,Australia/Sydney,air_quality_2026-08-26.json,2026-08-27T13:00:00+1000,2026-08-27T03:00:00+0000,2026-08-27,13,3.3,9.6,13.7
maroondah,Maroondah,24410,-37.802868577202695,145.26149495445853,-37.8,145.30002,181.0,Australia/Sydney,air_quality_2026-08-26.json,2026-08-27T14:00:00+1000,2026-08-27T04:00:00+0000,2026-08-27,14,2.6,9.9,13.9
maroondah,Maroondah,24410,-37.802868577202695,145.26149495445853,-37.8,145.30002,181.0,Australia/Sydney,air_quality_2026-08-26.json,2026-08-27T15:00:00+1000,2026-08-27T05:00:00+0000,2026-08-27,15,1.5,10.1,14.2
maroondah,Maroondah,24410,-37.802868577202695,145.26149495445853,-37.8,145.30002,181.0,Australia/Sydney,air_quality_2026-08-26.json,2026-08-27T16:00:00+1000,2026-08-27T06:00:00+0000,2026-08-27,16,0.6,9.9,13.9
maroondah,Maroondah,24410,-37.802868577202695,145.26149495445853,-37.8,145.30002,181.0,Australia/Sydney,air_quality_2026-08-26.json,2026-08-27T17:00:00+1000,2026-08-27T07:00:00+0000,2026-08-27,17,0.15,11.4,15.3
maroondah,Maroondah,24410,-37.802868577202695,145.26149495445853,-37.8,145.30002,181.0,Australia/Sydney,air_quality_2026-08-26.json,2026-08-27T18:00:00+1000,2026-08-27T08:00:00+0000,2026-08-27,18,0.0,15.5,19.2
maroondah,Maroondah,24410,-37.802868577202695,145.26149495445853,-37.8,145.30002,181.0,Australia/Sydney,air_quality_2026-08-26.json,2026-08-27T19:00:00+1000,2026-08-27T09:00:00+0000,2026-08-27,19,0.0,19.1,22.8
maroondah,Maroondah,24410,-37.802868577202695,145.26149495445853,-37.8,145.30002,181.0,Australia/Sydney,air_quality_2026-08-26.json,2026-08-27T20:00:00+1000,2026-08-27T10:00:00+0000,2026-08-27,20,0.0,22.3,25.8
maroondah,Maroondah,24410,-37.802868577202695,145.26149495445853,-37.8,145.30002,181.0,Australia/Sydney,air_quality_2026-08-26.json,2026-08-27T21:00:00+1000,2026-08-27T11:00:00+0000,2026-08-27,21,0.0,25.4,28.8
maroondah,Maroondah,24410,-37.802868577202695,145.26149495445853,-37.8,145.30002,181.0,Australia/Sydney,air_quality_2026-08-26.json,2026-08-27T22:00:00+1000,2026-08-27T12:00:00+0000,2026-08-27,22,0.0,26.4,29.2
maroondah,Maroondah,24410,-37.802868577202695,145.26149495445853,-37.8,145.30002,181.0,Australia/Sydney,air_quality_2026-08-26.json,2026-08-27T23:00:00+1000,2026-08-27T13:00:00+0000,2026-08-27,23,0.0,23.2,25.2
maroondah,Maroondah,24410,-37.802868577202695,145.26149495445853,-37.8,145.30002,181.0,Australia/Sydney,air_quality_2026-08-26.json,2026-08-28T00:00:00+1000,2026-08-27T14:00:00+0000,2026-08-28,0,0.0,19.4,21.0
maroondah,Maroondah,24410,-37.802868577202695,145.26149495445853,-37.8,145.30002,181.0,Australia/Sydney,air_quality_2026-08-26.json,2026-08-28T01:00:00+1000,2026-08-27T15:00:00+0000,2026-08-28,1,0.0,16.6,18.0
maroondah,Maroondah,24410,-37.802868577202695,145.26149495445853,-37.8,145.30002,181.0,Australia/Sydney,air_quality_2026-08-26.json,2026-08-28T02:00:00+1000,2026-08-27T16:00:00+0000,2026-08-28,2,0.0,13.8,15.0
maroondah,Maroondah,24410,-37.802868577202695,145.26149495445853,-37.8,145.30002,181.0,Australia/Sydney,air_quality_2026-08-26.json,2026-08-28T03:00:00+1000,2026-08-27T17:00:00+0000,2026-08-28,3,0.0,11.1,12.2
maroondah,Maroondah,24410,-37.802868577202695,145.26149495445853,-37.8,145.30002,181.0,Australia/Sydney,air_quality_2026-08-26.json,2026-08-28T04:00:00+1000,2026-08-27T18:00:00+0000,2026-08-28,4,0.0,8.7,9.7
maroondah,Maroondah,24410,-37.802868577202695,145.26149495445853,-37.8,145.30002,181.0,Australia/Sydney,air_quality_2026-08-26.json,2026-08-28T05:00:00+1000,2026-08-27T19:00:00+0000,2026-08-28,5,0.0,7.4,8.6
maroondah,Maroondah,24410,-37.802868577202695,145.26149495445853,-37.8,145.30002,181.0,Australia/Sydney,air_quality_2026-08-26.json,2026-08-28T06:00:00+1000,2026-08-27T20:00:00+0000,2026-08-28,6,0.0,6.6,8.0
maroondah,Maroondah,24410,-37.802868577202695,145.26149495445853,-37.8,145.30002,181.0,Australia/Sydney,air_quality_2026-08-26.json,2026-08-28T07:00:00+1000,2026-08-27T21:00:00+0000,2026-08-28,7,0.0,7.2,8.5
maroondah,Maroondah,24410,-37.802868577202695,145.26149495445853,-37.8,145.30002,181.0,Australia/Sydney,air_quality_2026-08-26.json,2026-08-28T08:00:00+1000,2026-08-27T22:00:00+0000,2026-08-28,8,0.1,8.5,10.0
maroondah,Maroondah,24410,-37.802868577202695,145.26149495445853,-37.8,145.30002,181.0,Australia/Sydney,air_quality_2026-08-26.json,2026-08-28T09:00:00+1000,2026-08-27T23:00:00+0000,2026-08-28,9,0.35,10.3,11.9
maroondah,Maroondah,24410,-37.802868577202695,145.26149495445853,-37.8,145.30002,181.0,Australia/Sydney,air_quality_2026-08-26.json,2026-08-28T10:00:00+1000,2026-08-28T00:00:00+0000,2026-08-28,10,0.85,8.8,10.7
maroondah,Maroondah,24410,-37.802868577202695,145.26149495445853,-37.8,145.30002,181.0,Australia/Sydney,air_quality_2026-08-26.json,2026-08-28T11:00:00+1000,2026-08-28T01:00:00+0000,2026-08-28,11,1.8,7.7,9.7
maroondah,Maroondah,24410,-37.802868577202695,145.26149495445853,-37.8,145.30002,181.0,Australia/Sydney,air_quality_2026-08-26.json,2026-08-28T12:00:00+1000,2026-08-28T02:00:00+0000,2026-08-28,12,2.65,5.8,7.7
maroondah,Maroondah,24410,-37.802868577202695,145.26149495445853,-37.8,145.30002,181.0,Australia/Sydney,air_quality_2026-08-26.json,2026-08-28T13:00:00+1000,2026-08-28T03:00:00+0000,2026-08-28,13,3.1,6.0,8.6
maroondah,Maroondah,24410,-37.802868577202695,145.26149495445853,-37.8,145.30002,181.0,Australia/Sydney,air_quality_2026-08-26.json,2026-08-28T14:00:00+1000,2026-08-28T04:00:00+0000,2026-08-28,14,2.5,7.4,11.3
maroondah,Maroondah,24410,-37.802868577202695,145.26149495445853,-37.8,145.30002,181.0,Australia/Sydney,air_quality_2026-08-26.json,2026-08-28T15:00:00+1000,2026-08-28T05:00:00+0000,2026-08-28,15,1.55,8.7,13.7
maroondah,Maroondah,24410,-37.802868577202695,145.26149495445853,-37.8,145.30002,181.0,Australia/Sydney,air_quality_2026-08-26.json,2026-08-28T16:00:00+1000,2026-08-28T06:00:00+0000,2026-08-28,16,0.65,10.0,15.7
maroondah,Maroondah,24410,-37.802868577202695,145.26149495445853,-37.8,145.30002,181.0,Australia/Sydney,air_quality_2026-08-26.json,2026-08-28T17:00:00+1000,2026-08-28T07:00:00+0000,2026-08-28,17,0.15,11.0,17.3
maroondah,Maroondah,24410,-37.802868577202695,145.26149495445853,-37.8,145.30002,181.0,Australia/Sydney,air_quality_2026-08-26.json,2026-08-28T18:00:00+1000,2026-08-28T08:00:00+0000,2026-08-28,18,0.0,13.9,20.7
maroondah,Maroondah,24410,-37.802868577202695,145.26149495445853,-37.8,145.30002,181.0,Australia/Sydney,air_quality_2026-08-26.json,2026-08-28T19:00:00+1000,2026-08-28T09:00:00+0000,2026-08-28,19,0.0,17.2,23.7
maroondah,Maroondah,24410,-37.802868577202695,145.26149495445853,-37.8,145.30002,181.0,Australia/Sydney,air_quality_2026-08-26.json,2026-08-28T20:00:00+1000,2026-08-28T10:00:00+0000,2026-08-28,20,0.0,20.1,27.0
maroondah,Maroondah,24410,-37.802868577202695,145.26149495445853,-37.8,145.30002,181.0,Australia/Sydney,air_quality_2026-08-26.json,2026-08-28T21:00:00+1000,2026-08-28T11:00:00+0000,2026-08-28,21,0.0,21.8,28.8
maroondah,Maroondah,24410,-37.802868577202695,145.26149495445853,-37.8,145.30002,181.0,Australia/Sydney,air_quality_2026-08-26.json,2026-08-28T22:00:00+1000,2026-08-28T12:00:00+0000,2026-08-28,22,0.0,22.8,29.9
maroondah,Maroondah,24410,-37.802868577202695,145.26149495445853,-37.8,145.30002,181.0,Australia/Sydney,air_quality_2026-08-26.json,2026-08-28T23:00:00+1000,2026-08-28T13:00:00+0000,2026-08-28,23,0.0,23.4,30.6
maroondah,Maroondah,24410,-37.802868577202695,145.26149495445853,-37.8,145.30002,181.0,Australia/Sydney,air_quality_2026-08-26.json,2026-08-29T00:00:00+1000,2026-08-28T14:00:00+0000,2026-08-29,0,0.0,23.7,31.0
maroondah,Maroondah,24410,-37.802868577202695,145.26149495445853,-37.8,145.30002,181.0,Australia/Sydney,air_quality_2026-08-26.json,2026-08-29T01:00:00+1000,2026-08-28T15:00:00+0000,2026-08-29,1,0.0,23.3,30.3
maroondah,Maroondah,24410,-37.802868577202695,145.26149495445853,-37.8,145.30002,181.0,Australia/Sydney,air_quality_2026-08-26.json,2026-08-29T02:00:00+1000,2026-08-28T16:00:00+0000,2026-08-29,2,0.0,21.3,27.4
maroondah,Maroondah,24410,-37.802868577202695,145.26149495445853,-37.8,145.30002,181.0,Australia/Sydney,air_quality_2026-08-26.json,2026-08-29T03:00:00+1000,2026-08-28T17:00:00+0000,2026-08-29,3,0.0,17.9,23.1
maroondah,Maroondah,24410,-37.802868577202695,145.26149495445853,-37.8,145.30002,181.0,Australia/Sydney,air_quality_2026-08-26.json,2026-08-29T04:00:00+1000,2026-08-28T18:00:00+0000,2026-08-29,4,0.0,14.8,19.2
maroondah,Maroondah,24410,-37.802868577202695,145.26149495445853,-37.8,145.30002,181.0,Australia/Sydney,air_quality_2026-08-26.json,2026-08-29T05:00:00+1000,2026-08-28T19:00:00+0000,2026-08-29,5,0.0,12.3,16.1
maroondah,Maroondah,24410,-37.802868577202695,145.26149495445853,-37.8,145.30002,181.0,Australia/Sydney,air_quality_2026-08-26.json,2026-08-29T06:00:00+1000,2026-08-28T20:00:00+0000,2026-08-29,6,0.0,11.1,14.4
maroondah,Maroondah,24410,-37.802868577202695,145.26149495445853,-37.8,145.30002,181.0,Australia/Sydney,air_quality_2026-08-26.json,2026-08-29T07:00:00+1000,2026-08-28T21:00:00+0000,2026-08-29,7,0.05,12.4,15.3
maroondah,Maroondah,24410,-37.802868577202695,145.26149495445853,-37.8,145.30002,181.0,Australia/Sydney,air_quality_2026-08-26.json,2026-08-29T08:00:00+1000,2026-08-28T22:00:00+0000,2026-08-29,8,0.25,14.0,16.9
maroondah,Maroondah,24410,-37.802868577202695,145.26149495445853,-37.8,145.30002,181.0,Australia/Sydney,air_quality_2026-08-26.json,2026-08-29T09:00:00+1000,2026-08-28T23:00:00+0000,2026-08-29,9,0.7,12.3,16.1
maroondah,Maroondah,24410,-37.802868577202695,145.26149495445853,-37.8,145.30002,181.0,Australia/Sydney,air_quality_2026-08-26.json,2026-08-29T10:00:00+1000,2026-08-29T00:00:00+0000,2026-08-29,10,1.25,12.3,17.6
maroondah,Maroondah,24410,-37.802868577202695,145.26149495445853,-37.8,145.30002,181.0,Australia/Sydney,air_quality_2026-08-26.json,2026-08-29T11:00:00+1000,2026-08-29T01:00:00+0000,2026-08-29,11,1.5,11.9,17.9
maroondah,Maroondah,24410,-37.802868577202695,145.26149495445853,-37.8,145.30002,181.0,Australia/Sydney,air_quality_2026-08-26.json,2026-08-29T12:00:00+1000,2026-08-29T02:00:00+0000,2026-08-29,12,1.55,12.0,18.6
maroondah,Maroondah,24410,-37.802868577202695,145.26149495445853,-37.8,145.30002,181.0,Australia/Sydney,air_quality_2026-08-26.json,2026-08-29T13:00:00+1000,2026-08-29T03:00:00+0000,2026-08-29,13,1.6,11.8,18.5
maroondah,Maroondah,24410,-37.802868577202695,145.26149495445853,-37.8,145.30002,181.0,Australia/Sydney,air_quality_2026-08-26.json,2026-08-29T14:00:00+1000,2026-08-29T04:00:00+0000,2026-08-29,14,1.2,11.8,18.7
maroondah,Maroondah,24410,-37.802868577202695,145.26149495445853,-37.8,145.30002,181.0,Australia/Sydney,air_quality_2026-08-26.json,2026-08-29T15:00:00+1000,2026-08-29T05:00:00+0000,2026-08-29,15,0.7,12.8,20.3
maroondah,Maroondah,24410,-37.802868577202695,145.26149495445853,-37.8,145.30002,181.0,Australia/Sydney,air_quality_2026-08-26.json,2026-08-29T16:00:00+1000,2026-08-29T06:00:00+0000,2026-08-29,16,0.3,14.8,23.3
maroondah,Maroondah,24410,-37.802868577202695,145.26149495445853,-37.8,145.30002,181.0,Australia/Sydney,air_quality_2026-08-26.json,2026-08-29T17:00:00+1000,2026-08-29T07:00:00+0000,2026-08-29,17,0.1,16.6,26.0
maroondah,Maroondah,24410,-37.802868577202695,145.26149495445853,-37.8,145.30002,181.0,Australia/Sydney,air_quality_2026-08-26.json,2026-08-29T18:00:00+1000,2026-08-29T08:00:00+0000,2026-08-29,18,0.0,16.3,24.9
maroondah,Maroondah,24410,-37.802868577202695,145.26149495445853,-37.8,145.30002,181.0,Australia/Sydney,air_quality_2026-08-26.json,2026-08-29T19:00:00+1000,2026-08-29T09:00:00+0000,2026-08-29,19,0.0,15.7,22.8
maroondah,Maroondah,24410,-37.802868577202695,145.26149495445853,-37.8,145.30002,181.0,Australia/Sydney,air_quality_2026-08-26.json,2026-08-29T20:00:00+1000,2026-08-29T10:00:00+0000,2026-08-29,20,0.0,16.1,23.0
maroondah,Maroondah,24410,-37.802868577202695,145.26149495445853,-37.8,145.30002,181.0,Australia/Sydney,air_quality_2026-08-26.json,2026-08-29T21:00:00+1000,2026-08-29T11:00:00+0000,2026-08-29,21,0.0,16.3,23.1
maroondah,Maroondah,24410,-37.802868577202695,145.26149495445853,-37.8,145.30002,181.0,Australia/Sydney,air_quality_2026-08-26.json,2026-08-29T22:00:00+1000,2026-08-29T12:00:00+0000,2026-08-29,22,0.0,15.3,21.4
maroondah,Maroondah,24410,-37.802868577202695,145.26149495445853,-37.8,145.30002,181.0,Australia/Sydney,air_quality_2026-08-26.json,2026-08-29T23:00:00+1000,2026-08-29T13:00:00+0000,2026-08-29,23,0.0,14.3,20.2
maroondah,Maroondah,24410,-37.802868577202695,145.26149495445853,-37.8,145.30002,181.0,Australia/Sydney,air_quality_2026-08-26.json,2026-08-30T00:00:00+1000,2026-08-29T14:00:00+0000,2026-08-30,0,0.0,12.9,18.2
maroondah,Maroondah,24410,-37.802868577202695,145.26149495445853,-37.8,145.30002,181.0,Australia/Sydney,air_quality_2026-08-26.json,2026-08-30T01:00:00+1000,2026-08-29T15:00:00+0000,2026-08-30,1,0.0,11.4,16.2
maroondah,Maroondah,24410,-37.802868577202695,145.26149495445853,-37.8,145.30002,181.0,Australia/Sydney,air_quality_2026-08-26.json,2026-08-30T02:00:00+1000,2026-08-29T16:00:00+0000,2026-08-30,2,0.0,10.5,15.0
maroondah,Maroondah,24410,-37.802868577202695,145.26149495445853,-37.8,145.30002,181.0,Australia/Sydney,air_quality_2026-08-26.json,2026-08-30T03:00:00+1000,2026-08-29T17:00:00+0000,2026-08-30,3,0.0,9.8,14.2
maroondah,Maroondah,24410,-37.802868577202695,145.26149495445853,-37.8,145.30002,181.0,Australia/Sydney,air_quality_2026-08-26.json,2026-08-30T04:00:00+1000,2026-08-29T18:00:00+0000,2026-08-30,4,0.0,9.3,13.6
maroondah,Maroondah,24410,-37.802868577202695,145.26149495445853,-37.8,145.30002,181.0,Australia/Sydney,air_quality_2026-08-26.json,2026-08-30T05:00:00+1000,2026-08-29T19:00:00+0000,2026-08-30,5,0.0,9.0,13.3
maroondah,Maroondah,24410,-37.802868577202695,145.26149495445853,-37.8,145.30002,181.0,Australia/Sydney,air_quality_2026-08-26.json,2026-08-30T06:00:00+1000,2026-08-29T20:00:00+0000,2026-08-30,6,0.0,9.3,13.6
maroondah,Maroondah,24410,-37.802868577202695,145.26149495445853,-37.8,145.30002,181.0,Australia/Sydney,air_quality_2026-08-26.json,2026-08-30T07:00:00+1000,2026-08-29T21:00:00+0000,2026-08-30,7,0.0,10.9,15.2
maroondah,Maroondah,24410,-37.802868577202695,145.26149495445853,-37.8,145.30002,181.0,Australia/Sydney,air_quality_2026-08-26.json,2026-08-30T08:00:00+1000,2026-08-29T22:00:00+0000,2026-08-30,8,0.2,12.5,17.0
maroondah,Maroondah,24410,-37.802868577202695,145.26149495445853,-37.8,145.30002,181.0,Australia/Sydney,air_quality_2026-08-26.json,2026-08-30T09:00:00+1000,2026-08-29T23:00:00+0000,2026-08-30,9,0.55,12.6,17.5
maroondah,Maroondah,24410,-37.802868577202695,145.26149495445853,-37.8,145.30002,181.0,Australia/Sydney,air_quality_2026-08-26.json,2026-08-30T10:00:00+1000,2026-08-30T00:00:00+0000,2026-08-30,10,1.15,12.1,17.4
maroondah,Maroondah,24410,-37.802868577202695,145.26149495445853,-37.8,145.30002,181.0,Australia/Sydney,air_quality_2026-08-26.json,2026-08-30T11:00:00+1000,2026-08-30T01:00:00+0000,2026-08-30,11,1.8,12.1,18.2
maroondah,Maroondah,24410,-37.802868577202695,145.26149495445853,-37.8,145.30002,181.0,Australia/Sydney,air_quality_2026-08-26.json,2026-08-30T12:00:00+1000,2026-08-30T02:00:00+0000,2026-08-30,12,2.35,11.8,18.1
maroondah,Maroondah,24410,-37.802868577202695,145.26149495445853,-37.8,145.30002,181.0,Australia/Sydney,air_quality_2026-08-26.json,2026-08-30T13:00:00+1000,2026-08-30T03:00:00+0000,2026-08-30,13,2.55,11.8,18.2
maroondah,Maroondah,24410,-37.802868577202695,145.26149495445853,-37.8,145.30002,181.0,Australia/Sydney,air_quality_2026-08-26.json,2026-08-30T14:00:00+1000,2026-08-30T04:00:00+0000,2026-08-30,14,2.25,10.2,15.7
maroondah,Maroondah,24410,-37.802868577202695,145.26149495445853,-37.8,145.30002,181.0,Australia/Sydney,air_quality_2026-08-26.json,2026-08-30T15:00:00+1000,2026-08-30T05:00:00+0000,2026-08-30,15,1.35,10.0,15.2
maroondah,Maroondah,24410,-37.802868577202695,145.26149495445853,-37.8,145.30002,181.0,Australia/Sydney,air_quality_2026-08-26.json,2026-08-30T16:00:00+1000,2026-08-30T06:00:00+0000,2026-08-30,16,0.55,10.0,15.1
maroondah,Maroondah,24410,-37.802868577202695,145.26149495445853,-37.8,145.30002,181.0,Australia/Sydney,air_quality_2026-08-26.json,2026-08-30T17:00:00+1000,2026-08-30T07:00:00+0000,2026-08-30,17,0.1,10.0,15.3
maroondah,Maroondah,24410,-37.802868577202695,145.26149495445853,-37.8,145.30002,181.0,Australia/Sydney,air_quality_2026-08-26.json,2026-08-30T18:00:00+1000,2026-08-30T08:00:00+0000,2026-08-30,18,0.0,11.4,16.5
maroondah,Maroondah,24410,-37.802868577202695,145.26149495445853,-37.8,145.30002,181.0,Australia/Sydney,air_quality_2026-08-26.json,2026-08-30T19:00:00+1000,2026-08-30T09:00:00+0000,2026-08-30,19,0.0,11.4,15.7
maroondah,Maroondah,24410,-37.802868577202695,145.26149495445853,-37.8,145.30002,181.0,Australia/Sydney,air_quality_2026-08-26.json,2026-08-30T20:00:00+1000,2026-08-30T10:00:00+0000,2026-08-30,20,0.0,11.5,15.7
maroondah,Maroondah,24410,-37.802868577202695,145.26149495445853,-37.8,145.30002,181.0,Australia/Sydney,air_quality_2026-08-26.json,2026-08-30T21:00:00+1000,2026-08-30T11:00:00+0000,2026-08-30,21,0.0,12.4,16.7
maroondah,Maroondah,24410,-37.802868577202695,145.26149495445853,-37.8,145.30002,181.0,Australia/Sydney,air_quality_2026-08-26.json,2026-08-30T22:00:00+1000,2026-08-30T12:00:00+0000,2026-08-30,22,0.0,13.6,18.2
melbourne,Melbourne,24600,-37.81304457558759,144.9481534322198,-37.8,144.9,12.0,Australia/Sydney,air_quality_2026-08-26.json,2026-08-26T00:00:00+1000,2026-08-25T14:00:00+0000,2026-08-26,0,0.0,3.6,5.3
melbourne,Melbourne,24600,-37.81304457558759,144.9481534322198,-37.8,144.9,12.0,Australia/Sydney,air_quality_2026-08-26.json,2026-08-26T01:00:00+1000,2026-08-25T15:00:00+0000,2026-08-26,1,0.0,3.8,5.9
melbourne,Melbourne,24600,-37.81304457558759,144.9481534322198,-37.8,144.9,12.0,Australia/Sydney,air_quality_2026-08-26.json,2026-08-26T02:00:00+1000,2026-08-25T16:00:00+0000,2026-08-26,2,0.0,4.2,6.6
melbourne,Melbourne,24600,-37.81304457558759,144.9481534322198,-37.8,144.9,12.0,Australia/Sydney,air_quality_2026-08-26.json,2026-08-26T03:00:00+1000,2026-08-25T17:00:00+0000,2026-08-26,3,0.0,4.3,6.9
melbourne,Melbourne,24600,-37.81304457558759,144.9481534322198,-37.8,144.9,12.0,Australia/Sydney,air_quality_2026-08-26.json,2026-08-26T04:00:00+1000,2026-08-25T18:00:00+0000,2026-08-26,4,0.0,4.4,7.0
melbourne,Melbourne,24600,-37.81304457558759,144.9481534322198,-37.8,144.9,12.0,Australia/Sydney,air_quality_2026-08-26.json,2026-08-26T05:00:00+1000,2026-08-25T19:00:00+0000,2026-08-26,5,0.0,4.5,7.0
melbourne,Melbourne,24600,-37.81304457558759,144.9481534322198,-37.8,144.9,12.0,Australia/Sydney,air_quality_2026-08-26.json,2026-08-26T06:00:00+1000,2026-08-25T20:00:00+0000,2026-08-26,6,0.0,4.4,6.9
melbourne,Melbourne,24600,-37.81304457558759,144.9481534322198,-37.8,144.9,12.0,Australia/Sydney,air_quality_2026-08-26.json,2026-08-26T07:00:00+1000,2026-08-25T21:00:00+0000,2026-08-26,7,0.05,4.8,7.3
melbourne,Melbourne,24600,-37.81304457558759,144.9481534322198,-37.8,144.9,12.0,Australia/Sydney,air_quality_2026-08-26.json,2026-08-26T08:00:00+1000,2026-08-25T22:00:00+0000,2026-08-26,8,0.3,5.3,7.9
melbourne,Melbourne,24600,-37.81304457558759,144.9481534322198,-37.8,144.9,12.0,Australia/Sydney,air_quality_2026-08-26.json,2026-08-26T09:00:00+1000,2026-08-25T23:00:00+0000,2026-08-26,9,0.95,5.9,9.3
melbourne,Melbourne,24600,-37.81304457558759,144.9481534322198,-37.8,144.9,12.0,Australia/Sydney,air_quality_2026-08-26.json,2026-08-26T10:00:00+1000,2026-08-26T00:00:00+0000,2026-08-26,10,1.9,8.3,13.3
melbourne,Melbourne,24600,-37.81304457558759,144.9481534322198,-37.8,144.9,12.0,Australia/Sydney,air_quality_2026-08-26.json,2026-08-26T11:00:00+1000,2026-08-26T01:00:00+0000,2026-08-26,11,2.6,7.3,11.8
melbourne,Melbourne,24600,-37.81304457558759,144.9481534322198,-37.8,144.9,12.0,Australia/Sydney,air_quality_2026-08-26.json,2026-08-26T12:00:00+1000,2026-08-26T02:00:00+0000,2026-08-26,12,2.9,7.5,12.1
melbourne,Melbourne,24600,-37.81304457558759,144.9481534322198,-37.8,144.9,12.0,Australia/Sydney,air_quality_2026-08-26.json,2026-08-26T13:00:00+1000,2026-08-26T03:00:00+0000,2026-08-26,13,2.7,7.1,11.5
melbourne,Melbourne,24600,-37.81304457558759,144.9481534322198,-37.8,144.9,12.0,Australia/Sydney,air_quality_2026-08-26.json,2026-08-26T14:00:00+1000,2026-08-26T04:00:00+0000,2026-08-26,14,2.0,6.9,11.2
melbourne,Melbourne,24600,-37.81304457558759,144.9481534322198,-37.8,144.9,12.0,Australia/Sydney,air_quality_2026-08-26.json,2026-08-26T15:00:00+1000,2026-08-26T05:00:00+0000,2026-08-26,15,1.15,7.0,11.3
melbourne,Melbourne,24600,-37.81304457558759,144.9481534322198,-37.8,144.9,12.0,Australia/Sydney,air_quality_2026-08-26.json,2026-08-26T16:00:00+1000,2026-08-26T06:00:00+0000,2026-08-26,16,0.5,7.1,11.5
melbourne,Melbourne,24600,-37.81304457558759,144.9481534322198,-37.8,144.9,12.0,Australia/Sydney,air_quality_2026-08-26.json,2026-08-26T17:00:00+1000,2026-08-26T07:00:00+0000,2026-08-26,17,0.1,7.4,11.8
melbourne,Melbourne,24600,-37.81304457558759,144.9481534322198,-37.8,144.9,12.0,Australia/Sydney,air_quality_2026-08-26.json,2026-08-26T18:00:00+1000,2026-08-26T08:00:00+0000,2026-08-26,18,0.0,8.5,12.6
melbourne,Melbourne,24600,-37.81304457558759,144.9481534322198,-37.8,144.9,12.0,Australia/Sydney,air_quality_2026-08-26.json,2026-08-26T19:00:00+1000,2026-08-26T09:00:00+0000,2026-08-26,19,0.0,9.7,13.7
melbourne,Melbourne,24600,-37.81304457558759,144.9481534322198,-37.8,144.9,12.0,Australia/Sydney,air_quality_2026-08-26.json,2026-08-26T20:00:00+1000,2026-08-26T10:00:00+0000,2026-08-26,20,0.0,10.4,14.3
melbourne,Melbourne,24600,-37.81304457558759,144.9481534322198,-37.8,144.9,12.0,Australia/Sydney,air_quality_2026-08-26.json,2026-08-26T21:00:00+1000,2026-08-26T11:00:00+0000,2026-08-26,21,0.0,9.8,13.1
melbourne,Melbourne,24600,-37.81304457558759,144.9481534322198,-37.8,144.9,12.0,Australia/Sydney,air_quality_2026-08-26.json,2026-08-26T22:00:00+1000,2026-08-26T12:00:00+0000,2026-08-26,22,0.0,9.9,13.1
melbourne,Melbourne,24600,-37.81304457558759,144.9481534322198,-37.8,144.9,12.0,Australia/Sydney,air_quality_2026-08-26.json,2026-08-26T23:00:00+1000,2026-08-26T13:00:00+0000,2026-08-26,23,0.0,9.9,13.1
melbourne,Melbourne,24600,-37.81304457558759,144.9481534322198,-37.8,144.9,12.0,Australia/Sydney,air_quality_2026-08-26.json,2026-08-27T00:00:00+1000,2026-08-26T14:00:00+0000,2026-08-27,0,0.0,9.2,12.0
melbourne,Melbourne,24600,-37.81304457558759,144.9481534322198,-37.8,144.9,12.0,Australia/Sydney,air_quality_2026-08-26.json,2026-08-27T01:00:00+1000,2026-08-26T15:00:00+0000,2026-08-27,1,0.0,8.4,11.1
melbourne,Melbourne,24600,-37.81304457558759,144.9481534322198,-37.8,144.9,12.0,Australia/Sydney,air_quality_2026-08-26.json,2026-08-27T02:00:00+1000,2026-08-26T16:00:00+0000,2026-08-27,2,0.0,8.0,10.6
melbourne,Melbourne,24600,-37.81304457558759,144.9481534322198,-37.8,144.9,12.0,Australia/Sydney,air_quality_2026-08-26.json,2026-08-27T03:00:00+1000,2026-08-26T17:00:00+0000,2026-08-27,3,0.0,7.7,10.3
melbourne,Melbourne,24600,-37.81304457558759,144.9481534322198,-37.8,144.9,12.0,Australia/Sydney,air_quality_2026-08-26.json,2026-08-27T04:00:00+1000,2026-08-26T18:00:00+0000,2026-08-27,4,0.0,7.5,10.0
melbourne,Melbourne,24600,-37.81304457558759,144.9481534322198,-37.8,144.9,12.0,Australia/Sydney,air_quality_2026-08-26.json,2026-08-27T05:00:00+1000,2026-08-26T19:00:00+0000,2026-08-27,5,0.0,7.4,9.9
melbourne,Melbourne,24600,-37.81304457558759,144.9481534322198,-37.8,144.9,12.0,Australia/Sydney,air_quality_2026-08-26.json,2026-08-27T06:00:00+1000,2026-08-26T20:00:00+0000,2026-08-27,6,0.0,7.7,10.1
melbourne,Melbourne,24600,-37.81304457558759,144.9481534322198,-37.8,144.9,12.0,Australia/Sydney,air_quality_2026-08-26.json,2026-08-27T07:00:00+1000,2026-08-26T21:00:00+0000,2026-08-27,7,0.05,9.8,12.0
melbourne,Melbourne,24600,-37.81304457558759,144.9481534322198,-37.8,144.9,12.0,Australia/Sydney,air_quality_2026-08-26.json,2026-08-27T08:00:00+1000,2026-08-26T22:00:00+0000,2026-08-27,8,0.35,13.2,14.9
melbourne,Melbourne,24600,-37.81304457558759,144.9481534322198,-37.8,144.9,12.0,Australia/Sydney,air_quality_2026-08-26.json,2026-08-27T09:00:00+1000,2026-08-26T23:00:00+0000,2026-08-27,9,1.1,9.6,12.1
melbourne,Melbourne,24600,-37.81304457558759,144.9481534322198,-37.8,144.9,12.0,Australia/Sydney,air_quality_2026-08-26.json,2026-08-27T10:00:00+1000,2026-08-27T00:00:00+0000,2026-08-27,10,2.25,8.7,12.8
melbourne,Melbourne,24600,-37.81304457558759,144.9481534322198,-37.8,144.9,12.0,Australia/Sydney,air_quality_2026-08-26.json,2026-08-27T11:00:00+1000,2026-08-27T01:00:00+0000,2026-08-27,11,3.0,8.5,13.0
melbourne,Melbourne,24600,-37.81304457558759,144.9481534322198,-37.8,144.9,12.0,Australia/Sydney,air_quality_2026-08-26.json,2026-08-27T12:00:00+1000,2026-08-27T02:00:00+0000,2026-08-27,12,3.3,8.3,12.7
melbourne,Melbourne,24600,-37.81304457558759,144.9481534322198,-37.8,144.9,12.0,Australia/Sydney,air_quality_2026-08-26.json,2026-08-27T13:00:00+1000,2026-08-27T03:00:00+0000,2026-08-27,13,3.1,8.4,12.5
melbourne,Melbourne,24600,-37.81304457558759,144.9481534322198,-37.8,144.9,12.0,Australia/Sydney,air_quality_2026-08-26.json,2026-08-27T14:00:00+1000,2026-08-27T04:00:00+0000,2026-08-27,14,2.3,8.5,12.5
melbourne,Melbourne,24600,-37.81304457558759,144.9481534322198,-37.8,144.9,12.0,Australia/Sydney,air_quality_2026-08-26.json,2026-08-27T15:00:00+1000,2026-08-27T05:00:00+0000,2026-08-27,15,1.4,8.5,12.3
melbourne,Melbourne,24600,-37.81304457558759,144.9481534322198,-37.8,144.9,12.0,Australia/Sydney,air_quality_2026-08-26.json,2026-08-27T16:00:00+1000,2026-08-27T06:00:00+0000,2026-08-27,16,0.55,8.1,11.7
melbourne,Melbourne,24600,-37.81304457558759,144.9481534322198,-37.8,144.9,12.0,Australia/Sydney,air_quality_2026-08-26.json,2026-08-27T17:00:00+1000,2026-08-27T07:00:00+0000,2026-08-27,17,0.15,9.3,12.6
melbourne,Melbourne,24600,-37.81304457558759,144.9481534322198,-37.8,144.9,12.0,Australia/Sydney,air_quality_2026-08-26.json,2026-08-27T18:00:00+1000,2026-08-27T08:00:00+0000,2026-08-27,18,0.0,12.4,15.5
melbourne,Melbourne,24600,-37.81304457558759,144.9481534322198,-37.8,144.9,12.0,Australia/Sydney,air_quality_2026-08-26.json,2026-08-27T19:00:00+1000,2026-08-27T09:00:00+0000,2026-08-27,19,0.0,14.8,17.6
melbourne,Melbourne,24600,-37.81304457558759,144.9481534322198,-37.8,144.9,12.0,Australia/Sydney,air_quality_2026-08-26.json,2026-08-27T20:00:00+1000,2026-08-27T10:00:00+0000,2026-08-27,20,0.0,16.7,19.3
melbourne,Melbourne,24600,-37.81304457558759,144.9481534322198,-37.8,144.9,12.0,Australia/Sydney,air_quality_2026-08-26.json,2026-08-27T21:00:00+1000,2026-08-27T11:00:00+0000,2026-08-27,21,0.0,18.8,21.1
melbourne,Melbourne,24600,-37.81304457558759,144.9481534322198,-37.8,144.9,12.0,Australia/Sydney,air_quality_2026-08-26.json,2026-08-27T22:00:00+1000,2026-08-27T12:00:00+0000,2026-08-27,22,0.0,19.3,21.3
melbourne,Melbourne,24600,-37.81304457558759,144.9481534322198,-37.8,144.9,12.0,Australia/Sydney,air_quality_2026-08-26.json,2026-08-27T23:00:00+1000,2026-08-27T13:00:00+0000,2026-08-27,23,0.0,17.3,18.9
melbourne,Melbourne,24600,-37.81304457558759,144.9481534322198,-37.8,144.9,12.0,Australia/Sydney,air_quality_2026-08-26.json,2026-08-28T00:00:00+1000,2026-08-27T14:00:00+0000,2026-08-28,0,0.0,14.3,15.8
melbourne,Melbourne,24600,-37.81304457558759,144.9481534322198,-37.8,144.9,12.0,Australia/Sydney,air_quality_2026-08-26.json,2026-08-28T01:00:00+1000,2026-08-27T15:00:00+0000,2026-08-28,1,0.0,11.8,13.2
melbourne,Melbourne,24600,-37.81304457558759,144.9481534322198,-37.8,144.9,12.0,Australia/Sydney,air_quality_2026-08-26.json,2026-08-28T02:00:00+1000,2026-08-27T16:00:00+0000,2026-08-28,2,0.0,9.6,10.9
melbourne,Melbourne,24600,-37.81304457558759,144.9481534322198,-37.8,144.9,12.0,Australia/Sydney,air_quality_2026-08-26.json,2026-08-28T03:00:00+1000,2026-08-27T17:00:00+0000,2026-08-28,3,0.0,7.5,8.6
melbourne,Melbourne,24600,-37.81304457558759,144.9481534322198,-37.8,144.9,12.0,Australia/Sydney,air_quality_2026-08-26.json,2026-08-28T04:00:00+1000,2026-08-27T18:00:00+0000,2026-08-28,4,0.0,5.8,6.9
melbourne,Melbourne,24600,-37.81304457558759,144.9481534322198,-37.8,144.9,12.0,Australia/Sydney,air_quality_2026-08-26.json,2026-08-28T05:00:00+1000,2026-08-27T19:00:00+0000,2026-08-28,5,0.0,4.9,6.0
melbourne,Melbourne,24600,-37.81304457558759,144.9481534322198,-37.8,144.9,12.0,Australia/Sydney,air_quality_2026-08-26.json,2026-08-28T06:00:00+1000,2026-08-27T20:00:00+0000,2026-08-28,6,0.0,4.5,5.7
melbourne,Melbourne,24600,-37.81304457558759,144.9481534322198,-37.8,144.9,12.0,Australia/Sydney,air_quality_2026-08-26.json,2026-08-28T07:00:00+1000,2026-08-27T21:00:00+0000,2026-08-28,7,0.0,5.4,6.7
melbourne,Melbourne,24600,-37.81304457558759,144.9481534322198,-37.8,144.9,12.0,Australia/Sydney,air_quality_2026-08-26.json,2026-08-28T08:00:00+1000,2026-08-27T22:00:00+0000,2026-08-28,8,0.15,6.9,8.5
melbourne,Melbourne,24600,-37.81304457558759,144.9481534322198,-37.8,144.9,12.0,Australia/Sydney,air_quality_2026-08-26.json,2026-08-28T09:00:00+1000,2026-08-27T23:00:00+0000,2026-08-28,9,0.5,8.7,10.4
melbourne,Melbourne,24600,-37.81304457558759,144.9481534322198,-37.8,144.9,12.0,Australia/Sydney,air_quality_2026-08-26.json,2026-08-28T10:00:00+1000,2026-08-28T00:00:00+0000,2026-08-28,10,1.25,6.8,8.5
melbourne,Melbourne,24600,-37.81304457558759,144.9481534322198,-37.8,144.9,12.0,Australia/Sydney,air_quality_2026-08-26.json,2026-08-28T11:00:00+1000,2026-08-28T01:00:00+0000,2026-08-28,11,2.3,5.4,7.1
melbourne,Melbourne,24600,-37.81304457558759,144.9481534322198,-37.8,144.9,12.0,Australia/Sydney,air_quality_2026-08-26.json,2026-08-28T12:00:00+1000,2026-08-28T02:00:00+0000,2026-08-28,12,2.7,5.1,7.1
melbourne,Melbourne,24600,-37.81304457558759,144.9481534322198,-37.8,144.9,12.0,Australia/Sydney,air_quality_2026-08-26.json,2026-08-28T13:00:00+1000,2026-08-28T03:00:00+0000,2026-08-28,13,3.05,6.3,9.4
melbourne,Melbourne,24600,-37.81304457558759,144.9481534322198,-37.8,144.9,12.0,Australia/Sydney,air_quality_2026-08-26.json,2026-08-28T14:00:00+1000,2026-08-28T04:00:00+0000,2026-08-28,14,2.4,7.9,12.3
melbourne,Melbourne,24600,-37.81304457558759,144.9481534322198,-37.8,144.9,12.0,Australia/Sydney,air_quality_2026-08-26.json,2026-08-28T15:00:00+1000,2026-08-28T05:00:00+0000,2026-08-28,15,1.55,10.0,15.8
melbourne,Melbourne,24600,-37.81304457558759,144.9481534322198,-37.8,144.9,12.0,Australia/Sydney,air_quality_2026-08-26.json,2026-08-28T16:00:00+1000,2026-08-28T06:00:00+0000,2026-08-28,16,0.65,11.0,17.6
melbourne,Melbourne,24600,-37.81304457558759,144.9481534322198,-37.8,144.9,12.0,Australia/Sydney,air_quality_2026-08-26.json,2026-08-28T17:00:00+1000,2026-08-28T07:00:00+0000,2026-08-28,17,0.15,12.2,19.4
melbourne,Melbourne,24600,-37.81304457558759,144.9481534322198,-37.8,144.9,12.0,Australia/Sydney,air_quality_2026-08-26.json,2026-08-28T18:00:00+1000,2026-08-28T08:00:00+0000,2026-08-28,18,0.0,14.2,21.7
melbourne,Melbourne,24600,-37.81304457558759,144.9481534322198,-37.8,144.9,12.0,Australia/Sydney,air_quality_2026-08-26.json,2026-08-28T19:00:00+1000,2026-08-28T09:00:00+0000,2026-08-28,19,0.0,15.5,22.2
melbourne,Melbourne,24600,-37.81304457558759,144.9481534322198,-37.8,144.9,12.0,Australia/Sydney,air_quality_2026-08-26.json,2026-08-28T20:00:00+1000,2026-08-28T10:00:00+0000,2026-08-28,20,0.0,17.2,24.0
melbourne,Melbourne,24600,-37.81304457558759,144.9481534322198,-37.8,144.9,12.0,Australia/Sydney,air_quality_2026-08-26.json,2026-08-28T21:00:00+1000,2026-08-28T11:00:00+0000,2026-08-28,21,0.0,18.0,24.6
melbourne,Melbourne,24600,-37.81304457558759,144.9481534322198,-37.8,144.9,12.0,Australia/Sydney,air_quality_2026-08-26.json,2026-08-28T22:00:00+1000,2026-08-28T12:00:00+0000,2026-08-28,22,0.0,18.1,24.2
melbourne,Melbourne,24600,-37.81304457558759,144.9481534322198,-37.8,144.9,12.0,Australia/Sydney,air_quality_2026-08-26.json,2026-08-28T23:00:00+1000,2026-08-28T13:00:00+0000,2026-08-28,23,0.0,17.6,23.3
melbourne,Melbourne,24600,-37.81304457558759,144.9481534322198,-37.8,144.9,12.0,Australia/Sydney,air_quality_2026-08-26.json,2026-08-29T00:00:00+1000,2026-08-28T14:00:00+0000,2026-08-29,0,0.0,17.2,22.5
melbourne,Melbourne,24600,-37.81304457558759,144.9481534322198,-37.8,144.9,12.0,Australia/Sydney,air_quality_2026-08-26.json,2026-08-29T01:00:00+1000,2026-08-28T15:00:00+0000,2026-08-29,1,0.0,16.4,21.2
melbourne,Melbourne,24600,-37.81304457558759,144.9481534322198,-37.8,144.9,12.0,Australia/Sydney,air_quality_2026-08-26.json,2026-08-29T02:00:00+1000,2026-08-28T16:00:00+0000,2026-08-29,2,0.0,14.8,19.2
melbourne,Melbourne,24600,-37.81304457558759,144.9481534322198,-37.8,144.9,12.0,Australia/Sydney,air_quality_2026-08-26.json,2026-08-29T03:00:00+1000,2026-08-28T17:00:00+0000,2026-08-29,3,0.0,12.9,16.6
melbourne,Melbourne,24600,-37.81304457558759,144.9481534322198,-37.8,144.9,12.0,Australia/Sydney,air_quality_2026-08-26.json,2026-08-29T04:00:00+1000,2026-08-28T18:00:00+0000,2026-08-29,4,0.0,10.6,13.9
melbourne,Melbourne,24600,-37.81304457558759,144.9481534322198,-37.8,144.9,12.0,Australia/Sydney,air_quality_2026-08-26.json,2026-08-29T05:00:00+1000,2026-08-28T19:00:00+0000,2026-08-29,5,0.0,9.1,12.2
melbourne,Melbourne,24600,-37.81304457558759,144.9481534322198,-37.8,144.9,12.0,Australia/Sydney,air_quality_2026-08-26.json,2026-08-29T06:00:00+1000,2026-08-28T20:00:00+0000,2026-08-29,6,0.0,8.3,11.2
melbourne,Melbourne,24600,-37.81304457558759,144.9481534322198,-37.8,144.9,12.0,Australia/Sydney,air_quality_2026-08-26.json,2026-08-29T07:00:00+1000,2026-08-28T21:00:00+0000,2026-08-29,7,0.05,8.6,11.2
melbourne,Melbourne,24600,-37.81304457558759,144.9481534322198,-37.8,144.9,12.0,Australia/Sydney,air_quality_2026-08-26.json,2026-08-29T08:00:00+1000,2026-08-28T22:00:00+0000,2026-08-29,8,0.3,9.5,12.0
melbourne,Melbourne,24600,-37.81304457558759,144.9481534322198,-37.8,144.9,12.0,Australia/Sydney,air_quality_2026-08-26.json,2026-08-29T09:00:00+1000,2026-08-28T23:00:00+0000,2026-08-29,9,0.8,9.2,12.7
melbourne,Melbourne,24600,-37.81304457558759,144.9481534322198,-37.8,144.9,12.0,Australia/Sydney,air_quality_2026-08-26.json,2026-08-29T10:00:00+1000,2026-08-29T00:00:00+0000,2026-08-29,10,1.45,10.8,16.5
melbourne,Melbourne,24600,-37.81304457558759,144.9481534322198,-37.8,144.9,12.0,Australia/Sydney,air_quality_2026-08-26.json,2026-08-29T11:00:00+1000,2026-08-29T01:00:00+0000,2026-08-29,11,1.75,11.2,17.9
melbourne,Melbourne,24600,-37.81304457558759,144.9481534322198,-37.8,144.9,12.0,Australia/Sydney,air_quality_2026-08-26.json,2026-08-29T12:00:00+1000,2026-08-29T02:00:00+0000,2026-08-29,12,1.65,11.4,18.3
melbourne,Melbourne,24600,-37.81304457558759,144.9481534322198,-37.8,144.9,12.0,Australia/Sydney,air_quality_2026-08-26.json,2026-08-29T13:00:00+1000,2026-08-29T03:00:00+0000,2026-08-29,13,1.65,13.7,21.9
melbourne,Melbourne,24600,-37.81304457558759,144.9481534322198,-37.8,144.9,12.0,Australia/Sydney,air_quality_2026-08-26.json,2026-08-29T14:00:00+1000,2026-08-29T04:00:00+0000,2026-08-29,14,1.25,13.4,21.2
melbourne,Melbourne,24600,-37.81304457558759,144.9481534322198,-37.8,144.9,12.0,Australia/Sydney,air_quality_2026-08-26.json,2026-08-29T15:00:00+1000,2026-08-29T05:00:00+0000,2026-08-29,15,0.75,16.3,25.8
melbourne,Melbourne,24600,-37.81304457558759,144.9481534322198,-37.8,144.9,12.0,Australia/Sydney,air_quality_2026-08-26.json,2026-08-29T16:00:00+1000,2026-08-29T06:00:00+0000,2026-08-29,16,0.35,15.7,24.7
melbourne,Melbourne,24600,-37.81304457558759,144.9481534322198,-37.8,144.9,12.0,Australia/Sydney,air_quality_2026-08-26.json,2026-08-29T17:00:00+1000,2026-08-29T07:00:00+0000,2026-08-29,17,0.1,15.9,25.0
melbourne,Melbourne,24600,-37.81304457558759,144.9481534322198,-37.8,144.9,12.0,Australia/Sydney,air_quality_2026-08-26.json,2026-08-29T18:00:00+1000,2026-08-29T08:00:00+0000,2026-08-29,18,0.0,16.1,24.9
melbourne,Melbourne,24600,-37.81304457558759,144.9481534322198,-37.8,144.9,12.0,Australia/Sydney,air_quality_2026-08-26.json,2026-08-29T19:00:00+1000,2026-08-29T09:00:00+0000,2026-08-29,19,0.0,15.1,22.5
melbourne,Melbourne,24600,-37.81304457558759,144.9481534322198,-37.8,144.9,12.0,Australia/Sydney,air_quality_2026-08-26.json,2026-08-29T20:00:00+1000,2026-08-29T10:00:00+0000,2026-08-29,20,0.0,14.1,20.5
melbourne,Melbourne,24600,-37.81304457558759,144.9481534322198,-37.8,144.9,12.0,Australia/Sydney,air_quality_2026-08-26.json,2026-08-29T21:00:00+1000,2026-08-29T11:00:00+0000,2026-08-29,21,0.0,12.7,18.2
melbourne,Melbourne,24600,-37.81304457558759,144.9481534322198,-37.8,144.9,12.0,Australia/Sydney,air_quality_2026-08-26.json,2026-08-29T22:00:00+1000,2026-08-29T12:00:00+0000,2026-08-29,22,0.0,11.0,15.5
melbourne,Melbourne,24600,-37.81304457558759,144.9481534322198,-37.8,144.9,12.0,Australia/Sydney,air_quality_2026-08-26.json,2026-08-29T23:00:00+1000,2026-08-29T13:00:00+0000,2026-08-29,23,0.0,10.1,14.3
melbourne,Melbourne,24600,-37.81304457558759,144.9481534322198,-37.8,144.9,12.0,Australia/Sydney,air_quality_2026-08-26.json,2026-08-30T00:00:00+1000,2026-08-29T14:00:00+0000,2026-08-30,0,0.0,9.0,12.8
melbourne,Melbourne,24600,-37.81304457558759,144.9481534322198,-37.8,144.9,12.0,Australia/Sydney,air_quality_2026-08-26.json,2026-08-30T01:00:00+1000,2026-08-29T15:00:00+0000,2026-08-30,1,0.0,8.6,12.5
melbourne,Melbourne,24600,-37.81304457558759,144.9481534322198,-37.8,144.9,12.0,Australia/Sydney,air_quality_2026-08-26.json,2026-08-30T02:00:00+1000,2026-08-29T16:00:00+0000,2026-08-30,2,0.0,8.3,12.3
melbourne,Melbourne,24600,-37.81304457558759,144.9481534322198,-37.8,144.9,12.0,Australia/Sydney,air_quality_2026-08-26.json,2026-08-30T03:00:00+1000,2026-08-29T17:00:00+0000,2026-08-30,3,0.0,7.8,11.6
melbourne,Melbourne,24600,-37.81304457558759,144.9481534322198,-37.8,144.9,12.0,Australia/Sydney,air_quality_2026-08-26.json,2026-08-30T04:00:00+1000,2026-08-29T18:00:00+0000,2026-08-30,4,0.0,7.3,10.9
melbourne,Melbourne,24600,-37.81304457558759,144.9481534322198,-37.8,144.9,12.0,Australia/Sydney,air_quality_2026-08-26.json,2026-08-30T05:00:00+1000,2026-08-29T19:00:00+0000,2026-08-30,5,0.0,6.9,10.4
melbourne,Melbourne,24600,-37.81304457558759,144.9481534322198,-37.8,144.9,12.0,Australia/Sydney,air_quality_2026-08-26.json,2026-08-30T06:00:00+1000,2026-08-29T20:00:00+0000,2026-08-30,6,0.0,7.0,10.4
melbourne,Melbourne,24600,-37.81304457558759,144.9481534322198,-37.8,144.9,12.0,Australia/Sydney,air_quality_2026-08-26.json,2026-08-30T07:00:00+1000,2026-08-29T21:00:00+0000,2026-08-30,7,0.0,7.7,11.2
melbourne,Melbourne,24600,-37.81304457558759,144.9481534322198,-37.8,144.9,12.0,Australia/Sydney,air_quality_2026-08-26.json,2026-08-30T08:00:00+1000,2026-08-29T22:00:00+0000,2026-08-30,8,0.2,8.8,12.3
melbourne,Melbourne,24600,-37.81304457558759,144.9481534322198,-37.8,144.9,12.0,Australia/Sydney,air_quality_2026-08-26.json,2026-08-30T09:00:00+1000,2026-08-29T23:00:00+0000,2026-08-30,9,0.65,9.9,14.6
melbourne,Melbourne,24600,-37.81304457558759,144.9481534322198,-37.8,144.9,12.0,Australia/Sydney,air_quality_2026-08-26.json,2026-08-30T10:00:00+1000,2026-08-30T00:00:00+0000,2026-08-30,10,1.4,11.1,17.2
melbourne,Melbourne,24600,-37.81304457558759,144.9481534322198,-37.8,144.9,12.0,Australia/Sydney,air_quality_2026-08-26.json,2026-08-30T11:00:00+1000,2026-08-30T01:00:00+0000,2026-08-30,11,2.1,11.1,17.5
melbourne,Melbourne,24600,-37.81304457558759,144.9481534322198,-37.8,144.9,12.0,Australia/Sydney,air_quality_2026-08-26.json,2026-08-30T12:00:00+1000,2026-08-30T02:00:00+0000,2026-08-30,12,2.5,11.2,17.5
melbourne,Melbourne,24600,-37.81304457558759,144.9481534322198,-37.8,144.9,12.0,Australia/Sydney,air_quality_2026-08-26.json,2026-08-30T13:00:00+1000,2026-08-30T03:00:00+0000,2026-08-30,13,2.55,10.3,16.0
melbourne,Melbourne,24600,-37.81304457558759,144.9481534322198,-37.8,144.9,12.0,Australia/Sydney,air_quality_2026-08-26.json,2026-08-30T14:00:00+1000,2026-08-30T04:00:00+0000,2026-08-30,14,2.2,9.7,15.0
melbourne,Melbourne,24600,-37.81304457558759,144.9481534322198,-37.8,144.9,12.0,Australia/Sydney,air_quality_2026-08-26.json,2026-08-30T15:00:00+1000,2026-08-30T05:00:00+0000,2026-08-30,15,1.25,9.8,15.1
melbourne,Melbourne,24600,-37.81304457558759,144.9481534322198,-37.8,144.9,12.0,Australia/Sydney,air_quality_2026-08-26.json,2026-08-30T16:00:00+1000,2026-08-30T06:00:00+0000,2026-08-30,16,0.55,10.1,15.5
melbourne,Melbourne,24600,-37.81304457558759,144.9481534322198,-37.8,144.9,12.0,Australia/Sydney,air_quality_2026-08-26.json,2026-08-30T17:00:00+1000,2026-08-30T07:00:00+0000,2026-08-30,17,0.1,10.4,15.9
melbourne,Melbourne,24600,-37.81304457558759,144.9481534322198,-37.8,144.9,12.0,Australia/Sydney,air_quality_2026-08-26.json,2026-08-30T18:00:00+1000,2026-08-30T08:00:00+0000,2026-08-30,18,0.0,11.6,17.2
melbourne,Melbourne,24600,-37.81304457558759,144.9481534322198,-37.8,144.9,12.0,Australia/Sydney,air_quality_2026-08-26.json,2026-08-30T19:00:00+1000,2026-08-30T09:00:00+0000,2026-08-30,19,0.0,11.2,16.0
melbourne,Melbourne,24600,-37.81304457558759,144.9481534322198,-37.8,144.9,12.0,Australia/Sydney,air_quality_2026-08-26.json,2026-08-30T20:00:00+1000,2026-08-30T10:00:00+0000,2026-08-30,20,0.0,10.6,14.9
melbourne,Melbourne,24600,-37.81304457558759,144.9481534322198,-37.8,144.9,12.0,Australia/Sydney,air_quality_2026-08-26.json,2026-08-30T21:00:00+1000,2026-08-30T11:00:00+0000,2026-08-30,21,0.0,10.9,15.2
melbourne,Melbourne,24600,-37.81304457558759,144.9481534322198,-37.8,144.9,12.0,Australia/Sydney,air_quality_2026-08-26.json,2026-08-30T22:00:00+1000,2026-08-30T12:00:00+0000,2026-08-30,22,0.0,11.8,16.4
melton,Melton,24650,-37.68142666335505,144.63596097650208,-37.7,144.6,132.0,Australia/Sydney,air_quality_2026-08-26.json,2026-08-26T00:00:00+1000,2026-08-25T14:00:00+0000,2026-08-26,0,0.0,3.3,4.0
melton,Melton,24650,-37.68142666335505,144.63596097650208,-37.7,144.6,132.0,Australia/Sydney,air_quality_2026-08-26.json,2026-08-26T01:00:00+1000,2026-08-25T15:00:00+0000,2026-08-26,1,0.0,3.1,4.0
melton,Melton,24650,-37.68142666335505,144.63596097650208,-37.7,144.6,132.0,Australia/Sydney,air_quality_2026-08-26.json,2026-08-26T02:00:00+1000,2026-08-25T16:00:00+0000,2026-08-26,2,0.0,3.4,4.6
melton,Melton,24650,-37.68142666335505,144.63596097650208,-37.7,144.6,132.0,Australia/Sydney,air_quality_2026-08-26.json,2026-08-26T03:00:00+1000,2026-08-25T17:00:00+0000,2026-08-26,3,0.0,3.6,4.9
melton,Melton,24650,-37.68142666335505,144.63596097650208,-37.7,144.6,132.0,Australia/Sydney,air_quality_2026-08-26.json,2026-08-26T04:00:00+1000,2026-08-25T18:00:00+0000,2026-08-26,4,0.0,3.9,5.5
melton,Melton,24650,-37.68142666335505,144.63596097650208,-37.7,144.6,132.0,Australia/Sydney,air_quality_2026-08-26.json,2026-08-26T05:00:00+1000,2026-08-25T19:00:00+0000,2026-08-26,5,0.0,4.3,6.1
melton,Melton,24650,-37.68142666335505,144.63596097650208,-37.7,144.6,132.0,Australia/Sydney,air_quality_2026-08-26.json,2026-08-26T06:00:00+1000,2026-08-25T20:00:00+0000,2026-08-26,6,0.0,4.6,6.4
melton,Melton,24650,-37.68142666335505,144.63596097650208,-37.7,144.6,132.0,Australia/Sydney,air_quality_2026-08-26.json,2026-08-26T07:00:00+1000,2026-08-25T21:00:00+0000,2026-08-26,7,0.0,5.4,7.3
melton,Melton,24650,-37.68142666335505,144.63596097650208,-37.7,144.6,132.0,Australia/Sydney,air_quality_2026-08-26.json,2026-08-26T08:00:00+1000,2026-08-25T22:00:00+0000,2026-08-26,8,0.25,5.8,8.1
melton,Melton,24650,-37.68142666335505,144.63596097650208,-37.7,144.6,132.0,Australia/Sydney,air_quality_2026-08-26.json,2026-08-26T09:00:00+1000,2026-08-25T23:00:00+0000,2026-08-26,9,0.9,5.4,7.9
melton,Melton,24650,-37.68142666335505,144.63596097650208,-37.7,144.6,132.0,Australia/Sydney,air_quality_2026-08-26.json,2026-08-26T10:00:00+1000,2026-08-26T00:00:00+0000,2026-08-26,10,1.75,7.7,11.7
melton,Melton,24650,-37.68142666335505,144.63596097650208,-37.7,144.6,132.0,Australia/Sydney,air_quality_2026-08-26.json,2026-08-26T11:00:00+1000,2026-08-26T01:00:00+0000,2026-08-26,11,2.45,6.6,10.0
melton,Melton,24650,-37.68142666335505,144.63596097650208,-37.7,144.6,132.0,Australia/Sydney,air_quality_2026-08-26.json,2026-08-26T12:00:00+1000,2026-08-26T02:00:00+0000,2026-08-26,12,2.35,7.1,10.9
melton,Melton,24650,-37.68142666335505,144.63596097650208,-37.7,144.6,132.0,Australia/Sydney,air_quality_2026-08-26.json,2026-08-26T13:00:00+1000,2026-08-26T03:00:00+0000,2026-08-26,13,2.3,6.8,10.5
melton,Melton,24650,-37.68142666335505,144.63596097650208,-37.7,144.6,132.0,Australia/Sydney,air_quality_2026-08-26.json,2026-08-26T14:00:00+1000,2026-08-26T04:00:00+0000,2026-08-26,14,1.7,6.7,10.3
melton,Melton,24650,-37.68142666335505,144.63596097650208,-37.7,144.6,132.0,Australia/Sydney,air_quality_2026-08-26.json,2026-08-26T15:00:00+1000,2026-08-26T05:00:00+0000,2026-08-26,15,0.95,6.7,10.2
melton,Melton,24650,-37.68142666335505,144.63596097650208,-37.7,144.6,132.0,Australia/Sydney,air_quality_2026-08-26.json,2026-08-26T16:00:00+1000,2026-08-26T06:00:00+0000,2026-08-26,16,0.5,7.1,10.7
melton,Melton,24650,-37.68142666335505,144.63596097650208,-37.7,144.6,132.0,Australia/Sydney,air_quality_2026-08-26.json,2026-08-26T17:00:00+1000,2026-08-26T07:00:00+0000,2026-08-26,17,0.15,7.4,11.0
melton,Melton,24650,-37.68142666335505,144.63596097650208,-37.7,144.6,132.0,Australia/Sydney,air_quality_2026-08-26.json,2026-08-26T18:00:00+1000,2026-08-26T08:00:00+0000,2026-08-26,18,0.0,9.5,13.2
melton,Melton,24650,-37.68142666335505,144.63596097650208,-37.7,144.6,132.0,Australia/Sydney,air_quality_2026-08-26.json,2026-08-26T19:00:00+1000,2026-08-26T09:00:00+0000,2026-08-26,19,0.0,11.9,15.7
melton,Melton,24650,-37.68142666335505,144.63596097650208,-37.7,144.6,132.0,Australia/Sydney,air_quality_2026-08-26.json,2026-08-26T20:00:00+1000,2026-08-26T10:00:00+0000,2026-08-26,20,0.0,12.6,16.1
melton,Melton,24650,-37.68142666335505,144.63596097650208,-37.7,144.6,132.0,Australia/Sydney,air_quality_2026-08-26.json,2026-08-26T21:00:00+1000,2026-08-26T11:00:00+0000,2026-08-26,21,0.0,11.6,14.0
melton,Melton,24650,-37.68142666335505,144.63596097650208,-37.7,144.6,132.0,Australia/Sydney,air_quality_2026-08-26.json,2026-08-26T22:00:00+1000,2026-08-26T12:00:00+0000,2026-08-26,22,0.0,11.5,13.8
melton,Melton,24650,-37.68142666335505,144.63596097650208,-37.7,144.6,132.0,Australia/Sydney,air_quality_2026-08-26.json,2026-08-26T23:00:00+1000,2026-08-26T13:00:00+0000,2026-08-26,23,0.0,11.4,13.6
melton,Melton,24650,-37.68142666335505,144.63596097650208,-37.7,144.6,132.0,Australia/Sydney,air_quality_2026-08-26.json,2026-08-27T00:00:00+1000,2026-08-26T14:00:00+0000,2026-08-27,0,0.0,10.9,13.1
melton,Melton,24650,-37.68142666335505,144.63596097650208,-37.7,144.6,132.0,Australia/Sydney,air_quality_2026-08-26.json,2026-08-27T01:00:00+1000,2026-08-26T15:00:00+0000,2026-08-27,1,0.0,10.0,12.3
melton,Melton,24650,-37.68142666335505,144.63596097650208,-37.7,144.6,132.0,Australia/Sydney,air_quality_2026-08-26.json,2026-08-27T02:00:00+1000,2026-08-26T16:00:00+0000,2026-08-27,2,0.0,9.4,11.6
melton,Melton,24650,-37.68142666335505,144.63596097650208,-37.7,144.6,132.0,Australia/Sydney,air_quality_2026-08-26.json,2026-08-27T03:00:00+1000,2026-08-26T17:00:00+0000,2026-08-27,3,0.0,8.8,11.2
melton,Melton,24650,-37.68142666335505,144.63596097650208,-37.7,144.6,132.0,Australia/Sydney,air_quality_2026-08-26.json,2026-08-27T04:00:00+1000,2026-08-26T18:00:00+0000,2026-08-27,4,0.0,8.6,11.1
melton,Melton,24650,-37.68142666335505,144.63596097650208,-37.7,144.6,132.0,Australia/Sydney,air_quality_2026-08-26.json,2026-08-27T05:00:00+1000,2026-08-26T19:00:00+0000,2026-08-27,5,0.0,8.6,11.2
melton,Melton,24650,-37.68142666335505,144.63596097650208,-37.7,144.6,132.0,Australia/Sydney,air_quality_2026-08-26.json,2026-08-27T06:00:00+1000,2026-08-26T20:00:00+0000,2026-08-27,6,0.0,9.3,12.0
melton,Melton,24650,-37.68142666335505,144.63596097650208,-37.7,144.6,132.0,Australia/Sydney,air_quality_2026-08-26.json,2026-08-27T07:00:00+1000,2026-08-26T21:00:00+0000,2026-08-27,7,0.05,12.7,15.4
melton,Melton,24650,-37.68142666335505,144.63596097650208,-37.7,144.6,132.0,Australia/Sydney,air_quality_2026-08-26.json,2026-08-27T08:00:00+1000,2026-08-26T22:00:00+0000,2026-08-27,8,0.35,17.9,19.8
melton,Melton,24650,-37.68142666335505,144.63596097650208,-37.7,144.6,132.0,Australia/Sydney,air_quality_2026-08-26.json,2026-08-27T09:00:00+1000,2026-08-26T23:00:00+0000,2026-08-27,9,1.15,12.0,15.5
melton,Melton,24650,-37.68142666335505,144.63596097650208,-37.7,144.6,132.0,Australia/Sydney,air_quality_2026-08-26.json,2026-08-27T10:00:00+1000,2026-08-27T00:00:00+0000,2026-08-27,10,2.35,8.9,13.0
melton,Melton,24650,-37.68142666335505,144.63596097650208,-37.7,144.6,132.0,Australia/Sydney,air_quality_2026-08-26.json,2026-08-27T11:00:00+1000,2026-08-27T01:00:00+0000,2026-08-27,11,3.45,8.4,12.4
melton,Melton,24650,-37.68142666335505,144.63596097650208,-37.7,144.6,132.0,Australia/Sydney,air_quality_2026-08-26.json,2026-08-27T12:00:00+1000,2026-08-27T02:00:00+0000,2026-08-27,12,3.95,8.3,12.2
melton,Melton,24650,-37.68142666335505,144.63596097650208,-37.7,144.6,132.0,Australia/Sydney,air_quality_2026-08-26.json,2026-08-27T13:00:00+1000,2026-08-27T03:00:00+0000,2026-08-27,13,3.7,8.4,12.0
melton,Melton,24650,-37.68142666335505,144.63596097650208,-37.7,144.6,132.0,Australia/Sydney,air_quality_2026-08-26.json,2026-08-27T14:00:00+1000,2026-08-27T04:00:00+0000,2026-08-27,14,2.8,8.4,12.0
melton,Melton,24650,-37.68142666335505,144.63596097650208,-37.7,144.6,132.0,Australia/Sydney,air_quality_2026-08-26.json,2026-08-27T15:00:00+1000,2026-08-27T05:00:00+0000,2026-08-27,15,1.65,8.6,12.1
melton,Melton,24650,-37.68142666335505,144.63596097650208,-37.7,144.6,132.0,Australia/Sydney,air_quality_2026-08-26.json,2026-08-27T16:00:00+1000,2026-08-27T06:00:00+0000,2026-08-27,16,0.65,8.3,11.6
melton,Melton,24650,-37.68142666335505,144.63596097650208,-37.7,144.6,132.0,Australia/Sydney,air_quality_2026-08-26.json,2026-08-27T17:00:00+1000,2026-08-27T07:00:00+0000,2026-08-27,17,0.15,10.6,13.8
melton,Melton,24650,-37.68142666335505,144.63596097650208,-37.7,144.6,132.0,Australia/Sydney,air_quality_2026-08-26.json,2026-08-27T18:00:00+1000,2026-08-27T08:00:00+0000,2026-08-27,18,0.0,15.9,19.1
melton,Melton,24650,-37.68142666335505,144.63596097650208,-37.7,144.6,132.0,Australia/Sydney,air_quality_2026-08-26.json,2026-08-27T19:00:00+1000,2026-08-27T09:00:00+0000,2026-08-27,19,0.0,20.5,23.6
melton,Melton,24650,-37.68142666335505,144.63596097650208,-37.7,144.6,132.0,Australia/Sydney,air_quality_2026-08-26.json,2026-08-27T20:00:00+1000,2026-08-27T10:00:00+0000,2026-08-27,20,0.0,24.6,27.5
melton,Melton,24650,-37.68142666335505,144.63596097650208,-37.7,144.6,132.0,Australia/Sydney,air_quality_2026-08-26.json,2026-08-27T21:00:00+1000,2026-08-27T11:00:00+0000,2026-08-27,21,0.0,28.2,31.0
melton,Melton,24650,-37.68142666335505,144.63596097650208,-37.7,144.6,132.0,Australia/Sydney,air_quality_2026-08-26.json,2026-08-27T22:00:00+1000,2026-08-27T12:00:00+0000,2026-08-27,22,0.0,28.2,30.3
melton,Melton,24650,-37.68142666335505,144.63596097650208,-37.7,144.6,132.0,Australia/Sydney,air_quality_2026-08-26.json,2026-08-27T23:00:00+1000,2026-08-27T13:00:00+0000,2026-08-27,23,0.0,22.9,24.3
melton,Melton,24650,-37.68142666335505,144.63596097650208,-37.7,144.6,132.0,Australia/Sydney,air_quality_2026-08-26.json,2026-08-28T00:00:00+1000,2026-08-27T14:00:00+0000,2026-08-28,0,0.0,16.9,18.0
melton,Melton,24650,-37.68142666335505,144.63596097650208,-37.7,144.6,132.0,Australia/Sydney,air_quality_2026-08-26.json,2026-08-28T01:00:00+1000,2026-08-27T15:00:00+0000,2026-08-28,1,0.0,12.6,13.5
melton,Melton,24650,-37.68142666335505,144.63596097650208,-37.7,144.6,132.0,Australia/Sydney,air_quality_2026-08-26.json,2026-08-28T02:00:00+1000,2026-08-27T16:00:00+0000,2026-08-28,2,0.0,9.5,10.4
melton,Melton,24650,-37.68142666335505,144.63596097650208,-37.7,144.6,132.0,Australia/Sydney,air_quality_2026-08-26.json,2026-08-28T03:00:00+1000,2026-08-27T17:00:00+0000,2026-08-28,3,0.0,7.2,8.1
melton,Melton,24650,-37.68142666335505,144.63596097650208,-37.7,144.6,132.0,Australia/Sydney,air_quality_2026-08-26.json,2026-08-28T04:00:00+1000,2026-08-27T18:00:00+0000,2026-08-28,4,0.0,5.8,6.8
melton,Melton,24650,-37.68142666335505,144.63596097650208,-37.7,144.6,132.0,Australia/Sydney,air_quality_2026-08-26.json,2026-08-28T05:00:00+1000,2026-08-27T19:00:00+0000,2026-08-28,5,0.0,5.2,6.3
melton,Melton,24650,-37.68142666335505,144.63596097650208,-37.7,144.6,132.0,Australia/Sydney,air_quality_2026-08-26.json,2026-08-28T06:00:00+1000,2026-08-27T20:00:00+0000,2026-08-28,6,0.0,5.1,6.2
melton,Melton,24650,-37.68142666335505,144.63596097650208,-37.7,144.6,132.0,Australia/Sydney,air_quality_2026-08-26.json,2026-08-28T07:00:00+1000,2026-08-27T21:00:00+0000,2026-08-28,7,0.05,6.4,7.5
melton,Melton,24650,-37.68142666335505,144.63596097650208,-37.7,144.6,132.0,Australia/Sydney,air_quality_2026-08-26.json,2026-08-28T08:00:00+1000,2026-08-27T22:00:00+0000,2026-08-28,8,0.2,8.1,9.3
melton,Melton,24650,-37.68142666335505,144.63596097650208,-37.7,144.6,132.0,Australia/Sydney,air_quality_2026-08-26.json,2026-08-28T09:00:00+1000,2026-08-27T23:00:00+0000,2026-08-28,9,0.55,10.4,11.6
melton,Melton,24650,-37.68142666335505,144.63596097650208,-37.7,144.6,132.0,Australia/Sydney,air_quality_2026-08-26.json,2026-08-28T10:00:00+1000,2026-08-28T00:00:00+0000,2026-08-28,10,1.05,8.3,10.2
melton,Melton,24650,-37.68142666335505,144.63596097650208,-37.7,144.6,132.0,Australia/Sydney,air_quality_2026-08-26.json,2026-08-28T11:00:00+1000,2026-08-28T01:00:00+0000,2026-08-28,11,1.5,7.2,9.1
melton,Melton,24650,-37.68142666335505,144.63596097650208,-37.7,144.6,132.0,Australia/Sydney,air_quality_2026-08-26.json,2026-08-28T12:00:00+1000,2026-08-28T02:00:00+0000,2026-08-28,12,1.45,4.9,6.1
melton,Melton,24650,-37.68142666335505,144.63596097650208,-37.7,144.6,132.0,Australia/Sydney,air_quality_2026-08-26.json,2026-08-28T13:00:00+1000,2026-08-28T03:00:00+0000,2026-08-28,13,2.85,4.0,5.0
melton,Melton,24650,-37.68142666335505,144.63596097650208,-37.7,144.6,132.0,Australia/Sydney,air_quality_2026-08-26.json,2026-08-28T14:00:00+1000,2026-08-28T04:00:00+0000,2026-08-28,14,2.2,3.8,5.1
melton,Melton,24650,-37.68142666335505,144.63596097650208,-37.7,144.6,132.0,Australia/Sydney,air_quality_2026-08-26.json,2026-08-28T15:00:00+1000,2026-08-28T05:00:00+0000,2026-08-28,15,1.5,4.7,6.6
melton,Melton,24650,-37.68142666335505,144.63596097650208,-37.7,144.6,132.0,Australia/Sydney,air_quality_2026-08-26.json,2026-08-28T16:00:00+1000,2026-08-28T06:00:00+0000,2026-08-28,16,0.65,6.3,9.2
melton,Melton,24650,-37.68142666335505,144.63596097650208,-37.7,144.6,132.0,Australia/Sydney,air_quality_2026-08-26.json,2026-08-28T17:00:00+1000,2026-08-28T07:00:00+0000,2026-08-28,17,0.15,8.2,12.1
melton,Melton,24650,-37.68142666335505,144.63596097650208,-37.7,144.6,132.0,Australia/Sydney,air_quality_2026-08-26.json,2026-08-28T18:00:00+1000,2026-08-28T08:00:00+0000,2026-08-28,18,0.0,11.3,15.4
melton,Melton,24650,-37.68142666335505,144.63596097650208,-37.7,144.6,132.0,Australia/Sydney,air_quality_2026-08-26.json,2026-08-28T19:00:00+1000,2026-08-28T09:00:00+0000,2026-08-28,19,0.0,14.8,18.6
melton,Melton,24650,-37.68142666335505,144.63596097650208,-37.7,144.6,132.0,Australia/Sydney,air_quality_2026-08-26.json,2026-08-28T20:00:00+1000,2026-08-28T10:00:00+0000,2026-08-28,20,0.0,19.0,23.3
melton,Melton,24650,-37.68142666335505,144.63596097650208,-37.7,144.6,132.0,Australia/Sydney,air_quality_2026-08-26.json,2026-08-28T21:00:00+1000,2026-08-28T11:00:00+0000,2026-08-28,21,0.0,22.0,26.8
melton,Melton,24650,-37.68142666335505,144.63596097650208,-37.7,144.6,132.0,Australia/Sydney,air_quality_2026-08-26.json,2026-08-28T22:00:00+1000,2026-08-28T12:00:00+0000,2026-08-28,22,0.0,26.8,32.1
melton,Melton,24650,-37.68142666335505,144.63596097650208,-37.7,144.6,132.0,Australia/Sydney,air_quality_2026-08-26.json,2026-08-28T23:00:00+1000,2026-08-28T13:00:00+0000,2026-08-28,23,0.0,27.9,33.6
melton,Melton,24650,-37.68142666335505,144.63596097650208,-37.7,144.6,132.0,Australia/Sydney,air_quality_2026-08-26.json,2026-08-29T00:00:00+1000,2026-08-28T14:00:00+0000,2026-08-29,0,0.0,28.5,34.3
melton,Melton,24650,-37.68142666335505,144.63596097650208,-37.7,144.6,132.0,Australia/Sydney,air_quality_2026-08-26.json,2026-08-29T01:00:00+1000,2026-08-28T15:00:00+0000,2026-08-29,1,0.0,27.4,33.2
melton,Melton,24650,-37.68142666335505,144.63596097650208,-37.7,144.6,132.0,Australia/Sydney,air_quality_2026-08-26.json,2026-08-29T02:00:00+1000,2026-08-28T16:00:00+0000,2026-08-29,2,0.0,24.8,30.4
melton,Melton,24650,-37.68142666335505,144.63596097650208,-37.7,144.6,132.0,Australia/Sydney,air_quality_2026-08-26.json,2026-08-29T03:00:00+1000,2026-08-28T17:00:00+0000,2026-08-29,3,0.0,20.9,25.7
melton,Melton,24650,-37.68142666335505,144.63596097650208,-37.7,144.6,132.0,Australia/Sydney,air_quality_2026-08-26.json,2026-08-29T04:00:00+1000,2026-08-28T18:00:00+0000,2026-08-29,4,0.0,16.6,20.6
melton,Melton,24650,-37.68142666335505,144.63596097650208,-37.7,144.6,132.0,Australia/Sydney,air_quality_2026-08-26.json,2026-08-29T05:00:00+1000,2026-08-28T19:00:00+0000,2026-08-29,5,0.0,12.8,16.4
melton,Melton,24650,-37.68142666335505,144.63596097650208,-37.7,144.6,132.0,Australia/Sydney,air_quality_2026-08-26.json,2026-08-29T06:00:00+1000,2026-08-28T20:00:00+0000,2026-08-29,6,0.0,10.6,13.8
melton,Melton,24650,-37.68142666335505,144.63596097650208,-37.7,144.6,132.0,Australia/Sydney,air_quality_2026-08-26.json,2026-08-29T07:00:00+1000,2026-08-28T21:00:00+0000,2026-08-29,7,0.05,11.3,14.0
melton,Melton,24650,-37.68142666335505,144.63596097650208,-37.7,144.6,132.0,Australia/Sydney,air_quality_2026-08-26.json,2026-08-29T08:00:00+1000,2026-08-28T22:00:00+0000,2026-08-29,8,0.4,12.3,14.9
melton,Melton,24650,-37.68142666335505,144.63596097650208,-37.7,144.6,132.0,Australia/Sydney,air_quality_2026-08-26.json,2026-08-29T09:00:00+1000,2026-08-28T23:00:00+0000,2026-08-29,9,1.05,11.6,15.7
melton,Melton,24650,-37.68142666335505,144.63596097650208,-37.7,144.6,132.0,Australia/Sydney,air_quality_2026-08-26.json,2026-08-29T10:00:00+1000,2026-08-29T00:00:00+0000,2026-08-29,10,1.95,11.9,17.6
melton,Melton,24650,-37.68142666335505,144.63596097650208,-37.7,144.6,132.0,Australia/Sydney,air_quality_2026-08-26.json,2026-08-29T11:00:00+1000,2026-08-29T01:00:00+0000,2026-08-29,11,2.55,11.5,17.9
melton,Melton,24650,-37.68142666335505,144.63596097650208,-37.7,144.6,132.0,Australia/Sydney,air_quality_2026-08-26.json,2026-08-29T12:00:00+1000,2026-08-29T02:00:00+0000,2026-08-29,12,2.75,11.1,17.2
melton,Melton,24650,-37.68142666335505,144.63596097650208,-37.7,144.6,132.0,Australia/Sydney,air_quality_2026-08-26.json,2026-08-29T13:00:00+1000,2026-08-29T03:00:00+0000,2026-08-29,13,2.55,11.1,17.1
melton,Melton,24650,-37.68142666335505,144.63596097650208,-37.7,144.6,132.0,Australia/Sydney,air_quality_2026-08-26.json,2026-08-29T14:00:00+1000,2026-08-29T04:00:00+0000,2026-08-29,14,1.85,11.0,16.8
melton,Melton,24650,-37.68142666335505,144.63596097650208,-37.7,144.6,132.0,Australia/Sydney,air_quality_2026-08-26.json,2026-08-29T15:00:00+1000,2026-08-29T05:00:00+0000,2026-08-29,15,1.05,11.3,17.0
melton,Melton,24650,-37.68142666335505,144.63596097650208,-37.7,144.6,132.0,Australia/Sydney,air_quality_2026-08-26.json,2026-08-29T16:00:00+1000,2026-08-29T06:00:00+0000,2026-08-29,16,0.4,12.5,18.7
melton,Melton,24650,-37.68142666335505,144.63596097650208,-37.7,144.6,132.0,Australia/Sydney,air_quality_2026-08-26.json,2026-08-29T17:00:00+1000,2026-08-29T07:00:00+0000,2026-08-29,17,0.1,13.8,20.7
melton,Melton,24650,-37.68142666335505,144.63596097650208,-37.7,144.6,132.0,Australia/Sydney,air_quality_2026-08-26.json,2026-08-29T18:00:00+1000,2026-08-29T08:00:00+0000,2026-08-29,18,0.0,15.7,23.2
melton,Melton,24650,-37.68142666335505,144.63596097650208,-37.7,144.6,132.0,Australia/Sydney,air_quality_2026-08-26.json,2026-08-29T19:00:00+1000,2026-08-29T09:00:00+0000,2026-08-29,19,0.0,14.3,19.7
melton,Melton,24650,-37.68142666335505,144.63596097650208,-37.7,144.6,132.0,Australia/Sydney,air_quality_2026-08-26.json,2026-08-29T20:00:00+1000,2026-08-29T10:00:00+0000,2026-08-29,20,0.0,14.2,19.1
melton,Melton,24650,-37.68142666335505,144.63596097650208,-37.7,144.6,132.0,Australia/Sydney,air_quality_2026-08-26.json,2026-08-29T21:00:00+1000,2026-08-29T11:00:00+0000,2026-08-29,21,0.0,14.4,19.3
melton,Melton,24650,-37.68142666335505,144.63596097650208,-37.7,144.6,132.0,Australia/Sydney,air_quality_2026-08-26.json,2026-08-29T22:00:00+1000,2026-08-29T12:00:00+0000,2026-08-29,22,0.0,12.7,16.9
melton,Melton,24650,-37.68142666335505,144.63596097650208,-37.7,144.6,132.0,Australia/Sydney,air_quality_2026-08-26.json,2026-08-29T23:00:00+1000,2026-08-29T13:00:00+0000,2026-08-29,23,0.0,11.0,14.6
melton,Melton,24650,-37.68142666335505,144.63596097650208,-37.7,144.6,132.0,Australia/Sydney,air_quality_2026-08-26.json,2026-08-30T00:00:00+1000,2026-08-29T14:00:00+0000,2026-08-30,0,0.0,9.6,12.7
melton,Melton,24650,-37.68142666335505,144.63596097650208,-37.7,144.6,132.0,Australia/Sydney,air_quality_2026-08-26.json,2026-08-30T01:00:00+1000,2026-08-29T15:00:00+0000,2026-08-30,1,0.0,8.4,11.3
melton,Melton,24650,-37.68142666335505,144.63596097650208,-37.7,144.6,132.0,Australia/Sydney,air_quality_2026-08-26.json,2026-08-30T02:00:00+1000,2026-08-29T16:00:00+0000,2026-08-30,2,0.0,7.5,10.3
melton,Melton,24650,-37.68142666335505,144.63596097650208,-37.7,144.6,132.0,Australia/Sydney,air_quality_2026-08-26.json,2026-08-30T03:00:00+1000,2026-08-29T17:00:00+0000,2026-08-30,3,0.0,7.0,9.7
melton,Melton,24650,-37.68142666335505,144.63596097650208,-37.7,144.6,132.0,Australia/Sydney,air_quality_2026-08-26.json,2026-08-30T04:00:00+1000,2026-08-29T18:00:00+0000,2026-08-30,4,0.0,6.6,9.3
melton,Melton,24650,-37.68142666335505,144.63596097650208,-37.7,144.6,132.0,Australia/Sydney,air_quality_2026-08-26.json,2026-08-30T05:00:00+1000,2026-08-29T19:00:00+0000,2026-08-30,5,0.0,6.5,9.2
melton,Melton,24650,-37.68142666335505,144.63596097650208,-37.7,144.6,132.0,Australia/Sydney,air_quality_2026-08-26.json,2026-08-30T06:00:00+1000,2026-08-29T20:00:00+0000,2026-08-30,6,0.0,6.9,9.6
melton,Melton,24650,-37.68142666335505,144.63596097650208,-37.7,144.6,132.0,Australia/Sydney,air_quality_2026-08-26.json,2026-08-30T07:00:00+1000,2026-08-29T21:00:00+0000,2026-08-30,7,0.05,8.2,11.0
melton,Melton,24650,-37.68142666335505,144.63596097650208,-37.7,144.6,132.0,Australia/Sydney,air_quality_2026-08-26.json,2026-08-30T08:00:00+1000,2026-08-29T22:00:00+0000,2026-08-30,8,0.25,10.3,13.8
melton,Melton,24650,-37.68142666335505,144.63596097650208,-37.7,144.6,132.0,Australia/Sydney,air_quality_2026-08-26.json,2026-08-30T09:00:00+1000,2026-08-29T23:00:00+0000,2026-08-30,9,0.8,10.0,14.0
melton,Melton,24650,-37.68142666335505,144.63596097650208,-37.7,144.6,132.0,Australia/Sydney,air_quality_2026-08-26.json,2026-08-30T10:00:00+1000,2026-08-30T00:00:00+0000,2026-08-30,10,1.75,9.8,14.4
melton,Melton,24650,-37.68142666335505,144.63596097650208,-37.7,144.6,132.0,Australia/Sydney,air_quality_2026-08-26.json,2026-08-30T11:00:00+1000,2026-08-30T01:00:00+0000,2026-08-30,11,2.75,10.2,15.3
melton,Melton,24650,-37.68142666335505,144.63596097650208,-37.7,144.6,132.0,Australia/Sydney,air_quality_2026-08-26.json,2026-08-30T12:00:00+1000,2026-08-30T02:00:00+0000,2026-08-30,12,3.25,10.5,15.6
melton,Melton,24650,-37.68142666335505,144.63596097650208,-37.7,144.6,132.0,Australia/Sydney,air_quality_2026-08-26.json,2026-08-30T13:00:00+1000,2026-08-30T03:00:00+0000,2026-08-30,13,3.55,10.6,15.5
melton,Melton,24650,-37.68142666335505,144.63596097650208,-37.7,144.6,132.0,Australia/Sydney,air_quality_2026-08-26.json,2026-08-30T14:00:00+1000,2026-08-30T04:00:00+0000,2026-08-30,14,3.15,9.8,14.4
melton,Melton,24650,-37.68142666335505,144.63596097650208,-37.7,144.6,132.0,Australia/Sydney,air_quality_2026-08-26.json,2026-08-30T15:00:00+1000,2026-08-30T05:00:00+0000,2026-08-30,15,1.9,9.8,14.3
melton,Melton,24650,-37.68142666335505,144.63596097650208,-37.7,144.6,132.0,Australia/Sydney,air_quality_2026-08-26.json,2026-08-30T16:00:00+1000,2026-08-30T06:00:00+0000,2026-08-30,16,0.8,10.0,14.3
melton,Melton,24650,-37.68142666335505,144.63596097650208,-37.7,144.6,132.0,Australia/Sydney,air_quality_2026-08-26.json,2026-08-30T17:00:00+1000,2026-08-30T07:00:00+0000,2026-08-30,17,0.2,10.1,14.6
melton,Melton,24650,-37.68142666335505,144.63596097650208,-37.7,144.6,132.0,Australia/Sydney,air_quality_2026-08-26.json,2026-08-30T18:00:00+1000,2026-08-30T08:00:00+0000,2026-08-30,18,0.0,11.7,16.0
melton,Melton,24650,-37.68142666335505,144.63596097650208,-37.7,144.6,132.0,Australia/Sydney,air_quality_2026-08-26.json,2026-08-30T19:00:00+1000,2026-08-30T09:00:00+0000,2026-08-30,19,0.0,12.2,15.8
melton,Melton,24650,-37.68142666335505,144.63596097650208,-37.7,144.6,132.0,Australia/Sydney,air_quality_2026-08-26.json,2026-08-30T20:00:00+1000,2026-08-30T10:00:00+0000,2026-08-30,20,0.0,12.0,15.0
melton,Melton,24650,-37.68142666335505,144.63596097650208,-37.7,144.6,132.0,Australia/Sydney,air_quality_2026-08-26.json,2026-08-30T21:00:00+1000,2026-08-30T11:00:00+0000,2026-08-30,21,0.0,12.3,15.3
melton,Melton,24650,-37.68142666335505,144.63596097650208,-37.7,144.6,132.0,Australia/Sydney,air_quality_2026-08-26.json,2026-08-30T22:00:00+1000,2026-08-30T12:00:00+0000,2026-08-30,22,0.0,13.1,16.1
merri_bek,Merri-bek,24700,-37.72688464752494,144.93745287572685,-37.7,144.9,70.0,Australia/Sydney,air_quality_2026-08-26.json,2026-08-26T00:00:00+1000,2026-08-25T14:00:00+0000,2026-08-26,0,0.0,3.3,4.0
merri_bek,Merri-bek,24700,-37.72688464752494,144.93745287572685,-37.7,144.9,70.0,Australia/Sydney,air_quality_2026-08-26.json,2026-08-26T01:00:00+1000,2026-08-25T15:00:00+0000,2026-08-26,1,0.0,3.1,4.0
merri_bek,Merri-bek,24700,-37.72688464752494,144.93745287572685,-37.7,144.9,70.0,Australia/Sydney,air_quality_2026-08-26.json,2026-08-26T02:00:00+1000,2026-08-25T16:00:00+0000,2026-08-26,2,0.0,3.4,4.6
merri_bek,Merri-bek,24700,-37.72688464752494,144.93745287572685,-37.7,144.9,70.0,Australia/Sydney,air_quality_2026-08-26.json,2026-08-26T03:00:00+1000,2026-08-25T17:00:00+0000,2026-08-26,3,0.0,3.6,4.9
merri_bek,Merri-bek,24700,-37.72688464752494,144.93745287572685,-37.7,144.9,70.0,Australia/Sydney,air_quality_2026-08-26.json,2026-08-26T04:00:00+1000,2026-08-25T18:00:00+0000,2026-08-26,4,0.0,3.9,5.5
merri_bek,Merri-bek,24700,-37.72688464752494,144.93745287572685,-37.7,144.9,70.0,Australia/Sydney,air_quality_2026-08-26.json,2026-08-26T05:00:00+1000,2026-08-25T19:00:00+0000,2026-08-26,5,0.0,4.3,6.1
merri_bek,Merri-bek,24700,-37.72688464752494,144.93745287572685,-37.7,144.9,70.0,Australia/Sydney,air_quality_2026-08-26.json,2026-08-26T06:00:00+1000,2026-08-25T20:00:00+0000,2026-08-26,6,0.0,4.6,6.4
merri_bek,Merri-bek,24700,-37.72688464752494,144.93745287572685,-37.7,144.9,70.0,Australia/Sydney,air_quality_2026-08-26.json,2026-08-26T07:00:00+1000,2026-08-25T21:00:00+0000,2026-08-26,7,0.0,5.4,7.3
merri_bek,Merri-bek,24700,-37.72688464752494,144.93745287572685,-37.7,144.9,70.0,Australia/Sydney,air_quality_2026-08-26.json,2026-08-26T08:00:00+1000,2026-08-25T22:00:00+0000,2026-08-26,8,0.25,5.8,8.1
merri_bek,Merri-bek,24700,-37.72688464752494,144.93745287572685,-37.7,144.9,70.0,Australia/Sydney,air_quality_2026-08-26.json,2026-08-26T09:00:00+1000,2026-08-25T23:00:00+0000,2026-08-26,9,0.9,5.4,7.9
merri_bek,Merri-bek,24700,-37.72688464752494,144.93745287572685,-37.7,144.9,70.0,Australia/Sydney,air_quality_2026-08-26.json,2026-08-26T10:00:00+1000,2026-08-26T00:00:00+0000,2026-08-26,10,1.75,7.7,11.7
merri_bek,Merri-bek,24700,-37.72688464752494,144.93745287572685,-37.7,144.9,70.0,Australia/Sydney,air_quality_2026-08-26.json,2026-08-26T11:00:00+1000,2026-08-26T01:00:00+0000,2026-08-26,11,2.45,6.6,10.0
merri_bek,Merri-bek,24700,-37.72688464752494,144.93745287572685,-37.7,144.9,70.0,Australia/Sydney,air_quality_2026-08-26.json,2026-08-26T12:00:00+1000,2026-08-26T02:00:00+0000,2026-08-26,12,2.35,7.1,10.9
merri_bek,Merri-bek,24700,-37.72688464752494,144.93745287572685,-37.7,144.9,70.0,Australia/Sydney,air_quality_2026-08-26.json,2026-08-26T13:00:00+1000,2026-08-26T03:00:00+0000,2026-08-26,13,2.3,6.8,10.5
merri_bek,Merri-bek,24700,-37.72688464752494,144.93745287572685,-37.7,144.9,70.0,Australia/Sydney,air_quality_2026-08-26.json,2026-08-26T14:00:00+1000,2026-08-26T04:00:00+0000,2026-08-26,14,1.7,6.7,10.3
merri_bek,Merri-bek,24700,-37.72688464752494,144.93745287572685,-37.7,144.9,70.0,Australia/Sydney,air_quality_2026-08-26.json,2026-08-26T15:00:00+1000,2026-08-26T05:00:00+0000,2026-08-26,15,0.95,6.7,10.2
merri_bek,Merri-bek,24700,-37.72688464752494,144.93745287572685,-37.7,144.9,70.0,Australia/Sydney,air_quality_2026-08-26.json,2026-08-26T16:00:00+1000,2026-08-26T06:00:00+0000,2026-08-26,16,0.5,7.1,10.7
merri_bek,Merri-bek,24700,-37.72688464752494,144.93745287572685,-37.7,144.9,70.0,Australia/Sydney,air_quality_2026-08-26.json,2026-08-26T17:00:00+1000,2026-08-26T07:00:00+0000,2026-08-26,17,0.15,7.4,11.0
merri_bek,Merri-bek,24700,-37.72688464752494,144.93745287572685,-37.7,144.9,70.0,Australia/Sydney,air_quality_2026-08-26.json,2026-08-26T18:00:00+1000,2026-08-26T08:00:00+0000,2026-08-26,18,0.0,9.5,13.2
merri_bek,Merri-bek,24700,-37.72688464752494,144.93745287572685,-37.7,144.9,70.0,Australia/Sydney,air_quality_2026-08-26.json,2026-08-26T19:00:00+1000,2026-08-26T09:00:00+0000,2026-08-26,19,0.0,11.9,15.7
merri_bek,Merri-bek,24700,-37.72688464752494,144.93745287572685,-37.7,144.9,70.0,Australia/Sydney,air_quality_2026-08-26.json,2026-08-26T20:00:00+1000,2026-08-26T10:00:00+0000,2026-08-26,20,0.0,12.6,16.1
merri_bek,Merri-bek,24700,-37.72688464752494,144.93745287572685,-37.7,144.9,70.0,Australia/Sydney,air_quality_2026-08-26.json,2026-08-26T21:00:00+1000,2026-08-26T11:00:00+0000,2026-08-26,21,0.0,11.6,14.0
merri_bek,Merri-bek,24700,-37.72688464752494,144.93745287572685,-37.7,144.9,70.0,Australia/Sydney,air_quality_2026-08-26.json,2026-08-26T22:00:00+1000,2026-08-26T12:00:00+0000,2026-08-26,22,0.0,11.5,13.8
merri_bek,Merri-bek,24700,-37.72688464752494,144.93745287572685,-37.7,144.9,70.0,Australia/Sydney,air_quality_2026-08-26.json,2026-08-26T23:00:00+1000,2026-08-26T13:00:00+0000,2026-08-26,23,0.0,11.4,13.6
merri_bek,Merri-bek,24700,-37.72688464752494,144.93745287572685,-37.7,144.9,70.0,Australia/Sydney,air_quality_2026-08-26.json,2026-08-27T00:00:00+1000,2026-08-26T14:00:00+0000,2026-08-27,0,0.0,10.9,13.1
merri_bek,Merri-bek,24700,-37.72688464752494,144.93745287572685,-37.7,144.9,70.0,Australia/Sydney,air_quality_2026-08-26.json,2026-08-27T01:00:00+1000,2026-08-26T15:00:00+0000,2026-08-27,1,0.0,10.0,12.3
merri_bek,Merri-bek,24700,-37.72688464752494,144.93745287572685,-37.7,144.9,70.0,Australia/Sydney,air_quality_2026-08-26.json,2026-08-27T02:00:00+1000,2026-08-26T16:00:00+0000,2026-08-27,2,0.0,9.4,11.6
merri_bek,Merri-bek,24700,-37.72688464752494,144.93745287572685,-37.7,144.9,70.0,Australia/Sydney,air_quality_2026-08-26.json,2026-08-27T03:00:00+1000,2026-08-26T17:00:00+0000,2026-08-27,3,0.0,8.8,11.2
merri_bek,Merri-bek,24700,-37.72688464752494,144.93745287572685,-37.7,144.9,70.0,Australia/Sydney,air_quality_2026-08-26.json,2026-08-27T04:00:00+1000,2026-08-26T18:00:00+0000,2026-08-27,4,0.0,8.6,11.1
merri_bek,Merri-bek,24700,-37.72688464752494,144.93745287572685,-37.7,144.9,70.0,Australia/Sydney,air_quality_2026-08-26.json,2026-08-27T05:00:00+1000,2026-08-26T19:00:00+0000,2026-08-27,5,0.0,8.6,11.2
merri_bek,Merri-bek,24700,-37.72688464752494,144.93745287572685,-37.7,144.9,70.0,Australia/Sydney,air_quality_2026-08-26.json,2026-08-27T06:00:00+1000,2026-08-26T20:00:00+0000,2026-08-27,6,0.0,9.3,12.0
merri_bek,Merri-bek,24700,-37.72688464752494,144.93745287572685,-37.7,144.9,70.0,Australia/Sydney,air_quality_2026-08-26.json,2026-08-27T07:00:00+1000,2026-08-26T21:00:00+0000,2026-08-27,7,0.05,12.7,15.4
merri_bek,Merri-bek,24700,-37.72688464752494,144.93745287572685,-37.7,144.9,70.0,Australia/Sydney,air_quality_2026-08-26.json,2026-08-27T08:00:00+1000,2026-08-26T22:00:00+0000,2026-08-27,8,0.35,17.9,19.8
merri_bek,Merri-bek,24700,-37.72688464752494,144.93745287572685,-37.7,144.9,70.0,Australia/Sydney,air_quality_2026-08-26.json,2026-08-27T09:00:00+1000,2026-08-26T23:00:00+0000,2026-08-27,9,1.15,12.0,15.5
merri_bek,Merri-bek,24700,-37.72688464752494,144.93745287572685,-37.7,144.9,70.0,Australia/Sydney,air_quality_2026-08-26.json,2026-08-27T10:00:00+1000,2026-08-27T00:00:00+0000,2026-08-27,10,2.35,8.9,13.0
merri_bek,Merri-bek,24700,-37.72688464752494,144.93745287572685,-37.7,144.9,70.0,Australia/Sydney,air_quality_2026-08-26.json,2026-08-27T11:00:00+1000,2026-08-27T01:00:00+0000,2026-08-27,11,3.45,8.4,12.4
merri_bek,Merri-bek,24700,-37.72688464752494,144.93745287572685,-37.7,144.9,70.0,Australia/Sydney,air_quality_2026-08-26.json,2026-08-27T12:00:00+1000,2026-08-27T02:00:00+0000,2026-08-27,12,3.95,8.3,12.2
merri_bek,Merri-bek,24700,-37.72688464752494,144.93745287572685,-37.7,144.9,70.0,Australia/Sydney,air_quality_2026-08-26.json,2026-08-27T13:00:00+1000,2026-08-27T03:00:00+0000,2026-08-27,13,3.7,8.4,12.0
merri_bek,Merri-bek,24700,-37.72688464752494,144.93745287572685,-37.7,144.9,70.0,Australia/Sydney,air_quality_2026-08-26.json,2026-08-27T14:00:00+1000,2026-08-27T04:00:00+0000,2026-08-27,14,2.8,8.4,12.0
merri_bek,Merri-bek,24700,-37.72688464752494,144.93745287572685,-37.7,144.9,70.0,Australia/Sydney,air_quality_2026-08-26.json,2026-08-27T15:00:00+1000,2026-08-27T05:00:00+0000,2026-08-27,15,1.65,8.6,12.1
merri_bek,Merri-bek,24700,-37.72688464752494,144.93745287572685,-37.7,144.9,70.0,Australia/Sydney,air_quality_2026-08-26.json,2026-08-27T16:00:00+1000,2026-08-27T06:00:00+0000,2026-08-27,16,0.65,8.3,11.6
merri_bek,Merri-bek,24700,-37.72688464752494,144.93745287572685,-37.7,144.9,70.0,Australia/Sydney,air_quality_2026-08-26.json,2026-08-27T17:00:00+1000,2026-08-27T07:00:00+0000,2026-08-27,17,0.15,10.6,13.8
merri_bek,Merri-bek,24700,-37.72688464752494,144.93745287572685,-37.7,144.9,70.0,Australia/Sydney,air_quality_2026-08-26.json,2026-08-27T18:00:00+1000,2026-08-27T08:00:00+0000,2026-08-27,18,0.0,15.9,19.1
merri_bek,Merri-bek,24700,-37.72688464752494,144.93745287572685,-37.7,144.9,70.0,Australia/Sydney,air_quality_2026-08-26.json,2026-08-27T19:00:00+1000,2026-08-27T09:00:00+0000,2026-08-27,19,0.0,20.5,23.6
merri_bek,Merri-bek,24700,-37.72688464752494,144.93745287572685,-37.7,144.9,70.0,Australia/Sydney,air_quality_2026-08-26.json,2026-08-27T20:00:00+1000,2026-08-27T10:00:00+0000,2026-08-27,20,0.0,24.6,27.5
merri_bek,Merri-bek,24700,-37.72688464752494,144.93745287572685,-37.7,144.9,70.0,Australia/Sydney,air_quality_2026-08-26.json,2026-08-27T21:00:00+1000,2026-08-27T11:00:00+0000,2026-08-27,21,0.0,28.2,31.0
merri_bek,Merri-bek,24700,-37.72688464752494,144.93745287572685,-37.7,144.9,70.0,Australia/Sydney,air_quality_2026-08-26.json,2026-08-27T22:00:00+1000,2026-08-27T12:00:00+0000,2026-08-27,22,0.0,28.2,30.3
merri_bek,Merri-bek,24700,-37.72688464752494,144.93745287572685,-37.7,144.9,70.0,Australia/Sydney,air_quality_2026-08-26.json,2026-08-27T23:00:00+1000,2026-08-27T13:00:00+0000,2026-08-27,23,0.0,22.9,24.3
merri_bek,Merri-bek,24700,-37.72688464752494,144.93745287572685,-37.7,144.9,70.0,Australia/Sydney,air_quality_2026-08-26.json,2026-08-28T00:00:00+1000,2026-08-27T14:00:00+0000,2026-08-28,0,0.0,16.9,18.0
merri_bek,Merri-bek,24700,-37.72688464752494,144.93745287572685,-37.7,144.9,70.0,Australia/Sydney,air_quality_2026-08-26.json,2026-08-28T01:00:00+1000,2026-08-27T15:00:00+0000,2026-08-28,1,0.0,12.6,13.5
merri_bek,Merri-bek,24700,-37.72688464752494,144.93745287572685,-37.7,144.9,70.0,Australia/Sydney,air_quality_2026-08-26.json,2026-08-28T02:00:00+1000,2026-08-27T16:00:00+0000,2026-08-28,2,0.0,9.5,10.4
merri_bek,Merri-bek,24700,-37.72688464752494,144.93745287572685,-37.7,144.9,70.0,Australia/Sydney,air_quality_2026-08-26.json,2026-08-28T03:00:00+1000,2026-08-27T17:00:00+0000,2026-08-28,3,0.0,7.2,8.1
merri_bek,Merri-bek,24700,-37.72688464752494,144.93745287572685,-37.7,144.9,70.0,Australia/Sydney,air_quality_2026-08-26.json,2026-08-28T04:00:00+1000,2026-08-27T18:00:00+0000,2026-08-28,4,0.0,5.8,6.8
merri_bek,Merri-bek,24700,-37.72688464752494,144.93745287572685,-37.7,144.9,70.0,Australia/Sydney,air_quality_2026-08-26.json,2026-08-28T05:00:00+1000,2026-08-27T19:00:00+0000,2026-08-28,5,0.0,5.2,6.3
merri_bek,Merri-bek,24700,-37.72688464752494,144.93745287572685,-37.7,144.9,70.0,Australia/Sydney,air_quality_2026-08-26.json,2026-08-28T06:00:00+1000,2026-08-27T20:00:00+0000,2026-08-28,6,0.0,5.1,6.2
merri_bek,Merri-bek,24700,-37.72688464752494,144.93745287572685,-37.7,144.9,70.0,Australia/Sydney,air_quality_2026-08-26.json,2026-08-28T07:00:00+1000,2026-08-27T21:00:00+0000,2026-08-28,7,0.05,6.4,7.5
merri_bek,Merri-bek,24700,-37.72688464752494,144.93745287572685,-37.7,144.9,70.0,Australia/Sydney,air_quality_2026-08-26.json,2026-08-28T08:00:00+1000,2026-08-27T22:00:00+0000,2026-08-28,8,0.2,8.1,9.3
merri_bek,Merri-bek,24700,-37.72688464752494,144.93745287572685,-37.7,144.9,70.0,Australia/Sydney,air_quality_2026-08-26.json,2026-08-28T09:00:00+1000,2026-08-27T23:00:00+0000,2026-08-28,9,0.55,10.4,11.6
merri_bek,Merri-bek,24700,-37.72688464752494,144.93745287572685,-37.7,144.9,70.0,Australia/Sydney,air_quality_2026-08-26.json,2026-08-28T10:00:00+1000,2026-08-28T00:00:00+0000,2026-08-28,10,1.05,8.3,10.2
merri_bek,Merri-bek,24700,-37.72688464752494,144.93745287572685,-37.7,144.9,70.0,Australia/Sydney,air_quality_2026-08-26.json,2026-08-28T11:00:00+1000,2026-08-28T01:00:00+0000,2026-08-28,11,1.5,7.2,9.1
merri_bek,Merri-bek,24700,-37.72688464752494,144.93745287572685,-37.7,144.9,70.0,Australia/Sydney,air_quality_2026-08-26.json,2026-08-28T12:00:00+1000,2026-08-28T02:00:00+0000,2026-08-28,12,1.45,4.9,6.1
merri_bek,Merri-bek,24700,-37.72688464752494,144.93745287572685,-37.7,144.9,70.0,Australia/Sydney,air_quality_2026-08-26.json,2026-08-28T13:00:00+1000,2026-08-28T03:00:00+0000,2026-08-28,13,2.85,4.0,5.0
merri_bek,Merri-bek,24700,-37.72688464752494,144.93745287572685,-37.7,144.9,70.0,Australia/Sydney,air_quality_2026-08-26.json,2026-08-28T14:00:00+1000,2026-08-28T04:00:00+0000,2026-08-28,14,2.2,3.8,5.1
merri_bek,Merri-bek,24700,-37.72688464752494,144.93745287572685,-37.7,144.9,70.0,Australia/Sydney,air_quality_2026-08-26.json,2026-08-28T15:00:00+1000,2026-08-28T05:00:00+0000,2026-08-28,15,1.5,4.7,6.6
merri_bek,Merri-bek,24700,-37.72688464752494,144.93745287572685,-37.7,144.9,70.0,Australia/Sydney,air_quality_2026-08-26.json,2026-08-28T16:00:00+1000,2026-08-28T06:00:00+0000,2026-08-28,16,0.65,6.3,9.2
merri_bek,Merri-bek,24700,-37.72688464752494,144.93745287572685,-37.7,144.9,70.0,Australia/Sydney,air_quality_2026-08-26.json,2026-08-28T17:00:00+1000,2026-08-28T07:00:00+0000,2026-08-28,17,0.15,8.2,12.1
merri_bek,Merri-bek,24700,-37.72688464752494,144.93745287572685,-37.7,144.9,70.0,Australia/Sydney,air_quality_2026-08-26.json,2026-08-28T18:00:00+1000,2026-08-28T08:00:00+0000,2026-08-28,18,0.0,11.3,15.4
merri_bek,Merri-bek,24700,-37.72688464752494,144.93745287572685,-37.7,144.9,70.0,Australia/Sydney,air_quality_2026-08-26.json,2026-08-28T19:00:00+1000,2026-08-28T09:00:00+0000,2026-08-28,19,0.0,14.8,18.6
merri_bek,Merri-bek,24700,-37.72688464752494,144.93745287572685,-37.7,144.9,70.0,Australia/Sydney,air_quality_2026-08-26.json,2026-08-28T20:00:00+1000,2026-08-28T10:00:00+0000,2026-08-28,20,0.0,19.0,23.3
merri_bek,Merri-bek,24700,-37.72688464752494,144.93745287572685,-37.7,144.9,70.0,Australia/Sydney,air_quality_2026-08-26.json,2026-08-28T21:00:00+1000,2026-08-28T11:00:00+0000,2026-08-28,21,0.0,22.0,26.8
merri_bek,Merri-bek,24700,-37.72688464752494,144.93745287572685,-37.7,144.9,70.0,Australia/Sydney,air_quality_2026-08-26.json,2026-08-28T22:00:00+1000,2026-08-28T12:00:00+0000,2026-08-28,22,0.0,26.8,32.1
merri_bek,Merri-bek,24700,-37.72688464752494,144.93745287572685,-37.7,144.9,70.0,Australia/Sydney,air_quality_2026-08-26.json,2026-08-28T23:00:00+1000,2026-08-28T13:00:00+0000,2026-08-28,23,0.0,27.9,33.6
merri_bek,Merri-bek,24700,-37.72688464752494,144.93745287572685,-37.7,144.9,70.0,Australia/Sydney,air_quality_2026-08-26.json,2026-08-29T00:00:00+1000,2026-08-28T14:00:00+0000,2026-08-29,0,0.0,28.5,34.3
merri_bek,Merri-bek,24700,-37.72688464752494,144.93745287572685,-37.7,144.9,70.0,Australia/Sydney,air_quality_2026-08-26.json,2026-08-29T01:00:00+1000,2026-08-28T15:00:00+0000,2026-08-29,1,0.0,27.4,33.2
merri_bek,Merri-bek,24700,-37.72688464752494,144.93745287572685,-37.7,144.9,70.0,Australia/Sydney,air_quality_2026-08-26.json,2026-08-29T02:00:00+1000,2026-08-28T16:00:00+0000,2026-08-29,2,0.0,24.8,30.4
merri_bek,Merri-bek,24700,-37.72688464752494,144.93745287572685,-37.7,144.9,70.0,Australia/Sydney,air_quality_2026-08-26.json,2026-08-29T03:00:00+1000,2026-08-28T17:00:00+0000,2026-08-29,3,0.0,20.9,25.7
merri_bek,Merri-bek,24700,-37.72688464752494,144.93745287572685,-37.7,144.9,70.0,Australia/Sydney,air_quality_2026-08-26.json,2026-08-29T04:00:00+1000,2026-08-28T18:00:00+0000,2026-08-29,4,0.0,16.6,20.6
merri_bek,Merri-bek,24700,-37.72688464752494,144.93745287572685,-37.7,144.9,70.0,Australia/Sydney,air_quality_2026-08-26.json,2026-08-29T05:00:00+1000,2026-08-28T19:00:00+0000,2026-08-29,5,0.0,12.8,16.4
merri_bek,Merri-bek,24700,-37.72688464752494,144.93745287572685,-37.7,144.9,70.0,Australia/Sydney,air_quality_2026-08-26.json,2026-08-29T06:00:00+1000,2026-08-28T20:00:00+0000,2026-08-29,6,0.0,10.6,13.8
merri_bek,Merri-bek,24700,-37.72688464752494,144.93745287572685,-37.7,144.9,70.0,Australia/Sydney,air_quality_2026-08-26.json,2026-08-29T07:00:00+1000,2026-08-28T21:00:00+0000,2026-08-29,7,0.05,11.3,14.0
merri_bek,Merri-bek,24700,-37.72688464752494,144.93745287572685,-37.7,144.9,70.0,Australia/Sydney,air_quality_2026-08-26.json,2026-08-29T08:00:00+1000,2026-08-28T22:00:00+0000,2026-08-29,8,0.4,12.3,14.9
merri_bek,Merri-bek,24700,-37.72688464752494,144.93745287572685,-37.7,144.9,70.0,Australia/Sydney,air_quality_2026-08-26.json,2026-08-29T09:00:00+1000,2026-08-28T23:00:00+0000,2026-08-29,9,1.05,11.6,15.7
merri_bek,Merri-bek,24700,-37.72688464752494,144.93745287572685,-37.7,144.9,70.0,Australia/Sydney,air_quality_2026-08-26.json,2026-08-29T10:00:00+1000,2026-08-29T00:00:00+0000,2026-08-29,10,1.95,11.9,17.6
merri_bek,Merri-bek,24700,-37.72688464752494,144.93745287572685,-37.7,144.9,70.0,Australia/Sydney,air_quality_2026-08-26.json,2026-08-29T11:00:00+1000,2026-08-29T01:00:00+0000,2026-08-29,11,2.55,11.5,17.9
merri_bek,Merri-bek,24700,-37.72688464752494,144.93745287572685,-37.7,144.9,70.0,Australia/Sydney,air_quality_2026-08-26.json,2026-08-29T12:00:00+1000,2026-08-29T02:00:00+0000,2026-08-29,12,2.75,11.1,17.2
merri_bek,Merri-bek,24700,-37.72688464752494,144.93745287572685,-37.7,144.9,70.0,Australia/Sydney,air_quality_2026-08-26.json,2026-08-29T13:00:00+1000,2026-08-29T03:00:00+0000,2026-08-29,13,2.55,11.1,17.1
merri_bek,Merri-bek,24700,-37.72688464752494,144.93745287572685,-37.7,144.9,70.0,Australia/Sydney,air_quality_2026-08-26.json,2026-08-29T14:00:00+1000,2026-08-29T04:00:00+0000,2026-08-29,14,1.85,11.0,16.8
merri_bek,Merri-bek,24700,-37.72688464752494,144.93745287572685,-37.7,144.9,70.0,Australia/Sydney,air_quality_2026-08-26.json,2026-08-29T15:00:00+1000,2026-08-29T05:00:00+0000,2026-08-29,15,1.05,11.3,17.0
merri_bek,Merri-bek,24700,-37.72688464752494,144.93745287572685,-37.7,144.9,70.0,Australia/Sydney,air_quality_2026-08-26.json,2026-08-29T16:00:00+1000,2026-08-29T06:00:00+0000,2026-08-29,16,0.4,12.5,18.7
merri_bek,Merri-bek,24700,-37.72688464752494,144.93745287572685,-37.7,144.9,70.0,Australia/Sydney,air_quality_2026-08-26.json,2026-08-29T17:00:00+1000,2026-08-29T07:00:00+0000,2026-08-29,17,0.1,13.8,20.7
merri_bek,Merri-bek,24700,-37.72688464752494,144.93745287572685,-37.7,144.9,70.0,Australia/Sydney,air_quality_2026-08-26.json,2026-08-29T18:00:00+1000,2026-08-29T08:00:00+0000,2026-08-29,18,0.0,15.7,23.2
merri_bek,Merri-bek,24700,-37.72688464752494,144.93745287572685,-37.7,144.9,70.0,Australia/Sydney,air_quality_2026-08-26.json,2026-08-29T19:00:00+1000,2026-08-29T09:00:00+0000,2026-08-29,19,0.0,14.3,19.7
merri_bek,Merri-bek,24700,-37.72688464752494,144.93745287572685,-37.7,144.9,70.0,Australia/Sydney,air_quality_2026-08-26.json,2026-08-29T20:00:00+1000,2026-08-29T10:00:00+0000,2026-08-29,20,0.0,14.2,19.1
merri_bek,Merri-bek,24700,-37.72688464752494,144.93745287572685,-37.7,144.9,70.0,Australia/Sydney,air_quality_2026-08-26.json,2026-08-29T21:00:00+1000,2026-08-29T11:00:00+0000,2026-08-29,21,0.0,14.4,19.3
merri_bek,Merri-bek,24700,-37.72688464752494,144.93745287572685,-37.7,144.9,70.0,Australia/Sydney,air_quality_2026-08-26.json,2026-08-29T22:00:00+1000,2026-08-29T12:00:00+0000,2026-08-29,22,0.0,12.7,16.9
merri_bek,Merri-bek,24700,-37.72688464752494,144.93745287572685,-37.7,144.9,70.0,Australia/Sydney,air_quality_2026-08-26.json,2026-08-29T23:00:00+1000,2026-08-29T13:00:00+0000,2026-08-29,23,0.0,11.0,14.6
merri_bek,Merri-bek,24700,-37.72688464752494,144.93745287572685,-37.7,144.9,70.0,Australia/Sydney,air_quality_2026-08-26.json,2026-08-30T00:00:00+1000,2026-08-29T14:00:00+0000,2026-08-30,0,0.0,9.6,12.7
merri_bek,Merri-bek,24700,-37.72688464752494,144.93745287572685,-37.7,144.9,70.0,Australia/Sydney,air_quality_2026-08-26.json,2026-08-30T01:00:00+1000,2026-08-29T15:00:00+0000,2026-08-30,1,0.0,8.4,11.3
merri_bek,Merri-bek,24700,-37.72688464752494,144.93745287572685,-37.7,144.9,70.0,Australia/Sydney,air_quality_2026-08-26.json,2026-08-30T02:00:00+1000,2026-08-29T16:00:00+0000,2026-08-30,2,0.0,7.5,10.3
merri_bek,Merri-bek,24700,-37.72688464752494,144.93745287572685,-37.7,144.9,70.0,Australia/Sydney,air_quality_2026-08-26.json,2026-08-30T03:00:00+1000,2026-08-29T17:00:00+0000,2026-08-30,3,0.0,7.0,9.7
merri_bek,Merri-bek,24700,-37.72688464752494,144.93745287572685,-37.7,144.9,70.0,Australia/Sydney,air_quality_2026-08-26.json,2026-08-30T04:00:00+1000,2026-08-29T18:00:00+0000,2026-08-30,4,0.0,6.6,9.3
merri_bek,Merri-bek,24700,-37.72688464752494,144.93745287572685,-37.7,144.9,70.0,Australia/Sydney,air_quality_2026-08-26.json,2026-08-30T05:00:00+1000,2026-08-29T19:00:00+0000,2026-08-30,5,0.0,6.5,9.2
merri_bek,Merri-bek,24700,-37.72688464752494,144.93745287572685,-37.7,144.9,70.0,Australia/Sydney,air_quality_2026-08-26.json,2026-08-30T06:00:00+1000,2026-08-29T20:00:00+0000,2026-08-30,6,0.0,6.9,9.6
merri_bek,Merri-bek,24700,-37.72688464752494,144.93745287572685,-37.7,144.9,70.0,Australia/Sydney,air_quality_2026-08-26.json,2026-08-30T07:00:00+1000,2026-08-29T21:00:00+0000,2026-08-30,7,0.05,8.2,11.0
merri_bek,Merri-bek,24700,-37.72688464752494,144.93745287572685,-37.7,144.9,70.0,Australia/Sydney,air_quality_2026-08-26.json,2026-08-30T08:00:00+1000,2026-08-29T22:00:00+0000,2026-08-30,8,0.25,10.3,13.8
merri_bek,Merri-bek,24700,-37.72688464752494,144.93745287572685,-37.7,144.9,70.0,Australia/Sydney,air_quality_2026-08-26.json,2026-08-30T09:00:00+1000,2026-08-29T23:00:00+0000,2026-08-30,9,0.8,10.0,14.0
merri_bek,Merri-bek,24700,-37.72688464752494,144.93745287572685,-37.7,144.9,70.0,Australia/Sydney,air_quality_2026-08-26.json,2026-08-30T10:00:00+1000,2026-08-30T00:00:00+0000,2026-08-30,10,1.75,9.8,14.4
merri_bek,Merri-bek,24700,-37.72688464752494,144.93745287572685,-37.7,144.9,70.0,Australia/Sydney,air_quality_2026-08-26.json,2026-08-30T11:00:00+1000,2026-08-30T01:00:00+0000,2026-08-30,11,2.75,10.2,15.3
merri_bek,Merri-bek,24700,-37.72688464752494,144.93745287572685,-37.7,144.9,70.0,Australia/Sydney,air_quality_2026-08-26.json,2026-08-30T12:00:00+1000,2026-08-30T02:00:00+0000,2026-08-30,12,3.25,10.5,15.6
merri_bek,Merri-bek,24700,-37.72688464752494,144.93745287572685,-37.7,144.9,70.0,Australia/Sydney,air_quality_2026-08-26.json,2026-08-30T13:00:00+1000,2026-08-30T03:00:00+0000,2026-08-30,13,3.55,10.6,15.5
merri_bek,Merri-bek,24700,-37.72688464752494,144.93745287572685,-37.7,144.9,70.0,Australia/Sydney,air_quality_2026-08-26.json,2026-08-30T14:00:00+1000,2026-08-30T04:00:00+0000,2026-08-30,14,3.15,9.8,14.4
merri_bek,Merri-bek,24700,-37.72688464752494,144.93745287572685,-37.7,144.9,70.0,Australia/Sydney,air_quality_2026-08-26.json,2026-08-30T15:00:00+1000,2026-08-30T05:00:00+0000,2026-08-30,15,1.9,9.8,14.3
merri_bek,Merri-bek,24700,-37.72688464752494,144.93745287572685,-37.7,144.9,70.0,Australia/Sydney,air_quality_2026-08-26.json,2026-08-30T16:00:00+1000,2026-08-30T06:00:00+0000,2026-08-30,16,0.8,10.0,14.3
merri_bek,Merri-bek,24700,-37.72688464752494,144.93745287572685,-37.7,144.9,70.0,Australia/Sydney,air_quality_2026-08-26.json,2026-08-30T17:00:00+1000,2026-08-30T07:00:00+0000,2026-08-30,17,0.2,10.1,14.6
merri_bek,Merri-bek,24700,-37.72688464752494,144.93745287572685,-37.7,144.9,70.0,Australia/Sydney,air_quality_2026-08-26.json,2026-08-30T18:00:00+1000,2026-08-30T08:00:00+0000,2026-08-30,18,0.0,11.7,16.0
merri_bek,Merri-bek,24700,-37.72688464752494,144.93745287572685,-37.7,144.9,70.0,Australia/Sydney,air_quality_2026-08-26.json,2026-08-30T19:00:00+1000,2026-08-30T09:00:00+0000,2026-08-30,19,0.0,12.2,15.8
merri_bek,Merri-bek,24700,-37.72688464752494,144.93745287572685,-37.7,144.9,70.0,Australia/Sydney,air_quality_2026-08-26.json,2026-08-30T20:00:00+1000,2026-08-30T10:00:00+0000,2026-08-30,20,0.0,12.0,15.0
merri_bek,Merri-bek,24700,-37.72688464752494,144.93745287572685,-37.7,144.9,70.0,Australia/Sydney,air_quality_2026-08-26.json,2026-08-30T21:00:00+1000,2026-08-30T11:00:00+0000,2026-08-30,21,0.0,12.3,15.3
merri_bek,Merri-bek,24700,-37.72688464752494,144.93745287572685,-37.7,144.9,70.0,Australia/Sydney,air_quality_2026-08-26.json,2026-08-30T22:00:00+1000,2026-08-30T12:00:00+0000,2026-08-30,22,0.0,13.1,16.1
monash,Monash,24970,-37.89673562404778,145.1412216752278,-37.899998,145.1,114.0,Australia/Sydney,air_quality_2026-08-26.json,2026-08-26T00:00:00+1000,2026-08-25T14:00:00+0000,2026-08-26,0,0.0,3.8,5.5
monash,Monash,24970,-37.89673562404778,145.1412216752278,-37.899998,145.1,114.0,Australia/Sydney,air_quality_2026-08-26.json,2026-08-26T01:00:00+1000,2026-08-25T15:00:00+0000,2026-08-26,1,0.0,3.9,6.0
monash,Monash,24970,-37.89673562404778,145.1412216752278,-37.899998,145.1,114.0,Australia/Sydney,air_quality_2026-08-26.json,2026-08-26T02:00:00+1000,2026-08-25T16:00:00+0000,2026-08-26,2,0.0,4.4,7.0
monash,Monash,24970,-37.89673562404778,145.1412216752278,-37.899998,145.1,114.0,Australia/Sydney,air_quality_2026-08-26.json,2026-08-26T03:00:00+1000,2026-08-25T17:00:00+0000,2026-08-26,3,0.0,4.9,7.8
monash,Monash,24970,-37.89673562404778,145.1412216752278,-37.899998,145.1,114.0,Australia/Sydney,air_quality_2026-08-26.json,2026-08-26T04:00:00+1000,2026-08-25T18:00:00+0000,2026-08-26,4,0.0,5.1,8.1
monash,Monash,24970,-37.89673562404778,145.1412216752278,-37.899998,145.1,114.0,Australia/Sydney,air_quality_2026-08-26.json,2026-08-26T05:00:00+1000,2026-08-25T19:00:00+0000,2026-08-26,5,0.0,5.3,8.4
monash,Monash,24970,-37.89673562404778,145.1412216752278,-37.899998,145.1,114.0,Australia/Sydney,air_quality_2026-08-26.json,2026-08-26T06:00:00+1000,2026-08-25T20:00:00+0000,2026-08-26,6,0.0,5.4,8.4
monash,Monash,24970,-37.89673562404778,145.1412216752278,-37.899998,145.1,114.0,Australia/Sydney,air_quality_2026-08-26.json,2026-08-26T07:00:00+1000,2026-08-25T21:00:00+0000,2026-08-26,7,0.05,5.9,8.7
monash,Monash,24970,-37.89673562404778,145.1412216752278,-37.899998,145.1,114.0,Australia/Sydney,air_quality_2026-08-26.json,2026-08-26T08:00:00+1000,2026-08-25T22:00:00+0000,2026-08-26,8,0.35,6.5,9.5
monash,Monash,24970,-37.89673562404778,145.1412216752278,-37.899998,145.1,114.0,Australia/Sydney,air_quality_2026-08-26.json,2026-08-26T09:00:00+1000,2026-08-25T23:00:00+0000,2026-08-26,9,1.0,6.5,9.9
monash,Monash,24970,-37.89673562404778,145.1412216752278,-37.899998,145.1,114.0,Australia/Sydney,air_quality_2026-08-26.json,2026-08-26T10:00:00+1000,2026-08-26T00:00:00+0000,2026-08-26,10,1.9,7.9,12.5
monash,Monash,24970,-37.89673562404778,145.1412216752278,-37.899998,145.1,114.0,Australia/Sydney,air_quality_2026-08-26.json,2026-08-26T11:00:00+1000,2026-08-26T01:00:00+0000,2026-08-26,11,2.8,7.3,11.7
monash,Monash,24970,-37.89673562404778,145.1412216752278,-37.899998,145.1,114.0,Australia/Sydney,air_quality_2026-08-26.json,2026-08-26T12:00:00+1000,2026-08-26T02:00:00+0000,2026-08-26,12,2.95,8.0,12.9
monash,Monash,24970,-37.89673562404778,145.1412216752278,-37.899998,145.1,114.0,Australia/Sydney,air_quality_2026-08-26.json,2026-08-26T13:00:00+1000,2026-08-26T03:00:00+0000,2026-08-26,13,2.65,7.3,11.9
monash,Monash,24970,-37.89673562404778,145.1412216752278,-37.899998,145.1,114.0,Australia/Sydney,air_quality_2026-08-26.json,2026-08-26T14:00:00+1000,2026-08-26T04:00:00+0000,2026-08-26,14,2.0,7.1,11.5
monash,Monash,24970,-37.89673562404778,145.1412216752278,-37.899998,145.1,114.0,Australia/Sydney,air_quality_2026-08-26.json,2026-08-26T15:00:00+1000,2026-08-26T05:00:00+0000,2026-08-26,15,1.15,7.0,11.3
monash,Monash,24970,-37.89673562404778,145.1412216752278,-37.899998,145.1,114.0,Australia/Sydney,air_quality_2026-08-26.json,2026-08-26T16:00:00+1000,2026-08-26T06:00:00+0000,2026-08-26,16,0.5,7.2,11.5
monash,Monash,24970,-37.89673562404778,145.1412216752278,-37.899998,145.1,114.0,Australia/Sydney,air_quality_2026-08-26.json,2026-08-26T17:00:00+1000,2026-08-26T07:00:00+0000,2026-08-26,17,0.1,7.6,11.8
monash,Monash,24970,-37.89673562404778,145.1412216752278,-37.899998,145.1,114.0,Australia/Sydney,air_quality_2026-08-26.json,2026-08-26T18:00:00+1000,2026-08-26T08:00:00+0000,2026-08-26,18,0.0,9.2,13.4
monash,Monash,24970,-37.89673562404778,145.1412216752278,-37.899998,145.1,114.0,Australia/Sydney,air_quality_2026-08-26.json,2026-08-26T19:00:00+1000,2026-08-26T09:00:00+0000,2026-08-26,19,0.0,11.3,15.5
monash,Monash,24970,-37.89673562404778,145.1412216752278,-37.899998,145.1,114.0,Australia/Sydney,air_quality_2026-08-26.json,2026-08-26T20:00:00+1000,2026-08-26T10:00:00+0000,2026-08-26,20,0.0,12.5,16.8
monash,Monash,24970,-37.89673562404778,145.1412216752278,-37.899998,145.1,114.0,Australia/Sydney,air_quality_2026-08-26.json,2026-08-26T21:00:00+1000,2026-08-26T11:00:00+0000,2026-08-26,21,0.0,12.4,16.3
monash,Monash,24970,-37.89673562404778,145.1412216752278,-37.899998,145.1,114.0,Australia/Sydney,air_quality_2026-08-26.json,2026-08-26T22:00:00+1000,2026-08-26T12:00:00+0000,2026-08-26,22,0.0,12.8,16.7
monash,Monash,24970,-37.89673562404778,145.1412216752278,-37.899998,145.1,114.0,Australia/Sydney,air_quality_2026-08-26.json,2026-08-26T23:00:00+1000,2026-08-26T13:00:00+0000,2026-08-26,23,0.0,13.3,17.2
monash,Monash,24970,-37.89673562404778,145.1412216752278,-37.899998,145.1,114.0,Australia/Sydney,air_quality_2026-08-26.json,2026-08-27T00:00:00+1000,2026-08-26T14:00:00+0000,2026-08-27,0,0.0,13.6,17.6
monash,Monash,24970,-37.89673562404778,145.1412216752278,-37.899998,145.1,114.0,Australia/Sydney,air_quality_2026-08-26.json,2026-08-27T01:00:00+1000,2026-08-26T15:00:00+0000,2026-08-27,1,0.0,13.6,17.6
monash,Monash,24970,-37.89673562404778,145.1412216752278,-37.899998,145.1,114.0,Australia/Sydney,air_quality_2026-08-26.json,2026-08-27T02:00:00+1000,2026-08-26T16:00:00+0000,2026-08-27,2,0.0,13.6,17.7
monash,Monash,24970,-37.89673562404778,145.1412216752278,-37.899998,145.1,114.0,Australia/Sydney,air_quality_2026-08-26.json,2026-08-27T03:00:00+1000,2026-08-26T17:00:00+0000,2026-08-27,3,0.0,13.5,17.7
monash,Monash,24970,-37.89673562404778,145.1412216752278,-37.899998,145.1,114.0,Australia/Sydney,air_quality_2026-08-26.json,2026-08-27T04:00:00+1000,2026-08-26T18:00:00+0000,2026-08-27,4,0.0,13.2,17.5
monash,Monash,24970,-37.89673562404778,145.1412216752278,-37.899998,145.1,114.0,Australia/Sydney,air_quality_2026-08-26.json,2026-08-27T05:00:00+1000,2026-08-26T19:00:00+0000,2026-08-27,5,0.0,13.0,17.2
monash,Monash,24970,-37.89673562404778,145.1412216752278,-37.899998,145.1,114.0,Australia/Sydney,air_quality_2026-08-26.json,2026-08-27T06:00:00+1000,2026-08-26T20:00:00+0000,2026-08-27,6,0.0,13.4,17.5
monash,Monash,24970,-37.89673562404778,145.1412216752278,-37.899998,145.1,114.0,Australia/Sydney,air_quality_2026-08-26.json,2026-08-27T07:00:00+1000,2026-08-26T21:00:00+0000,2026-08-27,7,0.05,16.2,19.8
monash,Monash,24970,-37.89673562404778,145.1412216752278,-37.899998,145.1,114.0,Australia/Sydney,air_quality_2026-08-26.json,2026-08-27T08:00:00+1000,2026-08-26T22:00:00+0000,2026-08-27,8,0.35,20.4,22.5
monash,Monash,24970,-37.89673562404778,145.1412216752278,-37.899998,145.1,114.0,Australia/Sydney,air_quality_2026-08-26.json,2026-08-27T09:00:00+1000,2026-08-26T23:00:00+0000,2026-08-27,9,1.1,15.4,18.1
monash,Monash,24970,-37.89673562404778,145.1412216752278,-37.899998,145.1,114.0,Australia/Sydney,air_quality_2026-08-26.json,2026-08-27T10:00:00+1000,2026-08-27T00:00:00+0000,2026-08-27,10,2.15,10.3,14.5
monash,Monash,24970,-37.89673562404778,145.1412216752278,-37.899998,145.1,114.0,Australia/Sydney,air_quality_2026-08-26.json,2026-08-27T11:00:00+1000,2026-08-27T01:00:00+0000,2026-08-27,11,2.65,9.5,13.8
monash,Monash,24970,-37.89673562404778,145.1412216752278,-37.899998,145.1,114.0,Australia/Sydney,air_quality_2026-08-26.json,2026-08-27T12:00:00+1000,2026-08-27T02:00:00+0000,2026-08-27,12,3.25,9.2,13.4
monash,Monash,24970,-37.89673562404778,145.1412216752278,-37.899998,145.1,114.0,Australia/Sydney,air_quality_2026-08-26.json,2026-08-27T13:00:00+1000,2026-08-27T03:00:00+0000,2026-08-27,13,3.3,9.6,13.7
monash,Monash,24970,-37.89673562404778,145.1412216752278,-37.899998,145.1,114.0,Australia/Sydney,air_quality_2026-08-26.json,2026-08-27T14:00:00+1000,2026-08-27T04:00:00+0000,2026-08-27,14,2.6,9.9,13.9
monash,Monash,24970,-37.89673562404778,145.1412216752278,-37.899998,145.1,114.0,Australia/Sydney,air_quality_2026-08-26.json,2026-08-27T15:00:00+1000,2026-08-27T05:00:00+0000,2026-08-27,15,1.5,10.1,14.2
monash,Monash,24970,-37.89673562404778,145.1412216752278,-37.899998,145.1,114.0,Australia/Sydney,air_quality_2026-08-26.json,2026-08-27T16:00:00+1000,2026-08-27T06:00:00+0000,2026-08-27,16,0.6,9.9,13.9
monash,Monash,24970,-37.89673562404778,145.1412216752278,-37.899998,145.1,114.0,Australia/Sydney,air_quality_2026-08-26.json,2026-08-27T17:00:00+1000,2026-08-27T07:00:00+0000,2026-08-27,17,0.15,11.4,15.3
monash,Monash,24970,-37.89673562404778,145.1412216752278,-37.899998,145.1,114.0,Australia/Sydney,air_quality_2026-08-26.json,2026-08-27T18:00:00+1000,2026-08-27T08:00:00+0000,2026-08-27,18,0.0,15.5,19.2
monash,Monash,24970,-37.89673562404778,145.1412216752278,-37.899998,145.1,114.0,Australia/Sydney,air_quality_2026-08-26.json,2026-08-27T19:00:00+1000,2026-08-27T09:00:00+0000,2026-08-27,19,0.0,19.1,22.8
monash,Monash,24970,-37.89673562404778,145.1412216752278,-37.899998,145.1,114.0,Australia/Sydney,air_quality_2026-08-26.json,2026-08-27T20:00:00+1000,2026-08-27T10:00:00+0000,2026-08-27,20,0.0,22.3,25.8
monash,Monash,24970,-37.89673562404778,145.1412216752278,-37.899998,145.1,114.0,Australia/Sydney,air_quality_2026-08-26.json,2026-08-27T21:00:00+1000,2026-08-27T11:00:00+0000,2026-08-27,21,0.0,25.4,28.8
monash,Monash,24970,-37.89673562404778,145.1412216752278,-37.899998,145.1,114.0,Australia/Sydney,air_quality_2026-08-26.json,2026-08-27T22:00:00+1000,2026-08-27T12:00:00+0000,2026-08-27,22,0.0,26.4,29.2
monash,Monash,24970,-37.89673562404778,145.1412216752278,-37.899998,145.1,114.0,Australia/Sydney,air_quality_2026-08-26.json,2026-08-27T23:00:00+1000,2026-08-27T13:00:00+0000,2026-08-27,23,0.0,23.2,25.2
monash,Monash,24970,-37.89673562404778,145.1412216752278,-37.899998,145.1,114.0,Australia/Sydney,air_quality_2026-08-26.json,2026-08-28T00:00:00+1000,2026-08-27T14:00:00+0000,2026-08-28,0,0.0,19.4,21.0
monash,Monash,24970,-37.89673562404778,145.1412216752278,-37.899998,145.1,114.0,Australia/Sydney,air_quality_2026-08-26.json,2026-08-28T01:00:00+1000,2026-08-27T15:00:00+0000,2026-08-28,1,0.0,16.6,18.0
monash,Monash,24970,-37.89673562404778,145.1412216752278,-37.899998,145.1,114.0,Australia/Sydney,air_quality_2026-08-26.json,2026-08-28T02:00:00+1000,2026-08-27T16:00:00+0000,2026-08-28,2,0.0,13.8,15.0
monash,Monash,24970,-37.89673562404778,145.1412216752278,-37.899998,145.1,114.0,Australia/Sydney,air_quality_2026-08-26.json,2026-08-28T03:00:00+1000,2026-08-27T17:00:00+0000,2026-08-28,3,0.0,11.1,12.2
monash,Monash,24970,-37.89673562404778,145.1412216752278,-37.899998,145.1,114.0,Australia/Sydney,air_quality_2026-08-26.json,2026-08-28T04:00:00+1000,2026-08-27T18:00:00+0000,2026-08-28,4,0.0,8.7,9.7
monash,Monash,24970,-37.89673562404778,145.1412216752278,-37.899998,145.1,114.0,Australia/Sydney,air_quality_2026-08-26.json,2026-08-28T05:00:00+1000,2026-08-27T19:00:00+0000,2026-08-28,5,0.0,7.4,8.6
monash,Monash,24970,-37.89673562404778,145.1412216752278,-37.899998,145.1,114.0,Australia/Sydney,air_quality_2026-08-26.json,2026-08-28T06:00:00+1000,2026-08-27T20:00:00+0000,2026-08-28,6,0.0,6.6,8.0
monash,Monash,24970,-37.89673562404778,145.1412216752278,-37.899998,145.1,114.0,Australia/Sydney,air_quality_2026-08-26.json,2026-08-28T07:00:00+1000,2026-08-27T21:00:00+0000,2026-08-28,7,0.0,7.2,8.5
monash,Monash,24970,-37.89673562404778,145.1412216752278,-37.899998,145.1,114.0,Australia/Sydney,air_quality_2026-08-26.json,2026-08-28T08:00:00+1000,2026-08-27T22:00:00+0000,2026-08-28,8,0.1,8.5,10.0
monash,Monash,24970,-37.89673562404778,145.1412216752278,-37.899998,145.1,114.0,Australia/Sydney,air_quality_2026-08-26.json,2026-08-28T09:00:00+1000,2026-08-27T23:00:00+0000,2026-08-28,9,0.35,10.3,11.9
monash,Monash,24970,-37.89673562404778,145.1412216752278,-37.899998,145.1,114.0,Australia/Sydney,air_quality_2026-08-26.json,2026-08-28T10:00:00+1000,2026-08-28T00:00:00+0000,2026-08-28,10,0.85,8.8,10.7
monash,Monash,24970,-37.89673562404778,145.1412216752278,-37.899998,145.1,114.0,Australia/Sydney,air_quality_2026-08-26.json,2026-08-28T11:00:00+1000,2026-08-28T01:00:00+0000,2026-08-28,11,1.8,7.7,9.7
monash,Monash,24970,-37.89673562404778,145.1412216752278,-37.899998,145.1,114.0,Australia/Sydney,air_quality_2026-08-26.json,2026-08-28T12:00:00+1000,2026-08-28T02:00:00+0000,2026-08-28,12,2.65,5.8,7.7
monash,Monash,24970,-37.89673562404778,145.1412216752278,-37.899998,145.1,114.0,Australia/Sydney,air_quality_2026-08-26.json,2026-08-28T13:00:00+1000,2026-08-28T03:00:00+0000,2026-08-28,13,3.1,6.0,8.6
monash,Monash,24970,-37.89673562404778,145.1412216752278,-37.899998,145.1,114.0,Australia/Sydney,air_quality_2026-08-26.json,2026-08-28T14:00:00+1000,2026-08-28T04:00:00+0000,2026-08-28,14,2.5,7.4,11.3
monash,Monash,24970,-37.89673562404778,145.1412216752278,-37.899998,145.1,114.0,Australia/Sydney,air_quality_2026-08-26.json,2026-08-28T15:00:00+1000,2026-08-28T05:00:00+0000,2026-08-28,15,1.55,8.7,13.7
monash,Monash,24970,-37.89673562404778,145.1412216752278,-37.899998,145.1,114.0,Australia/Sydney,air_quality_2026-08-26.json,2026-08-28T16:00:00+1000,2026-08-28T06:00:00+0000,2026-08-28,16,0.65,10.0,15.7
monash,Monash,24970,-37.89673562404778,145.1412216752278,-37.899998,145.1,114.0,Australia/Sydney,air_quality_2026-08-26.json,2026-08-28T17:00:00+1000,2026-08-28T07:00:00+0000,2026-08-28,17,0.15,11.0,17.3
monash,Monash,24970,-37.89673562404778,145.1412216752278,-37.899998,145.1,114.0,Australia/Sydney,air_quality_2026-08-26.json,2026-08-28T18:00:00+1000,2026-08-28T08:00:00+0000,2026-08-28,18,0.0,13.9,20.7
monash,Monash,24970,-37.89673562404778,145.1412216752278,-37.899998,145.1,114.0,Australia/Sydney,air_quality_2026-08-26.json,2026-08-28T19:00:00+1000,2026-08-28T09:00:00+0000,2026-08-28,19,0.0,17.2,23.7
monash,Monash,24970,-37.89673562404778,145.1412216752278,-37.899998,145.1,114.0,Australia/Sydney,air_quality_2026-08-26.json,2026-08-28T20:00:00+1000,2026-08-28T10:00:00+0000,2026-08-28,20,0.0,20.1,27.0
monash,Monash,24970,-37.89673562404778,145.1412216752278,-37.899998,145.1,114.0,Australia/Sydney,air_quality_2026-08-26.json,2026-08-28T21:00:00+1000,2026-08-28T11:00:00+0000,2026-08-28,21,0.0,21.8,28.8
monash,Monash,24970,-37.89673562404778,145.1412216752278,-37.899998,145.1,114.0,Australia/Sydney,air_quality_2026-08-26.json,2026-08-28T22:00:00+1000,2026-08-28T12:00:00+0000,2026-08-28,22,0.0,22.8,29.9
monash,Monash,24970,-37.89673562404778,145.1412216752278,-37.899998,145.1,114.0,Australia/Sydney,air_quality_2026-08-26.json,2026-08-28T23:00:00+1000,2026-08-28T13:00:00+0000,2026-08-28,23,0.0,23.4,30.6
monash,Monash,24970,-37.89673562404778,145.1412216752278,-37.899998,145.1,114.0,Australia/Sydney,air_quality_2026-08-26.json,2026-08-29T00:00:00+1000,2026-08-28T14:00:00+0000,2026-08-29,0,0.0,23.7,31.0
monash,Monash,24970,-37.89673562404778,145.1412216752278,-37.899998,145.1,114.0,Australia/Sydney,air_quality_2026-08-26.json,2026-08-29T01:00:00+1000,2026-08-28T15:00:00+0000,2026-08-29,1,0.0,23.3,30.3
monash,Monash,24970,-37.89673562404778,145.1412216752278,-37.899998,145.1,114.0,Australia/Sydney,air_quality_2026-08-26.json,2026-08-29T02:00:00+1000,2026-08-28T16:00:00+0000,2026-08-29,2,0.0,21.3,27.4
monash,Monash,24970,-37.89673562404778,145.1412216752278,-37.899998,145.1,114.0,Australia/Sydney,air_quality_2026-08-26.json,2026-08-29T03:00:00+1000,2026-08-28T17:00:00+0000,2026-08-29,3,0.0,17.9,23.1
monash,Monash,24970,-37.89673562404778,145.1412216752278,-37.899998,145.1,114.0,Australia/Sydney,air_quality_2026-08-26.json,2026-08-29T04:00:00+1000,2026-08-28T18:00:00+0000,2026-08-29,4,0.0,14.8,19.2
monash,Monash,24970,-37.89673562404778,145.1412216752278,-37.899998,145.1,114.0,Australia/Sydney,air_quality_2026-08-26.json,2026-08-29T05:00:00+1000,2026-08-28T19:00:00+0000,2026-08-29,5,0.0,12.3,16.1
monash,Monash,24970,-37.89673562404778,145.1412216752278,-37.899998,145.1,114.0,Australia/Sydney,air_quality_2026-08-26.json,2026-08-29T06:00:00+1000,2026-08-28T20:00:00+0000,2026-08-29,6,0.0,11.1,14.4
monash,Monash,24970,-37.89673562404778,145.1412216752278,-37.899998,145.1,114.0,Australia/Sydney,air_quality_2026-08-26.json,2026-08-29T07:00:00+1000,2026-08-28T21:00:00+0000,2026-08-29,7,0.05,12.4,15.3
monash,Monash,24970,-37.89673562404778,145.1412216752278,-37.899998,145.1,114.0,Australia/Sydney,air_quality_2026-08-26.json,2026-08-29T08:00:00+1000,2026-08-28T22:00:00+0000,2026-08-29,8,0.25,14.0,16.9
monash,Monash,24970,-37.89673562404778,145.1412216752278,-37.899998,145.1,114.0,Australia/Sydney,air_quality_2026-08-26.json,2026-08-29T09:00:00+1000,2026-08-28T23:00:00+0000,2026-08-29,9,0.7,12.3,16.1
monash,Monash,24970,-37.89673562404778,145.1412216752278,-37.899998,145.1,114.0,Australia/Sydney,air_quality_2026-08-26.json,2026-08-29T10:00:00+1000,2026-08-29T00:00:00+0000,2026-08-29,10,1.25,12.3,17.6
monash,Monash,24970,-37.89673562404778,145.1412216752278,-37.899998,145.1,114.0,Australia/Sydney,air_quality_2026-08-26.json,2026-08-29T11:00:00+1000,2026-08-29T01:00:00+0000,2026-08-29,11,1.5,11.9,17.9
monash,Monash,24970,-37.89673562404778,145.1412216752278,-37.899998,145.1,114.0,Australia/Sydney,air_quality_2026-08-26.json,2026-08-29T12:00:00+1000,2026-08-29T02:00:00+0000,2026-08-29,12,1.55,12.0,18.6
monash,Monash,24970,-37.89673562404778,145.1412216752278,-37.899998,145.1,114.0,Australia/Sydney,air_quality_2026-08-26.json,2026-08-29T13:00:00+1000,2026-08-29T03:00:00+0000,2026-08-29,13,1.6,11.8,18.5
monash,Monash,24970,-37.89673562404778,145.1412216752278,-37.899998,145.1,114.0,Australia/Sydney,air_quality_2026-08-26.json,2026-08-29T14:00:00+1000,2026-08-29T04:00:00+0000,2026-08-29,14,1.2,11.8,18.7
monash,Monash,24970,-37.89673562404778,145.1412216752278,-37.899998,145.1,114.0,Australia/Sydney,air_quality_2026-08-26.json,2026-08-29T15:00:00+1000,2026-08-29T05:00:00+0000,2026-08-29,15,0.7,12.8,20.3
monash,Monash,24970,-37.89673562404778,145.1412216752278,-37.899998,145.1,114.0,Australia/Sydney,air_quality_2026-08-26.json,2026-08-29T16:00:00+1000,2026-08-29T06:00:00+0000,2026-08-29,16,0.3,14.8,23.3
monash,Monash,24970,-37.89673562404778,145.1412216752278,-37.899998,145.1,114.0,Australia/Sydney,air_quality_2026-08-26.json,2026-08-29T17:00:00+1000,2026-08-29T07:00:00+0000,2026-08-29,17,0.1,16.6,26.0
monash,Monash,24970,-37.89673562404778,145.1412216752278,-37.899998,145.1,114.0,Australia/Sydney,air_quality_2026-08-26.json,2026-08-29T18:00:00+1000,2026-08-29T08:00:00+0000,2026-08-29,18,0.0,16.3,24.9
monash,Monash,24970,-37.89673562404778,145.1412216752278,-37.899998,145.1,114.0,Australia/Sydney,air_quality_2026-08-26.json,2026-08-29T19:00:00+1000,2026-08-29T09:00:00+0000,2026-08-29,19,0.0,15.7,22.8
monash,Monash,24970,-37.89673562404778,145.1412216752278,-37.899998,145.1,114.0,Australia/Sydney,air_quality_2026-08-26.json,2026-08-29T20:00:00+1000,2026-08-29T10:00:00+0000,2026-08-29,20,0.0,16.1,23.0
monash,Monash,24970,-37.89673562404778,145.1412216752278,-37.899998,145.1,114.0,Australia/Sydney,air_quality_2026-08-26.json,2026-08-29T21:00:00+1000,2026-08-29T11:00:00+0000,2026-08-29,21,0.0,16.3,23.1
monash,Monash,24970,-37.89673562404778,145.1412216752278,-37.899998,145.1,114.0,Australia/Sydney,air_quality_2026-08-26.json,2026-08-29T22:00:00+1000,2026-08-29T12:00:00+0000,2026-08-29,22,0.0,15.3,21.4
monash,Monash,24970,-37.89673562404778,145.1412216752278,-37.899998,145.1,114.0,Australia/Sydney,air_quality_2026-08-26.json,2026-08-29T23:00:00+1000,2026-08-29T13:00:00+0000,2026-08-29,23,0.0,14.3,20.2
monash,Monash,24970,-37.89673562404778,145.1412216752278,-37.899998,145.1,114.0,Australia/Sydney,air_quality_2026-08-26.json,2026-08-30T00:00:00+1000,2026-08-29T14:00:00+0000,2026-08-30,0,0.0,12.9,18.2
monash,Monash,24970,-37.89673562404778,145.1412216752278,-37.899998,145.1,114.0,Australia/Sydney,air_quality_2026-08-26.json,2026-08-30T01:00:00+1000,2026-08-29T15:00:00+0000,2026-08-30,1,0.0,11.4,16.2
monash,Monash,24970,-37.89673562404778,145.1412216752278,-37.899998,145.1,114.0,Australia/Sydney,air_quality_2026-08-26.json,2026-08-30T02:00:00+1000,2026-08-29T16:00:00+0000,2026-08-30,2,0.0,10.5,15.0
monash,Monash,24970,-37.89673562404778,145.1412216752278,-37.899998,145.1,114.0,Australia/Sydney,air_quality_2026-08-26.json,2026-08-30T03:00:00+1000,2026-08-29T17:00:00+0000,2026-08-30,3,0.0,9.8,14.2
monash,Monash,24970,-37.89673562404778,145.1412216752278,-37.899998,145.1,114.0,Australia/Sydney,air_quality_2026-08-26.json,2026-08-30T04:00:00+1000,2026-08-29T18:00:00+0000,2026-08-30,4,0.0,9.3,13.6
monash,Monash,24970,-37.89673562404778,145.1412216752278,-37.899998,145.1,114.0,Australia/Sydney,air_quality_2026-08-26.json,2026-08-30T05:00:00+1000,2026-08-29T19:00:00+0000,2026-08-30,5,0.0,9.0,13.3
monash,Monash,24970,-37.89673562404778,145.1412216752278,-37.899998,145.1,114.0,Australia/Sydney,air_quality_2026-08-26.json,2026-08-30T06:00:00+1000,2026-08-29T20:00:00+0000,2026-08-30,6,0.0,9.3,13.6
monash,Monash,24970,-37.89673562404778,145.1412216752278,-37.899998,145.1,114.0,Australia/Sydney,air_quality_2026-08-26.json,2026-08-30T07:00:00+1000,2026-08-29T21:00:00+0000,2026-08-30,7,0.0,10.9,15.2
monash,Monash,24970,-37.89673562404778,145.1412216752278,-37.899998,145.1,114.0,Australia/Sydney,air_quality_2026-08-26.json,2026-08-30T08:00:00+1000,2026-08-29T22:00:00+0000,2026-08-30,8,0.2,12.5,17.0
monash,Monash,24970,-37.89673562404778,145.1412216752278,-37.899998,145.1,114.0,Australia/Sydney,air_quality_2026-08-26.json,2026-08-30T09:00:00+1000,2026-08-29T23:00:00+0000,2026-08-30,9,0.55,12.6,17.5
monash,Monash,24970,-37.89673562404778,145.1412216752278,-37.899998,145.1,114.0,Australia/Sydney,air_quality_2026-08-26.json,2026-08-30T10:00:00+1000,2026-08-30T00:00:00+0000,2026-08-30,10,1.15,12.1,17.4
monash,Monash,24970,-37.89673562404778,145.1412216752278,-37.899998,145.1,114.0,Australia/Sydney,air_quality_2026-08-26.json,2026-08-30T11:00:00+1000,2026-08-30T01:00:00+0000,2026-08-30,11,1.8,12.1,18.2
monash,Monash,24970,-37.89673562404778,145.1412216752278,-37.899998,145.1,114.0,Australia/Sydney,air_quality_2026-08-26.json,2026-08-30T12:00:00+1000,2026-08-30T02:00:00+0000,2026-08-30,12,2.35,11.8,18.1
monash,Monash,24970,-37.89673562404778,145.1412216752278,-37.899998,145.1,114.0,Australia/Sydney,air_quality_2026-08-26.json,2026-08-30T13:00:00+1000,2026-08-30T03:00:00+0000,2026-08-30,13,2.55,11.8,18.2
monash,Monash,24970,-37.89673562404778,145.1412216752278,-37.899998,145.1,114.0,Australia/Sydney,air_quality_2026-08-26.json,2026-08-30T14:00:00+1000,2026-08-30T04:00:00+0000,2026-08-30,14,2.25,10.2,15.7
monash,Monash,24970,-37.89673562404778,145.1412216752278,-37.899998,145.1,114.0,Australia/Sydney,air_quality_2026-08-26.json,2026-08-30T15:00:00+1000,2026-08-30T05:00:00+0000,2026-08-30,15,1.35,10.0,15.2
monash,Monash,24970,-37.89673562404778,145.1412216752278,-37.899998,145.1,114.0,Australia/Sydney,air_quality_2026-08-26.json,2026-08-30T16:00:00+1000,2026-08-30T06:00:00+0000,2026-08-30,16,0.55,10.0,15.1
monash,Monash,24970,-37.89673562404778,145.1412216752278,-37.899998,145.1,114.0,Australia/Sydney,air_quality_2026-08-26.json,2026-08-30T17:00:00+1000,2026-08-30T07:00:00+0000,2026-08-30,17,0.1,10.0,15.3
monash,Monash,24970,-37.89673562404778,145.1412216752278,-37.899998,145.1,114.0,Australia/Sydney,air_quality_2026-08-26.json,2026-08-30T18:00:00+1000,2026-08-30T08:00:00+0000,2026-08-30,18,0.0,11.4,16.5
monash,Monash,24970,-37.89673562404778,145.1412216752278,-37.899998,145.1,114.0,Australia/Sydney,air_quality_2026-08-26.json,2026-08-30T19:00:00+1000,2026-08-30T09:00:00+0000,2026-08-30,19,0.0,11.4,15.7
monash,Monash,24970,-37.89673562404778,145.1412216752278,-37.899998,145.1,114.0,Australia/Sydney,air_quality_2026-08-26.json,2026-08-30T20:00:00+1000,2026-08-30T10:00:00+0000,2026-08-30,20,0.0,11.5,15.7
monash,Monash,24970,-37.89673562404778,145.1412216752278,-37.899998,145.1,114.0,Australia/Sydney,air_quality_2026-08-26.json,2026-08-30T21:00:00+1000,2026-08-30T11:00:00+0000,2026-08-30,21,0.0,12.4,16.7
monash,Monash,24970,-37.89673562404778,145.1412216752278,-37.899998,145.1,114.0,Australia/Sydney,air_quality_2026-08-26.json,2026-08-30T22:00:00+1000,2026-08-30T12:00:00+0000,2026-08-30,22,0.0,13.6,18.2
moonee_valley,Moonee Valley,25060,-37.74941300567491,144.887461013023,-37.7,144.9,44.0,Australia/Sydney,air_quality_2026-08-26.json,2026-08-26T00:00:00+1000,2026-08-25T14:00:00+0000,2026-08-26,0,0.0,3.3,4.0
moonee_valley,Moonee Valley,25060,-37.74941300567491,144.887461013023,-37.7,144.9,44.0,Australia/Sydney,air_quality_2026-08-26.json,2026-08-26T01:00:00+1000,2026-08-25T15:00:00+0000,2026-08-26,1,0.0,3.1,4.0
moonee_valley,Moonee Valley,25060,-37.74941300567491,144.887461013023,-37.7,144.9,44.0,Australia/Sydney,air_quality_2026-08-26.json,2026-08-26T02:00:00+1000,2026-08-25T16:00:00+0000,2026-08-26,2,0.0,3.4,4.6
moonee_valley,Moonee Valley,25060,-37.74941300567491,144.887461013023,-37.7,144.9,44.0,Australia/Sydney,air_quality_2026-08-26.json,2026-08-26T03:00:00+1000,2026-08-25T17:00:00+0000,2026-08-26,3,0.0,3.6,4.9
moonee_valley,Moonee Valley,25060,-37.74941300567491,144.887461013023,-37.7,144.9,44.0,Australia/Sydney,air_quality_2026-08-26.json,2026-08-26T04:00:00+1000,2026-08-25T18:00:00+0000,2026-08-26,4,0.0,3.9,5.5
moonee_valley,Moonee Valley,25060,-37.74941300567491,144.887461013023,-37.7,144.9,44.0,Australia/Sydney,air_quality_2026-08-26.json,2026-08-26T05:00:00+1000,2026-08-25T19:00:00+0000,2026-08-26,5,0.0,4.3,6.1
moonee_valley,Moonee Valley,25060,-37.74941300567491,144.887461013023,-37.7,144.9,44.0,Australia/Sydney,air_quality_2026-08-26.json,2026-08-26T06:00:00+1000,2026-08-25T20:00:00+0000,2026-08-26,6,0.0,4.6,6.4
moonee_valley,Moonee Valley,25060,-37.74941300567491,144.887461013023,-37.7,144.9,44.0,Australia/Sydney,air_quality_2026-08-26.json,2026-08-26T07:00:00+1000,2026-08-25T21:00:00+0000,2026-08-26,7,0.0,5.4,7.3
moonee_valley,Moonee Valley,25060,-37.74941300567491,144.887461013023,-37.7,144.9,44.0,Australia/Sydney,air_quality_2026-08-26.json,2026-08-26T08:00:00+1000,2026-08-25T22:00:00+0000,2026-08-26,8,0.25,5.8,8.1
moonee_valley,Moonee Valley,25060,-37.74941300567491,144.887461013023,-37.7,144.9,44.0,Australia/Sydney,air_quality_2026-08-26.json,2026-08-26T09:00:00+1000,2026-08-25T23:00:00+0000,2026-08-26,9,0.9,5.4,7.9
moonee_valley,Moonee Valley,25060,-37.74941300567491,144.887461013023,-37.7,144.9,44.0,Australia/Sydney,air_quality_2026-08-26.json,2026-08-26T10:00:00+1000,2026-08-26T00:00:00+0000,2026-08-26,10,1.75,7.7,11.7
moonee_valley,Moonee Valley,25060,-37.74941300567491,144.887461013023,-37.7,144.9,44.0,Australia/Sydney,air_quality_2026-08-26.json,2026-08-26T11:00:00+1000,2026-08-26T01:00:00+0000,2026-08-26,11,2.45,6.6,10.0
moonee_valley,Moonee Valley,25060,-37.74941300567491,144.887461013023,-37.7,144.9,44.0,Australia/Sydney,air_quality_2026-08-26.json,2026-08-26T12:00:00+1000,2026-08-26T02:00:00+0000,2026-08-26,12,2.35,7.1,10.9
moonee_valley,Moonee Valley,25060,-37.74941300567491,144.887461013023,-37.7,144.9,44.0,Australia/Sydney,air_quality_2026-08-26.json,2026-08-26T13:00:00+1000,2026-08-26T03:00:00+0000,2026-08-26,13,2.3,6.8,10.5
moonee_valley,Moonee Valley,25060,-37.74941300567491,144.887461013023,-37.7,144.9,44.0,Australia/Sydney,air_quality_2026-08-26.json,2026-08-26T14:00:00+1000,2026-08-26T04:00:00+0000,2026-08-26,14,1.7,6.7,10.3
moonee_valley,Moonee Valley,25060,-37.74941300567491,144.887461013023,-37.7,144.9,44.0,Australia/Sydney,air_quality_2026-08-26.json,2026-08-26T15:00:00+1000,2026-08-26T05:00:00+0000,2026-08-26,15,0.95,6.7,10.2
moonee_valley,Moonee Valley,25060,-37.74941300567491,144.887461013023,-37.7,144.9,44.0,Australia/Sydney,air_quality_2026-08-26.json,2026-08-26T16:00:00+1000,2026-08-26T06:00:00+0000,2026-08-26,16,0.5,7.1,10.7
moonee_valley,Moonee Valley,25060,-37.74941300567491,144.887461013023,-37.7,144.9,44.0,Australia/Sydney,air_quality_2026-08-26.json,2026-08-26T17:00:00+1000,2026-08-26T07:00:00+0000,2026-08-26,17,0.15,7.4,11.0
moonee_valley,Moonee Valley,25060,-37.74941300567491,144.887461013023,-37.7,144.9,44.0,Australia/Sydney,air_quality_2026-08-26.json,2026-08-26T18:00:00+1000,2026-08-26T08:00:00+0000,2026-08-26,18,0.0,9.5,13.2
moonee_valley,Moonee Valley,25060,-37.74941300567491,144.887461013023,-37.7,144.9,44.0,Australia/Sydney,air_quality_2026-08-26.json,2026-08-26T19:00:00+1000,2026-08-26T09:00:00+0000,2026-08-26,19,0.0,11.9,15.7
moonee_valley,Moonee Valley,25060,-37.74941300567491,144.887461013023,-37.7,144.9,44.0,Australia/Sydney,air_quality_2026-08-26.json,2026-08-26T20:00:00+1000,2026-08-26T10:00:00+0000,2026-08-26,20,0.0,12.6,16.1
moonee_valley,Moonee Valley,25060,-37.74941300567491,144.887461013023,-37.7,144.9,44.0,Australia/Sydney,air_quality_2026-08-26.json,2026-08-26T21:00:00+1000,2026-08-26T11:00:00+0000,2026-08-26,21,0.0,11.6,14.0
moonee_valley,Moonee Valley,25060,-37.74941300567491,144.887461013023,-37.7,144.9,44.0,Australia/Sydney,air_quality_2026-08-26.json,2026-08-26T22:00:00+1000,2026-08-26T12:00:00+0000,2026-08-26,22,0.0,11.5,13.8
moonee_valley,Moonee Valley,25060,-37.74941300567491,144.887461013023,-37.7,144.9,44.0,Australia/Sydney,air_quality_2026-08-26.json,2026-08-26T23:00:00+1000,2026-08-26T13:00:00+0000,2026-08-26,23,0.0,11.4,13.6
moonee_valley,Moonee Valley,25060,-37.74941300567491,144.887461013023,-37.7,144.9,44.0,Australia/Sydney,air_quality_2026-08-26.json,2026-08-27T00:00:00+1000,2026-08-26T14:00:00+0000,2026-08-27,0,0.0,10.9,13.1
moonee_valley,Moonee Valley,25060,-37.74941300567491,144.887461013023,-37.7,144.9,44.0,Australia/Sydney,air_quality_2026-08-26.json,2026-08-27T01:00:00+1000,2026-08-26T15:00:00+0000,2026-08-27,1,0.0,10.0,12.3
moonee_valley,Moonee Valley,25060,-37.74941300567491,144.887461013023,-37.7,144.9,44.0,Australia/Sydney,air_quality_2026-08-26.json,2026-08-27T02:00:00+1000,2026-08-26T16:00:00+0000,2026-08-27,2,0.0,9.4,11.6
moonee_valley,Moonee Valley,25060,-37.74941300567491,144.887461013023,-37.7,144.9,44.0,Australia/Sydney,air_quality_2026-08-26.json,2026-08-27T03:00:00+1000,2026-08-26T17:00:00+0000,2026-08-27,3,0.0,8.8,11.2
moonee_valley,Moonee Valley,25060,-37.74941300567491,144.887461013023,-37.7,144.9,44.0,Australia/Sydney,air_quality_2026-08-26.json,2026-08-27T04:00:00+1000,2026-08-26T18:00:00+0000,2026-08-27,4,0.0,8.6,11.1
moonee_valley,Moonee Valley,25060,-37.74941300567491,144.887461013023,-37.7,144.9,44.0,Australia/Sydney,air_quality_2026-08-26.json,2026-08-27T05:00:00+1000,2026-08-26T19:00:00+0000,2026-08-27,5,0.0,8.6,11.2
moonee_valley,Moonee Valley,25060,-37.74941300567491,144.887461013023,-37.7,144.9,44.0,Australia/Sydney,air_quality_2026-08-26.json,2026-08-27T06:00:00+1000,2026-08-26T20:00:00+0000,2026-08-27,6,0.0,9.3,12.0
moonee_valley,Moonee Valley,25060,-37.74941300567491,144.887461013023,-37.7,144.9,44.0,Australia/Sydney,air_quality_2026-08-26.json,2026-08-27T07:00:00+1000,2026-08-26T21:00:00+0000,2026-08-27,7,0.05,12.7,15.4
moonee_valley,Moonee Valley,25060,-37.74941300567491,144.887461013023,-37.7,144.9,44.0,Australia/Sydney,air_quality_2026-08-26.json,2026-08-27T08:00:00+1000,2026-08-26T22:00:00+0000,2026-08-27,8,0.35,17.9,19.8
moonee_valley,Moonee Valley,25060,-37.74941300567491,144.887461013023,-37.7,144.9,44.0,Australia/Sydney,air_quality_2026-08-26.json,2026-08-27T09:00:00+1000,2026-08-26T23:00:00+0000,2026-08-27,9,1.15,12.0,15.5
moonee_valley,Moonee Valley,25060,-37.74941300567491,144.887461013023,-37.7,144.9,44.0,Australia/Sydney,air_quality_2026-08-26.json,2026-08-27T10:00:00+1000,2026-08-27T00:00:00+0000,2026-08-27,10,2.35,8.9,13.0
moonee_valley,Moonee Valley,25060,-37.74941300567491,144.887461013023,-37.7,144.9,44.0,Australia/Sydney,air_quality_2026-08-26.json,2026-08-27T11:00:00+1000,2026-08-27T01:00:00+0000,2026-08-27,11,3.45,8.4,12.4
moonee_valley,Moonee Valley,25060,-37.74941300567491,144.887461013023,-37.7,144.9,44.0,Australia/Sydney,air_quality_2026-08-26.json,2026-08-27T12:00:00+1000,2026-08-27T02:00:00+0000,2026-08-27,12,3.95,8.3,12.2
moonee_valley,Moonee Valley,25060,-37.74941300567491,144.887461013023,-37.7,144.9,44.0,Australia/Sydney,air_quality_2026-08-26.json,2026-08-27T13:00:00+1000,2026-08-27T03:00:00+0000,2026-08-27,13,3.7,8.4,12.0
moonee_valley,Moonee Valley,25060,-37.74941300567491,144.887461013023,-37.7,144.9,44.0,Australia/Sydney,air_quality_2026-08-26.json,2026-08-27T14:00:00+1000,2026-08-27T04:00:00+0000,2026-08-27,14,2.8,8.4,12.0
moonee_valley,Moonee Valley,25060,-37.74941300567491,144.887461013023,-37.7,144.9,44.0,Australia/Sydney,air_quality_2026-08-26.json,2026-08-27T15:00:00+1000,2026-08-27T05:00:00+0000,2026-08-27,15,1.65,8.6,12.1
moonee_valley,Moonee Valley,25060,-37.74941300567491,144.887461013023,-37.7,144.9,44.0,Australia/Sydney,air_quality_2026-08-26.json,2026-08-27T16:00:00+1000,2026-08-27T06:00:00+0000,2026-08-27,16,0.65,8.3,11.6
moonee_valley,Moonee Valley,25060,-37.74941300567491,144.887461013023,-37.7,144.9,44.0,Australia/Sydney,air_quality_2026-08-26.json,2026-08-27T17:00:00+1000,2026-08-27T07:00:00+0000,2026-08-27,17,0.15,10.6,13.8
moonee_valley,Moonee Valley,25060,-37.74941300567491,144.887461013023,-37.7,144.9,44.0,Australia/Sydney,air_quality_2026-08-26.json,2026-08-27T18:00:00+1000,2026-08-27T08:00:00+0000,2026-08-27,18,0.0,15.9,19.1
moonee_valley,Moonee Valley,25060,-37.74941300567491,144.887461013023,-37.7,144.9,44.0,Australia/Sydney,air_quality_2026-08-26.json,2026-08-27T19:00:00+1000,2026-08-27T09:00:00+0000,2026-08-27,19,0.0,20.5,23.6
moonee_valley,Moonee Valley,25060,-37.74941300567491,144.887461013023,-37.7,144.9,44.0,Australia/Sydney,air_quality_2026-08-26.json,2026-08-27T20:00:00+1000,2026-08-27T10:00:00+0000,2026-08-27,20,0.0,24.6,27.5
moonee_valley,Moonee Valley,25060,-37.74941300567491,144.887461013023,-37.7,144.9,44.0,Australia/Sydney,air_quality_2026-08-26.json,2026-08-27T21:00:00+1000,2026-08-27T11:00:00+0000,2026-08-27,21,0.0,28.2,31.0
moonee_valley,Moonee Valley,25060,-37.74941300567491,144.887461013023,-37.7,144.9,44.0,Australia/Sydney,air_quality_2026-08-26.json,2026-08-27T22:00:00+1000,2026-08-27T12:00:00+0000,2026-08-27,22,0.0,28.2,30.3
moonee_valley,Moonee Valley,25060,-37.74941300567491,144.887461013023,-37.7,144.9,44.0,Australia/Sydney,air_quality_2026-08-26.json,2026-08-27T23:00:00+1000,2026-08-27T13:00:00+0000,2026-08-27,23,0.0,22.9,24.3
moonee_valley,Moonee Valley,25060,-37.74941300567491,144.887461013023,-37.7,144.9,44.0,Australia/Sydney,air_quality_2026-08-26.json,2026-08-28T00:00:00+1000,2026-08-27T14:00:00+0000,2026-08-28,0,0.0,16.9,18.0
moonee_valley,Moonee Valley,25060,-37.74941300567491,144.887461013023,-37.7,144.9,44.0,Australia/Sydney,air_quality_2026-08-26.json,2026-08-28T01:00:00+1000,2026-08-27T15:00:00+0000,2026-08-28,1,0.0,12.6,13.5
moonee_valley,Moonee Valley,25060,-37.74941300567491,144.887461013023,-37.7,144.9,44.0,Australia/Sydney,air_quality_2026-08-26.json,2026-08-28T02:00:00+1000,2026-08-27T16:00:00+0000,2026-08-28,2,0.0,9.5,10.4
moonee_valley,Moonee Valley,25060,-37.74941300567491,144.887461013023,-37.7,144.9,44.0,Australia/Sydney,air_quality_2026-08-26.json,2026-08-28T03:00:00+1000,2026-08-27T17:00:00+0000,2026-08-28,3,0.0,7.2,8.1
moonee_valley,Moonee Valley,25060,-37.74941300567491,144.887461013023,-37.7,144.9,44.0,Australia/Sydney,air_quality_2026-08-26.json,2026-08-28T04:00:00+1000,2026-08-27T18:00:00+0000,2026-08-28,4,0.0,5.8,6.8
moonee_valley,Moonee Valley,25060,-37.74941300567491,144.887461013023,-37.7,144.9,44.0,Australia/Sydney,air_quality_2026-08-26.json,2026-08-28T05:00:00+1000,2026-08-27T19:00:00+0000,2026-08-28,5,0.0,5.2,6.3
moonee_valley,Moonee Valley,25060,-37.74941300567491,144.887461013023,-37.7,144.9,44.0,Australia/Sydney,air_quality_2026-08-26.json,2026-08-28T06:00:00+1000,2026-08-27T20:00:00+0000,2026-08-28,6,0.0,5.1,6.2
moonee_valley,Moonee Valley,25060,-37.74941300567491,144.887461013023,-37.7,144.9,44.0,Australia/Sydney,air_quality_2026-08-26.json,2026-08-28T07:00:00+1000,2026-08-27T21:00:00+0000,2026-08-28,7,0.05,6.4,7.5
moonee_valley,Moonee Valley,25060,-37.74941300567491,144.887461013023,-37.7,144.9,44.0,Australia/Sydney,air_quality_2026-08-26.json,2026-08-28T08:00:00+1000,2026-08-27T22:00:00+0000,2026-08-28,8,0.2,8.1,9.3
moonee_valley,Moonee Valley,25060,-37.74941300567491,144.887461013023,-37.7,144.9,44.0,Australia/Sydney,air_quality_2026-08-26.json,2026-08-28T09:00:00+1000,2026-08-27T23:00:00+0000,2026-08-28,9,0.55,10.4,11.6
moonee_valley,Moonee Valley,25060,-37.74941300567491,144.887461013023,-37.7,144.9,44.0,Australia/Sydney,air_quality_2026-08-26.json,2026-08-28T10:00:00+1000,2026-08-28T00:00:00+0000,2026-08-28,10,1.05,8.3,10.2
moonee_valley,Moonee Valley,25060,-37.74941300567491,144.887461013023,-37.7,144.9,44.0,Australia/Sydney,air_quality_2026-08-26.json,2026-08-28T11:00:00+1000,2026-08-28T01:00:00+0000,2026-08-28,11,1.5,7.2,9.1
moonee_valley,Moonee Valley,25060,-37.74941300567491,144.887461013023,-37.7,144.9,44.0,Australia/Sydney,air_quality_2026-08-26.json,2026-08-28T12:00:00+1000,2026-08-28T02:00:00+0000,2026-08-28,12,1.45,4.9,6.1
moonee_valley,Moonee Valley,25060,-37.74941300567491,144.887461013023,-37.7,144.9,44.0,Australia/Sydney,air_quality_2026-08-26.json,2026-08-28T13:00:00+1000,2026-08-28T03:00:00+0000,2026-08-28,13,2.85,4.0,5.0
moonee_valley,Moonee Valley,25060,-37.74941300567491,144.887461013023,-37.7,144.9,44.0,Australia/Sydney,air_quality_2026-08-26.json,2026-08-28T14:00:00+1000,2026-08-28T04:00:00+0000,2026-08-28,14,2.2,3.8,5.1
moonee_valley,Moonee Valley,25060,-37.74941300567491,144.887461013023,-37.7,144.9,44.0,Australia/Sydney,air_quality_2026-08-26.json,2026-08-28T15:00:00+1000,2026-08-28T05:00:00+0000,2026-08-28,15,1.5,4.7,6.6
moonee_valley,Moonee Valley,25060,-37.74941300567491,144.887461013023,-37.7,144.9,44.0,Australia/Sydney,air_quality_2026-08-26.json,2026-08-28T16:00:00+1000,2026-08-28T06:00:00+0000,2026-08-28,16,0.65,6.3,9.2
moonee_valley,Moonee Valley,25060,-37.74941300567491,144.887461013023,-37.7,144.9,44.0,Australia/Sydney,air_quality_2026-08-26.json,2026-08-28T17:00:00+1000,2026-08-28T07:00:00+0000,2026-08-28,17,0.15,8.2,12.1
moonee_valley,Moonee Valley,25060,-37.74941300567491,144.887461013023,-37.7,144.9,44.0,Australia/Sydney,air_quality_2026-08-26.json,2026-08-28T18:00:00+1000,2026-08-28T08:00:00+0000,2026-08-28,18,0.0,11.3,15.4
moonee_valley,Moonee Valley,25060,-37.74941300567491,144.887461013023,-37.7,144.9,44.0,Australia/Sydney,air_quality_2026-08-26.json,2026-08-28T19:00:00+1000,2026-08-28T09:00:00+0000,2026-08-28,19,0.0,14.8,18.6
moonee_valley,Moonee Valley,25060,-37.74941300567491,144.887461013023,-37.7,144.9,44.0,Australia/Sydney,air_quality_2026-08-26.json,2026-08-28T20:00:00+1000,2026-08-28T10:00:00+0000,2026-08-28,20,0.0,19.0,23.3
moonee_valley,Moonee Valley,25060,-37.74941300567491,144.887461013023,-37.7,144.9,44.0,Australia/Sydney,air_quality_2026-08-26.json,2026-08-28T21:00:00+1000,2026-08-28T11:00:00+0000,2026-08-28,21,0.0,22.0,26.8
moonee_valley,Moonee Valley,25060,-37.74941300567491,144.887461013023,-37.7,144.9,44.0,Australia/Sydney,air_quality_2026-08-26.json,2026-08-28T22:00:00+1000,2026-08-28T12:00:00+0000,2026-08-28,22,0.0,26.8,32.1
moonee_valley,Moonee Valley,25060,-37.74941300567491,144.887461013023,-37.7,144.9,44.0,Australia/Sydney,air_quality_2026-08-26.json,2026-08-28T23:00:00+1000,2026-08-28T13:00:00+0000,2026-08-28,23,0.0,27.9,33.6
moonee_valley,Moonee Valley,25060,-37.74941300567491,144.887461013023,-37.7,144.9,44.0,Australia/Sydney,air_quality_2026-08-26.json,2026-08-29T00:00:00+1000,2026-08-28T14:00:00+0000,2026-08-29,0,0.0,28.5,34.3
moonee_valley,Moonee Valley,25060,-37.74941300567491,144.887461013023,-37.7,144.9,44.0,Australia/Sydney,air_quality_2026-08-26.json,2026-08-29T01:00:00+1000,2026-08-28T15:00:00+0000,2026-08-29,1,0.0,27.4,33.2
moonee_valley,Moonee Valley,25060,-37.74941300567491,144.887461013023,-37.7,144.9,44.0,Australia/Sydney,air_quality_2026-08-26.json,2026-08-29T02:00:00+1000,2026-08-28T16:00:00+0000,2026-08-29,2,0.0,24.8,30.4
moonee_valley,Moonee Valley,25060,-37.74941300567491,144.887461013023,-37.7,144.9,44.0,Australia/Sydney,air_quality_2026-08-26.json,2026-08-29T03:00:00+1000,2026-08-28T17:00:00+0000,2026-08-29,3,0.0,20.9,25.7
moonee_valley,Moonee Valley,25060,-37.74941300567491,144.887461013023,-37.7,144.9,44.0,Australia/Sydney,air_quality_2026-08-26.json,2026-08-29T04:00:00+1000,2026-08-28T18:00:00+0000,2026-08-29,4,0.0,16.6,20.6
moonee_valley,Moonee Valley,25060,-37.74941300567491,144.887461013023,-37.7,144.9,44.0,Australia/Sydney,air_quality_2026-08-26.json,2026-08-29T05:00:00+1000,2026-08-28T19:00:00+0000,2026-08-29,5,0.0,12.8,16.4
moonee_valley,Moonee Valley,25060,-37.74941300567491,144.887461013023,-37.7,144.9,44.0,Australia/Sydney,air_quality_2026-08-26.json,2026-08-29T06:00:00+1000,2026-08-28T20:00:00+0000,2026-08-29,6,0.0,10.6,13.8
moonee_valley,Moonee Valley,25060,-37.74941300567491,144.887461013023,-37.7,144.9,44.0,Australia/Sydney,air_quality_2026-08-26.json,2026-08-29T07:00:00+1000,2026-08-28T21:00:00+0000,2026-08-29,7,0.05,11.3,14.0
moonee_valley,Moonee Valley,25060,-37.74941300567491,144.887461013023,-37.7,144.9,44.0,Australia/Sydney,air_quality_2026-08-26.json,2026-08-29T08:00:00+1000,2026-08-28T22:00:00+0000,2026-08-29,8,0.4,12.3,14.9
moonee_valley,Moonee Valley,25060,-37.74941300567491,144.887461013023,-37.7,144.9,44.0,Australia/Sydney,air_quality_2026-08-26.json,2026-08-29T09:00:00+1000,2026-08-28T23:00:00+0000,2026-08-29,9,1.05,11.6,15.7
moonee_valley,Moonee Valley,25060,-37.74941300567491,144.887461013023,-37.7,144.9,44.0,Australia/Sydney,air_quality_2026-08-26.json,2026-08-29T10:00:00+1000,2026-08-29T00:00:00+0000,2026-08-29,10,1.95,11.9,17.6
moonee_valley,Moonee Valley,25060,-37.74941300567491,144.887461013023,-37.7,144.9,44.0,Australia/Sydney,air_quality_2026-08-26.json,2026-08-29T11:00:00+1000,2026-08-29T01:00:00+0000,2026-08-29,11,2.55,11.5,17.9
moonee_valley,Moonee Valley,25060,-37.74941300567491,144.887461013023,-37.7,144.9,44.0,Australia/Sydney,air_quality_2026-08-26.json,2026-08-29T12:00:00+1000,2026-08-29T02:00:00+0000,2026-08-29,12,2.75,11.1,17.2
moonee_valley,Moonee Valley,25060,-37.74941300567491,144.887461013023,-37.7,144.9,44.0,Australia/Sydney,air_quality_2026-08-26.json,2026-08-29T13:00:00+1000,2026-08-29T03:00:00+0000,2026-08-29,13,2.55,11.1,17.1
moonee_valley,Moonee Valley,25060,-37.74941300567491,144.887461013023,-37.7,144.9,44.0,Australia/Sydney,air_quality_2026-08-26.json,2026-08-29T14:00:00+1000,2026-08-29T04:00:00+0000,2026-08-29,14,1.85,11.0,16.8
moonee_valley,Moonee Valley,25060,-37.74941300567491,144.887461013023,-37.7,144.9,44.0,Australia/Sydney,air_quality_2026-08-26.json,2026-08-29T15:00:00+1000,2026-08-29T05:00:00+0000,2026-08-29,15,1.05,11.3,17.0
moonee_valley,Moonee Valley,25060,-37.74941300567491,144.887461013023,-37.7,144.9,44.0,Australia/Sydney,air_quality_2026-08-26.json,2026-08-29T16:00:00+1000,2026-08-29T06:00:00+0000,2026-08-29,16,0.4,12.5,18.7
moonee_valley,Moonee Valley,25060,-37.74941300567491,144.887461013023,-37.7,144.9,44.0,Australia/Sydney,air_quality_2026-08-26.json,2026-08-29T17:00:00+1000,2026-08-29T07:00:00+0000,2026-08-29,17,0.1,13.8,20.7
moonee_valley,Moonee Valley,25060,-37.74941300567491,144.887461013023,-37.7,144.9,44.0,Australia/Sydney,air_quality_2026-08-26.json,2026-08-29T18:00:00+1000,2026-08-29T08:00:00+0000,2026-08-29,18,0.0,15.7,23.2
moonee_valley,Moonee Valley,25060,-37.74941300567491,144.887461013023,-37.7,144.9,44.0,Australia/Sydney,air_quality_2026-08-26.json,2026-08-29T19:00:00+1000,2026-08-29T09:00:00+0000,2026-08-29,19,0.0,14.3,19.7
moonee_valley,Moonee Valley,25060,-37.74941300567491,144.887461013023,-37.7,144.9,44.0,Australia/Sydney,air_quality_2026-08-26.json,2026-08-29T20:00:00+1000,2026-08-29T10:00:00+0000,2026-08-29,20,0.0,14.2,19.1
moonee_valley,Moonee Valley,25060,-37.74941300567491,144.887461013023,-37.7,144.9,44.0,Australia/Sydney,air_quality_2026-08-26.json,2026-08-29T21:00:00+1000,2026-08-29T11:00:00+0000,2026-08-29,21,0.0,14.4,19.3
moonee_valley,Moonee Valley,25060,-37.74941300567491,144.887461013023,-37.7,144.9,44.0,Australia/Sydney,air_quality_2026-08-26.json,2026-08-29T22:00:00+1000,2026-08-29T12:00:00+0000,2026-08-29,22,0.0,12.7,16.9
moonee_valley,Moonee Valley,25060,-37.74941300567491,144.887461013023,-37.7,144.9,44.0,Australia/Sydney,air_quality_2026-08-26.json,2026-08-29T23:00:00+1000,2026-08-29T13:00:00+0000,2026-08-29,23,0.0,11.0,14.6
moonee_valley,Moonee Valley,25060,-37.74941300567491,144.887461013023,-37.7,144.9,44.0,Australia/Sydney,air_quality_2026-08-26.json,2026-08-30T00:00:00+1000,2026-08-29T14:00:00+0000,2026-08-30,0,0.0,9.6,12.7
moonee_valley,Moonee Valley,25060,-37.74941300567491,144.887461013023,-37.7,144.9,44.0,Australia/Sydney,air_quality_2026-08-26.json,2026-08-30T01:00:00+1000,2026-08-29T15:00:00+0000,2026-08-30,1,0.0,8.4,11.3
moonee_valley,Moonee Valley,25060,-37.74941300567491,144.887461013023,-37.7,144.9,44.0,Australia/Sydney,air_quality_2026-08-26.json,2026-08-30T02:00:00+1000,2026-08-29T16:00:00+0000,2026-08-30,2,0.0,7.5,10.3
moonee_valley,Moonee Valley,25060,-37.74941300567491,144.887461013023,-37.7,144.9,44.0,Australia/Sydney,air_quality_2026-08-26.json,2026-08-30T03:00:00+1000,2026-08-29T17:00:00+0000,2026-08-30,3,0.0,7.0,9.7
moonee_valley,Moonee Valley,25060,-37.74941300567491,144.887461013023,-37.7,144.9,44.0,Australia/Sydney,air_quality_2026-08-26.json,2026-08-30T04:00:00+1000,2026-08-29T18:00:00+0000,2026-08-30,4,0.0,6.6,9.3
moonee_valley,Moonee Valley,25060,-37.74941300567491,144.887461013023,-37.7,144.9,44.0,Australia/Sydney,air_quality_2026-08-26.json,2026-08-30T05:00:00+1000,2026-08-29T19:00:00+0000,2026-08-30,5,0.0,6.5,9.2
moonee_valley,Moonee Valley,25060,-37.74941300567491,144.887461013023,-37.7,144.9,44.0,Australia/Sydney,air_quality_2026-08-26.json,2026-08-30T06:00:00+1000,2026-08-29T20:00:00+0000,2026-08-30,6,0.0,6.9,9.6
moonee_valley,Moonee Valley,25060,-37.74941300567491,144.887461013023,-37.7,144.9,44.0,Australia/Sydney,air_quality_2026-08-26.json,2026-08-30T07:00:00+1000,2026-08-29T21:00:00+0000,2026-08-30,7,0.05,8.2,11.0
moonee_valley,Moonee Valley,25060,-37.74941300567491,144.887461013023,-37.7,144.9,44.0,Australia/Sydney,air_quality_2026-08-26.json,2026-08-30T08:00:00+1000,2026-08-29T22:00:00+0000,2026-08-30,8,0.25,10.3,13.8
moonee_valley,Moonee Valley,25060,-37.74941300567491,144.887461013023,-37.7,144.9,44.0,Australia/Sydney,air_quality_2026-08-26.json,2026-08-30T09:00:00+1000,2026-08-29T23:00:00+0000,2026-08-30,9,0.8,10.0,14.0
moonee_valley,Moonee Valley,25060,-37.74941300567491,144.887461013023,-37.7,144.9,44.0,Australia/Sydney,air_quality_2026-08-26.json,2026-08-30T10:00:00+1000,2026-08-30T00:00:00+0000,2026-08-30,10,1.75,9.8,14.4
moonee_valley,Moonee Valley,25060,-37.74941300567491,144.887461013023,-37.7,144.9,44.0,Australia/Sydney,air_quality_2026-08-26.json,2026-08-30T11:00:00+1000,2026-08-30T01:00:00+0000,2026-08-30,11,2.75,10.2,15.3
moonee_valley,Moonee Valley,25060,-37.74941300567491,144.887461013023,-37.7,144.9,44.0,Australia/Sydney,air_quality_2026-08-26.json,2026-08-30T12:00:00+1000,2026-08-30T02:00:00+0000,2026-08-30,12,3.25,10.5,15.6
moonee_valley,Moonee Valley,25060,-37.74941300567491,144.887461013023,-37.7,144.9,44.0,Australia/Sydney,air_quality_2026-08-26.json,2026-08-30T13:00:00+1000,2026-08-30T03:00:00+0000,2026-08-30,13,3.55,10.6,15.5
moonee_valley,Moonee Valley,25060,-37.74941300567491,144.887461013023,-37.7,144.9,44.0,Australia/Sydney,air_quality_2026-08-26.json,2026-08-30T14:00:00+1000,2026-08-30T04:00:00+0000,2026-08-30,14,3.15,9.8,14.4
moonee_valley,Moonee Valley,25060,-37.74941300567491,144.887461013023,-37.7,144.9,44.0,Australia/Sydney,air_quality_2026-08-26.json,2026-08-30T15:00:00+1000,2026-08-30T05:00:00+0000,2026-08-30,15,1.9,9.8,14.3
moonee_valley,Moonee Valley,25060,-37.74941300567491,144.887461013023,-37.7,144.9,44.0,Australia/Sydney,air_quality_2026-08-26.json,2026-08-30T16:00:00+1000,2026-08-30T06:00:00+0000,2026-08-30,16,0.8,10.0,14.3
moonee_valley,Moonee Valley,25060,-37.74941300567491,144.887461013023,-37.7,144.9,44.0,Australia/Sydney,air_quality_2026-08-26.json,2026-08-30T17:00:00+1000,2026-08-30T07:00:00+0000,2026-08-30,17,0.2,10.1,14.6
moonee_valley,Moonee Valley,25060,-37.74941300567491,144.887461013023,-37.7,144.9,44.0,Australia/Sydney,air_quality_2026-08-26.json,2026-08-30T18:00:00+1000,2026-08-30T08:00:00+0000,2026-08-30,18,0.0,11.7,16.0
moonee_valley,Moonee Valley,25060,-37.74941300567491,144.887461013023,-37.7,144.9,44.0,Australia/Sydney,air_quality_2026-08-26.json,2026-08-30T19:00:00+1000,2026-08-30T09:00:00+0000,2026-08-30,19,0.0,12.2,15.8
moonee_valley,Moonee Valley,25060,-37.74941300567491,144.887461013023,-37.7,144.9,44.0,Australia/Sydney,air_quality_2026-08-26.json,2026-08-30T20:00:00+1000,2026-08-30T10:00:00+0000,2026-08-30,20,0.0,12.0,15.0
moonee_valley,Moonee Valley,25060,-37.74941300567491,144.887461013023,-37.7,144.9,44.0,Australia/Sydney,air_quality_2026-08-26.json,2026-08-30T21:00:00+1000,2026-08-30T11:00:00+0000,2026-08-30,21,0.0,12.3,15.3
moonee_valley,Moonee Valley,25060,-37.74941300567491,144.887461013023,-37.7,144.9,44.0,Australia/Sydney,air_quality_2026-08-26.json,2026-08-30T22:00:00+1000,2026-08-30T12:00:00+0000,2026-08-30,22,0.0,13.1,16.1
mornington_peninsula,Mornington Peninsula,25340,-38.33087456312881,145.0821873780605,-38.3,145.1,124.0,Australia/Sydney,air_quality_2026-08-26.json,2026-08-26T00:00:00+1000,2026-08-25T14:00:00+0000,2026-08-26,0,0.0,5.0,8.6
mornington_peninsula,Mornington Peninsula,25340,-38.33087456312881,145.0821873780605,-38.3,145.1,124.0,Australia/Sydney,air_quality_2026-08-26.json,2026-08-26T01:00:00+1000,2026-08-25T15:00:00+0000,2026-08-26,1,0.0,5.7,10.0
mornington_peninsula,Mornington Peninsula,25340,-38.33087456312881,145.0821873780605,-38.3,145.1,124.0,Australia/Sydney,air_quality_2026-08-26.json,2026-08-26T02:00:00+1000,2026-08-25T16:00:00+0000,2026-08-26,2,0.0,6.5,11.3
mornington_peninsula,Mornington Peninsula,25340,-38.33087456312881,145.0821873780605,-38.3,145.1,124.0,Australia/Sydney,air_quality_2026-08-26.json,2026-08-26T03:00:00+1000,2026-08-25T17:00:00+0000,2026-08-26,3,0.0,7.2,12.4
mornington_peninsula,Mornington Peninsula,25340,-38.33087456312881,145.0821873780605,-38.3,145.1,124.0,Australia/Sydney,air_quality_2026-08-26.json,2026-08-26T04:00:00+1000,2026-08-25T18:00:00+0000,2026-08-26,4,0.0,7.2,12.4
mornington_peninsula,Mornington Peninsula,25340,-38.33087456312881,145.0821873780605,-38.3,145.1,124.0,Australia/Sydney,air_quality_2026-08-26.json,2026-08-26T05:00:00+1000,2026-08-25T19:00:00+0000,2026-08-26,5,0.0,7.1,12.2
mornington_peninsula,Mornington Peninsula,25340,-38.33087456312881,145.0821873780605,-38.3,145.1,124.0,Australia/Sydney,air_quality_2026-08-26.json,2026-08-26T06:00:00+1000,2026-08-25T20:00:00+0000,2026-08-26,6,0.0,6.7,11.4
mornington_peninsula,Mornington Peninsula,25340,-38.33087456312881,145.0821873780605,-38.3,145.1,124.0,Australia/Sydney,air_quality_2026-08-26.json,2026-08-26T07:00:00+1000,2026-08-25T21:00:00+0000,2026-08-26,7,0.05,6.5,10.9
mornington_peninsula,Mornington Peninsula,25340,-38.33087456312881,145.0821873780605,-38.3,145.1,124.0,Australia/Sydney,air_quality_2026-08-26.json,2026-08-26T08:00:00+1000,2026-08-25T22:00:00+0000,2026-08-26,8,0.35,6.7,11.1
mornington_peninsula,Mornington Peninsula,25340,-38.33087456312881,145.0821873780605,-38.3,145.1,124.0,Australia/Sydney,air_quality_2026-08-26.json,2026-08-26T09:00:00+1000,2026-08-25T23:00:00+0000,2026-08-26,9,1.1,7.6,13.0
mornington_peninsula,Mornington Peninsula,25340,-38.33087456312881,145.0821873780605,-38.3,145.1,124.0,Australia/Sydney,air_quality_2026-08-26.json,2026-08-26T10:00:00+1000,2026-08-26T00:00:00+0000,2026-08-26,10,2.05,7.4,12.5
mornington_peninsula,Mornington Peninsula,25340,-38.33087456312881,145.0821873780605,-38.3,145.1,124.0,Australia/Sydney,air_quality_2026-08-26.json,2026-08-26T11:00:00+1000,2026-08-26T01:00:00+0000,2026-08-26,11,2.9,7.2,12.3
mornington_peninsula,Mornington Peninsula,25340,-38.33087456312881,145.0821873780605,-38.3,145.1,124.0,Australia/Sydney,air_quality_2026-08-26.json,2026-08-26T12:00:00+1000,2026-08-26T02:00:00+0000,2026-08-26,12,3.25,7.3,12.4
mornington_peninsula,Mornington Peninsula,25340,-38.33087456312881,145.0821873780605,-38.3,145.1,124.0,Australia/Sydney,air_quality_2026-08-26.json,2026-08-26T13:00:00+1000,2026-08-26T03:00:00+0000,2026-08-26,13,2.85,7.0,11.9
mornington_peninsula,Mornington Peninsula,25340,-38.33087456312881,145.0821873780605,-38.3,145.1,124.0,Australia/Sydney,air_quality_2026-08-26.json,2026-08-26T14:00:00+1000,2026-08-26T04:00:00+0000,2026-08-26,14,2.2,6.9,11.8
mornington_peninsula,Mornington Peninsula,25340,-38.33087456312881,145.0821873780605,-38.3,145.1,124.0,Australia/Sydney,air_quality_2026-08-26.json,2026-08-26T15:00:00+1000,2026-08-26T05:00:00+0000,2026-08-26,15,1.3,6.8,11.6
mornington_peninsula,Mornington Peninsula,25340,-38.33087456312881,145.0821873780605,-38.3,145.1,124.0,Australia/Sydney,air_quality_2026-08-26.json,2026-08-26T16:00:00+1000,2026-08-26T06:00:00+0000,2026-08-26,16,0.5,6.8,11.5
mornington_peninsula,Mornington Peninsula,25340,-38.33087456312881,145.0821873780605,-38.3,145.1,124.0,Australia/Sydney,air_quality_2026-08-26.json,2026-08-26T17:00:00+1000,2026-08-26T07:00:00+0000,2026-08-26,17,0.1,6.8,11.4
mornington_peninsula,Mornington Peninsula,25340,-38.33087456312881,145.0821873780605,-38.3,145.1,124.0,Australia/Sydney,air_quality_2026-08-26.json,2026-08-26T18:00:00+1000,2026-08-26T08:00:00+0000,2026-08-26,18,0.0,6.9,11.4
mornington_peninsula,Mornington Peninsula,25340,-38.33087456312881,145.0821873780605,-38.3,145.1,124.0,Australia/Sydney,air_quality_2026-08-26.json,2026-08-26T19:00:00+1000,2026-08-26T09:00:00+0000,2026-08-26,19,0.0,7.2,11.7
mornington_peninsula,Mornington Peninsula,25340,-38.33087456312881,145.0821873780605,-38.3,145.1,124.0,Australia/Sydney,air_quality_2026-08-26.json,2026-08-26T20:00:00+1000,2026-08-26T10:00:00+0000,2026-08-26,20,0.0,7.4,11.9
mornington_peninsula,Mornington Peninsula,25340,-38.33087456312881,145.0821873780605,-38.3,145.1,124.0,Australia/Sydney,air_quality_2026-08-26.json,2026-08-26T21:00:00+1000,2026-08-26T11:00:00+0000,2026-08-26,21,0.0,7.6,12.2
mornington_peninsula,Mornington Peninsula,25340,-38.33087456312881,145.0821873780605,-38.3,145.1,124.0,Australia/Sydney,air_quality_2026-08-26.json,2026-08-26T22:00:00+1000,2026-08-26T12:00:00+0000,2026-08-26,22,0.0,7.7,12.4
mornington_peninsula,Mornington Peninsula,25340,-38.33087456312881,145.0821873780605,-38.3,145.1,124.0,Australia/Sydney,air_quality_2026-08-26.json,2026-08-26T23:00:00+1000,2026-08-26T13:00:00+0000,2026-08-26,23,0.0,7.9,12.6
mornington_peninsula,Mornington Peninsula,25340,-38.33087456312881,145.0821873780605,-38.3,145.1,124.0,Australia/Sydney,air_quality_2026-08-26.json,2026-08-27T00:00:00+1000,2026-08-26T14:00:00+0000,2026-08-27,0,0.0,8.2,13.0
mornington_peninsula,Mornington Peninsula,25340,-38.33087456312881,145.0821873780605,-38.3,145.1,124.0,Australia/Sydney,air_quality_2026-08-26.json,2026-08-27T01:00:00+1000,2026-08-26T15:00:00+0000,2026-08-27,1,0.0,8.3,13.2
mornington_peninsula,Mornington Peninsula,25340,-38.33087456312881,145.0821873780605,-38.3,145.1,124.0,Australia/Sydney,air_quality_2026-08-26.json,2026-08-27T02:00:00+1000,2026-08-26T16:00:00+0000,2026-08-27,2,0.0,8.1,12.9
mornington_peninsula,Mornington Peninsula,25340,-38.33087456312881,145.0821873780605,-38.3,145.1,124.0,Australia/Sydney,air_quality_2026-08-26.json,2026-08-27T03:00:00+1000,2026-08-26T17:00:00+0000,2026-08-27,3,0.0,7.9,12.6
mornington_peninsula,Mornington Peninsula,25340,-38.33087456312881,145.0821873780605,-38.3,145.1,124.0,Australia/Sydney,air_quality_2026-08-26.json,2026-08-27T04:00:00+1000,2026-08-26T18:00:00+0000,2026-08-27,4,0.0,7.8,12.4
mornington_peninsula,Mornington Peninsula,25340,-38.33087456312881,145.0821873780605,-38.3,145.1,124.0,Australia/Sydney,air_quality_2026-08-26.json,2026-08-27T05:00:00+1000,2026-08-26T19:00:00+0000,2026-08-27,5,0.0,7.8,12.3
mornington_peninsula,Mornington Peninsula,25340,-38.33087456312881,145.0821873780605,-38.3,145.1,124.0,Australia/Sydney,air_quality_2026-08-26.json,2026-08-27T06:00:00+1000,2026-08-26T20:00:00+0000,2026-08-27,6,0.0,8.0,12.4
mornington_peninsula,Mornington Peninsula,25340,-38.33087456312881,145.0821873780605,-38.3,145.1,124.0,Australia/Sydney,air_quality_2026-08-26.json,2026-08-27T07:00:00+1000,2026-08-26T21:00:00+0000,2026-08-27,7,0.05,8.7,12.9
mornington_peninsula,Mornington Peninsula,25340,-38.33087456312881,145.0821873780605,-38.3,145.1,124.0,Australia/Sydney,air_quality_2026-08-26.json,2026-08-27T08:00:00+1000,2026-08-26T22:00:00+0000,2026-08-27,8,0.3,9.0,12.4
mornington_peninsula,Mornington Peninsula,25340,-38.33087456312881,145.0821873780605,-38.3,145.1,124.0,Australia/Sydney,air_quality_2026-08-26.json,2026-08-27T09:00:00+1000,2026-08-26T23:00:00+0000,2026-08-27,9,0.9,8.5,11.8
mornington_peninsula,Mornington Peninsula,25340,-38.33087456312881,145.0821873780605,-38.3,145.1,124.0,Australia/Sydney,air_quality_2026-08-26.json,2026-08-27T10:00:00+1000,2026-08-27T00:00:00+0000,2026-08-27,10,1.85,7.4,11.7
mornington_peninsula,Mornington Peninsula,25340,-38.33087456312881,145.0821873780605,-38.3,145.1,124.0,Australia/Sydney,air_quality_2026-08-26.json,2026-08-27T11:00:00+1000,2026-08-27T01:00:00+0000,2026-08-27,11,2.35,7.2,11.6
mornington_peninsula,Mornington Peninsula,25340,-38.33087456312881,145.0821873780605,-38.3,145.1,124.0,Australia/Sydney,air_quality_2026-08-26.json,2026-08-27T12:00:00+1000,2026-08-27T02:00:00+0000,2026-08-27,12,2.7,7.5,11.8
mornington_peninsula,Mornington Peninsula,25340,-38.33087456312881,145.0821873780605,-38.3,145.1,124.0,Australia/Sydney,air_quality_2026-08-26.json,2026-08-27T13:00:00+1000,2026-08-27T03:00:00+0000,2026-08-27,13,2.8,8.0,12.4
mornington_peninsula,Mornington Peninsula,25340,-38.33087456312881,145.0821873780605,-38.3,145.1,124.0,Australia/Sydney,air_quality_2026-08-26.json,2026-08-27T14:00:00+1000,2026-08-27T04:00:00+0000,2026-08-27,14,2.35,8.2,12.5
mornington_peninsula,Mornington Peninsula,25340,-38.33087456312881,145.0821873780605,-38.3,145.1,124.0,Australia/Sydney,air_quality_2026-08-26.json,2026-08-27T15:00:00+1000,2026-08-27T05:00:00+0000,2026-08-27,15,1.4,8.1,12.3
mornington_peninsula,Mornington Peninsula,25340,-38.33087456312881,145.0821873780605,-38.3,145.1,124.0,Australia/Sydney,air_quality_2026-08-26.json,2026-08-27T16:00:00+1000,2026-08-27T06:00:00+0000,2026-08-27,16,0.55,7.8,11.8
mornington_peninsula,Mornington Peninsula,25340,-38.33087456312881,145.0821873780605,-38.3,145.1,124.0,Australia/Sydney,air_quality_2026-08-26.json,2026-08-27T17:00:00+1000,2026-08-27T07:00:00+0000,2026-08-27,17,0.1,7.5,11.2
mornington_peninsula,Mornington Peninsula,25340,-38.33087456312881,145.0821873780605,-38.3,145.1,124.0,Australia/Sydney,air_quality_2026-08-26.json,2026-08-27T18:00:00+1000,2026-08-27T08:00:00+0000,2026-08-27,18,0.0,7.5,10.9
mornington_peninsula,Mornington Peninsula,25340,-38.33087456312881,145.0821873780605,-38.3,145.1,124.0,Australia/Sydney,air_quality_2026-08-26.json,2026-08-27T19:00:00+1000,2026-08-27T09:00:00+0000,2026-08-27,19,0.0,7.5,10.6
mornington_peninsula,Mornington Peninsula,25340,-38.33087456312881,145.0821873780605,-38.3,145.1,124.0,Australia/Sydney,air_quality_2026-08-26.json,2026-08-27T20:00:00+1000,2026-08-27T10:00:00+0000,2026-08-27,20,0.0,7.3,10.0
mornington_peninsula,Mornington Peninsula,25340,-38.33087456312881,145.0821873780605,-38.3,145.1,124.0,Australia/Sydney,air_quality_2026-08-26.json,2026-08-27T21:00:00+1000,2026-08-27T11:00:00+0000,2026-08-27,21,0.0,7.0,9.4
mornington_peninsula,Mornington Peninsula,25340,-38.33087456312881,145.0821873780605,-38.3,145.1,124.0,Australia/Sydney,air_quality_2026-08-26.json,2026-08-27T22:00:00+1000,2026-08-27T12:00:00+0000,2026-08-27,22,0.0,7.0,9.1
mornington_peninsula,Mornington Peninsula,25340,-38.33087456312881,145.0821873780605,-38.3,145.1,124.0,Australia/Sydney,air_quality_2026-08-26.json,2026-08-27T23:00:00+1000,2026-08-27T13:00:00+0000,2026-08-27,23,0.0,6.6,8.5
mornington_peninsula,Mornington Peninsula,25340,-38.33087456312881,145.0821873780605,-38.3,145.1,124.0,Australia/Sydney,air_quality_2026-08-26.json,2026-08-28T00:00:00+1000,2026-08-27T14:00:00+0000,2026-08-28,0,0.0,6.6,8.3
mornington_peninsula,Mornington Peninsula,25340,-38.33087456312881,145.0821873780605,-38.3,145.1,124.0,Australia/Sydney,air_quality_2026-08-26.json,2026-08-28T01:00:00+1000,2026-08-27T15:00:00+0000,2026-08-28,1,0.0,6.8,8.5
mornington_peninsula,Mornington Peninsula,25340,-38.33087456312881,145.0821873780605,-38.3,145.1,124.0,Australia/Sydney,air_quality_2026-08-26.json,2026-08-28T02:00:00+1000,2026-08-27T16:00:00+0000,2026-08-28,2,0.0,6.7,8.3
mornington_peninsula,Mornington Peninsula,25340,-38.33087456312881,145.0821873780605,-38.3,145.1,124.0,Australia/Sydney,air_quality_2026-08-26.json,2026-08-28T03:00:00+1000,2026-08-27T17:00:00+0000,2026-08-28,3,0.0,6.2,7.7
mornington_peninsula,Mornington Peninsula,25340,-38.33087456312881,145.0821873780605,-38.3,145.1,124.0,Australia/Sydney,air_quality_2026-08-26.json,2026-08-28T04:00:00+1000,2026-08-27T18:00:00+0000,2026-08-28,4,0.0,5.6,7.0
mornington_peninsula,Mornington Peninsula,25340,-38.33087456312881,145.0821873780605,-38.3,145.1,124.0,Australia/Sydney,air_quality_2026-08-26.json,2026-08-28T05:00:00+1000,2026-08-27T19:00:00+0000,2026-08-28,5,0.0,4.7,5.9
mornington_peninsula,Mornington Peninsula,25340,-38.33087456312881,145.0821873780605,-38.3,145.1,124.0,Australia/Sydney,air_quality_2026-08-26.json,2026-08-28T06:00:00+1000,2026-08-27T20:00:00+0000,2026-08-28,6,0.0,4.0,5.1
mornington_peninsula,Mornington Peninsula,25340,-38.33087456312881,145.0821873780605,-38.3,145.1,124.0,Australia/Sydney,air_quality_2026-08-26.json,2026-08-28T07:00:00+1000,2026-08-27T21:00:00+0000,2026-08-28,7,0.0,4.0,5.2
mornington_peninsula,Mornington Peninsula,25340,-38.33087456312881,145.0821873780605,-38.3,145.1,124.0,Australia/Sydney,air_quality_2026-08-26.json,2026-08-28T08:00:00+1000,2026-08-27T22:00:00+0000,2026-08-28,8,0.15,3.8,4.9
mornington_peninsula,Mornington Peninsula,25340,-38.33087456312881,145.0821873780605,-38.3,145.1,124.0,Australia/Sydney,air_quality_2026-08-26.json,2026-08-28T09:00:00+1000,2026-08-27T23:00:00+0000,2026-08-28,9,0.65,3.8,4.8
mornington_peninsula,Mornington Peninsula,25340,-38.33087456312881,145.0821873780605,-38.3,145.1,124.0,Australia/Sydney,air_quality_2026-08-26.json,2026-08-28T10:00:00+1000,2026-08-28T00:00:00+0000,2026-08-28,10,1.75,3.8,4.9
mornington_peninsula,Mornington Peninsula,25340,-38.33087456312881,145.0821873780605,-38.3,145.1,124.0,Australia/Sydney,air_quality_2026-08-26.json,2026-08-28T11:00:00+1000,2026-08-28T01:00:00+0000,2026-08-28,11,2.5,4.9,7.3
mornington_peninsula,Mornington Peninsula,25340,-38.33087456312881,145.0821873780605,-38.3,145.1,124.0,Australia/Sydney,air_quality_2026-08-26.json,2026-08-28T12:00:00+1000,2026-08-28T02:00:00+0000,2026-08-28,12,3.3,7.6,12.5
mornington_peninsula,Mornington Peninsula,25340,-38.33087456312881,145.0821873780605,-38.3,145.1,124.0,Australia/Sydney,air_quality_2026-08-26.json,2026-08-28T13:00:00+1000,2026-08-28T03:00:00+0000,2026-08-28,13,3.35,10.7,17.9
mornington_peninsula,Mornington Peninsula,25340,-38.33087456312881,145.0821873780605,-38.3,145.1,124.0,Australia/Sydney,air_quality_2026-08-26.json,2026-08-28T14:00:00+1000,2026-08-28T04:00:00+0000,2026-08-28,14,2.65,10.8,18.1
mornington_peninsula,Mornington Peninsula,25340,-38.33087456312881,145.0821873780605,-38.3,145.1,124.0,Australia/Sydney,air_quality_2026-08-26.json,2026-08-28T15:00:00+1000,2026-08-28T05:00:00+0000,2026-08-28,15,1.65,10.9,18.4
mornington_peninsula,Mornington Peninsula,25340,-38.33087456312881,145.0821873780605,-38.3,145.1,124.0,Australia/Sydney,air_quality_2026-08-26.json,2026-08-28T16:00:00+1000,2026-08-28T06:00:00+0000,2026-08-28,16,0.7,11.0,18.5
mornington_peninsula,Mornington Peninsula,25340,-38.33087456312881,145.0821873780605,-38.3,145.1,124.0,Australia/Sydney,air_quality_2026-08-26.json,2026-08-28T17:00:00+1000,2026-08-28T07:00:00+0000,2026-08-28,17,0.15,11.2,18.8
mornington_peninsula,Mornington Peninsula,25340,-38.33087456312881,145.0821873780605,-38.3,145.1,124.0,Australia/Sydney,air_quality_2026-08-26.json,2026-08-28T18:00:00+1000,2026-08-28T08:00:00+0000,2026-08-28,18,0.0,11.8,19.5
mornington_peninsula,Mornington Peninsula,25340,-38.33087456312881,145.0821873780605,-38.3,145.1,124.0,Australia/Sydney,air_quality_2026-08-26.json,2026-08-28T19:00:00+1000,2026-08-28T09:00:00+0000,2026-08-28,19,0.0,12.5,20.3
mornington_peninsula,Mornington Peninsula,25340,-38.33087456312881,145.0821873780605,-38.3,145.1,124.0,Australia/Sydney,air_quality_2026-08-26.json,2026-08-28T20:00:00+1000,2026-08-28T10:00:00+0000,2026-08-28,20,0.0,11.8,18.7
mornington_peninsula,Mornington Peninsula,25340,-38.33087456312881,145.0821873780605,-38.3,145.1,124.0,Australia/Sydney,air_quality_2026-08-26.json,2026-08-28T21:00:00+1000,2026-08-28T11:00:00+0000,2026-08-28,21,0.0,11.4,18.0
mornington_peninsula,Mornington Peninsula,25340,-38.33087456312881,145.0821873780605,-38.3,145.1,124.0,Australia/Sydney,air_quality_2026-08-26.json,2026-08-28T22:00:00+1000,2026-08-28T12:00:00+0000,2026-08-28,22,0.0,12.1,19.2
mornington_peninsula,Mornington Peninsula,25340,-38.33087456312881,145.0821873780605,-38.3,145.1,124.0,Australia/Sydney,air_quality_2026-08-26.json,2026-08-28T23:00:00+1000,2026-08-28T13:00:00+0000,2026-08-28,23,0.0,12.3,19.6
mornington_peninsula,Mornington Peninsula,25340,-38.33087456312881,145.0821873780605,-38.3,145.1,124.0,Australia/Sydney,air_quality_2026-08-26.json,2026-08-29T00:00:00+1000,2026-08-28T14:00:00+0000,2026-08-29,0,0.0,12.5,19.8
mornington_peninsula,Mornington Peninsula,25340,-38.33087456312881,145.0821873780605,-38.3,145.1,124.0,Australia/Sydney,air_quality_2026-08-26.json,2026-08-29T01:00:00+1000,2026-08-28T15:00:00+0000,2026-08-29,1,0.0,12.5,19.7
mornington_peninsula,Mornington Peninsula,25340,-38.33087456312881,145.0821873780605,-38.3,145.1,124.0,Australia/Sydney,air_quality_2026-08-26.json,2026-08-29T02:00:00+1000,2026-08-28T16:00:00+0000,2026-08-29,2,0.0,12.1,19.2
mornington_peninsula,Mornington Peninsula,25340,-38.33087456312881,145.0821873780605,-38.3,145.1,124.0,Australia/Sydney,air_quality_2026-08-26.json,2026-08-29T03:00:00+1000,2026-08-28T17:00:00+0000,2026-08-29,3,0.0,11.9,19.1
mornington_peninsula,Mornington Peninsula,25340,-38.33087456312881,145.0821873780605,-38.3,145.1,124.0,Australia/Sydney,air_quality_2026-08-26.json,2026-08-29T04:00:00+1000,2026-08-28T18:00:00+0000,2026-08-29,4,0.0,12.3,20.0
mornington_peninsula,Mornington Peninsula,25340,-38.33087456312881,145.0821873780605,-38.3,145.1,124.0,Australia/Sydney,air_quality_2026-08-26.json,2026-08-29T05:00:00+1000,2026-08-28T19:00:00+0000,2026-08-29,5,0.0,12.4,20.2
mornington_peninsula,Mornington Peninsula,25340,-38.33087456312881,145.0821873780605,-38.3,145.1,124.0,Australia/Sydney,air_quality_2026-08-26.json,2026-08-29T06:00:00+1000,2026-08-28T20:00:00+0000,2026-08-29,6,0.0,12.8,20.8
mornington_peninsula,Mornington Peninsula,25340,-38.33087456312881,145.0821873780605,-38.3,145.1,124.0,Australia/Sydney,air_quality_2026-08-26.json,2026-08-29T07:00:00+1000,2026-08-28T21:00:00+0000,2026-08-29,7,0.05,13.4,21.5
mornington_peninsula,Mornington Peninsula,25340,-38.33087456312881,145.0821873780605,-38.3,145.1,124.0,Australia/Sydney,air_quality_2026-08-26.json,2026-08-29T08:00:00+1000,2026-08-28T22:00:00+0000,2026-08-29,8,0.2,14.4,23.1
mornington_peninsula,Mornington Peninsula,25340,-38.33087456312881,145.0821873780605,-38.3,145.1,124.0,Australia/Sydney,air_quality_2026-08-26.json,2026-08-29T09:00:00+1000,2026-08-28T23:00:00+0000,2026-08-29,9,0.65,13.8,22.4
mornington_peninsula,Mornington Peninsula,25340,-38.33087456312881,145.0821873780605,-38.3,145.1,124.0,Australia/Sydney,air_quality_2026-08-26.json,2026-08-29T10:00:00+1000,2026-08-29T00:00:00+0000,2026-08-29,10,1.15,12.9,21.2
mornington_peninsula,Mornington Peninsula,25340,-38.33087456312881,145.0821873780605,-38.3,145.1,124.0,Australia/Sydney,air_quality_2026-08-26.json,2026-08-29T11:00:00+1000,2026-08-29T01:00:00+0000,2026-08-29,11,1.55,12.8,21.1
mornington_peninsula,Mornington Peninsula,25340,-38.33087456312881,145.0821873780605,-38.3,145.1,124.0,Australia/Sydney,air_quality_2026-08-26.json,2026-08-29T12:00:00+1000,2026-08-29T02:00:00+0000,2026-08-29,12,1.85,11.7,19.3
mornington_peninsula,Mornington Peninsula,25340,-38.33087456312881,145.0821873780605,-38.3,145.1,124.0,Australia/Sydney,air_quality_2026-08-26.json,2026-08-29T13:00:00+1000,2026-08-29T03:00:00+0000,2026-08-29,13,1.85,11.6,19.3
mornington_peninsula,Mornington Peninsula,25340,-38.33087456312881,145.0821873780605,-38.3,145.1,124.0,Australia/Sydney,air_quality_2026-08-26.json,2026-08-29T14:00:00+1000,2026-08-29T04:00:00+0000,2026-08-29,14,1.4,12.7,21.0
mornington_peninsula,Mornington Peninsula,25340,-38.33087456312881,145.0821873780605,-38.3,145.1,124.0,Australia/Sydney,air_quality_2026-08-26.json,2026-08-29T15:00:00+1000,2026-08-29T05:00:00+0000,2026-08-29,15,0.85,14.1,23.3
mornington_peninsula,Mornington Peninsula,25340,-38.33087456312881,145.0821873780605,-38.3,145.1,124.0,Australia/Sydney,air_quality_2026-08-26.json,2026-08-29T16:00:00+1000,2026-08-29T06:00:00+0000,2026-08-29,16,0.4,17.5,28.9
mornington_peninsula,Mornington Peninsula,25340,-38.33087456312881,145.0821873780605,-38.3,145.1,124.0,Australia/Sydney,air_quality_2026-08-26.json,2026-08-29T17:00:00+1000,2026-08-29T07:00:00+0000,2026-08-29,17,0.1,15.5,25.6
mornington_peninsula,Mornington Peninsula,25340,-38.33087456312881,145.0821873780605,-38.3,145.1,124.0,Australia/Sydney,air_quality_2026-08-26.json,2026-08-29T18:00:00+1000,2026-08-29T08:00:00+0000,2026-08-29,18,0.0,13.7,22.5
mornington_peninsula,Mornington Peninsula,25340,-38.33087456312881,145.0821873780605,-38.3,145.1,124.0,Australia/Sydney,air_quality_2026-08-26.json,2026-08-29T19:00:00+1000,2026-08-29T09:00:00+0000,2026-08-29,19,0.0,11.6,18.9
mornington_peninsula,Mornington Peninsula,25340,-38.33087456312881,145.0821873780605,-38.3,145.1,124.0,Australia/Sydney,air_quality_2026-08-26.json,2026-08-29T20:00:00+1000,2026-08-29T10:00:00+0000,2026-08-29,20,0.0,10.4,16.8
mornington_peninsula,Mornington Peninsula,25340,-38.33087456312881,145.0821873780605,-38.3,145.1,124.0,Australia/Sydney,air_quality_2026-08-26.json,2026-08-29T21:00:00+1000,2026-08-29T11:00:00+0000,2026-08-29,21,0.0,10.6,17.2
mornington_peninsula,Mornington Peninsula,25340,-38.33087456312881,145.0821873780605,-38.3,145.1,124.0,Australia/Sydney,air_quality_2026-08-26.json,2026-08-29T22:00:00+1000,2026-08-29T12:00:00+0000,2026-08-29,22,0.0,11.7,18.9
mornington_peninsula,Mornington Peninsula,25340,-38.33087456312881,145.0821873780605,-38.3,145.1,124.0,Australia/Sydney,air_quality_2026-08-26.json,2026-08-29T23:00:00+1000,2026-08-29T13:00:00+0000,2026-08-29,23,0.0,11.9,19.2
mornington_peninsula,Mornington Peninsula,25340,-38.33087456312881,145.0821873780605,-38.3,145.1,124.0,Australia/Sydney,air_quality_2026-08-26.json,2026-08-30T00:00:00+1000,2026-08-29T14:00:00+0000,2026-08-30,0,0.0,11.5,18.5
mornington_peninsula,Mornington Peninsula,25340,-38.33087456312881,145.0821873780605,-38.3,145.1,124.0,Australia/Sydney,air_quality_2026-08-26.json,2026-08-30T01:00:00+1000,2026-08-29T15:00:00+0000,2026-08-30,1,0.0,11.2,18.2
mornington_peninsula,Mornington Peninsula,25340,-38.33087456312881,145.0821873780605,-38.3,145.1,124.0,Australia/Sydney,air_quality_2026-08-26.json,2026-08-30T02:00:00+1000,2026-08-29T16:00:00+0000,2026-08-30,2,0.0,11.4,18.5
mornington_peninsula,Mornington Peninsula,25340,-38.33087456312881,145.0821873780605,-38.3,145.1,124.0,Australia/Sydney,air_quality_2026-08-26.json,2026-08-30T03:00:00+1000,2026-08-29T17:00:00+0000,2026-08-30,3,0.0,10.9,17.8
mornington_peninsula,Mornington Peninsula,25340,-38.33087456312881,145.0821873780605,-38.3,145.1,124.0,Australia/Sydney,air_quality_2026-08-26.json,2026-08-30T04:00:00+1000,2026-08-29T18:00:00+0000,2026-08-30,4,0.0,10.7,17.3
mornington_peninsula,Mornington Peninsula,25340,-38.33087456312881,145.0821873780605,-38.3,145.1,124.0,Australia/Sydney,air_quality_2026-08-26.json,2026-08-30T05:00:00+1000,2026-08-29T19:00:00+0000,2026-08-30,5,0.0,10.5,17.1
mornington_peninsula,Mornington Peninsula,25340,-38.33087456312881,145.0821873780605,-38.3,145.1,124.0,Australia/Sydney,air_quality_2026-08-26.json,2026-08-30T06:00:00+1000,2026-08-29T20:00:00+0000,2026-08-30,6,0.0,10.1,16.4
mornington_peninsula,Mornington Peninsula,25340,-38.33087456312881,145.0821873780605,-38.3,145.1,124.0,Australia/Sydney,air_quality_2026-08-26.json,2026-08-30T07:00:00+1000,2026-08-29T21:00:00+0000,2026-08-30,7,0.05,10.2,16.2
mornington_peninsula,Mornington Peninsula,25340,-38.33087456312881,145.0821873780605,-38.3,145.1,124.0,Australia/Sydney,air_quality_2026-08-26.json,2026-08-30T08:00:00+1000,2026-08-29T22:00:00+0000,2026-08-30,8,0.25,10.7,16.8
mornington_peninsula,Mornington Peninsula,25340,-38.33087456312881,145.0821873780605,-38.3,145.1,124.0,Australia/Sydney,air_quality_2026-08-26.json,2026-08-30T09:00:00+1000,2026-08-29T23:00:00+0000,2026-08-30,9,0.75,12.0,19.2
mornington_peninsula,Mornington Peninsula,25340,-38.33087456312881,145.0821873780605,-38.3,145.1,124.0,Australia/Sydney,air_quality_2026-08-26.json,2026-08-30T10:00:00+1000,2026-08-30T00:00:00+0000,2026-08-30,10,1.4,12.3,19.8
mornington_peninsula,Mornington Peninsula,25340,-38.33087456312881,145.0821873780605,-38.3,145.1,124.0,Australia/Sydney,air_quality_2026-08-26.json,2026-08-30T11:00:00+1000,2026-08-30T01:00:00+0000,2026-08-30,11,2.6,11.9,19.3
mornington_peninsula,Mornington Peninsula,25340,-38.33087456312881,145.0821873780605,-38.3,145.1,124.0,Australia/Sydney,air_quality_2026-08-26.json,2026-08-30T12:00:00+1000,2026-08-30T02:00:00+0000,2026-08-30,12,3.45,10.8,17.8
mornington_peninsula,Mornington Peninsula,25340,-38.33087456312881,145.0821873780605,-38.3,145.1,124.0,Australia/Sydney,air_quality_2026-08-26.json,2026-08-30T13:00:00+1000,2026-08-30T03:00:00+0000,2026-08-30,13,3.35,10.3,16.9
mornington_peninsula,Mornington Peninsula,25340,-38.33087456312881,145.0821873780605,-38.3,145.1,124.0,Australia/Sydney,air_quality_2026-08-26.json,2026-08-30T14:00:00+1000,2026-08-30T04:00:00+0000,2026-08-30,14,2.65,9.7,16.0
mornington_peninsula,Mornington Peninsula,25340,-38.33087456312881,145.0821873780605,-38.3,145.1,124.0,Australia/Sydney,air_quality_2026-08-26.json,2026-08-30T15:00:00+1000,2026-08-30T05:00:00+0000,2026-08-30,15,1.65,9.8,16.2
mornington_peninsula,Mornington Peninsula,25340,-38.33087456312881,145.0821873780605,-38.3,145.1,124.0,Australia/Sydney,air_quality_2026-08-26.json,2026-08-30T16:00:00+1000,2026-08-30T06:00:00+0000,2026-08-30,16,0.75,9.8,16.2
mornington_peninsula,Mornington Peninsula,25340,-38.33087456312881,145.0821873780605,-38.3,145.1,124.0,Australia/Sydney,air_quality_2026-08-26.json,2026-08-30T17:00:00+1000,2026-08-30T07:00:00+0000,2026-08-30,17,0.15,9.6,15.9
mornington_peninsula,Mornington Peninsula,25340,-38.33087456312881,145.0821873780605,-38.3,145.1,124.0,Australia/Sydney,air_quality_2026-08-26.json,2026-08-30T18:00:00+1000,2026-08-30T08:00:00+0000,2026-08-30,18,0.0,9.6,15.6
mornington_peninsula,Mornington Peninsula,25340,-38.33087456312881,145.0821873780605,-38.3,145.1,124.0,Australia/Sydney,air_quality_2026-08-26.json,2026-08-30T19:00:00+1000,2026-08-30T09:00:00+0000,2026-08-30,19,0.0,8.9,14.2
mornington_peninsula,Mornington Peninsula,25340,-38.33087456312881,145.0821873780605,-38.3,145.1,124.0,Australia/Sydney,air_quality_2026-08-26.json,2026-08-30T20:00:00+1000,2026-08-30T10:00:00+0000,2026-08-30,20,0.0,8.9,14.2
mornington_peninsula,Mornington Peninsula,25340,-38.33087456312881,145.0821873780605,-38.3,145.1,124.0,Australia/Sydney,air_quality_2026-08-26.json,2026-08-30T21:00:00+1000,2026-08-30T11:00:00+0000,2026-08-30,21,0.0,9.2,14.4
mornington_peninsula,Mornington Peninsula,25340,-38.33087456312881,145.0821873780605,-38.3,145.1,124.0,Australia/Sydney,air_quality_2026-08-26.json,2026-08-30T22:00:00+1000,2026-08-30T12:00:00+0000,2026-08-30,22,0.0,9.8,15.4
nillumbik,Nillumbik,25710,-37.62918137048658,145.21705692779534,-37.6,145.20001,108.0,Australia/Sydney,air_quality_2026-08-26.json,2026-08-26T00:00:00+1000,2026-08-25T14:00:00+0000,2026-08-26,0,0.0,9.8,10.5
nillumbik,Nillumbik,25710,-37.62918137048658,145.21705692779534,-37.6,145.20001,108.0,Australia/Sydney,air_quality_2026-08-26.json,2026-08-26T01:00:00+1000,2026-08-25T15:00:00+0000,2026-08-26,1,0.0,5.2,6.0
nillumbik,Nillumbik,25710,-37.62918137048658,145.21705692779534,-37.6,145.20001,108.0,Australia/Sydney,air_quality_2026-08-26.json,2026-08-26T02:00:00+1000,2026-08-25T16:00:00+0000,2026-08-26,2,0.0,3.7,4.9
nillumbik,Nillumbik,25710,-37.62918137048658,145.21705692779534,-37.6,145.20001,108.0,Australia/Sydney,air_quality_2026-08-26.json,2026-08-26T03:00:00+1000,2026-08-25T17:00:00+0000,2026-08-26,3,0.0,3.8,5.1
nillumbik,Nillumbik,25710,-37.62918137048658,145.21705692779534,-37.6,145.20001,108.0,Australia/Sydney,air_quality_2026-08-26.json,2026-08-26T04:00:00+1000,2026-08-25T18:00:00+0000,2026-08-26,4,0.0,4.2,5.8
nillumbik,Nillumbik,25710,-37.62918137048658,145.21705692779534,-37.6,145.20001,108.0,Australia/Sydney,air_quality_2026-08-26.json,2026-08-26T05:00:00+1000,2026-08-25T19:00:00+0000,2026-08-26,5,0.0,4.8,6.6
nillumbik,Nillumbik,25710,-37.62918137048658,145.21705692779534,-37.6,145.20001,108.0,Australia/Sydney,air_quality_2026-08-26.json,2026-08-26T06:00:00+1000,2026-08-25T20:00:00+0000,2026-08-26,6,0.0,5.3,7.2
nillumbik,Nillumbik,25710,-37.62918137048658,145.21705692779534,-37.6,145.20001,108.0,Australia/Sydney,air_quality_2026-08-26.json,2026-08-26T07:00:00+1000,2026-08-25T21:00:00+0000,2026-08-26,7,0.0,6.2,8.3
nillumbik,Nillumbik,25710,-37.62918137048658,145.21705692779534,-37.6,145.20001,108.0,Australia/Sydney,air_quality_2026-08-26.json,2026-08-26T08:00:00+1000,2026-08-25T22:00:00+0000,2026-08-26,8,0.2,6.7,9.1
nillumbik,Nillumbik,25710,-37.62918137048658,145.21705692779534,-37.6,145.20001,108.0,Australia/Sydney,air_quality_2026-08-26.json,2026-08-26T09:00:00+1000,2026-08-25T23:00:00+0000,2026-08-26,9,0.7,6.1,8.6
nillumbik,Nillumbik,25710,-37.62918137048658,145.21705692779534,-37.6,145.20001,108.0,Australia/Sydney,air_quality_2026-08-26.json,2026-08-26T10:00:00+1000,2026-08-26T00:00:00+0000,2026-08-26,10,1.75,8.3,12.2
nillumbik,Nillumbik,25710,-37.62918137048658,145.21705692779534,-37.6,145.20001,108.0,Australia/Sydney,air_quality_2026-08-26.json,2026-08-26T11:00:00+1000,2026-08-26T01:00:00+0000,2026-08-26,11,2.5,7.3,10.9
nillumbik,Nillumbik,25710,-37.62918137048658,145.21705692779534,-37.6,145.20001,108.0,Australia/Sydney,air_quality_2026-08-26.json,2026-08-26T12:00:00+1000,2026-08-26T02:00:00+0000,2026-08-26,12,2.55,7.3,11.0
nillumbik,Nillumbik,25710,-37.62918137048658,145.21705692779534,-37.6,145.20001,108.0,Australia/Sydney,air_quality_2026-08-26.json,2026-08-26T13:00:00+1000,2026-08-26T03:00:00+0000,2026-08-26,13,2.45,7.2,10.9
nillumbik,Nillumbik,25710,-37.62918137048658,145.21705692779534,-37.6,145.20001,108.0,Australia/Sydney,air_quality_2026-08-26.json,2026-08-26T14:00:00+1000,2026-08-26T04:00:00+0000,2026-08-26,14,1.7,7.5,11.2
nillumbik,Nillumbik,25710,-37.62918137048658,145.21705692779534,-37.6,145.20001,108.0,Australia/Sydney,air_quality_2026-08-26.json,2026-08-26T15:00:00+1000,2026-08-26T05:00:00+0000,2026-08-26,15,1.1,7.2,10.9
nillumbik,Nillumbik,25710,-37.62918137048658,145.21705692779534,-37.6,145.20001,108.0,Australia/Sydney,air_quality_2026-08-26.json,2026-08-26T16:00:00+1000,2026-08-26T06:00:00+0000,2026-08-26,16,0.5,7.5,11.1
nillumbik,Nillumbik,25710,-37.62918137048658,145.21705692779534,-37.6,145.20001,108.0,Australia/Sydney,air_quality_2026-08-26.json,2026-08-26T17:00:00+1000,2026-08-26T07:00:00+0000,2026-08-26,17,0.1,8.0,11.6
nillumbik,Nillumbik,25710,-37.62918137048658,145.21705692779534,-37.6,145.20001,108.0,Australia/Sydney,air_quality_2026-08-26.json,2026-08-26T18:00:00+1000,2026-08-26T08:00:00+0000,2026-08-26,18,0.0,9.9,13.6
nillumbik,Nillumbik,25710,-37.62918137048658,145.21705692779534,-37.6,145.20001,108.0,Australia/Sydney,air_quality_2026-08-26.json,2026-08-26T19:00:00+1000,2026-08-26T09:00:00+0000,2026-08-26,19,0.0,12.1,15.9
nillumbik,Nillumbik,25710,-37.62918137048658,145.21705692779534,-37.6,145.20001,108.0,Australia/Sydney,air_quality_2026-08-26.json,2026-08-26T20:00:00+1000,2026-08-26T10:00:00+0000,2026-08-26,20,0.0,12.9,16.4
nillumbik,Nillumbik,25710,-37.62918137048658,145.21705692779534,-37.6,145.20001,108.0,Australia/Sydney,air_quality_2026-08-26.json,2026-08-26T21:00:00+1000,2026-08-26T11:00:00+0000,2026-08-26,21,0.0,11.8,14.5
nillumbik,Nillumbik,25710,-37.62918137048658,145.21705692779534,-37.6,145.20001,108.0,Australia/Sydney,air_quality_2026-08-26.json,2026-08-26T22:00:00+1000,2026-08-26T12:00:00+0000,2026-08-26,22,0.0,11.8,14.3
nillumbik,Nillumbik,25710,-37.62918137048658,145.21705692779534,-37.6,145.20001,108.0,Australia/Sydney,air_quality_2026-08-26.json,2026-08-26T23:00:00+1000,2026-08-26T13:00:00+0000,2026-08-26,23,0.0,11.8,14.4
nillumbik,Nillumbik,25710,-37.62918137048658,145.21705692779534,-37.6,145.20001,108.0,Australia/Sydney,air_quality_2026-08-26.json,2026-08-27T00:00:00+1000,2026-08-26T14:00:00+0000,2026-08-27,0,0.0,11.6,14.2
nillumbik,Nillumbik,25710,-37.62918137048658,145.21705692779534,-37.6,145.20001,108.0,Australia/Sydney,air_quality_2026-08-26.json,2026-08-27T01:00:00+1000,2026-08-26T15:00:00+0000,2026-08-27,1,0.0,11.1,13.9
nillumbik,Nillumbik,25710,-37.62918137048658,145.21705692779534,-37.6,145.20001,108.0,Australia/Sydney,air_quality_2026-08-26.json,2026-08-27T02:00:00+1000,2026-08-26T16:00:00+0000,2026-08-27,2,0.0,10.8,13.7
nillumbik,Nillumbik,25710,-37.62918137048658,145.21705692779534,-37.6,145.20001,108.0,Australia/Sydney,air_quality_2026-08-26.json,2026-08-27T03:00:00+1000,2026-08-26T17:00:00+0000,2026-08-27,3,0.0,10.6,13.6
nillumbik,Nillumbik,25710,-37.62918137048658,145.21705692779534,-37.6,145.20001,108.0,Australia/Sydney,air_quality_2026-08-26.json,2026-08-27T04:00:00+1000,2026-08-26T18:00:00+0000,2026-08-27,4,0.0,10.5,13.9
nillumbik,Nillumbik,25710,-37.62918137048658,145.21705692779534,-37.6,145.20001,108.0,Australia/Sydney,air_quality_2026-08-26.json,2026-08-27T05:00:00+1000,2026-08-26T19:00:00+0000,2026-08-27,5,0.0,10.8,14.2
nillumbik,Nillumbik,25710,-37.62918137048658,145.21705692779534,-37.6,145.20001,108.0,Australia/Sydney,air_quality_2026-08-26.json,2026-08-27T06:00:00+1000,2026-08-26T20:00:00+0000,2026-08-27,6,0.0,11.4,14.8
nillumbik,Nillumbik,25710,-37.62918137048658,145.21705692779534,-37.6,145.20001,108.0,Australia/Sydney,air_quality_2026-08-26.json,2026-08-27T07:00:00+1000,2026-08-26T21:00:00+0000,2026-08-27,7,0.05,16.4,19.8
nillumbik,Nillumbik,25710,-37.62918137048658,145.21705692779534,-37.6,145.20001,108.0,Australia/Sydney,air_quality_2026-08-26.json,2026-08-27T08:00:00+1000,2026-08-26T22:00:00+0000,2026-08-27,8,0.35,21.0,23.2
nillumbik,Nillumbik,25710,-37.62918137048658,145.21705692779534,-37.6,145.20001,108.0,Australia/Sydney,air_quality_2026-08-26.json,2026-08-27T09:00:00+1000,2026-08-26T23:00:00+0000,2026-08-27,9,1.15,13.6,17.1
nillumbik,Nillumbik,25710,-37.62918137048658,145.21705692779534,-37.6,145.20001,108.0,Australia/Sydney,air_quality_2026-08-26.json,2026-08-27T10:00:00+1000,2026-08-27T00:00:00+0000,2026-08-27,10,2.3,10.4,14.6
nillumbik,Nillumbik,25710,-37.62918137048658,145.21705692779534,-37.6,145.20001,108.0,Australia/Sydney,air_quality_2026-08-26.json,2026-08-27T11:00:00+1000,2026-08-27T01:00:00+0000,2026-08-27,11,3.4,10.0,14.0
nillumbik,Nillumbik,25710,-37.62918137048658,145.21705692779534,-37.6,145.20001,108.0,Australia/Sydney,air_quality_2026-08-26.json,2026-08-27T12:00:00+1000,2026-08-27T02:00:00+0000,2026-08-27,12,3.95,9.8,13.8
nillumbik,Nillumbik,25710,-37.62918137048658,145.21705692779534,-37.6,145.20001,108.0,Australia/Sydney,air_quality_2026-08-26.json,2026-08-27T13:00:00+1000,2026-08-27T03:00:00+0000,2026-08-27,13,3.65,10.0,14.1
nillumbik,Nillumbik,25710,-37.62918137048658,145.21705692779534,-37.6,145.20001,108.0,Australia/Sydney,air_quality_2026-08-26.json,2026-08-27T14:00:00+1000,2026-08-27T04:00:00+0000,2026-08-27,14,2.8,10.3,14.3
nillumbik,Nillumbik,25710,-37.62918137048658,145.21705692779534,-37.6,145.20001,108.0,Australia/Sydney,air_quality_2026-08-26.json,2026-08-27T15:00:00+1000,2026-08-27T05:00:00+0000,2026-08-27,15,1.65,10.5,14.5
nillumbik,Nillumbik,25710,-37.62918137048658,145.21705692779534,-37.6,145.20001,108.0,Australia/Sydney,air_quality_2026-08-26.json,2026-08-27T16:00:00+1000,2026-08-27T06:00:00+0000,2026-08-27,16,0.65,10.0,13.8
nillumbik,Nillumbik,25710,-37.62918137048658,145.21705692779534,-37.6,145.20001,108.0,Australia/Sydney,air_quality_2026-08-26.json,2026-08-27T17:00:00+1000,2026-08-27T07:00:00+0000,2026-08-27,17,0.15,11.9,15.4
nillumbik,Nillumbik,25710,-37.62918137048658,145.21705692779534,-37.6,145.20001,108.0,Australia/Sydney,air_quality_2026-08-26.json,2026-08-27T18:00:00+1000,2026-08-27T08:00:00+0000,2026-08-27,18,0.0,17.1,20.5
nillumbik,Nillumbik,25710,-37.62918137048658,145.21705692779534,-37.6,145.20001,108.0,Australia/Sydney,air_quality_2026-08-26.json,2026-08-27T19:00:00+1000,2026-08-27T09:00:00+0000,2026-08-27,19,0.0,21.2,24.4
nillumbik,Nillumbik,25710,-37.62918137048658,145.21705692779534,-37.6,145.20001,108.0,Australia/Sydney,air_quality_2026-08-26.json,2026-08-27T20:00:00+1000,2026-08-27T10:00:00+0000,2026-08-27,20,0.0,25.0,28.0
nillumbik,Nillumbik,25710,-37.62918137048658,145.21705692779534,-37.6,145.20001,108.0,Australia/Sydney,air_quality_2026-08-26.json,2026-08-27T21:00:00+1000,2026-08-27T11:00:00+0000,2026-08-27,21,0.0,28.4,31.2
nillumbik,Nillumbik,25710,-37.62918137048658,145.21705692779534,-37.6,145.20001,108.0,Australia/Sydney,air_quality_2026-08-26.json,2026-08-27T22:00:00+1000,2026-08-27T12:00:00+0000,2026-08-27,22,0.0,28.3,30.5
nillumbik,Nillumbik,25710,-37.62918137048658,145.21705692779534,-37.6,145.20001,108.0,Australia/Sydney,air_quality_2026-08-26.json,2026-08-27T23:00:00+1000,2026-08-27T13:00:00+0000,2026-08-27,23,0.0,23.4,25.1
nillumbik,Nillumbik,25710,-37.62918137048658,145.21705692779534,-37.6,145.20001,108.0,Australia/Sydney,air_quality_2026-08-26.json,2026-08-28T00:00:00+1000,2026-08-27T14:00:00+0000,2026-08-28,0,0.0,17.5,19.0
nillumbik,Nillumbik,25710,-37.62918137048658,145.21705692779534,-37.6,145.20001,108.0,Australia/Sydney,air_quality_2026-08-26.json,2026-08-28T01:00:00+1000,2026-08-27T15:00:00+0000,2026-08-28,1,0.0,13.2,14.6
nillumbik,Nillumbik,25710,-37.62918137048658,145.21705692779534,-37.6,145.20001,108.0,Australia/Sydney,air_quality_2026-08-26.json,2026-08-28T02:00:00+1000,2026-08-27T16:00:00+0000,2026-08-28,2,0.0,10.0,11.4
nillumbik,Nillumbik,25710,-37.62918137048658,145.21705692779534,-37.6,145.20001,108.0,Australia/Sydney,air_quality_2026-08-26.json,2026-08-28T03:00:00+1000,2026-08-27T17:00:00+0000,2026-08-28,3,0.0,7.7,9.0
nillumbik,Nillumbik,25710,-37.62918137048658,145.21705692779534,-37.6,145.20001,108.0,Australia/Sydney,air_quality_2026-08-26.json,2026-08-28T04:00:00+1000,2026-08-27T18:00:00+0000,2026-08-28,4,0.0,6.3,7.7
nillumbik,Nillumbik,25710,-37.62918137048658,145.21705692779534,-37.6,145.20001,108.0,Australia/Sydney,air_quality_2026-08-26.json,2026-08-28T05:00:00+1000,2026-08-27T19:00:00+0000,2026-08-28,5,0.0,5.7,7.2
nillumbik,Nillumbik,25710,-37.62918137048658,145.21705692779534,-37.6,145.20001,108.0,Australia/Sydney,air_quality_2026-08-26.json,2026-08-28T06:00:00+1000,2026-08-27T20:00:00+0000,2026-08-28,6,0.0,5.6,7.1
nillumbik,Nillumbik,25710,-37.62918137048658,145.21705692779534,-37.6,145.20001,108.0,Australia/Sydney,air_quality_2026-08-26.json,2026-08-28T07:00:00+1000,2026-08-27T21:00:00+0000,2026-08-28,7,0.05,6.9,8.3
nillumbik,Nillumbik,25710,-37.62918137048658,145.21705692779534,-37.6,145.20001,108.0,Australia/Sydney,air_quality_2026-08-26.json,2026-08-28T08:00:00+1000,2026-08-27T22:00:00+0000,2026-08-28,8,0.2,8.2,9.5
nillumbik,Nillumbik,25710,-37.62918137048658,145.21705692779534,-37.6,145.20001,108.0,Australia/Sydney,air_quality_2026-08-26.json,2026-08-28T09:00:00+1000,2026-08-27T23:00:00+0000,2026-08-28,9,0.4,10.6,12.0
nillumbik,Nillumbik,25710,-37.62918137048658,145.21705692779534,-37.6,145.20001,108.0,Australia/Sydney,air_quality_2026-08-26.json,2026-08-28T10:00:00+1000,2026-08-28T00:00:00+0000,2026-08-28,10,0.75,8.7,10.9
nillumbik,Nillumbik,25710,-37.62918137048658,145.21705692779534,-37.6,145.20001,108.0,Australia/Sydney,air_quality_2026-08-26.json,2026-08-28T11:00:00+1000,2026-08-28T01:00:00+0000,2026-08-28,11,1.25,7.4,9.5
nillumbik,Nillumbik,25710,-37.62918137048658,145.21705692779534,-37.6,145.20001,108.0,Australia/Sydney,air_quality_2026-08-26.json,2026-08-28T12:00:00+1000,2026-08-28T02:00:00+0000,2026-08-28,12,1.3,6.0,7.7
nillumbik,Nillumbik,25710,-37.62918137048658,145.21705692779534,-37.6,145.20001,108.0,Australia/Sydney,air_quality_2026-08-26.json,2026-08-28T13:00:00+1000,2026-08-28T03:00:00+0000,2026-08-28,13,2.05,5.9,7.5
nillumbik,Nillumbik,25710,-37.62918137048658,145.21705692779534,-37.6,145.20001,108.0,Australia/Sydney,air_quality_2026-08-26.json,2026-08-28T14:00:00+1000,2026-08-28T04:00:00+0000,2026-08-28,14,2.45,5.8,7.7
nillumbik,Nillumbik,25710,-37.62918137048658,145.21705692779534,-37.6,145.20001,108.0,Australia/Sydney,air_quality_2026-08-26.json,2026-08-28T15:00:00+1000,2026-08-28T05:00:00+0000,2026-08-28,15,1.5,6.3,8.7
nillumbik,Nillumbik,25710,-37.62918137048658,145.21705692779534,-37.6,145.20001,108.0,Australia/Sydney,air_quality_2026-08-26.json,2026-08-28T16:00:00+1000,2026-08-28T06:00:00+0000,2026-08-28,16,0.65,7.5,10.5
nillumbik,Nillumbik,25710,-37.62918137048658,145.21705692779534,-37.6,145.20001,108.0,Australia/Sydney,air_quality_2026-08-26.json,2026-08-28T17:00:00+1000,2026-08-28T07:00:00+0000,2026-08-28,17,0.15,8.5,12.1
nillumbik,Nillumbik,25710,-37.62918137048658,145.21705692779534,-37.6,145.20001,108.0,Australia/Sydney,air_quality_2026-08-26.json,2026-08-28T18:00:00+1000,2026-08-28T08:00:00+0000,2026-08-28,18,0.0,11.6,15.5
nillumbik,Nillumbik,25710,-37.62918137048658,145.21705692779534,-37.6,145.20001,108.0,Australia/Sydney,air_quality_2026-08-26.json,2026-08-28T19:00:00+1000,2026-08-28T09:00:00+0000,2026-08-28,19,0.0,15.1,18.8
nillumbik,Nillumbik,25710,-37.62918137048658,145.21705692779534,-37.6,145.20001,108.0,Australia/Sydney,air_quality_2026-08-26.json,2026-08-28T20:00:00+1000,2026-08-28T10:00:00+0000,2026-08-28,20,0.0,18.9,23.2
nillumbik,Nillumbik,25710,-37.62918137048658,145.21705692779534,-37.6,145.20001,108.0,Australia/Sydney,air_quality_2026-08-26.json,2026-08-28T21:00:00+1000,2026-08-28T11:00:00+0000,2026-08-28,21,0.0,21.7,26.4
nillumbik,Nillumbik,25710,-37.62918137048658,145.21705692779534,-37.6,145.20001,108.0,Australia/Sydney,air_quality_2026-08-26.json,2026-08-28T22:00:00+1000,2026-08-28T12:00:00+0000,2026-08-28,22,0.0,26.5,31.9
nillumbik,Nillumbik,25710,-37.62918137048658,145.21705692779534,-37.6,145.20001,108.0,Australia/Sydney,air_quality_2026-08-26.json,2026-08-28T23:00:00+1000,2026-08-28T13:00:00+0000,2026-08-28,23,0.0,28.0,33.9
nillumbik,Nillumbik,25710,-37.62918137048658,145.21705692779534,-37.6,145.20001,108.0,Australia/Sydney,air_quality_2026-08-26.json,2026-08-29T00:00:00+1000,2026-08-28T14:00:00+0000,2026-08-29,0,0.0,28.8,35.2
nillumbik,Nillumbik,25710,-37.62918137048658,145.21705692779534,-37.6,145.20001,108.0,Australia/Sydney,air_quality_2026-08-26.json,2026-08-29T01:00:00+1000,2026-08-28T15:00:00+0000,2026-08-29,1,0.0,28.2,34.8
nillumbik,Nillumbik,25710,-37.62918137048658,145.21705692779534,-37.6,145.20001,108.0,Australia/Sydney,air_quality_2026-08-26.json,2026-08-29T02:00:00+1000,2026-08-28T16:00:00+0000,2026-08-29,2,0.0,25.7,32.0
nillumbik,Nillumbik,25710,-37.62918137048658,145.21705692779534,-37.6,145.20001,108.0,Australia/Sydney,air_quality_2026-08-26.json,2026-08-29T03:00:00+1000,2026-08-28T17:00:00+0000,2026-08-29,3,0.0,22.5,28.1
nillumbik,Nillumbik,25710,-37.62918137048658,145.21705692779534,-37.6,145.20001,108.0,Australia/Sydney,air_quality_2026-08-26.json,2026-08-29T04:00:00+1000,2026-08-28T18:00:00+0000,2026-08-29,4,0.0,19.4,24.8
nillumbik,Nillumbik,25710,-37.62918137048658,145.21705692779534,-37.6,145.20001,108.0,Australia/Sydney,air_quality_2026-08-26.json,2026-08-29T05:00:00+1000,2026-08-28T19:00:00+0000,2026-08-29,5,0.0,16.9,22.2
nillumbik,Nillumbik,25710,-37.62918137048658,145.21705692779534,-37.6,145.20001,108.0,Australia/Sydney,air_quality_2026-08-26.json,2026-08-29T06:00:00+1000,2026-08-28T20:00:00+0000,2026-08-29,6,0.0,15.7,20.5
nillumbik,Nillumbik,25710,-37.62918137048658,145.21705692779534,-37.6,145.20001,108.0,Australia/Sydney,air_quality_2026-08-26.json,2026-08-29T07:00:00+1000,2026-08-28T21:00:00+0000,2026-08-29,7,0.05,17.2,21.7
nillumbik,Nillumbik,25710,-37.62918137048658,145.21705692779534,-37.6,145.20001,108.0,Australia/Sydney,air_quality_2026-08-26.json,2026-08-29T08:00:00+1000,2026-08-28T22:00:00+0000,2026-08-29,8,0.35,18.5,22.8
nillumbik,Nillumbik,25710,-37.62918137048658,145.21705692779534,-37.6,145.20001,108.0,Australia/Sydney,air_quality_2026-08-26.json,2026-08-29T09:00:00+1000,2026-08-28T23:00:00+0000,2026-08-29,9,0.95,15.3,20.4
nillumbik,Nillumbik,25710,-37.62918137048658,145.21705692779534,-37.6,145.20001,108.0,Australia/Sydney,air_quality_2026-08-26.json,2026-08-29T10:00:00+1000,2026-08-29T00:00:00+0000,2026-08-29,10,1.6,13.9,20.3
nillumbik,Nillumbik,25710,-37.62918137048658,145.21705692779534,-37.6,145.20001,108.0,Australia/Sydney,air_quality_2026-08-26.json,2026-08-29T11:00:00+1000,2026-08-29T01:00:00+0000,2026-08-29,11,2.0,13.1,19.8
nillumbik,Nillumbik,25710,-37.62918137048658,145.21705692779534,-37.6,145.20001,108.0,Australia/Sydney,air_quality_2026-08-26.json,2026-08-29T12:00:00+1000,2026-08-29T02:00:00+0000,2026-08-29,12,2.2,12.1,18.1
nillumbik,Nillumbik,25710,-37.62918137048658,145.21705692779534,-37.6,145.20001,108.0,Australia/Sydney,air_quality_2026-08-26.json,2026-08-29T13:00:00+1000,2026-08-29T03:00:00+0000,2026-08-29,13,2.1,11.8,17.5
nillumbik,Nillumbik,25710,-37.62918137048658,145.21705692779534,-37.6,145.20001,108.0,Australia/Sydney,air_quality_2026-08-26.json,2026-08-29T14:00:00+1000,2026-08-29T04:00:00+0000,2026-08-29,14,1.55,11.4,16.7
nillumbik,Nillumbik,25710,-37.62918137048658,145.21705692779534,-37.6,145.20001,108.0,Australia/Sydney,air_quality_2026-08-26.json,2026-08-29T15:00:00+1000,2026-08-29T05:00:00+0000,2026-08-29,15,0.85,11.4,16.6
nillumbik,Nillumbik,25710,-37.62918137048658,145.21705692779534,-37.6,145.20001,108.0,Australia/Sydney,air_quality_2026-08-26.json,2026-08-29T16:00:00+1000,2026-08-29T06:00:00+0000,2026-08-29,16,0.35,12.2,17.9
nillumbik,Nillumbik,25710,-37.62918137048658,145.21705692779534,-37.6,145.20001,108.0,Australia/Sydney,air_quality_2026-08-26.json,2026-08-29T17:00:00+1000,2026-08-29T07:00:00+0000,2026-08-29,17,0.1,13.5,19.8
nillumbik,Nillumbik,25710,-37.62918137048658,145.21705692779534,-37.6,145.20001,108.0,Australia/Sydney,air_quality_2026-08-26.json,2026-08-29T18:00:00+1000,2026-08-29T08:00:00+0000,2026-08-29,18,0.0,14.1,20.1
nillumbik,Nillumbik,25710,-37.62918137048658,145.21705692779534,-37.6,145.20001,108.0,Australia/Sydney,air_quality_2026-08-26.json,2026-08-29T19:00:00+1000,2026-08-29T09:00:00+0000,2026-08-29,19,0.0,14.1,19.1
nillumbik,Nillumbik,25710,-37.62918137048658,145.21705692779534,-37.6,145.20001,108.0,Australia/Sydney,air_quality_2026-08-26.json,2026-08-29T20:00:00+1000,2026-08-29T10:00:00+0000,2026-08-29,20,0.0,14.8,19.7
nillumbik,Nillumbik,25710,-37.62918137048658,145.21705692779534,-37.6,145.20001,108.0,Australia/Sydney,air_quality_2026-08-26.json,2026-08-29T21:00:00+1000,2026-08-29T11:00:00+0000,2026-08-29,21,0.0,15.6,21.0
nillumbik,Nillumbik,25710,-37.62918137048658,145.21705692779534,-37.6,145.20001,108.0,Australia/Sydney,air_quality_2026-08-26.json,2026-08-29T22:00:00+1000,2026-08-29T12:00:00+0000,2026-08-29,22,0.0,14.5,19.5
nillumbik,Nillumbik,25710,-37.62918137048658,145.21705692779534,-37.6,145.20001,108.0,Australia/Sydney,air_quality_2026-08-26.json,2026-08-29T23:00:00+1000,2026-08-29T13:00:00+0000,2026-08-29,23,0.0,13.2,17.7
nillumbik,Nillumbik,25710,-37.62918137048658,145.21705692779534,-37.6,145.20001,108.0,Australia/Sydney,air_quality_2026-08-26.json,2026-08-30T00:00:00+1000,2026-08-29T14:00:00+0000,2026-08-30,0,0.0,12.3,16.4
nillumbik,Nillumbik,25710,-37.62918137048658,145.21705692779534,-37.6,145.20001,108.0,Australia/Sydney,air_quality_2026-08-26.json,2026-08-30T01:00:00+1000,2026-08-29T15:00:00+0000,2026-08-30,1,0.0,11.5,15.3
nillumbik,Nillumbik,25710,-37.62918137048658,145.21705692779534,-37.6,145.20001,108.0,Australia/Sydney,air_quality_2026-08-26.json,2026-08-30T02:00:00+1000,2026-08-29T16:00:00+0000,2026-08-30,2,0.0,11.2,15.1
nillumbik,Nillumbik,25710,-37.62918137048658,145.21705692779534,-37.6,145.20001,108.0,Australia/Sydney,air_quality_2026-08-26.json,2026-08-30T03:00:00+1000,2026-08-29T17:00:00+0000,2026-08-30,3,0.0,11.2,15.0
nillumbik,Nillumbik,25710,-37.62918137048658,145.21705692779534,-37.6,145.20001,108.0,Australia/Sydney,air_quality_2026-08-26.json,2026-08-30T04:00:00+1000,2026-08-29T18:00:00+0000,2026-08-30,4,0.0,11.3,15.1
nillumbik,Nillumbik,25710,-37.62918137048658,145.21705692779534,-37.6,145.20001,108.0,Australia/Sydney,air_quality_2026-08-26.json,2026-08-30T05:00:00+1000,2026-08-29T19:00:00+0000,2026-08-30,5,0.0,11.4,15.3
nillumbik,Nillumbik,25710,-37.62918137048658,145.21705692779534,-37.6,145.20001,108.0,Australia/Sydney,air_quality_2026-08-26.json,2026-08-30T06:00:00+1000,2026-08-29T20:00:00+0000,2026-08-30,6,0.0,12.2,16.2
nillumbik,Nillumbik,25710,-37.62918137048658,145.21705692779534,-37.6,145.20001,108.0,Australia/Sydney,air_quality_2026-08-26.json,2026-08-30T07:00:00+1000,2026-08-29T21:00:00+0000,2026-08-30,7,0.0,13.5,17.4
nillumbik,Nillumbik,25710,-37.62918137048658,145.21705692779534,-37.6,145.20001,108.0,Australia/Sydney,air_quality_2026-08-26.json,2026-08-30T08:00:00+1000,2026-08-29T22:00:00+0000,2026-08-30,8,0.2,15.1,19.0
nillumbik,Nillumbik,25710,-37.62918137048658,145.21705692779534,-37.6,145.20001,108.0,Australia/Sydney,air_quality_2026-08-26.json,2026-08-30T09:00:00+1000,2026-08-29T23:00:00+0000,2026-08-30,9,0.6,14.3,18.5
nillumbik,Nillumbik,25710,-37.62918137048658,145.21705692779534,-37.6,145.20001,108.0,Australia/Sydney,air_quality_2026-08-26.json,2026-08-30T10:00:00+1000,2026-08-30T00:00:00+0000,2026-08-30,10,1.5,12.6,17.6
nillumbik,Nillumbik,25710,-37.62918137048658,145.21705692779534,-37.6,145.20001,108.0,Australia/Sydney,air_quality_2026-08-26.json,2026-08-30T11:00:00+1000,2026-08-30T01:00:00+0000,2026-08-30,11,2.25,11.8,17.0
nillumbik,Nillumbik,25710,-37.62918137048658,145.21705692779534,-37.6,145.20001,108.0,Australia/Sydney,air_quality_2026-08-26.json,2026-08-30T12:00:00+1000,2026-08-30T02:00:00+0000,2026-08-30,12,2.95,11.3,16.4
nillumbik,Nillumbik,25710,-37.62918137048658,145.21705692779534,-37.6,145.20001,108.0,Australia/Sydney,air_quality_2026-08-26.json,2026-08-30T13:00:00+1000,2026-08-30T03:00:00+0000,2026-08-30,13,3.15,11.2,16.2
nillumbik,Nillumbik,25710,-37.62918137048658,145.21705692779534,-37.6,145.20001,108.0,Australia/Sydney,air_quality_2026-08-26.json,2026-08-30T14:00:00+1000,2026-08-30T04:00:00+0000,2026-08-30,14,2.9,10.5,15.1
nillumbik,Nillumbik,25710,-37.62918137048658,145.21705692779534,-37.6,145.20001,108.0,Australia/Sydney,air_quality_2026-08-26.json,2026-08-30T15:00:00+1000,2026-08-30T05:00:00+0000,2026-08-30,15,1.8,10.7,15.2
nillumbik,Nillumbik,25710,-37.62918137048658,145.21705692779534,-37.6,145.20001,108.0,Australia/Sydney,air_quality_2026-08-26.json,2026-08-30T16:00:00+1000,2026-08-30T06:00:00+0000,2026-08-30,16,0.8,10.8,15.4
nillumbik,Nillumbik,25710,-37.62918137048658,145.21705692779534,-37.6,145.20001,108.0,Australia/Sydney,air_quality_2026-08-26.json,2026-08-30T17:00:00+1000,2026-08-30T07:00:00+0000,2026-08-30,17,0.15,11.1,15.7
nillumbik,Nillumbik,25710,-37.62918137048658,145.21705692779534,-37.6,145.20001,108.0,Australia/Sydney,air_quality_2026-08-26.json,2026-08-30T18:00:00+1000,2026-08-30T08:00:00+0000,2026-08-30,18,0.0,12.6,17.1
nillumbik,Nillumbik,25710,-37.62918137048658,145.21705692779534,-37.6,145.20001,108.0,Australia/Sydney,air_quality_2026-08-26.json,2026-08-30T19:00:00+1000,2026-08-30T09:00:00+0000,2026-08-30,19,0.0,12.8,16.6
nillumbik,Nillumbik,25710,-37.62918137048658,145.21705692779534,-37.6,145.20001,108.0,Australia/Sydney,air_quality_2026-08-26.json,2026-08-30T20:00:00+1000,2026-08-30T10:00:00+0000,2026-08-30,20,0.0,12.6,16.0
nillumbik,Nillumbik,25710,-37.62918137048658,145.21705692779534,-37.6,145.20001,108.0,Australia/Sydney,air_quality_2026-08-26.json,2026-08-30T21:00:00+1000,2026-08-30T11:00:00+0000,2026-08-30,21,0.0,12.8,16.1
nillumbik,Nillumbik,25710,-37.62918137048658,145.21705692779534,-37.6,145.20001,108.0,Australia/Sydney,air_quality_2026-08-26.json,2026-08-30T22:00:00+1000,2026-08-30T12:00:00+0000,2026-08-30,22,0.0,13.4,16.6
port_phillip,Port Phillip,25900,-37.85872196338894,144.98330895235486,-37.899998,145.0,24.0,Australia/Sydney,air_quality_2026-08-26.json,2026-08-26T00:00:00+1000,2026-08-25T14:00:00+0000,2026-08-26,0,0.0,3.6,5.3
port_phillip,Port Phillip,25900,-37.85872196338894,144.98330895235486,-37.899998,145.0,24.0,Australia/Sydney,air_quality_2026-08-26.json,2026-08-26T01:00:00+1000,2026-08-25T15:00:00+0000,2026-08-26,1,0.0,3.8,5.9
port_phillip,Port Phillip,25900,-37.85872196338894,144.98330895235486,-37.899998,145.0,24.0,Australia/Sydney,air_quality_2026-08-26.json,2026-08-26T02:00:00+1000,2026-08-25T16:00:00+0000,2026-08-26,2,0.0,4.2,6.6
port_phillip,Port Phillip,25900,-37.85872196338894,144.98330895235486,-37.899998,145.0,24.0,Australia/Sydney,air_quality_2026-08-26.json,2026-08-26T03:00:00+1000,2026-08-25T17:00:00+0000,2026-08-26,3,0.0,4.3,6.9
port_phillip,Port Phillip,25900,-37.85872196338894,144.98330895235486,-37.899998,145.0,24.0,Australia/Sydney,air_quality_2026-08-26.json,2026-08-26T04:00:00+1000,2026-08-25T18:00:00+0000,2026-08-26,4,0.0,4.4,7.0
port_phillip,Port Phillip,25900,-37.85872196338894,144.98330895235486,-37.899998,145.0,24.0,Australia/Sydney,air_quality_2026-08-26.json,2026-08-26T05:00:00+1000,2026-08-25T19:00:00+0000,2026-08-26,5,0.0,4.5,7.0
port_phillip,Port Phillip,25900,-37.85872196338894,144.98330895235486,-37.899998,145.0,24.0,Australia/Sydney,air_quality_2026-08-26.json,2026-08-26T06:00:00+1000,2026-08-25T20:00:00+0000,2026-08-26,6,0.0,4.4,6.9
port_phillip,Port Phillip,25900,-37.85872196338894,144.98330895235486,-37.899998,145.0,24.0,Australia/Sydney,air_quality_2026-08-26.json,2026-08-26T07:00:00+1000,2026-08-25T21:00:00+0000,2026-08-26,7,0.05,4.8,7.3
port_phillip,Port Phillip,25900,-37.85872196338894,144.98330895235486,-37.899998,145.0,24.0,Australia/Sydney,air_quality_2026-08-26.json,2026-08-26T08:00:00+1000,2026-08-25T22:00:00+0000,2026-08-26,8,0.3,5.3,7.9
port_phillip,Port Phillip,25900,-37.85872196338894,144.98330895235486,-37.899998,145.0,24.0,Australia/Sydney,air_quality_2026-08-26.json,2026-08-26T09:00:00+1000,2026-08-25T23:00:00+0000,2026-08-26,9,0.95,5.9,9.3
port_phillip,Port Phillip,25900,-37.85872196338894,144.98330895235486,-37.899998,145.0,24.0,Australia/Sydney,air_quality_2026-08-26.json,2026-08-26T10:00:00+1000,2026-08-26T00:00:00+0000,2026-08-26,10,1.9,8.3,13.3
port_phillip,Port Phillip,25900,-37.85872196338894,144.98330895235486,-37.899998,145.0,24.0,Australia/Sydney,air_quality_2026-08-26.json,2026-08-26T11:00:00+1000,2026-08-26T01:00:00+0000,2026-08-26,11,2.6,7.3,11.8
port_phillip,Port Phillip,25900,-37.85872196338894,144.98330895235486,-37.899998,145.0,24.0,Australia/Sydney,air_quality_2026-08-26.json,2026-08-26T12:00:00+1000,2026-08-26T02:00:00+0000,2026-08-26,12,2.9,7.5,12.1
port_phillip,Port Phillip,25900,-37.85872196338894,144.98330895235486,-37.899998,145.0,24.0,Australia/Sydney,air_quality_2026-08-26.json,2026-08-26T13:00:00+1000,2026-08-26T03:00:00+0000,2026-08-26,13,2.7,7.1,11.5
port_phillip,Port Phillip,25900,-37.85872196338894,144.98330895235486,-37.899998,145.0,24.0,Australia/Sydney,air_quality_2026-08-26.json,2026-08-26T14:00:00+1000,2026-08-26T04:00:00+0000,2026-08-26,14,2.0,6.9,11.2
port_phillip,Port Phillip,25900,-37.85872196338894,144.98330895235486,-37.899998,145.0,24.0,Australia/Sydney,air_quality_2026-08-26.json,2026-08-26T15:00:00+1000,2026-08-26T05:00:00+0000,2026-08-26,15,1.15,7.0,11.3
port_phillip,Port Phillip,25900,-37.85872196338894,144.98330895235486,-37.899998,145.0,24.0,Australia/Sydney,air_quality_2026-08-26.json,2026-08-26T16:00:00+1000,2026-08-26T06:00:00+0000,2026-08-26,16,0.5,7.1,11.5
port_phillip,Port Phillip,25900,-37.85872196338894,144.98330895235486,-37.899998,145.0,24.0,Australia/Sydney,air_quality_2026-08-26.json,2026-08-26T17:00:00+1000,2026-08-26T07:00:00+0000,2026-08-26,17,0.1,7.4,11.8
port_phillip,Port Phillip,25900,-37.85872196338894,144.98330895235486,-37.899998,145.0,24.0,Australia/Sydney,air_quality_2026-08-26.json,2026-08-26T18:00:00+1000,2026-08-26T08:00:00+0000,2026-08-26,18,0.0,8.5,12.6
port_phillip,Port Phillip,25900,-37.85872196338894,144.98330895235486,-37.899998,145.0,24.0,Australia/Sydney,air_quality_2026-08-26.json,2026-08-26T19:00:00+1000,2026-08-26T09:00:00+0000,2026-08-26,19,0.0,9.7,13.7
port_phillip,Port Phillip,25900,-37.85872196338894,144.98330895235486,-37.899998,145.0,24.0,Australia/Sydney,air_quality_2026-08-26.json,2026-08-26T20:00:00+1000,2026-08-26T10:00:00+0000,2026-08-26,20,0.0,10.4,14.3
port_phillip,Port Phillip,25900,-37.85872196338894,144.98330895235486,-37.899998,145.0,24.0,Australia/Sydney,air_quality_2026-08-26.json,2026-08-26T21:00:00+1000,2026-08-26T11:00:00+0000,2026-08-26,21,0.0,9.8,13.1
port_phillip,Port Phillip,25900,-37.85872196338894,144.98330895235486,-37.899998,145.0,24.0,Australia/Sydney,air_quality_2026-08-26.json,2026-08-26T22:00:00+1000,2026-08-26T12:00:00+0000,2026-08-26,22,0.0,9.9,13.1
port_phillip,Port Phillip,25900,-37.85872196338894,144.98330895235486,-37.899998,145.0,24.0,Australia/Sydney,air_quality_2026-08-26.json,2026-08-26T23:00:00+1000,2026-08-26T13:00:00+0000,2026-08-26,23,0.0,9.9,13.1
port_phillip,Port Phillip,25900,-37.85872196338894,144.98330895235486,-37.899998,145.0,24.0,Australia/Sydney,air_quality_2026-08-26.json,2026-08-27T00:00:00+1000,2026-08-26T14:00:00+0000,2026-08-27,0,0.0,9.2,12.0
port_phillip,Port Phillip,25900,-37.85872196338894,144.98330895235486,-37.899998,145.0,24.0,Australia/Sydney,air_quality_2026-08-26.json,2026-08-27T01:00:00+1000,2026-08-26T15:00:00+0000,2026-08-27,1,0.0,8.4,11.1
port_phillip,Port Phillip,25900,-37.85872196338894,144.98330895235486,-37.899998,145.0,24.0,Australia/Sydney,air_quality_2026-08-26.json,2026-08-27T02:00:00+1000,2026-08-26T16:00:00+0000,2026-08-27,2,0.0,8.0,10.6
port_phillip,Port Phillip,25900,-37.85872196338894,144.98330895235486,-37.899998,145.0,24.0,Australia/Sydney,air_quality_2026-08-26.json,2026-08-27T03:00:00+1000,2026-08-26T17:00:00+0000,2026-08-27,3,0.0,7.7,10.3
port_phillip,Port Phillip,25900,-37.85872196338894,144.98330895235486,-37.899998,145.0,24.0,Australia/Sydney,air_quality_2026-08-26.json,2026-08-27T04:00:00+1000,2026-08-26T18:00:00+0000,2026-08-27,4,0.0,7.5,10.0
port_phillip,Port Phillip,25900,-37.85872196338894,144.98330895235486,-37.899998,145.0,24.0,Australia/Sydney,air_quality_2026-08-26.json,2026-08-27T05:00:00+1000,2026-08-26T19:00:00+0000,2026-08-27,5,0.0,7.4,9.9
port_phillip,Port Phillip,25900,-37.85872196338894,144.98330895235486,-37.899998,145.0,24.0,Australia/Sydney,air_quality_2026-08-26.json,2026-08-27T06:00:00+1000,2026-08-26T20:00:00+0000,2026-08-27,6,0.0,7.7,10.1
port_phillip,Port Phillip,25900,-37.85872196338894,144.98330895235486,-37.899998,145.0,24.0,Australia/Sydney,air_quality_2026-08-26.json,2026-08-27T07:00:00+1000,2026-08-26T21:00:00+0000,2026-08-27,7,0.05,9.8,12.0
port_phillip,Port Phillip,25900,-37.85872196338894,144.98330895235486,-37.899998,145.0,24.0,Australia/Sydney,air_quality_2026-08-26.json,2026-08-27T08:00:00+1000,2026-08-26T22:00:00+0000,2026-08-27,8,0.35,13.2,14.9
port_phillip,Port Phillip,25900,-37.85872196338894,144.98330895235486,-37.899998,145.0,24.0,Australia/Sydney,air_quality_2026-08-26.json,2026-08-27T09:00:00+1000,2026-08-26T23:00:00+0000,2026-08-27,9,1.1,9.6,12.1
port_phillip,Port Phillip,25900,-37.85872196338894,144.98330895235486,-37.899998,145.0,24.0,Australia/Sydney,air_quality_2026-08-26.json,2026-08-27T10:00:00+1000,2026-08-27T00:00:00+0000,2026-08-27,10,2.25,8.7,12.8
port_phillip,Port Phillip,25900,-37.85872196338894,144.98330895235486,-37.899998,145.0,24.0,Australia/Sydney,air_quality_2026-08-26.json,2026-08-27T11:00:00+1000,2026-08-27T01:00:00+0000,2026-08-27,11,3.0,8.5,13.0
port_phillip,Port Phillip,25900,-37.85872196338894,144.98330895235486,-37.899998,145.0,24.0,Australia/Sydney,air_quality_2026-08-26.json,2026-08-27T12:00:00+1000,2026-08-27T02:00:00+0000,2026-08-27,12,3.3,8.3,12.7
port_phillip,Port Phillip,25900,-37.85872196338894,144.98330895235486,-37.899998,145.0,24.0,Australia/Sydney,air_quality_2026-08-26.json,2026-08-27T13:00:00+1000,2026-08-27T03:00:00+0000,2026-08-27,13,3.1,8.4,12.5
port_phillip,Port Phillip,25900,-37.85872196338894,144.98330895235486,-37.899998,145.0,24.0,Australia/Sydney,air_quality_2026-08-26.json,2026-08-27T14:00:00+1000,2026-08-27T04:00:00+0000,2026-08-27,14,2.3,8.5,12.5
port_phillip,Port Phillip,25900,-37.85872196338894,144.98330895235486,-37.899998,145.0,24.0,Australia/Sydney,air_quality_2026-08-26.json,2026-08-27T15:00:00+1000,2026-08-27T05:00:00+0000,2026-08-27,15,1.4,8.5,12.3
port_phillip,Port Phillip,25900,-37.85872196338894,144.98330895235486,-37.899998,145.0,24.0,Australia/Sydney,air_quality_2026-08-26.json,2026-08-27T16:00:00+1000,2026-08-27T06:00:00+0000,2026-08-27,16,0.55,8.1,11.7
port_phillip,Port Phillip,25900,-37.85872196338894,144.98330895235486,-37.899998,145.0,24.0,Australia/Sydney,air_quality_2026-08-26.json,2026-08-27T17:00:00+1000,2026-08-27T07:00:00+0000,2026-08-27,17,0.15,9.3,12.6
port_phillip,Port Phillip,25900,-37.85872196338894,144.98330895235486,-37.899998,145.0,24.0,Australia/Sydney,air_quality_2026-08-26.json,2026-08-27T18:00:00+1000,2026-08-27T08:00:00+0000,2026-08-27,18,0.0,12.4,15.5
port_phillip,Port Phillip,25900,-37.85872196338894,144.98330895235486,-37.899998,145.0,24.0,Australia/Sydney,air_quality_2026-08-26.json,2026-08-27T19:00:00+1000,2026-08-27T09:00:00+0000,2026-08-27,19,0.0,14.8,17.6
port_phillip,Port Phillip,25900,-37.85872196338894,144.98330895235486,-37.899998,145.0,24.0,Australia/Sydney,air_quality_2026-08-26.json,2026-08-27T20:00:00+1000,2026-08-27T10:00:00+0000,2026-08-27,20,0.0,16.7,19.3
port_phillip,Port Phillip,25900,-37.85872196338894,144.98330895235486,-37.899998,145.0,24.0,Australia/Sydney,air_quality_2026-08-26.json,2026-08-27T21:00:00+1000,2026-08-27T11:00:00+0000,2026-08-27,21,0.0,18.8,21.1
port_phillip,Port Phillip,25900,-37.85872196338894,144.98330895235486,-37.899998,145.0,24.0,Australia/Sydney,air_quality_2026-08-26.json,2026-08-27T22:00:00+1000,2026-08-27T12:00:00+0000,2026-08-27,22,0.0,19.3,21.3
port_phillip,Port Phillip,25900,-37.85872196338894,144.98330895235486,-37.899998,145.0,24.0,Australia/Sydney,air_quality_2026-08-26.json,2026-08-27T23:00:00+1000,2026-08-27T13:00:00+0000,2026-08-27,23,0.0,17.3,18.9
port_phillip,Port Phillip,25900,-37.85872196338894,144.98330895235486,-37.899998,145.0,24.0,Australia/Sydney,air_quality_2026-08-26.json,2026-08-28T00:00:00+1000,2026-08-27T14:00:00+0000,2026-08-28,0,0.0,14.3,15.8
port_phillip,Port Phillip,25900,-37.85872196338894,144.98330895235486,-37.899998,145.0,24.0,Australia/Sydney,air_quality_2026-08-26.json,2026-08-28T01:00:00+1000,2026-08-27T15:00:00+0000,2026-08-28,1,0.0,11.8,13.2
port_phillip,Port Phillip,25900,-37.85872196338894,144.98330895235486,-37.899998,145.0,24.0,Australia/Sydney,air_quality_2026-08-26.json,2026-08-28T02:00:00+1000,2026-08-27T16:00:00+0000,2026-08-28,2,0.0,9.6,10.9
port_phillip,Port Phillip,25900,-37.85872196338894,144.98330895235486,-37.899998,145.0,24.0,Australia/Sydney,air_quality_2026-08-26.json,2026-08-28T03:00:00+1000,2026-08-27T17:00:00+0000,2026-08-28,3,0.0,7.5,8.6
port_phillip,Port Phillip,25900,-37.85872196338894,144.98330895235486,-37.899998,145.0,24.0,Australia/Sydney,air_quality_2026-08-26.json,2026-08-28T04:00:00+1000,2026-08-27T18:00:00+0000,2026-08-28,4,0.0,5.8,6.9
port_phillip,Port Phillip,25900,-37.85872196338894,144.98330895235486,-37.899998,145.0,24.0,Australia/Sydney,air_quality_2026-08-26.json,2026-08-28T05:00:00+1000,2026-08-27T19:00:00+0000,2026-08-28,5,0.0,4.9,6.0
port_phillip,Port Phillip,25900,-37.85872196338894,144.98330895235486,-37.899998,145.0,24.0,Australia/Sydney,air_quality_2026-08-26.json,2026-08-28T06:00:00+1000,2026-08-27T20:00:00+0000,2026-08-28,6,0.0,4.5,5.7
port_phillip,Port Phillip,25900,-37.85872196338894,144.98330895235486,-37.899998,145.0,24.0,Australia/Sydney,air_quality_2026-08-26.json,2026-08-28T07:00:00+1000,2026-08-27T21:00:00+0000,2026-08-28,7,0.0,5.4,6.7
port_phillip,Port Phillip,25900,-37.85872196338894,144.98330895235486,-37.899998,145.0,24.0,Australia/Sydney,air_quality_2026-08-26.json,2026-08-28T08:00:00+1000,2026-08-27T22:00:00+0000,2026-08-28,8,0.15,6.9,8.5
port_phillip,Port Phillip,25900,-37.85872196338894,144.98330895235486,-37.899998,145.0,24.0,Australia/Sydney,air_quality_2026-08-26.json,2026-08-28T09:00:00+1000,2026-08-27T23:00:00+0000,2026-08-28,9,0.5,8.7,10.4
port_phillip,Port Phillip,25900,-37.85872196338894,144.98330895235486,-37.899998,145.0,24.0,Australia/Sydney,air_quality_2026-08-26.json,2026-08-28T10:00:00+1000,2026-08-28T00:00:00+0000,2026-08-28,10,1.25,6.8,8.5
port_phillip,Port Phillip,25900,-37.85872196338894,144.98330895235486,-37.899998,145.0,24.0,Australia/Sydney,air_quality_2026-08-26.json,2026-08-28T11:00:00+1000,2026-08-28T01:00:00+0000,2026-08-28,11,2.3,5.4,7.1
port_phillip,Port Phillip,25900,-37.85872196338894,144.98330895235486,-37.899998,145.0,24.0,Australia/Sydney,air_quality_2026-08-26.json,2026-08-28T12:00:00+1000,2026-08-28T02:00:00+0000,2026-08-28,12,2.7,5.1,7.1
port_phillip,Port Phillip,25900,-37.85872196338894,144.98330895235486,-37.899998,145.0,24.0,Australia/Sydney,air_quality_2026-08-26.json,2026-08-28T13:00:00+1000,2026-08-28T03:00:00+0000,2026-08-28,13,3.05,6.3,9.4
port_phillip,Port Phillip,25900,-37.85872196338894,144.98330895235486,-37.899998,145.0,24.0,Australia/Sydney,air_quality_2026-08-26.json,2026-08-28T14:00:00+1000,2026-08-28T04:00:00+0000,2026-08-28,14,2.4,7.9,12.3
port_phillip,Port Phillip,25900,-37.85872196338894,144.98330895235486,-37.899998,145.0,24.0,Australia/Sydney,air_quality_2026-08-26.json,2026-08-28T15:00:00+1000,2026-08-28T05:00:00+0000,2026-08-28,15,1.55,10.0,15.8
port_phillip,Port Phillip,25900,-37.85872196338894,144.98330895235486,-37.899998,145.0,24.0,Australia/Sydney,air_quality_2026-08-26.json,2026-08-28T16:00:00+1000,2026-08-28T06:00:00+0000,2026-08-28,16,0.65,11.0,17.6
port_phillip,Port Phillip,25900,-37.85872196338894,144.98330895235486,-37.899998,145.0,24.0,Australia/Sydney,air_quality_2026-08-26.json,2026-08-28T17:00:00+1000,2026-08-28T07:00:00+0000,2026-08-28,17,0.15,12.2,19.4
port_phillip,Port Phillip,25900,-37.85872196338894,144.98330895235486,-37.899998,145.0,24.0,Australia/Sydney,air_quality_2026-08-26.json,2026-08-28T18:00:00+1000,2026-08-28T08:00:00+0000,2026-08-28,18,0.0,14.2,21.7
port_phillip,Port Phillip,25900,-37.85872196338894,144.98330895235486,-37.899998,145.0,24.0,Australia/Sydney,air_quality_2026-08-26.json,2026-08-28T19:00:00+1000,2026-08-28T09:00:00+0000,2026-08-28,19,0.0,15.5,22.2
port_phillip,Port Phillip,25900,-37.85872196338894,144.98330895235486,-37.899998,145.0,24.0,Australia/Sydney,air_quality_2026-08-26.json,2026-08-28T20:00:00+1000,2026-08-28T10:00:00+0000,2026-08-28,20,0.0,17.2,24.0
port_phillip,Port Phillip,25900,-37.85872196338894,144.98330895235486,-37.899998,145.0,24.0,Australia/Sydney,air_quality_2026-08-26.json,2026-08-28T21:00:00+1000,2026-08-28T11:00:00+0000,2026-08-28,21,0.0,18.0,24.6
port_phillip,Port Phillip,25900,-37.85872196338894,144.98330895235486,-37.899998,145.0,24.0,Australia/Sydney,air_quality_2026-08-26.json,2026-08-28T22:00:00+1000,2026-08-28T12:00:00+0000,2026-08-28,22,0.0,18.1,24.2
port_phillip,Port Phillip,25900,-37.85872196338894,144.98330895235486,-37.899998,145.0,24.0,Australia/Sydney,air_quality_2026-08-26.json,2026-08-28T23:00:00+1000,2026-08-28T13:00:00+0000,2026-08-28,23,0.0,17.6,23.3
port_phillip,Port Phillip,25900,-37.85872196338894,144.98330895235486,-37.899998,145.0,24.0,Australia/Sydney,air_quality_2026-08-26.json,2026-08-29T00:00:00+1000,2026-08-28T14:00:00+0000,2026-08-29,0,0.0,17.2,22.5
port_phillip,Port Phillip,25900,-37.85872196338894,144.98330895235486,-37.899998,145.0,24.0,Australia/Sydney,air_quality_2026-08-26.json,2026-08-29T01:00:00+1000,2026-08-28T15:00:00+0000,2026-08-29,1,0.0,16.4,21.2
port_phillip,Port Phillip,25900,-37.85872196338894,144.98330895235486,-37.899998,145.0,24.0,Australia/Sydney,air_quality_2026-08-26.json,2026-08-29T02:00:00+1000,2026-08-28T16:00:00+0000,2026-08-29,2,0.0,14.8,19.2
port_phillip,Port Phillip,25900,-37.85872196338894,144.98330895235486,-37.899998,145.0,24.0,Australia/Sydney,air_quality_2026-08-26.json,2026-08-29T03:00:00+1000,2026-08-28T17:00:00+0000,2026-08-29,3,0.0,12.9,16.6
port_phillip,Port Phillip,25900,-37.85872196338894,144.98330895235486,-37.899998,145.0,24.0,Australia/Sydney,air_quality_2026-08-26.json,2026-08-29T04:00:00+1000,2026-08-28T18:00:00+0000,2026-08-29,4,0.0,10.6,13.9
port_phillip,Port Phillip,25900,-37.85872196338894,144.98330895235486,-37.899998,145.0,24.0,Australia/Sydney,air_quality_2026-08-26.json,2026-08-29T05:00:00+1000,2026-08-28T19:00:00+0000,2026-08-29,5,0.0,9.1,12.2
port_phillip,Port Phillip,25900,-37.85872196338894,144.98330895235486,-37.899998,145.0,24.0,Australia/Sydney,air_quality_2026-08-26.json,2026-08-29T06:00:00+1000,2026-08-28T20:00:00+0000,2026-08-29,6,0.0,8.3,11.2
port_phillip,Port Phillip,25900,-37.85872196338894,144.98330895235486,-37.899998,145.0,24.0,Australia/Sydney,air_quality_2026-08-26.json,2026-08-29T07:00:00+1000,2026-08-28T21:00:00+0000,2026-08-29,7,0.05,8.6,11.2
port_phillip,Port Phillip,25900,-37.85872196338894,144.98330895235486,-37.899998,145.0,24.0,Australia/Sydney,air_quality_2026-08-26.json,2026-08-29T08:00:00+1000,2026-08-28T22:00:00+0000,2026-08-29,8,0.3,9.5,12.0
port_phillip,Port Phillip,25900,-37.85872196338894,144.98330895235486,-37.899998,145.0,24.0,Australia/Sydney,air_quality_2026-08-26.json,2026-08-29T09:00:00+1000,2026-08-28T23:00:00+0000,2026-08-29,9,0.8,9.2,12.7
port_phillip,Port Phillip,25900,-37.85872196338894,144.98330895235486,-37.899998,145.0,24.0,Australia/Sydney,air_quality_2026-08-26.json,2026-08-29T10:00:00+1000,2026-08-29T00:00:00+0000,2026-08-29,10,1.45,10.8,16.5
port_phillip,Port Phillip,25900,-37.85872196338894,144.98330895235486,-37.899998,145.0,24.0,Australia/Sydney,air_quality_2026-08-26.json,2026-08-29T11:00:00+1000,2026-08-29T01:00:00+0000,2026-08-29,11,1.75,11.2,17.9
port_phillip,Port Phillip,25900,-37.85872196338894,144.98330895235486,-37.899998,145.0,24.0,Australia/Sydney,air_quality_2026-08-26.json,2026-08-29T12:00:00+1000,2026-08-29T02:00:00+0000,2026-08-29,12,1.65,11.4,18.3
port_phillip,Port Phillip,25900,-37.85872196338894,144.98330895235486,-37.899998,145.0,24.0,Australia/Sydney,air_quality_2026-08-26.json,2026-08-29T13:00:00+1000,2026-08-29T03:00:00+0000,2026-08-29,13,1.65,13.7,21.9
port_phillip,Port Phillip,25900,-37.85872196338894,144.98330895235486,-37.899998,145.0,24.0,Australia/Sydney,air_quality_2026-08-26.json,2026-08-29T14:00:00+1000,2026-08-29T04:00:00+0000,2026-08-29,14,1.25,13.4,21.2
port_phillip,Port Phillip,25900,-37.85872196338894,144.98330895235486,-37.899998,145.0,24.0,Australia/Sydney,air_quality_2026-08-26.json,2026-08-29T15:00:00+1000,2026-08-29T05:00:00+0000,2026-08-29,15,0.75,16.3,25.8
port_phillip,Port Phillip,25900,-37.85872196338894,144.98330895235486,-37.899998,145.0,24.0,Australia/Sydney,air_quality_2026-08-26.json,2026-08-29T16:00:00+1000,2026-08-29T06:00:00+0000,2026-08-29,16,0.35,15.7,24.7
port_phillip,Port Phillip,25900,-37.85872196338894,144.98330895235486,-37.899998,145.0,24.0,Australia/Sydney,air_quality_2026-08-26.json,2026-08-29T17:00:00+1000,2026-08-29T07:00:00+0000,2026-08-29,17,0.1,15.9,25.0
port_phillip,Port Phillip,25900,-37.85872196338894,144.98330895235486,-37.899998,145.0,24.0,Australia/Sydney,air_quality_2026-08-26.json,2026-08-29T18:00:00+1000,2026-08-29T08:00:00+0000,2026-08-29,18,0.0,16.1,24.9
port_phillip,Port Phillip,25900,-37.85872196338894,144.98330895235486,-37.899998,145.0,24.0,Australia/Sydney,air_quality_2026-08-26.json,2026-08-29T19:00:00+1000,2026-08-29T09:00:00+0000,2026-08-29,19,0.0,15.1,22.5
port_phillip,Port Phillip,25900,-37.85872196338894,144.98330895235486,-37.899998,145.0,24.0,Australia/Sydney,air_quality_2026-08-26.json,2026-08-29T20:00:00+1000,2026-08-29T10:00:00+0000,2026-08-29,20,0.0,14.1,20.5
port_phillip,Port Phillip,25900,-37.85872196338894,144.98330895235486,-37.899998,145.0,24.0,Australia/Sydney,air_quality_2026-08-26.json,2026-08-29T21:00:00+1000,2026-08-29T11:00:00+0000,2026-08-29,21,0.0,12.7,18.2
port_phillip,Port Phillip,25900,-37.85872196338894,144.98330895235486,-37.899998,145.0,24.0,Australia/Sydney,air_quality_2026-08-26.json,2026-08-29T22:00:00+1000,2026-08-29T12:00:00+0000,2026-08-29,22,0.0,11.0,15.5
port_phillip,Port Phillip,25900,-37.85872196338894,144.98330895235486,-37.899998,145.0,24.0,Australia/Sydney,air_quality_2026-08-26.json,2026-08-29T23:00:00+1000,2026-08-29T13:00:00+0000,2026-08-29,23,0.0,10.1,14.3
port_phillip,Port Phillip,25900,-37.85872196338894,144.98330895235486,-37.899998,145.0,24.0,Australia/Sydney,air_quality_2026-08-26.json,2026-08-30T00:00:00+1000,2026-08-29T14:00:00+0000,2026-08-30,0,0.0,9.0,12.8
port_phillip,Port Phillip,25900,-37.85872196338894,144.98330895235486,-37.899998,145.0,24.0,Australia/Sydney,air_quality_2026-08-26.json,2026-08-30T01:00:00+1000,2026-08-29T15:00:00+0000,2026-08-30,1,0.0,8.6,12.5
port_phillip,Port Phillip,25900,-37.85872196338894,144.98330895235486,-37.899998,145.0,24.0,Australia/Sydney,air_quality_2026-08-26.json,2026-08-30T02:00:00+1000,2026-08-29T16:00:00+0000,2026-08-30,2,0.0,8.3,12.3
port_phillip,Port Phillip,25900,-37.85872196338894,144.98330895235486,-37.899998,145.0,24.0,Australia/Sydney,air_quality_2026-08-26.json,2026-08-30T03:00:00+1000,2026-08-29T17:00:00+0000,2026-08-30,3,0.0,7.8,11.6
port_phillip,Port Phillip,25900,-37.85872196338894,144.98330895235486,-37.899998,145.0,24.0,Australia/Sydney,air_quality_2026-08-26.json,2026-08-30T04:00:00+1000,2026-08-29T18:00:00+0000,2026-08-30,4,0.0,7.3,10.9
port_phillip,Port Phillip,25900,-37.85872196338894,144.98330895235486,-37.899998,145.0,24.0,Australia/Sydney,air_quality_2026-08-26.json,2026-08-30T05:00:00+1000,2026-08-29T19:00:00+0000,2026-08-30,5,0.0,6.9,10.4
port_phillip,Port Phillip,25900,-37.85872196338894,144.98330895235486,-37.899998,145.0,24.0,Australia/Sydney,air_quality_2026-08-26.json,2026-08-30T06:00:00+1000,2026-08-29T20:00:00+0000,2026-08-30,6,0.0,7.0,10.4
port_phillip,Port Phillip,25900,-37.85872196338894,144.98330895235486,-37.899998,145.0,24.0,Australia/Sydney,air_quality_2026-08-26.json,2026-08-30T07:00:00+1000,2026-08-29T21:00:00+0000,2026-08-30,7,0.0,7.7,11.2
port_phillip,Port Phillip,25900,-37.85872196338894,144.98330895235486,-37.899998,145.0,24.0,Australia/Sydney,air_quality_2026-08-26.json,2026-08-30T08:00:00+1000,2026-08-29T22:00:00+0000,2026-08-30,8,0.2,8.8,12.3
port_phillip,Port Phillip,25900,-37.85872196338894,144.98330895235486,-37.899998,145.0,24.0,Australia/Sydney,air_quality_2026-08-26.json,2026-08-30T09:00:00+1000,2026-08-29T23:00:00+0000,2026-08-30,9,0.65,9.9,14.6
port_phillip,Port Phillip,25900,-37.85872196338894,144.98330895235486,-37.899998,145.0,24.0,Australia/Sydney,air_quality_2026-08-26.json,2026-08-30T10:00:00+1000,2026-08-30T00:00:00+0000,2026-08-30,10,1.4,11.1,17.2
port_phillip,Port Phillip,25900,-37.85872196338894,144.98330895235486,-37.899998,145.0,24.0,Australia/Sydney,air_quality_2026-08-26.json,2026-08-30T11:00:00+1000,2026-08-30T01:00:00+0000,2026-08-30,11,2.1,11.1,17.5
port_phillip,Port Phillip,25900,-37.85872196338894,144.98330895235486,-37.899998,145.0,24.0,Australia/Sydney,air_quality_2026-08-26.json,2026-08-30T12:00:00+1000,2026-08-30T02:00:00+0000,2026-08-30,12,2.5,11.2,17.5
port_phillip,Port Phillip,25900,-37.85872196338894,144.98330895235486,-37.899998,145.0,24.0,Australia/Sydney,air_quality_2026-08-26.json,2026-08-30T13:00:00+1000,2026-08-30T03:00:00+0000,2026-08-30,13,2.55,10.3,16.0
port_phillip,Port Phillip,25900,-37.85872196338894,144.98330895235486,-37.899998,145.0,24.0,Australia/Sydney,air_quality_2026-08-26.json,2026-08-30T14:00:00+1000,2026-08-30T04:00:00+0000,2026-08-30,14,2.2,9.7,15.0
port_phillip,Port Phillip,25900,-37.85872196338894,144.98330895235486,-37.899998,145.0,24.0,Australia/Sydney,air_quality_2026-08-26.json,2026-08-30T15:00:00+1000,2026-08-30T05:00:00+0000,2026-08-30,15,1.25,9.8,15.1
port_phillip,Port Phillip,25900,-37.85872196338894,144.98330895235486,-37.899998,145.0,24.0,Australia/Sydney,air_quality_2026-08-26.json,2026-08-30T16:00:00+1000,2026-08-30T06:00:00+0000,2026-08-30,16,0.55,10.1,15.5
port_phillip,Port Phillip,25900,-37.85872196338894,144.98330895235486,-37.899998,145.0,24.0,Australia/Sydney,air_quality_2026-08-26.json,2026-08-30T17:00:00+1000,2026-08-30T07:00:00+0000,2026-08-30,17,0.1,10.4,15.9
port_phillip,Port Phillip,25900,-37.85872196338894,144.98330895235486,-37.899998,145.0,24.0,Australia/Sydney,air_quality_2026-08-26.json,2026-08-30T18:00:00+1000,2026-08-30T08:00:00+0000,2026-08-30,18,0.0,11.6,17.2
port_phillip,Port Phillip,25900,-37.85872196338894,144.98330895235486,-37.899998,145.0,24.0,Australia/Sydney,air_quality_2026-08-26.json,2026-08-30T19:00:00+1000,2026-08-30T09:00:00+0000,2026-08-30,19,0.0,11.2,16.0
port_phillip,Port Phillip,25900,-37.85872196338894,144.98330895235486,-37.899998,145.0,24.0,Australia/Sydney,air_quality_2026-08-26.json,2026-08-30T20:00:00+1000,2026-08-30T10:00:00+0000,2026-08-30,20,0.0,10.6,14.9
port_phillip,Port Phillip,25900,-37.85872196338894,144.98330895235486,-37.899998,145.0,24.0,Australia/Sydney,air_quality_2026-08-26.json,2026-08-30T21:00:00+1000,2026-08-30T11:00:00+0000,2026-08-30,21,0.0,10.9,15.2
port_phillip,Port Phillip,25900,-37.85872196338894,144.98330895235486,-37.899998,145.0,24.0,Australia/Sydney,air_quality_2026-08-26.json,2026-08-30T22:00:00+1000,2026-08-30T12:00:00+0000,2026-08-30,22,0.0,11.8,16.4
stonnington,Stonnington,26350,-37.86128611194329,145.03906713769834,-37.899998,145.0,46.0,Australia/Sydney,air_quality_2026-08-26.json,2026-08-26T00:00:00+1000,2026-08-25T14:00:00+0000,2026-08-26,0,0.0,3.8,5.5
stonnington,Stonnington,26350,-37.86128611194329,145.03906713769834,-37.899998,145.0,46.0,Australia/Sydney,air_quality_2026-08-26.json,2026-08-26T01:00:00+1000,2026-08-25T15:00:00+0000,2026-08-26,1,0.0,3.9,6.0
stonnington,Stonnington,26350,-37.86128611194329,145.03906713769834,-37.899998,145.0,46.0,Australia/Sydney,air_quality_2026-08-26.json,2026-08-26T02:00:00+1000,2026-08-25T16:00:00+0000,2026-08-26,2,0.0,4.4,7.0
stonnington,Stonnington,26350,-37.86128611194329,145.03906713769834,-37.899998,145.0,46.0,Australia/Sydney,air_quality_2026-08-26.json,2026-08-26T03:00:00+1000,2026-08-25T17:00:00+0000,2026-08-26,3,0.0,4.9,7.8
stonnington,Stonnington,26350,-37.86128611194329,145.03906713769834,-37.899998,145.0,46.0,Australia/Sydney,air_quality_2026-08-26.json,2026-08-26T04:00:00+1000,2026-08-25T18:00:00+0000,2026-08-26,4,0.0,5.1,8.1
stonnington,Stonnington,26350,-37.86128611194329,145.03906713769834,-37.899998,145.0,46.0,Australia/Sydney,air_quality_2026-08-26.json,2026-08-26T05:00:00+1000,2026-08-25T19:00:00+0000,2026-08-26,5,0.0,5.3,8.4
stonnington,Stonnington,26350,-37.86128611194329,145.03906713769834,-37.899998,145.0,46.0,Australia/Sydney,air_quality_2026-08-26.json,2026-08-26T06:00:00+1000,2026-08-25T20:00:00+0000,2026-08-26,6,0.0,5.4,8.4
stonnington,Stonnington,26350,-37.86128611194329,145.03906713769834,-37.899998,145.0,46.0,Australia/Sydney,air_quality_2026-08-26.json,2026-08-26T07:00:00+1000,2026-08-25T21:00:00+0000,2026-08-26,7,0.05,5.9,8.7
stonnington,Stonnington,26350,-37.86128611194329,145.03906713769834,-37.899998,145.0,46.0,Australia/Sydney,air_quality_2026-08-26.json,2026-08-26T08:00:00+1000,2026-08-25T22:00:00+0000,2026-08-26,8,0.35,6.5,9.5
stonnington,Stonnington,26350,-37.86128611194329,145.03906713769834,-37.899998,145.0,46.0,Australia/Sydney,air_quality_2026-08-26.json,2026-08-26T09:00:00+1000,2026-08-25T23:00:00+0000,2026-08-26,9,1.0,6.5,9.9
stonnington,Stonnington,26350,-37.86128611194329,145.03906713769834,-37.899998,145.0,46.0,Australia/Sydney,air_quality_2026-08-26.json,2026-08-26T10:00:00+1000,2026-08-26T00:00:00+0000,2026-08-26,10,1.9,7.9,12.5
stonnington,Stonnington,26350,-37.86128611194329,145.03906713769834,-37.899998,145.0,46.0,Australia/Sydney,air_quality_2026-08-26.json,2026-08-26T11:00:00+1000,2026-08-26T01:00:00+0000,2026-08-26,11,2.8,7.3,11.7
stonnington,Stonnington,26350,-37.86128611194329,145.03906713769834,-37.899998,145.0,46.0,Australia/Sydney,air_quality_2026-08-26.json,2026-08-26T12:00:00+1000,2026-08-26T02:00:00+0000,2026-08-26,12,2.95,8.0,12.9
stonnington,Stonnington,26350,-37.86128611194329,145.03906713769834,-37.899998,145.0,46.0,Australia/Sydney,air_quality_2026-08-26.json,2026-08-26T13:00:00+1000,2026-08-26T03:00:00+0000,2026-08-26,13,2.65,7.3,11.9
stonnington,Stonnington,26350,-37.86128611194329,145.03906713769834,-37.899998,145.0,46.0,Australia/Sydney,air_quality_2026-08-26.json,2026-08-26T14:00:00+1000,2026-08-26T04:00:00+0000,2026-08-26,14,2.0,7.1,11.5
stonnington,Stonnington,26350,-37.86128611194329,145.03906713769834,-37.899998,145.0,46.0,Australia/Sydney,air_quality_2026-08-26.json,2026-08-26T15:00:00+1000,2026-08-26T05:00:00+0000,2026-08-26,15,1.15,7.0,11.3
stonnington,Stonnington,26350,-37.86128611194329,145.03906713769834,-37.899998,145.0,46.0,Australia/Sydney,air_quality_2026-08-26.json,2026-08-26T16:00:00+1000,2026-08-26T06:00:00+0000,2026-08-26,16,0.5,7.2,11.5
stonnington,Stonnington,26350,-37.86128611194329,145.03906713769834,-37.899998,145.0,46.0,Australia/Sydney,air_quality_2026-08-26.json,2026-08-26T17:00:00+1000,2026-08-26T07:00:00+0000,2026-08-26,17,0.1,7.6,11.8
stonnington,Stonnington,26350,-37.86128611194329,145.03906713769834,-37.899998,145.0,46.0,Australia/Sydney,air_quality_2026-08-26.json,2026-08-26T18:00:00+1000,2026-08-26T08:00:00+0000,2026-08-26,18,0.0,9.2,13.4
stonnington,Stonnington,26350,-37.86128611194329,145.03906713769834,-37.899998,145.0,46.0,Australia/Sydney,air_quality_2026-08-26.json,2026-08-26T19:00:00+1000,2026-08-26T09:00:00+0000,2026-08-26,19,0.0,11.3,15.5
stonnington,Stonnington,26350,-37.86128611194329,145.03906713769834,-37.899998,145.0,46.0,Australia/Sydney,air_quality_2026-08-26.json,2026-08-26T20:00:00+1000,2026-08-26T10:00:00+0000,2026-08-26,20,0.0,12.5,16.8
stonnington,Stonnington,26350,-37.86128611194329,145.03906713769834,-37.899998,145.0,46.0,Australia/Sydney,air_quality_2026-08-26.json,2026-08-26T21:00:00+1000,2026-08-26T11:00:00+0000,2026-08-26,21,0.0,12.4,16.3
stonnington,Stonnington,26350,-37.86128611194329,145.03906713769834,-37.899998,145.0,46.0,Australia/Sydney,air_quality_2026-08-26.json,2026-08-26T22:00:00+1000,2026-08-26T12:00:00+0000,2026-08-26,22,0.0,12.8,16.7
stonnington,Stonnington,26350,-37.86128611194329,145.03906713769834,-37.899998,145.0,46.0,Australia/Sydney,air_quality_2026-08-26.json,2026-08-26T23:00:00+1000,2026-08-26T13:00:00+0000,2026-08-26,23,0.0,13.3,17.2
stonnington,Stonnington,26350,-37.86128611194329,145.03906713769834,-37.899998,145.0,46.0,Australia/Sydney,air_quality_2026-08-26.json,2026-08-27T00:00:00+1000,2026-08-26T14:00:00+0000,2026-08-27,0,0.0,13.6,17.6
stonnington,Stonnington,26350,-37.86128611194329,145.03906713769834,-37.899998,145.0,46.0,Australia/Sydney,air_quality_2026-08-26.json,2026-08-27T01:00:00+1000,2026-08-26T15:00:00+0000,2026-08-27,1,0.0,13.6,17.6
stonnington,Stonnington,26350,-37.86128611194329,145.03906713769834,-37.899998,145.0,46.0,Australia/Sydney,air_quality_2026-08-26.json,2026-08-27T02:00:00+1000,2026-08-26T16:00:00+0000,2026-08-27,2,0.0,13.6,17.7
stonnington,Stonnington,26350,-37.86128611194329,145.03906713769834,-37.899998,145.0,46.0,Australia/Sydney,air_quality_2026-08-26.json,2026-08-27T03:00:00+1000,2026-08-26T17:00:00+0000,2026-08-27,3,0.0,13.5,17.7
stonnington,Stonnington,26350,-37.86128611194329,145.03906713769834,-37.899998,145.0,46.0,Australia/Sydney,air_quality_2026-08-26.json,2026-08-27T04:00:00+1000,2026-08-26T18:00:00+0000,2026-08-27,4,0.0,13.2,17.5
stonnington,Stonnington,26350,-37.86128611194329,145.03906713769834,-37.899998,145.0,46.0,Australia/Sydney,air_quality_2026-08-26.json,2026-08-27T05:00:00+1000,2026-08-26T19:00:00+0000,2026-08-27,5,0.0,13.0,17.2
stonnington,Stonnington,26350,-37.86128611194329,145.03906713769834,-37.899998,145.0,46.0,Australia/Sydney,air_quality_2026-08-26.json,2026-08-27T06:00:00+1000,2026-08-26T20:00:00+0000,2026-08-27,6,0.0,13.4,17.5
stonnington,Stonnington,26350,-37.86128611194329,145.03906713769834,-37.899998,145.0,46.0,Australia/Sydney,air_quality_2026-08-26.json,2026-08-27T07:00:00+1000,2026-08-26T21:00:00+0000,2026-08-27,7,0.05,16.2,19.8
stonnington,Stonnington,26350,-37.86128611194329,145.03906713769834,-37.899998,145.0,46.0,Australia/Sydney,air_quality_2026-08-26.json,2026-08-27T08:00:00+1000,2026-08-26T22:00:00+0000,2026-08-27,8,0.35,20.4,22.5
stonnington,Stonnington,26350,-37.86128611194329,145.03906713769834,-37.899998,145.0,46.0,Australia/Sydney,air_quality_2026-08-26.json,2026-08-27T09:00:00+1000,2026-08-26T23:00:00+0000,2026-08-27,9,1.1,15.4,18.1
stonnington,Stonnington,26350,-37.86128611194329,145.03906713769834,-37.899998,145.0,46.0,Australia/Sydney,air_quality_2026-08-26.json,2026-08-27T10:00:00+1000,2026-08-27T00:00:00+0000,2026-08-27,10,2.15,10.3,14.5
stonnington,Stonnington,26350,-37.86128611194329,145.03906713769834,-37.899998,145.0,46.0,Australia/Sydney,air_quality_2026-08-26.json,2026-08-27T11:00:00+1000,2026-08-27T01:00:00+0000,2026-08-27,11,2.65,9.5,13.8
stonnington,Stonnington,26350,-37.86128611194329,145.03906713769834,-37.899998,145.0,46.0,Australia/Sydney,air_quality_2026-08-26.json,2026-08-27T12:00:00+1000,2026-08-27T02:00:00+0000,2026-08-27,12,3.25,9.2,13.4
stonnington,Stonnington,26350,-37.86128611194329,145.03906713769834,-37.899998,145.0,46.0,Australia/Sydney,air_quality_2026-08-26.json,2026-08-27T13:00:00+1000,2026-08-27T03:00:00+0000,2026-08-27,13,3.3,9.6,13.7
stonnington,Stonnington,26350,-37.86128611194329,145.03906713769834,-37.899998,145.0,46.0,Australia/Sydney,air_quality_2026-08-26.json,2026-08-27T14:00:00+1000,2026-08-27T04:00:00+0000,2026-08-27,14,2.6,9.9,13.9
stonnington,Stonnington,26350,-37.86128611194329,145.03906713769834,-37.899998,145.0,46.0,Australia/Sydney,air_quality_2026-08-26.json,2026-08-27T15:00:00+1000,2026-08-27T05:00:00+0000,2026-08-27,15,1.5,10.1,14.2
stonnington,Stonnington,26350,-37.86128611194329,145.03906713769834,-37.899998,145.0,46.0,Australia/Sydney,air_quality_2026-08-26.json,2026-08-27T16:00:00+1000,2026-08-27T06:00:00+0000,2026-08-27,16,0.6,9.9,13.9
stonnington,Stonnington,26350,-37.86128611194329,145.03906713769834,-37.899998,145.0,46.0,Australia/Sydney,air_quality_2026-08-26.json,2026-08-27T17:00:00+1000,2026-08-27T07:00:00+0000,2026-08-27,17,0.15,11.4,15.3
stonnington,Stonnington,26350,-37.86128611194329,145.03906713769834,-37.899998,145.0,46.0,Australia/Sydney,air_quality_2026-08-26.json,2026-08-27T18:00:00+1000,2026-08-27T08:00:00+0000,2026-08-27,18,0.0,15.5,19.2
stonnington,Stonnington,26350,-37.86128611194329,145.03906713769834,-37.899998,145.0,46.0,Australia/Sydney,air_quality_2026-08-26.json,2026-08-27T19:00:00+1000,2026-08-27T09:00:00+0000,2026-08-27,19,0.0,19.1,22.8
stonnington,Stonnington,26350,-37.86128611194329,145.03906713769834,-37.899998,145.0,46.0,Australia/Sydney,air_quality_2026-08-26.json,2026-08-27T20:00:00+1000,2026-08-27T10:00:00+0000,2026-08-27,20,0.0,22.3,25.8
stonnington,Stonnington,26350,-37.86128611194329,145.03906713769834,-37.899998,145.0,46.0,Australia/Sydney,air_quality_2026-08-26.json,2026-08-27T21:00:00+1000,2026-08-27T11:00:00+0000,2026-08-27,21,0.0,25.4,28.8
stonnington,Stonnington,26350,-37.86128611194329,145.03906713769834,-37.899998,145.0,46.0,Australia/Sydney,air_quality_2026-08-26.json,2026-08-27T22:00:00+1000,2026-08-27T12:00:00+0000,2026-08-27,22,0.0,26.4,29.2
stonnington,Stonnington,26350,-37.86128611194329,145.03906713769834,-37.899998,145.0,46.0,Australia/Sydney,air_quality_2026-08-26.json,2026-08-27T23:00:00+1000,2026-08-27T13:00:00+0000,2026-08-27,23,0.0,23.2,25.2
stonnington,Stonnington,26350,-37.86128611194329,145.03906713769834,-37.899998,145.0,46.0,Australia/Sydney,air_quality_2026-08-26.json,2026-08-28T00:00:00+1000,2026-08-27T14:00:00+0000,2026-08-28,0,0.0,19.4,21.0
stonnington,Stonnington,26350,-37.86128611194329,145.03906713769834,-37.899998,145.0,46.0,Australia/Sydney,air_quality_2026-08-26.json,2026-08-28T01:00:00+1000,2026-08-27T15:00:00+0000,2026-08-28,1,0.0,16.6,18.0
stonnington,Stonnington,26350,-37.86128611194329,145.03906713769834,-37.899998,145.0,46.0,Australia/Sydney,air_quality_2026-08-26.json,2026-08-28T02:00:00+1000,2026-08-27T16:00:00+0000,2026-08-28,2,0.0,13.8,15.0
stonnington,Stonnington,26350,-37.86128611194329,145.03906713769834,-37.899998,145.0,46.0,Australia/Sydney,air_quality_2026-08-26.json,2026-08-28T03:00:00+1000,2026-08-27T17:00:00+0000,2026-08-28,3,0.0,11.1,12.2
stonnington,Stonnington,26350,-37.86128611194329,145.03906713769834,-37.899998,145.0,46.0,Australia/Sydney,air_quality_2026-08-26.json,2026-08-28T04:00:00+1000,2026-08-27T18:00:00+0000,2026-08-28,4,0.0,8.7,9.7
stonnington,Stonnington,26350,-37.86128611194329,145.03906713769834,-37.899998,145.0,46.0,Australia/Sydney,air_quality_2026-08-26.json,2026-08-28T05:00:00+1000,2026-08-27T19:00:00+0000,2026-08-28,5,0.0,7.4,8.6
stonnington,Stonnington,26350,-37.86128611194329,145.03906713769834,-37.899998,145.0,46.0,Australia/Sydney,air_quality_2026-08-26.json,2026-08-28T06:00:00+1000,2026-08-27T20:00:00+0000,2026-08-28,6,0.0,6.6,8.0
stonnington,Stonnington,26350,-37.86128611194329,145.03906713769834,-37.899998,145.0,46.0,Australia/Sydney,air_quality_2026-08-26.json,2026-08-28T07:00:00+1000,2026-08-27T21:00:00+0000,2026-08-28,7,0.0,7.2,8.5
stonnington,Stonnington,26350,-37.86128611194329,145.03906713769834,-37.899998,145.0,46.0,Australia/Sydney,air_quality_2026-08-26.json,2026-08-28T08:00:00+1000,2026-08-27T22:00:00+0000,2026-08-28,8,0.1,8.5,10.0
stonnington,Stonnington,26350,-37.86128611194329,145.03906713769834,-37.899998,145.0,46.0,Australia/Sydney,air_quality_2026-08-26.json,2026-08-28T09:00:00+1000,2026-08-27T23:00:00+0000,2026-08-28,9,0.35,10.3,11.9
stonnington,Stonnington,26350,-37.86128611194329,145.03906713769834,-37.899998,145.0,46.0,Australia/Sydney,air_quality_2026-08-26.json,2026-08-28T10:00:00+1000,2026-08-28T00:00:00+0000,2026-08-28,10,0.85,8.8,10.7
stonnington,Stonnington,26350,-37.86128611194329,145.03906713769834,-37.899998,145.0,46.0,Australia/Sydney,air_quality_2026-08-26.json,2026-08-28T11:00:00+1000,2026-08-28T01:00:00+0000,2026-08-28,11,1.8,7.7,9.7
stonnington,Stonnington,26350,-37.86128611194329,145.03906713769834,-37.899998,145.0,46.0,Australia/Sydney,air_quality_2026-08-26.json,2026-08-28T12:00:00+1000,2026-08-28T02:00:00+0000,2026-08-28,12,2.65,5.8,7.7
stonnington,Stonnington,26350,-37.86128611194329,145.03906713769834,-37.899998,145.0,46.0,Australia/Sydney,air_quality_2026-08-26.json,2026-08-28T13:00:00+1000,2026-08-28T03:00:00+0000,2026-08-28,13,3.1,6.0,8.6
stonnington,Stonnington,26350,-37.86128611194329,145.03906713769834,-37.899998,145.0,46.0,Australia/Sydney,air_quality_2026-08-26.json,2026-08-28T14:00:00+1000,2026-08-28T04:00:00+0000,2026-08-28,14,2.5,7.4,11.3
stonnington,Stonnington,26350,-37.86128611194329,145.03906713769834,-37.899998,145.0,46.0,Australia/Sydney,air_quality_2026-08-26.json,2026-08-28T15:00:00+1000,2026-08-28T05:00:00+0000,2026-08-28,15,1.55,8.7,13.7
stonnington,Stonnington,26350,-37.86128611194329,145.03906713769834,-37.899998,145.0,46.0,Australia/Sydney,air_quality_2026-08-26.json,2026-08-28T16:00:00+1000,2026-08-28T06:00:00+0000,2026-08-28,16,0.65,10.0,15.7
stonnington,Stonnington,26350,-37.86128611194329,145.03906713769834,-37.899998,145.0,46.0,Australia/Sydney,air_quality_2026-08-26.json,2026-08-28T17:00:00+1000,2026-08-28T07:00:00+0000,2026-08-28,17,0.15,11.0,17.3
stonnington,Stonnington,26350,-37.86128611194329,145.03906713769834,-37.899998,145.0,46.0,Australia/Sydney,air_quality_2026-08-26.json,2026-08-28T18:00:00+1000,2026-08-28T08:00:00+0000,2026-08-28,18,0.0,13.9,20.7
stonnington,Stonnington,26350,-37.86128611194329,145.03906713769834,-37.899998,145.0,46.0,Australia/Sydney,air_quality_2026-08-26.json,2026-08-28T19:00:00+1000,2026-08-28T09:00:00+0000,2026-08-28,19,0.0,17.2,23.7
stonnington,Stonnington,26350,-37.86128611194329,145.03906713769834,-37.899998,145.0,46.0,Australia/Sydney,air_quality_2026-08-26.json,2026-08-28T20:00:00+1000,2026-08-28T10:00:00+0000,2026-08-28,20,0.0,20.1,27.0
stonnington,Stonnington,26350,-37.86128611194329,145.03906713769834,-37.899998,145.0,46.0,Australia/Sydney,air_quality_2026-08-26.json,2026-08-28T21:00:00+1000,2026-08-28T11:00:00+0000,2026-08-28,21,0.0,21.8,28.8
stonnington,Stonnington,26350,-37.86128611194329,145.03906713769834,-37.899998,145.0,46.0,Australia/Sydney,air_quality_2026-08-26.json,2026-08-28T22:00:00+1000,2026-08-28T12:00:00+0000,2026-08-28,22,0.0,22.8,29.9
stonnington,Stonnington,26350,-37.86128611194329,145.03906713769834,-37.899998,145.0,46.0,Australia/Sydney,air_quality_2026-08-26.json,2026-08-28T23:00:00+1000,2026-08-28T13:00:00+0000,2026-08-28,23,0.0,23.4,30.6
stonnington,Stonnington,26350,-37.86128611194329,145.03906713769834,-37.899998,145.0,46.0,Australia/Sydney,air_quality_2026-08-26.json,2026-08-29T00:00:00+1000,2026-08-28T14:00:00+0000,2026-08-29,0,0.0,23.7,31.0
stonnington,Stonnington,26350,-37.86128611194329,145.03906713769834,-37.899998,145.0,46.0,Australia/Sydney,air_quality_2026-08-26.json,2026-08-29T01:00:00+1000,2026-08-28T15:00:00+0000,2026-08-29,1,0.0,23.3,30.3
stonnington,Stonnington,26350,-37.86128611194329,145.03906713769834,-37.899998,145.0,46.0,Australia/Sydney,air_quality_2026-08-26.json,2026-08-29T02:00:00+1000,2026-08-28T16:00:00+0000,2026-08-29,2,0.0,21.3,27.4
stonnington,Stonnington,26350,-37.86128611194329,145.03906713769834,-37.899998,145.0,46.0,Australia/Sydney,air_quality_2026-08-26.json,2026-08-29T03:00:00+1000,2026-08-28T17:00:00+0000,2026-08-29,3,0.0,17.9,23.1
stonnington,Stonnington,26350,-37.86128611194329,145.03906713769834,-37.899998,145.0,46.0,Australia/Sydney,air_quality_2026-08-26.json,2026-08-29T04:00:00+1000,2026-08-28T18:00:00+0000,2026-08-29,4,0.0,14.8,19.2
stonnington,Stonnington,26350,-37.86128611194329,145.03906713769834,-37.899998,145.0,46.0,Australia/Sydney,air_quality_2026-08-26.json,2026-08-29T05:00:00+1000,2026-08-28T19:00:00+0000,2026-08-29,5,0.0,12.3,16.1
stonnington,Stonnington,26350,-37.86128611194329,145.03906713769834,-37.899998,145.0,46.0,Australia/Sydney,air_quality_2026-08-26.json,2026-08-29T06:00:00+1000,2026-08-28T20:00:00+0000,2026-08-29,6,0.0,11.1,14.4
stonnington,Stonnington,26350,-37.86128611194329,145.03906713769834,-37.899998,145.0,46.0,Australia/Sydney,air_quality_2026-08-26.json,2026-08-29T07:00:00+1000,2026-08-28T21:00:00+0000,2026-08-29,7,0.05,12.4,15.3
stonnington,Stonnington,26350,-37.86128611194329,145.03906713769834,-37.899998,145.0,46.0,Australia/Sydney,air_quality_2026-08-26.json,2026-08-29T08:00:00+1000,2026-08-28T22:00:00+0000,2026-08-29,8,0.25,14.0,16.9
stonnington,Stonnington,26350,-37.86128611194329,145.03906713769834,-37.899998,145.0,46.0,Australia/Sydney,air_quality_2026-08-26.json,2026-08-29T09:00:00+1000,2026-08-28T23:00:00+0000,2026-08-29,9,0.7,12.3,16.1
stonnington,Stonnington,26350,-37.86128611194329,145.03906713769834,-37.899998,145.0,46.0,Australia/Sydney,air_quality_2026-08-26.json,2026-08-29T10:00:00+1000,2026-08-29T00:00:00+0000,2026-08-29,10,1.25,12.3,17.6
stonnington,Stonnington,26350,-37.86128611194329,145.03906713769834,-37.899998,145.0,46.0,Australia/Sydney,air_quality_2026-08-26.json,2026-08-29T11:00:00+1000,2026-08-29T01:00:00+0000,2026-08-29,11,1.5,11.9,17.9
stonnington,Stonnington,26350,-37.86128611194329,145.03906713769834,-37.899998,145.0,46.0,Australia/Sydney,air_quality_2026-08-26.json,2026-08-29T12:00:00+1000,2026-08-29T02:00:00+0000,2026-08-29,12,1.55,12.0,18.6
stonnington,Stonnington,26350,-37.86128611194329,145.03906713769834,-37.899998,145.0,46.0,Australia/Sydney,air_quality_2026-08-26.json,2026-08-29T13:00:00+1000,2026-08-29T03:00:00+0000,2026-08-29,13,1.6,11.8,18.5
stonnington,Stonnington,26350,-37.86128611194329,145.03906713769834,-37.899998,145.0,46.0,Australia/Sydney,air_quality_2026-08-26.json,2026-08-29T14:00:00+1000,2026-08-29T04:00:00+0000,2026-08-29,14,1.2,11.8,18.7
stonnington,Stonnington,26350,-37.86128611194329,145.03906713769834,-37.899998,145.0,46.0,Australia/Sydney,air_quality_2026-08-26.json,2026-08-29T15:00:00+1000,2026-08-29T05:00:00+0000,2026-08-29,15,0.7,12.8,20.3
stonnington,Stonnington,26350,-37.86128611194329,145.03906713769834,-37.899998,145.0,46.0,Australia/Sydney,air_quality_2026-08-26.json,2026-08-29T16:00:00+1000,2026-08-29T06:00:00+0000,2026-08-29,16,0.3,14.8,23.3
stonnington,Stonnington,26350,-37.86128611194329,145.03906713769834,-37.899998,145.0,46.0,Australia/Sydney,air_quality_2026-08-26.json,2026-08-29T17:00:00+1000,2026-08-29T07:00:00+0000,2026-08-29,17,0.1,16.6,26.0
stonnington,Stonnington,26350,-37.86128611194329,145.03906713769834,-37.899998,145.0,46.0,Australia/Sydney,air_quality_2026-08-26.json,2026-08-29T18:00:00+1000,2026-08-29T08:00:00+0000,2026-08-29,18,0.0,16.3,24.9
stonnington,Stonnington,26350,-37.86128611194329,145.03906713769834,-37.899998,145.0,46.0,Australia/Sydney,air_quality_2026-08-26.json,2026-08-29T19:00:00+1000,2026-08-29T09:00:00+0000,2026-08-29,19,0.0,15.7,22.8
stonnington,Stonnington,26350,-37.86128611194329,145.03906713769834,-37.899998,145.0,46.0,Australia/Sydney,air_quality_2026-08-26.json,2026-08-29T20:00:00+1000,2026-08-29T10:00:00+0000,2026-08-29,20,0.0,16.1,23.0
stonnington,Stonnington,26350,-37.86128611194329,145.03906713769834,-37.899998,145.0,46.0,Australia/Sydney,air_quality_2026-08-26.json,2026-08-29T21:00:00+1000,2026-08-29T11:00:00+0000,2026-08-29,21,0.0,16.3,23.1
stonnington,Stonnington,26350,-37.86128611194329,145.03906713769834,-37.899998,145.0,46.0,Australia/Sydney,air_quality_2026-08-26.json,2026-08-29T22:00:00+1000,2026-08-29T12:00:00+0000,2026-08-29,22,0.0,15.3,21.4
stonnington,Stonnington,26350,-37.86128611194329,145.03906713769834,-37.899998,145.0,46.0,Australia/Sydney,air_quality_2026-08-26.json,2026-08-29T23:00:00+1000,2026-08-29T13:00:00+0000,2026-08-29,23,0.0,14.3,20.2
stonnington,Stonnington,26350,-37.86128611194329,145.03906713769834,-37.899998,145.0,46.0,Australia/Sydney,air_quality_2026-08-26.json,2026-08-30T00:00:00+1000,2026-08-29T14:00:00+0000,2026-08-30,0,0.0,12.9,18.2
stonnington,Stonnington,26350,-37.86128611194329,145.03906713769834,-37.899998,145.0,46.0,Australia/Sydney,air_quality_2026-08-26.json,2026-08-30T01:00:00+1000,2026-08-29T15:00:00+0000,2026-08-30,1,0.0,11.4,16.2
stonnington,Stonnington,26350,-37.86128611194329,145.03906713769834,-37.899998,145.0,46.0,Australia/Sydney,air_quality_2026-08-26.json,2026-08-30T02:00:00+1000,2026-08-29T16:00:00+0000,2026-08-30,2,0.0,10.5,15.0
stonnington,Stonnington,26350,-37.86128611194329,145.03906713769834,-37.899998,145.0,46.0,Australia/Sydney,air_quality_2026-08-26.json,2026-08-30T03:00:00+1000,2026-08-29T17:00:00+0000,2026-08-30,3,0.0,9.8,14.2
stonnington,Stonnington,26350,-37.86128611194329,145.03906713769834,-37.899998,145.0,46.0,Australia/Sydney,air_quality_2026-08-26.json,2026-08-30T04:00:00+1000,2026-08-29T18:00:00+0000,2026-08-30,4,0.0,9.3,13.6
stonnington,Stonnington,26350,-37.86128611194329,145.03906713769834,-37.899998,145.0,46.0,Australia/Sydney,air_quality_2026-08-26.json,2026-08-30T05:00:00+1000,2026-08-29T19:00:00+0000,2026-08-30,5,0.0,9.0,13.3
stonnington,Stonnington,26350,-37.86128611194329,145.03906713769834,-37.899998,145.0,46.0,Australia/Sydney,air_quality_2026-08-26.json,2026-08-30T06:00:00+1000,2026-08-29T20:00:00+0000,2026-08-30,6,0.0,9.3,13.6
stonnington,Stonnington,26350,-37.86128611194329,145.03906713769834,-37.899998,145.0,46.0,Australia/Sydney,air_quality_2026-08-26.json,2026-08-30T07:00:00+1000,2026-08-29T21:00:00+0000,2026-08-30,7,0.0,10.9,15.2
stonnington,Stonnington,26350,-37.86128611194329,145.03906713769834,-37.899998,145.0,46.0,Australia/Sydney,air_quality_2026-08-26.json,2026-08-30T08:00:00+1000,2026-08-29T22:00:00+0000,2026-08-30,8,0.2,12.5,17.0
stonnington,Stonnington,26350,-37.86128611194329,145.03906713769834,-37.899998,145.0,46.0,Australia/Sydney,air_quality_2026-08-26.json,2026-08-30T09:00:00+1000,2026-08-29T23:00:00+0000,2026-08-30,9,0.55,12.6,17.5
stonnington,Stonnington,26350,-37.86128611194329,145.03906713769834,-37.899998,145.0,46.0,Australia/Sydney,air_quality_2026-08-26.json,2026-08-30T10:00:00+1000,2026-08-30T00:00:00+0000,2026-08-30,10,1.15,12.1,17.4
stonnington,Stonnington,26350,-37.86128611194329,145.03906713769834,-37.899998,145.0,46.0,Australia/Sydney,air_quality_2026-08-26.json,2026-08-30T11:00:00+1000,2026-08-30T01:00:00+0000,2026-08-30,11,1.8,12.1,18.2
stonnington,Stonnington,26350,-37.86128611194329,145.03906713769834,-37.899998,145.0,46.0,Australia/Sydney,air_quality_2026-08-26.json,2026-08-30T12:00:00+1000,2026-08-30T02:00:00+0000,2026-08-30,12,2.35,11.8,18.1
stonnington,Stonnington,26350,-37.86128611194329,145.03906713769834,-37.899998,145.0,46.0,Australia/Sydney,air_quality_2026-08-26.json,2026-08-30T13:00:00+1000,2026-08-30T03:00:00+0000,2026-08-30,13,2.55,11.8,18.2
stonnington,Stonnington,26350,-37.86128611194329,145.03906713769834,-37.899998,145.0,46.0,Australia/Sydney,air_quality_2026-08-26.json,2026-08-30T14:00:00+1000,2026-08-30T04:00:00+0000,2026-08-30,14,2.25,10.2,15.7
stonnington,Stonnington,26350,-37.86128611194329,145.03906713769834,-37.899998,145.0,46.0,Australia/Sydney,air_quality_2026-08-26.json,2026-08-30T15:00:00+1000,2026-08-30T05:00:00+0000,2026-08-30,15,1.35,10.0,15.2
stonnington,Stonnington,26350,-37.86128611194329,145.03906713769834,-37.899998,145.0,46.0,Australia/Sydney,air_quality_2026-08-26.json,2026-08-30T16:00:00+1000,2026-08-30T06:00:00+0000,2026-08-30,16,0.55,10.0,15.1
stonnington,Stonnington,26350,-37.86128611194329,145.03906713769834,-37.899998,145.0,46.0,Australia/Sydney,air_quality_2026-08-26.json,2026-08-30T17:00:00+1000,2026-08-30T07:00:00+0000,2026-08-30,17,0.1,10.0,15.3
stonnington,Stonnington,26350,-37.86128611194329,145.03906713769834,-37.899998,145.0,46.0,Australia/Sydney,air_quality_2026-08-26.json,2026-08-30T18:00:00+1000,2026-08-30T08:00:00+0000,2026-08-30,18,0.0,11.4,16.5
stonnington,Stonnington,26350,-37.86128611194329,145.03906713769834,-37.899998,145.0,46.0,Australia/Sydney,air_quality_2026-08-26.json,2026-08-30T19:00:00+1000,2026-08-30T09:00:00+0000,2026-08-30,19,0.0,11.4,15.7
stonnington,Stonnington,26350,-37.86128611194329,145.03906713769834,-37.899998,145.0,46.0,Australia/Sydney,air_quality_2026-08-26.json,2026-08-30T20:00:00+1000,2026-08-30T10:00:00+0000,2026-08-30,20,0.0,11.5,15.7
stonnington,Stonnington,26350,-37.86128611194329,145.03906713769834,-37.899998,145.0,46.0,Australia/Sydney,air_quality_2026-08-26.json,2026-08-30T21:00:00+1000,2026-08-30T11:00:00+0000,2026-08-30,21,0.0,12.4,16.7
stonnington,Stonnington,26350,-37.86128611194329,145.03906713769834,-37.899998,145.0,46.0,Australia/Sydney,air_quality_2026-08-26.json,2026-08-30T22:00:00+1000,2026-08-30T12:00:00+0000,2026-08-30,22,0.0,13.6,18.2
whitehorse,Whitehorse,26980,-37.828669714588216,145.15642882976957,-37.8,145.20001,95.0,Australia/Sydney,air_quality_2026-08-26.json,2026-08-26T00:00:00+1000,2026-08-25T14:00:00+0000,2026-08-26,0,0.0,3.8,5.5
whitehorse,Whitehorse,26980,-37.828669714588216,145.15642882976957,-37.8,145.20001,95.0,Australia/Sydney,air_quality_2026-08-26.json,2026-08-26T01:00:00+1000,2026-08-25T15:00:00+0000,2026-08-26,1,0.0,3.9,6.0
whitehorse,Whitehorse,26980,-37.828669714588216,145.15642882976957,-37.8,145.20001,95.0,Australia/Sydney,air_quality_2026-08-26.json,2026-08-26T02:00:00+1000,2026-08-25T16:00:00+0000,2026-08-26,2,0.0,4.4,7.0
whitehorse,Whitehorse,26980,-37.828669714588216,145.15642882976957,-37.8,145.20001,95.0,Australia/Sydney,air_quality_2026-08-26.json,2026-08-26T03:00:00+1000,2026-08-25T17:00:00+0000,2026-08-26,3,0.0,4.9,7.8
whitehorse,Whitehorse,26980,-37.828669714588216,145.15642882976957,-37.8,145.20001,95.0,Australia/Sydney,air_quality_2026-08-26.json,2026-08-26T04:00:00+1000,2026-08-25T18:00:00+0000,2026-08-26,4,0.0,5.1,8.1
whitehorse,Whitehorse,26980,-37.828669714588216,145.15642882976957,-37.8,145.20001,95.0,Australia/Sydney,air_quality_2026-08-26.json,2026-08-26T05:00:00+1000,2026-08-25T19:00:00+0000,2026-08-26,5,0.0,5.3,8.4
whitehorse,Whitehorse,26980,-37.828669714588216,145.15642882976957,-37.8,145.20001,95.0,Australia/Sydney,air_quality_2026-08-26.json,2026-08-26T06:00:00+1000,2026-08-25T20:00:00+0000,2026-08-26,6,0.0,5.4,8.4
whitehorse,Whitehorse,26980,-37.828669714588216,145.15642882976957,-37.8,145.20001,95.0,Australia/Sydney,air_quality_2026-08-26.json,2026-08-26T07:00:00+1000,2026-08-25T21:00:00+0000,2026-08-26,7,0.05,5.9,8.7
whitehorse,Whitehorse,26980,-37.828669714588216,145.15642882976957,-37.8,145.20001,95.0,Australia/Sydney,air_quality_2026-08-26.json,2026-08-26T08:00:00+1000,2026-08-25T22:00:00+0000,2026-08-26,8,0.35,6.5,9.5
whitehorse,Whitehorse,26980,-37.828669714588216,145.15642882976957,-37.8,145.20001,95.0,Australia/Sydney,air_quality_2026-08-26.json,2026-08-26T09:00:00+1000,2026-08-25T23:00:00+0000,2026-08-26,9,1.0,6.5,9.9
whitehorse,Whitehorse,26980,-37.828669714588216,145.15642882976957,-37.8,145.20001,95.0,Australia/Sydney,air_quality_2026-08-26.json,2026-08-26T10:00:00+1000,2026-08-26T00:00:00+0000,2026-08-26,10,1.9,7.9,12.5
whitehorse,Whitehorse,26980,-37.828669714588216,145.15642882976957,-37.8,145.20001,95.0,Australia/Sydney,air_quality_2026-08-26.json,2026-08-26T11:00:00+1000,2026-08-26T01:00:00+0000,2026-08-26,11,2.8,7.3,11.7
whitehorse,Whitehorse,26980,-37.828669714588216,145.15642882976957,-37.8,145.20001,95.0,Australia/Sydney,air_quality_2026-08-26.json,2026-08-26T12:00:00+1000,2026-08-26T02:00:00+0000,2026-08-26,12,2.95,8.0,12.9
whitehorse,Whitehorse,26980,-37.828669714588216,145.15642882976957,-37.8,145.20001,95.0,Australia/Sydney,air_quality_2026-08-26.json,2026-08-26T13:00:00+1000,2026-08-26T03:00:00+0000,2026-08-26,13,2.65,7.3,11.9
whitehorse,Whitehorse,26980,-37.828669714588216,145.15642882976957,-37.8,145.20001,95.0,Australia/Sydney,air_quality_2026-08-26.json,2026-08-26T14:00:00+1000,2026-08-26T04:00:00+0000,2026-08-26,14,2.0,7.1,11.5
whitehorse,Whitehorse,26980,-37.828669714588216,145.15642882976957,-37.8,145.20001,95.0,Australia/Sydney,air_quality_2026-08-26.json,2026-08-26T15:00:00+1000,2026-08-26T05:00:00+0000,2026-08-26,15,1.15,7.0,11.3
whitehorse,Whitehorse,26980,-37.828669714588216,145.15642882976957,-37.8,145.20001,95.0,Australia/Sydney,air_quality_2026-08-26.json,2026-08-26T16:00:00+1000,2026-08-26T06:00:00+0000,2026-08-26,16,0.5,7.2,11.5
whitehorse,Whitehorse,26980,-37.828669714588216,145.15642882976957,-37.8,145.20001,95.0,Australia/Sydney,air_quality_2026-08-26.json,2026-08-26T17:00:00+1000,2026-08-26T07:00:00+0000,2026-08-26,17,0.1,7.6,11.8
whitehorse,Whitehorse,26980,-37.828669714588216,145.15642882976957,-37.8,145.20001,95.0,Australia/Sydney,air_quality_2026-08-26.json,2026-08-26T18:00:00+1000,2026-08-26T08:00:00+0000,2026-08-26,18,0.0,9.2,13.4
whitehorse,Whitehorse,26980,-37.828669714588216,145.15642882976957,-37.8,145.20001,95.0,Australia/Sydney,air_quality_2026-08-26.json,2026-08-26T19:00:00+1000,2026-08-26T09:00:00+0000,2026-08-26,19,0.0,11.3,15.5
whitehorse,Whitehorse,26980,-37.828669714588216,145.15642882976957,-37.8,145.20001,95.0,Australia/Sydney,air_quality_2026-08-26.json,2026-08-26T20:00:00+1000,2026-08-26T10:00:00+0000,2026-08-26,20,0.0,12.5,16.8
whitehorse,Whitehorse,26980,-37.828669714588216,145.15642882976957,-37.8,145.20001,95.0,Australia/Sydney,air_quality_2026-08-26.json,2026-08-26T21:00:00+1000,2026-08-26T11:00:00+0000,2026-08-26,21,0.0,12.4,16.3
whitehorse,Whitehorse,26980,-37.828669714588216,145.15642882976957,-37.8,145.20001,95.0,Australia/Sydney,air_quality_2026-08-26.json,2026-08-26T22:00:00+1000,2026-08-26T12:00:00+0000,2026-08-26,22,0.0,12.8,16.7
whitehorse,Whitehorse,26980,-37.828669714588216,145.15642882976957,-37.8,145.20001,95.0,Australia/Sydney,air_quality_2026-08-26.json,2026-08-26T23:00:00+1000,2026-08-26T13:00:00+0000,2026-08-26,23,0.0,13.3,17.2
whitehorse,Whitehorse,26980,-37.828669714588216,145.15642882976957,-37.8,145.20001,95.0,Australia/Sydney,air_quality_2026-08-26.json,2026-08-27T00:00:00+1000,2026-08-26T14:00:00+0000,2026-08-27,0,0.0,13.6,17.6
whitehorse,Whitehorse,26980,-37.828669714588216,145.15642882976957,-37.8,145.20001,95.0,Australia/Sydney,air_quality_2026-08-26.json,2026-08-27T01:00:00+1000,2026-08-26T15:00:00+0000,2026-08-27,1,0.0,13.6,17.6
whitehorse,Whitehorse,26980,-37.828669714588216,145.15642882976957,-37.8,145.20001,95.0,Australia/Sydney,air_quality_2026-08-26.json,2026-08-27T02:00:00+1000,2026-08-26T16:00:00+0000,2026-08-27,2,0.0,13.6,17.7
whitehorse,Whitehorse,26980,-37.828669714588216,145.15642882976957,-37.8,145.20001,95.0,Australia/Sydney,air_quality_2026-08-26.json,2026-08-27T03:00:00+1000,2026-08-26T17:00:00+0000,2026-08-27,3,0.0,13.5,17.7
whitehorse,Whitehorse,26980,-37.828669714588216,145.15642882976957,-37.8,145.20001,95.0,Australia/Sydney,air_quality_2026-08-26.json,2026-08-27T04:00:00+1000,2026-08-26T18:00:00+0000,2026-08-27,4,0.0,13.2,17.5
whitehorse,Whitehorse,26980,-37.828669714588216,145.15642882976957,-37.8,145.20001,95.0,Australia/Sydney,air_quality_2026-08-26.json,2026-08-27T05:00:00+1000,2026-08-26T19:00:00+0000,2026-08-27,5,0.0,13.0,17.2
whitehorse,Whitehorse,26980,-37.828669714588216,145.15642882976957,-37.8,145.20001,95.0,Australia/Sydney,air_quality_2026-08-26.json,2026-08-27T06:00:00+1000,2026-08-26T20:00:00+0000,2026-08-27,6,0.0,13.4,17.5
whitehorse,Whitehorse,26980,-37.828669714588216,145.15642882976957,-37.8,145.20001,95.0,Australia/Sydney,air_quality_2026-08-26.json,2026-08-27T07:00:00+1000,2026-08-26T21:00:00+0000,2026-08-27,7,0.05,16.2,19.8
whitehorse,Whitehorse,26980,-37.828669714588216,145.15642882976957,-37.8,145.20001,95.0,Australia/Sydney,air_quality_2026-08-26.json,2026-08-27T08:00:00+1000,2026-08-26T22:00:00+0000,2026-08-27,8,0.35,20.4,22.5
whitehorse,Whitehorse,26980,-37.828669714588216,145.15642882976957,-37.8,145.20001,95.0,Australia/Sydney,air_quality_2026-08-26.json,2026-08-27T09:00:00+1000,2026-08-26T23:00:00+0000,2026-08-27,9,1.1,15.4,18.1
whitehorse,Whitehorse,26980,-37.828669714588216,145.15642882976957,-37.8,145.20001,95.0,Australia/Sydney,air_quality_2026-08-26.json,2026-08-27T10:00:00+1000,2026-08-27T00:00:00+0000,2026-08-27,10,2.15,10.3,14.5
whitehorse,Whitehorse,26980,-37.828669714588216,145.15642882976957,-37.8,145.20001,95.0,Australia/Sydney,air_quality_2026-08-26.json,2026-08-27T11:00:00+1000,2026-08-27T01:00:00+0000,2026-08-27,11,2.65,9.5,13.8
whitehorse,Whitehorse,26980,-37.828669714588216,145.15642882976957,-37.8,145.20001,95.0,Australia/Sydney,air_quality_2026-08-26.json,2026-08-27T12:00:00+1000,2026-08-27T02:00:00+0000,2026-08-27,12,3.25,9.2,13.4
whitehorse,Whitehorse,26980,-37.828669714588216,145.15642882976957,-37.8,145.20001,95.0,Australia/Sydney,air_quality_2026-08-26.json,2026-08-27T13:00:00+1000,2026-08-27T03:00:00+0000,2026-08-27,13,3.3,9.6,13.7
whitehorse,Whitehorse,26980,-37.828669714588216,145.15642882976957,-37.8,145.20001,95.0,Australia/Sydney,air_quality_2026-08-26.json,2026-08-27T14:00:00+1000,2026-08-27T04:00:00+0000,2026-08-27,14,2.6,9.9,13.9
whitehorse,Whitehorse,26980,-37.828669714588216,145.15642882976957,-37.8,145.20001,95.0,Australia/Sydney,air_quality_2026-08-26.json,2026-08-27T15:00:00+1000,2026-08-27T05:00:00+0000,2026-08-27,15,1.5,10.1,14.2
whitehorse,Whitehorse,26980,-37.828669714588216,145.15642882976957,-37.8,145.20001,95.0,Australia/Sydney,air_quality_2026-08-26.json,2026-08-27T16:00:00+1000,2026-08-27T06:00:00+0000,2026-08-27,16,0.6,9.9,13.9
whitehorse,Whitehorse,26980,-37.828669714588216,145.15642882976957,-37.8,145.20001,95.0,Australia/Sydney,air_quality_2026-08-26.json,2026-08-27T17:00:00+1000,2026-08-27T07:00:00+0000,2026-08-27,17,0.15,11.4,15.3
whitehorse,Whitehorse,26980,-37.828669714588216,145.15642882976957,-37.8,145.20001,95.0,Australia/Sydney,air_quality_2026-08-26.json,2026-08-27T18:00:00+1000,2026-08-27T08:00:00+0000,2026-08-27,18,0.0,15.5,19.2
whitehorse,Whitehorse,26980,-37.828669714588216,145.15642882976957,-37.8,145.20001,95.0,Australia/Sydney,air_quality_2026-08-26.json,2026-08-27T19:00:00+1000,2026-08-27T09:00:00+0000,2026-08-27,19,0.0,19.1,22.8
whitehorse,Whitehorse,26980,-37.828669714588216,145.15642882976957,-37.8,145.20001,95.0,Australia/Sydney,air_quality_2026-08-26.json,2026-08-27T20:00:00+1000,2026-08-27T10:00:00+0000,2026-08-27,20,0.0,22.3,25.8
whitehorse,Whitehorse,26980,-37.828669714588216,145.15642882976957,-37.8,145.20001,95.0,Australia/Sydney,air_quality_2026-08-26.json,2026-08-27T21:00:00+1000,2026-08-27T11:00:00+0000,2026-08-27,21,0.0,25.4,28.8
whitehorse,Whitehorse,26980,-37.828669714588216,145.15642882976957,-37.8,145.20001,95.0,Australia/Sydney,air_quality_2026-08-26.json,2026-08-27T22:00:00+1000,2026-08-27T12:00:00+0000,2026-08-27,22,0.0,26.4,29.2
whitehorse,Whitehorse,26980,-37.828669714588216,145.15642882976957,-37.8,145.20001,95.0,Australia/Sydney,air_quality_2026-08-26.json,2026-08-27T23:00:00+1000,2026-08-27T13:00:00+0000,2026-08-27,23,0.0,23.2,25.2
whitehorse,Whitehorse,26980,-37.828669714588216,145.15642882976957,-37.8,145.20001,95.0,Australia/Sydney,air_quality_2026-08-26.json,2026-08-28T00:00:00+1000,2026-08-27T14:00:00+0000,2026-08-28,0,0.0,19.4,21.0
whitehorse,Whitehorse,26980,-37.828669714588216,145.15642882976957,-37.8,145.20001,95.0,Australia/Sydney,air_quality_2026-08-26.json,2026-08-28T01:00:00+1000,2026-08-27T15:00:00+0000,2026-08-28,1,0.0,16.6,18.0
whitehorse,Whitehorse,26980,-37.828669714588216,145.15642882976957,-37.8,145.20001,95.0,Australia/Sydney,air_quality_2026-08-26.json,2026-08-28T02:00:00+1000,2026-08-27T16:00:00+0000,2026-08-28,2,0.0,13.8,15.0
whitehorse,Whitehorse,26980,-37.828669714588216,145.15642882976957,-37.8,145.20001,95.0,Australia/Sydney,air_quality_2026-08-26.json,2026-08-28T03:00:00+1000,2026-08-27T17:00:00+0000,2026-08-28,3,0.0,11.1,12.2
whitehorse,Whitehorse,26980,-37.828669714588216,145.15642882976957,-37.8,145.20001,95.0,Australia/Sydney,air_quality_2026-08-26.json,2026-08-28T04:00:00+1000,2026-08-27T18:00:00+0000,2026-08-28,4,0.0,8.7,9.7
whitehorse,Whitehorse,26980,-37.828669714588216,145.15642882976957,-37.8,145.20001,95.0,Australia/Sydney,air_quality_2026-08-26.json,2026-08-28T05:00:00+1000,2026-08-27T19:00:00+0000,2026-08-28,5,0.0,7.4,8.6
whitehorse,Whitehorse,26980,-37.828669714588216,145.15642882976957,-37.8,145.20001,95.0,Australia/Sydney,air_quality_2026-08-26.json,2026-08-28T06:00:00+1000,2026-08-27T20:00:00+0000,2026-08-28,6,0.0,6.6,8.0
whitehorse,Whitehorse,26980,-37.828669714588216,145.15642882976957,-37.8,145.20001,95.0,Australia/Sydney,air_quality_2026-08-26.json,2026-08-28T07:00:00+1000,2026-08-27T21:00:00+0000,2026-08-28,7,0.0,7.2,8.5
whitehorse,Whitehorse,26980,-37.828669714588216,145.15642882976957,-37.8,145.20001,95.0,Australia/Sydney,air_quality_2026-08-26.json,2026-08-28T08:00:00+1000,2026-08-27T22:00:00+0000,2026-08-28,8,0.1,8.5,10.0
whitehorse,Whitehorse,26980,-37.828669714588216,145.15642882976957,-37.8,145.20001,95.0,Australia/Sydney,air_quality_2026-08-26.json,2026-08-28T09:00:00+1000,2026-08-27T23:00:00+0000,2026-08-28,9,0.35,10.3,11.9
whitehorse,Whitehorse,26980,-37.828669714588216,145.15642882976957,-37.8,145.20001,95.0,Australia/Sydney,air_quality_2026-08-26.json,2026-08-28T10:00:00+1000,2026-08-28T00:00:00+0000,2026-08-28,10,0.85,8.8,10.7
whitehorse,Whitehorse,26980,-37.828669714588216,145.15642882976957,-37.8,145.20001,95.0,Australia/Sydney,air_quality_2026-08-26.json,2026-08-28T11:00:00+1000,2026-08-28T01:00:00+0000,2026-08-28,11,1.8,7.7,9.7
whitehorse,Whitehorse,26980,-37.828669714588216,145.15642882976957,-37.8,145.20001,95.0,Australia/Sydney,air_quality_2026-08-26.json,2026-08-28T12:00:00+1000,2026-08-28T02:00:00+0000,2026-08-28,12,2.65,5.8,7.7
whitehorse,Whitehorse,26980,-37.828669714588216,145.15642882976957,-37.8,145.20001,95.0,Australia/Sydney,air_quality_2026-08-26.json,2026-08-28T13:00:00+1000,2026-08-28T03:00:00+0000,2026-08-28,13,3.1,6.0,8.6
whitehorse,Whitehorse,26980,-37.828669714588216,145.15642882976957,-37.8,145.20001,95.0,Australia/Sydney,air_quality_2026-08-26.json,2026-08-28T14:00:00+1000,2026-08-28T04:00:00+0000,2026-08-28,14,2.5,7.4,11.3
whitehorse,Whitehorse,26980,-37.828669714588216,145.15642882976957,-37.8,145.20001,95.0,Australia/Sydney,air_quality_2026-08-26.json,2026-08-28T15:00:00+1000,2026-08-28T05:00:00+0000,2026-08-28,15,1.55,8.7,13.7
whitehorse,Whitehorse,26980,-37.828669714588216,145.15642882976957,-37.8,145.20001,95.0,Australia/Sydney,air_quality_2026-08-26.json,2026-08-28T16:00:00+1000,2026-08-28T06:00:00+0000,2026-08-28,16,0.65,10.0,15.7
whitehorse,Whitehorse,26980,-37.828669714588216,145.15642882976957,-37.8,145.20001,95.0,Australia/Sydney,air_quality_2026-08-26.json,2026-08-28T17:00:00+1000,2026-08-28T07:00:00+0000,2026-08-28,17,0.15,11.0,17.3
whitehorse,Whitehorse,26980,-37.828669714588216,145.15642882976957,-37.8,145.20001,95.0,Australia/Sydney,air_quality_2026-08-26.json,2026-08-28T18:00:00+1000,2026-08-28T08:00:00+0000,2026-08-28,18,0.0,13.9,20.7
whitehorse,Whitehorse,26980,-37.828669714588216,145.15642882976957,-37.8,145.20001,95.0,Australia/Sydney,air_quality_2026-08-26.json,2026-08-28T19:00:00+1000,2026-08-28T09:00:00+0000,2026-08-28,19,0.0,17.2,23.7
whitehorse,Whitehorse,26980,-37.828669714588216,145.15642882976957,-37.8,145.20001,95.0,Australia/Sydney,air_quality_2026-08-26.json,2026-08-28T20:00:00+1000,2026-08-28T10:00:00+0000,2026-08-28,20,0.0,20.1,27.0
whitehorse,Whitehorse,26980,-37.828669714588216,145.15642882976957,-37.8,145.20001,95.0,Australia/Sydney,air_quality_2026-08-26.json,2026-08-28T21:00:00+1000,2026-08-28T11:00:00+0000,2026-08-28,21,0.0,21.8,28.8
whitehorse,Whitehorse,26980,-37.828669714588216,145.15642882976957,-37.8,145.20001,95.0,Australia/Sydney,air_quality_2026-08-26.json,2026-08-28T22:00:00+1000,2026-08-28T12:00:00+0000,2026-08-28,22,0.0,22.8,29.9
whitehorse,Whitehorse,26980,-37.828669714588216,145.15642882976957,-37.8,145.20001,95.0,Australia/Sydney,air_quality_2026-08-26.json,2026-08-28T23:00:00+1000,2026-08-28T13:00:00+0000,2026-08-28,23,0.0,23.4,30.6
whitehorse,Whitehorse,26980,-37.828669714588216,145.15642882976957,-37.8,145.20001,95.0,Australia/Sydney,air_quality_2026-08-26.json,2026-08-29T00:00:00+1000,2026-08-28T14:00:00+0000,2026-08-29,0,0.0,23.7,31.0
whitehorse,Whitehorse,26980,-37.828669714588216,145.15642882976957,-37.8,145.20001,95.0,Australia/Sydney,air_quality_2026-08-26.json,2026-08-29T01:00:00+1000,2026-08-28T15:00:00+0000,2026-08-29,1,0.0,23.3,30.3
whitehorse,Whitehorse,26980,-37.828669714588216,145.15642882976957,-37.8,145.20001,95.0,Australia/Sydney,air_quality_2026-08-26.json,2026-08-29T02:00:00+1000,2026-08-28T16:00:00+0000,2026-08-29,2,0.0,21.3,27.4
whitehorse,Whitehorse,26980,-37.828669714588216,145.15642882976957,-37.8,145.20001,95.0,Australia/Sydney,air_quality_2026-08-26.json,2026-08-29T03:00:00+1000,2026-08-28T17:00:00+0000,2026-08-29,3,0.0,17.9,23.1
whitehorse,Whitehorse,26980,-37.828669714588216,145.15642882976957,-37.8,145.20001,95.0,Australia/Sydney,air_quality_2026-08-26.json,2026-08-29T04:00:00+1000,2026-08-28T18:00:00+0000,2026-08-29,4,0.0,14.8,19.2
whitehorse,Whitehorse,26980,-37.828669714588216,145.15642882976957,-37.8,145.20001,95.0,Australia/Sydney,air_quality_2026-08-26.json,2026-08-29T05:00:00+1000,2026-08-28T19:00:00+0000,2026-08-29,5,0.0,12.3,16.1
whitehorse,Whitehorse,26980,-37.828669714588216,145.15642882976957,-37.8,145.20001,95.0,Australia/Sydney,air_quality_2026-08-26.json,2026-08-29T06:00:00+1000,2026-08-28T20:00:00+0000,2026-08-29,6,0.0,11.1,14.4
whitehorse,Whitehorse,26980,-37.828669714588216,145.15642882976957,-37.8,145.20001,95.0,Australia/Sydney,air_quality_2026-08-26.json,2026-08-29T07:00:00+1000,2026-08-28T21:00:00+0000,2026-08-29,7,0.05,12.4,15.3
whitehorse,Whitehorse,26980,-37.828669714588216,145.15642882976957,-37.8,145.20001,95.0,Australia/Sydney,air_quality_2026-08-26.json,2026-08-29T08:00:00+1000,2026-08-28T22:00:00+0000,2026-08-29,8,0.25,14.0,16.9
whitehorse,Whitehorse,26980,-37.828669714588216,145.15642882976957,-37.8,145.20001,95.0,Australia/Sydney,air_quality_2026-08-26.json,2026-08-29T09:00:00+1000,2026-08-28T23:00:00+0000,2026-08-29,9,0.7,12.3,16.1
whitehorse,Whitehorse,26980,-37.828669714588216,145.15642882976957,-37.8,145.20001,95.0,Australia/Sydney,air_quality_2026-08-26.json,2026-08-29T10:00:00+1000,2026-08-29T00:00:00+0000,2026-08-29,10,1.25,12.3,17.6
whitehorse,Whitehorse,26980,-37.828669714588216,145.15642882976957,-37.8,145.20001,95.0,Australia/Sydney,air_quality_2026-08-26.json,2026-08-29T11:00:00+1000,2026-08-29T01:00:00+0000,2026-08-29,11,1.5,11.9,17.9
whitehorse,Whitehorse,26980,-37.828669714588216,145.15642882976957,-37.8,145.20001,95.0,Australia/Sydney,air_quality_2026-08-26.json,2026-08-29T12:00:00+1000,2026-08-29T02:00:00+0000,2026-08-29,12,1.55,12.0,18.6
whitehorse,Whitehorse,26980,-37.828669714588216,145.15642882976957,-37.8,145.20001,95.0,Australia/Sydney,air_quality_2026-08-26.json,2026-08-29T13:00:00+1000,2026-08-29T03:00:00+0000,2026-08-29,13,1.6,11.8,18.5
whitehorse,Whitehorse,26980,-37.828669714588216,145.15642882976957,-37.8,145.20001,95.0,Australia/Sydney,air_quality_2026-08-26.json,2026-08-29T14:00:00+1000,2026-08-29T04:00:00+0000,2026-08-29,14,1.2,11.8,18.7
whitehorse,Whitehorse,26980,-37.828669714588216,145.15642882976957,-37.8,145.20001,95.0,Australia/Sydney,air_quality_2026-08-26.json,2026-08-29T15:00:00+1000,2026-08-29T05:00:00+0000,2026-08-29,15,0.7,12.8,20.3
whitehorse,Whitehorse,26980,-37.828669714588216,145.15642882976957,-37.8,145.20001,95.0,Australia/Sydney,air_quality_2026-08-26.json,2026-08-29T16:00:00+1000,2026-08-29T06:00:00+0000,2026-08-29,16,0.3,14.8,23.3
whitehorse,Whitehorse,26980,-37.828669714588216,145.15642882976957,-37.8,145.20001,95.0,Australia/Sydney,air_quality_2026-08-26.json,2026-08-29T17:00:00+1000,2026-08-29T07:00:00+0000,2026-08-29,17,0.1,16.6,26.0
whitehorse,Whitehorse,26980,-37.828669714588216,145.15642882976957,-37.8,145.20001,95.0,Australia/Sydney,air_quality_2026-08-26.json,2026-08-29T18:00:00+1000,2026-08-29T08:00:00+0000,2026-08-29,18,0.0,16.3,24.9
whitehorse,Whitehorse,26980,-37.828669714588216,145.15642882976957,-37.8,145.20001,95.0,Australia/Sydney,air_quality_2026-08-26.json,2026-08-29T19:00:00+1000,2026-08-29T09:00:00+0000,2026-08-29,19,0.0,15.7,22.8
whitehorse,Whitehorse,26980,-37.828669714588216,145.15642882976957,-37.8,145.20001,95.0,Australia/Sydney,air_quality_2026-08-26.json,2026-08-29T20:00:00+1000,2026-08-29T10:00:00+0000,2026-08-29,20,0.0,16.1,23.0
whitehorse,Whitehorse,26980,-37.828669714588216,145.15642882976957,-37.8,145.20001,95.0,Australia/Sydney,air_quality_2026-08-26.json,2026-08-29T21:00:00+1000,2026-08-29T11:00:00+0000,2026-08-29,21,0.0,16.3,23.1
whitehorse,Whitehorse,26980,-37.828669714588216,145.15642882976957,-37.8,145.20001,95.0,Australia/Sydney,air_quality_2026-08-26.json,2026-08-29T22:00:00+1000,2026-08-29T12:00:00+0000,2026-08-29,22,0.0,15.3,21.4
whitehorse,Whitehorse,26980,-37.828669714588216,145.15642882976957,-37.8,145.20001,95.0,Australia/Sydney,air_quality_2026-08-26.json,2026-08-29T23:00:00+1000,2026-08-29T13:00:00+0000,2026-08-29,23,0.0,14.3,20.2
whitehorse,Whitehorse,26980,-37.828669714588216,145.15642882976957,-37.8,145.20001,95.0,Australia/Sydney,air_quality_2026-08-26.json,2026-08-30T00:00:00+1000,2026-08-29T14:00:00+0000,2026-08-30,0,0.0,12.9,18.2
whitehorse,Whitehorse,26980,-37.828669714588216,145.15642882976957,-37.8,145.20001,95.0,Australia/Sydney,air_quality_2026-08-26.json,2026-08-30T01:00:00+1000,2026-08-29T15:00:00+0000,2026-08-30,1,0.0,11.4,16.2
whitehorse,Whitehorse,26980,-37.828669714588216,145.15642882976957,-37.8,145.20001,95.0,Australia/Sydney,air_quality_2026-08-26.json,2026-08-30T02:00:00+1000,2026-08-29T16:00:00+0000,2026-08-30,2,0.0,10.5,15.0
whitehorse,Whitehorse,26980,-37.828669714588216,145.15642882976957,-37.8,145.20001,95.0,Australia/Sydney,air_quality_2026-08-26.json,2026-08-30T03:00:00+1000,2026-08-29T17:00:00+0000,2026-08-30,3,0.0,9.8,14.2
whitehorse,Whitehorse,26980,-37.828669714588216,145.15642882976957,-37.8,145.20001,95.0,Australia/Sydney,air_quality_2026-08-26.json,2026-08-30T04:00:00+1000,2026-08-29T18:00:00+0000,2026-08-30,4,0.0,9.3,13.6
whitehorse,Whitehorse,26980,-37.828669714588216,145.15642882976957,-37.8,145.20001,95.0,Australia/Sydney,air_quality_2026-08-26.json,2026-08-30T05:00:00+1000,2026-08-29T19:00:00+0000,2026-08-30,5,0.0,9.0,13.3
whitehorse,Whitehorse,26980,-37.828669714588216,145.15642882976957,-37.8,145.20001,95.0,Australia/Sydney,air_quality_2026-08-26.json,2026-08-30T06:00:00+1000,2026-08-29T20:00:00+0000,2026-08-30,6,0.0,9.3,13.6
whitehorse,Whitehorse,26980,-37.828669714588216,145.15642882976957,-37.8,145.20001,95.0,Australia/Sydney,air_quality_2026-08-26.json,2026-08-30T07:00:00+1000,2026-08-29T21:00:00+0000,2026-08-30,7,0.0,10.9,15.2
whitehorse,Whitehorse,26980,-37.828669714588216,145.15642882976957,-37.8,145.20001,95.0,Australia/Sydney,air_quality_2026-08-26.json,2026-08-30T08:00:00+1000,2026-08-29T22:00:00+0000,2026-08-30,8,0.2,12.5,17.0
whitehorse,Whitehorse,26980,-37.828669714588216,145.15642882976957,-37.8,145.20001,95.0,Australia/Sydney,air_quality_2026-08-26.json,2026-08-30T09:00:00+1000,2026-08-29T23:00:00+0000,2026-08-30,9,0.55,12.6,17.5
whitehorse,Whitehorse,26980,-37.828669714588216,145.15642882976957,-37.8,145.20001,95.0,Australia/Sydney,air_quality_2026-08-26.json,2026-08-30T10:00:00+1000,2026-08-30T00:00:00+0000,2026-08-30,10,1.15,12.1,17.4
whitehorse,Whitehorse,26980,-37.828669714588216,145.15642882976957,-37.8,145.20001,95.0,Australia/Sydney,air_quality_2026-08-26.json,2026-08-30T11:00:00+1000,2026-08-30T01:00:00+0000,2026-08-30,11,1.8,12.1,18.2
whitehorse,Whitehorse,26980,-37.828669714588216,145.15642882976957,-37.8,145.20001,95.0,Australia/Sydney,air_quality_2026-08-26.json,2026-08-30T12:00:00+1000,2026-08-30T02:00:00+0000,2026-08-30,12,2.35,11.8,18.1
whitehorse,Whitehorse,26980,-37.828669714588216,145.15642882976957,-37.8,145.20001,95.0,Australia/Sydney,air_quality_2026-08-26.json,2026-08-30T13:00:00+1000,2026-08-30T03:00:00+0000,2026-08-30,13,2.55,11.8,18.2
whitehorse,Whitehorse,26980,-37.828669714588216,145.15642882976957,-37.8,145.20001,95.0,Australia/Sydney,air_quality_2026-08-26.json,2026-08-30T14:00:00+1000,2026-08-30T04:00:00+0000,2026-08-30,14,2.25,10.2,15.7
whitehorse,Whitehorse,26980,-37.828669714588216,145.15642882976957,-37.8,145.20001,95.0,Australia/Sydney,air_quality_2026-08-26.json,2026-08-30T15:00:00+1000,2026-08-30T05:00:00+0000,2026-08-30,15,1.35,10.0,15.2
whitehorse,Whitehorse,26980,-37.828669714588216,145.15642882976957,-37.8,145.20001,95.0,Australia/Sydney,air_quality_2026-08-26.json,2026-08-30T16:00:00+1000,2026-08-30T06:00:00+0000,2026-08-30,16,0.55,10.0,15.1
whitehorse,Whitehorse,26980,-37.828669714588216,145.15642882976957,-37.8,145.20001,95.0,Australia/Sydney,air_quality_2026-08-26.json,2026-08-30T17:00:00+1000,2026-08-30T07:00:00+0000,2026-08-30,17,0.1,10.0,15.3
whitehorse,Whitehorse,26980,-37.828669714588216,145.15642882976957,-37.8,145.20001,95.0,Australia/Sydney,air_quality_2026-08-26.json,2026-08-30T18:00:00+1000,2026-08-30T08:00:00+0000,2026-08-30,18,0.0,11.4,16.5
whitehorse,Whitehorse,26980,-37.828669714588216,145.15642882976957,-37.8,145.20001,95.0,Australia/Sydney,air_quality_2026-08-26.json,2026-08-30T19:00:00+1000,2026-08-30T09:00:00+0000,2026-08-30,19,0.0,11.4,15.7
whitehorse,Whitehorse,26980,-37.828669714588216,145.15642882976957,-37.8,145.20001,95.0,Australia/Sydney,air_quality_2026-08-26.json,2026-08-30T20:00:00+1000,2026-08-30T10:00:00+0000,2026-08-30,20,0.0,11.5,15.7
whitehorse,Whitehorse,26980,-37.828669714588216,145.15642882976957,-37.8,145.20001,95.0,Australia/Sydney,air_quality_2026-08-26.json,2026-08-30T21:00:00+1000,2026-08-30T11:00:00+0000,2026-08-30,21,0.0,12.4,16.7
whitehorse,Whitehorse,26980,-37.828669714588216,145.15642882976957,-37.8,145.20001,95.0,Australia/Sydney,air_quality_2026-08-26.json,2026-08-30T22:00:00+1000,2026-08-30T12:00:00+0000,2026-08-30,22,0.0,13.6,18.2
whittlesea,Whittlesea,27070,-37.54176209066476,145.09375406320098,-37.5,145.1,189.0,Australia/Sydney,air_quality_2026-08-26.json,2026-08-26T00:00:00+1000,2026-08-25T14:00:00+0000,2026-08-26,0,0.0,9.8,10.5
whittlesea,Whittlesea,27070,-37.54176209066476,145.09375406320098,-37.5,145.1,189.0,Australia/Sydney,air_quality_2026-08-26.json,2026-08-26T01:00:00+1000,2026-08-25T15:00:00+0000,2026-08-26,1,0.0,5.2,6.0
whittlesea,Whittlesea,27070,-37.54176209066476,145.09375406320098,-37.5,145.1,189.0,Australia/Sydney,air_quality_2026-08-26.json,2026-08-26T02:00:00+1000,2026-08-25T16:00:00+0000,2026-08-26,2,0.0,3.7,4.9
whittlesea,Whittlesea,27070,-37.54176209066476,145.09375406320098,-37.5,145.1,189.0,Australia/Sydney,air_quality_2026-08-26.json,2026-08-26T03:00:00+1000,2026-08-25T17:00:00+0000,2026-08-26,3,0.0,3.8,5.1
whittlesea,Whittlesea,27070,-37.54176209066476,145.09375406320098,-37.5,145.1,189.0,Australia/Sydney,air_quality_2026-08-26.json,2026-08-26T04:00:00+1000,2026-08-25T18:00:00+0000,2026-08-26,4,0.0,4.2,5.8
whittlesea,Whittlesea,27070,-37.54176209066476,145.09375406320098,-37.5,145.1,189.0,Australia/Sydney,air_quality_2026-08-26.json,2026-08-26T05:00:00+1000,2026-08-25T19:00:00+0000,2026-08-26,5,0.0,4.8,6.6
whittlesea,Whittlesea,27070,-37.54176209066476,145.09375406320098,-37.5,145.1,189.0,Australia/Sydney,air_quality_2026-08-26.json,2026-08-26T06:00:00+1000,2026-08-25T20:00:00+0000,2026-08-26,6,0.0,5.3,7.2
whittlesea,Whittlesea,27070,-37.54176209066476,145.09375406320098,-37.5,145.1,189.0,Australia/Sydney,air_quality_2026-08-26.json,2026-08-26T07:00:00+1000,2026-08-25T21:00:00+0000,2026-08-26,7,0.0,6.2,8.3
whittlesea,Whittlesea,27070,-37.54176209066476,145.09375406320098,-37.5,145.1,189.0,Australia/Sydney,air_quality_2026-08-26.json,2026-08-26T08:00:00+1000,2026-08-25T22:00:00+0000,2026-08-26,8,0.2,6.7,9.1
whittlesea,Whittlesea,27070,-37.54176209066476,145.09375406320098,-37.5,145.1,189.0,Australia/Sydney,air_quality_2026-08-26.json,2026-08-26T09:00:00+1000,2026-08-25T23:00:00+0000,2026-08-26,9,0.7,6.1,8.6
whittlesea,Whittlesea,27070,-37.54176209066476,145.09375406320098,-37.5,145.1,189.0,Australia/Sydney,air_quality_2026-08-26.json,2026-08-26T10:00:00+1000,2026-08-26T00:00:00+0000,2026-08-26,10,1.75,8.3,12.2
whittlesea,Whittlesea,27070,-37.54176209066476,145.09375406320098,-37.5,145.1,189.0,Australia/Sydney,air_quality_2026-08-26.json,2026-08-26T11:00:00+1000,2026-08-26T01:00:00+0000,2026-08-26,11,2.5,7.3,10.9
whittlesea,Whittlesea,27070,-37.54176209066476,145.09375406320098,-37.5,145.1,189.0,Australia/Sydney,air_quality_2026-08-26.json,2026-08-26T12:00:00+1000,2026-08-26T02:00:00+0000,2026-08-26,12,2.55,7.3,11.0
whittlesea,Whittlesea,27070,-37.54176209066476,145.09375406320098,-37.5,145.1,189.0,Australia/Sydney,air_quality_2026-08-26.json,2026-08-26T13:00:00+1000,2026-08-26T03:00:00+0000,2026-08-26,13,2.45,7.2,10.9
whittlesea,Whittlesea,27070,-37.54176209066476,145.09375406320098,-37.5,145.1,189.0,Australia/Sydney,air_quality_2026-08-26.json,2026-08-26T14:00:00+1000,2026-08-26T04:00:00+0000,2026-08-26,14,1.7,7.5,11.2
whittlesea,Whittlesea,27070,-37.54176209066476,145.09375406320098,-37.5,145.1,189.0,Australia/Sydney,air_quality_2026-08-26.json,2026-08-26T15:00:00+1000,2026-08-26T05:00:00+0000,2026-08-26,15,1.1,7.2,10.9
whittlesea,Whittlesea,27070,-37.54176209066476,145.09375406320098,-37.5,145.1,189.0,Australia/Sydney,air_quality_2026-08-26.json,2026-08-26T16:00:00+1000,2026-08-26T06:00:00+0000,2026-08-26,16,0.5,7.5,11.1
whittlesea,Whittlesea,27070,-37.54176209066476,145.09375406320098,-37.5,145.1,189.0,Australia/Sydney,air_quality_2026-08-26.json,2026-08-26T17:00:00+1000,2026-08-26T07:00:00+0000,2026-08-26,17,0.1,8.0,11.6
whittlesea,Whittlesea,27070,-37.54176209066476,145.09375406320098,-37.5,145.1,189.0,Australia/Sydney,air_quality_2026-08-26.json,2026-08-26T18:00:00+1000,2026-08-26T08:00:00+0000,2026-08-26,18,0.0,9.9,13.6
whittlesea,Whittlesea,27070,-37.54176209066476,145.09375406320098,-37.5,145.1,189.0,Australia/Sydney,air_quality_2026-08-26.json,2026-08-26T19:00:00+1000,2026-08-26T09:00:00+0000,2026-08-26,19,0.0,12.1,15.9
whittlesea,Whittlesea,27070,-37.54176209066476,145.09375406320098,-37.5,145.1,189.0,Australia/Sydney,air_quality_2026-08-26.json,2026-08-26T20:00:00+1000,2026-08-26T10:00:00+0000,2026-08-26,20,0.0,12.9,16.4
whittlesea,Whittlesea,27070,-37.54176209066476,145.09375406320098,-37.5,145.1,189.0,Australia/Sydney,air_quality_2026-08-26.json,2026-08-26T21:00:00+1000,2026-08-26T11:00:00+0000,2026-08-26,21,0.0,11.8,14.5
whittlesea,Whittlesea,27070,-37.54176209066476,145.09375406320098,-37.5,145.1,189.0,Australia/Sydney,air_quality_2026-08-26.json,2026-08-26T22:00:00+1000,2026-08-26T12:00:00+0000,2026-08-26,22,0.0,11.8,14.3
whittlesea,Whittlesea,27070,-37.54176209066476,145.09375406320098,-37.5,145.1,189.0,Australia/Sydney,air_quality_2026-08-26.json,2026-08-26T23:00:00+1000,2026-08-26T13:00:00+0000,2026-08-26,23,0.0,11.8,14.4
whittlesea,Whittlesea,27070,-37.54176209066476,145.09375406320098,-37.5,145.1,189.0,Australia/Sydney,air_quality_2026-08-26.json,2026-08-27T00:00:00+1000,2026-08-26T14:00:00+0000,2026-08-27,0,0.0,11.6,14.2
whittlesea,Whittlesea,27070,-37.54176209066476,145.09375406320098,-37.5,145.1,189.0,Australia/Sydney,air_quality_2026-08-26.json,2026-08-27T01:00:00+1000,2026-08-26T15:00:00+0000,2026-08-27,1,0.0,11.1,13.9
whittlesea,Whittlesea,27070,-37.54176209066476,145.09375406320098,-37.5,145.1,189.0,Australia/Sydney,air_quality_2026-08-26.json,2026-08-27T02:00:00+1000,2026-08-26T16:00:00+0000,2026-08-27,2,0.0,10.8,13.7
whittlesea,Whittlesea,27070,-37.54176209066476,145.09375406320098,-37.5,145.1,189.0,Australia/Sydney,air_quality_2026-08-26.json,2026-08-27T03:00:00+1000,2026-08-26T17:00:00+0000,2026-08-27,3,0.0,10.6,13.6
whittlesea,Whittlesea,27070,-37.54176209066476,145.09375406320098,-37.5,145.1,189.0,Australia/Sydney,air_quality_2026-08-26.json,2026-08-27T04:00:00+1000,2026-08-26T18:00:00+0000,2026-08-27,4,0.0,10.5,13.9
whittlesea,Whittlesea,27070,-37.54176209066476,145.09375406320098,-37.5,145.1,189.0,Australia/Sydney,air_quality_2026-08-26.json,2026-08-27T05:00:00+1000,2026-08-26T19:00:00+0000,2026-08-27,5,0.0,10.8,14.2
whittlesea,Whittlesea,27070,-37.54176209066476,145.09375406320098,-37.5,145.1,189.0,Australia/Sydney,air_quality_2026-08-26.json,2026-08-27T06:00:00+1000,2026-08-26T20:00:00+0000,2026-08-27,6,0.0,11.4,14.8
whittlesea,Whittlesea,27070,-37.54176209066476,145.09375406320098,-37.5,145.1,189.0,Australia/Sydney,air_quality_2026-08-26.json,2026-08-27T07:00:00+1000,2026-08-26T21:00:00+0000,2026-08-27,7,0.05,16.4,19.8
whittlesea,Whittlesea,27070,-37.54176209066476,145.09375406320098,-37.5,145.1,189.0,Australia/Sydney,air_quality_2026-08-26.json,2026-08-27T08:00:00+1000,2026-08-26T22:00:00+0000,2026-08-27,8,0.35,21.0,23.2
whittlesea,Whittlesea,27070,-37.54176209066476,145.09375406320098,-37.5,145.1,189.0,Australia/Sydney,air_quality_2026-08-26.json,2026-08-27T09:00:00+1000,2026-08-26T23:00:00+0000,2026-08-27,9,1.15,13.6,17.1
whittlesea,Whittlesea,27070,-37.54176209066476,145.09375406320098,-37.5,145.1,189.0,Australia/Sydney,air_quality_2026-08-26.json,2026-08-27T10:00:00+1000,2026-08-27T00:00:00+0000,2026-08-27,10,2.3,10.4,14.6
whittlesea,Whittlesea,27070,-37.54176209066476,145.09375406320098,-37.5,145.1,189.0,Australia/Sydney,air_quality_2026-08-26.json,2026-08-27T11:00:00+1000,2026-08-27T01:00:00+0000,2026-08-27,11,3.4,10.0,14.0
whittlesea,Whittlesea,27070,-37.54176209066476,145.09375406320098,-37.5,145.1,189.0,Australia/Sydney,air_quality_2026-08-26.json,2026-08-27T12:00:00+1000,2026-08-27T02:00:00+0000,2026-08-27,12,3.95,9.8,13.8
whittlesea,Whittlesea,27070,-37.54176209066476,145.09375406320098,-37.5,145.1,189.0,Australia/Sydney,air_quality_2026-08-26.json,2026-08-27T13:00:00+1000,2026-08-27T03:00:00+0000,2026-08-27,13,3.65,10.0,14.1
whittlesea,Whittlesea,27070,-37.54176209066476,145.09375406320098,-37.5,145.1,189.0,Australia/Sydney,air_quality_2026-08-26.json,2026-08-27T14:00:00+1000,2026-08-27T04:00:00+0000,2026-08-27,14,2.8,10.3,14.3
whittlesea,Whittlesea,27070,-37.54176209066476,145.09375406320098,-37.5,145.1,189.0,Australia/Sydney,air_quality_2026-08-26.json,2026-08-27T15:00:00+1000,2026-08-27T05:00:00+0000,2026-08-27,15,1.65,10.5,14.5
whittlesea,Whittlesea,27070,-37.54176209066476,145.09375406320098,-37.5,145.1,189.0,Australia/Sydney,air_quality_2026-08-26.json,2026-08-27T16:00:00+1000,2026-08-27T06:00:00+0000,2026-08-27,16,0.65,10.0,13.8
whittlesea,Whittlesea,27070,-37.54176209066476,145.09375406320098,-37.5,145.1,189.0,Australia/Sydney,air_quality_2026-08-26.json,2026-08-27T17:00:00+1000,2026-08-27T07:00:00+0000,2026-08-27,17,0.15,11.9,15.4
whittlesea,Whittlesea,27070,-37.54176209066476,145.09375406320098,-37.5,145.1,189.0,Australia/Sydney,air_quality_2026-08-26.json,2026-08-27T18:00:00+1000,2026-08-27T08:00:00+0000,2026-08-27,18,0.0,17.1,20.5
whittlesea,Whittlesea,27070,-37.54176209066476,145.09375406320098,-37.5,145.1,189.0,Australia/Sydney,air_quality_2026-08-26.json,2026-08-27T19:00:00+1000,2026-08-27T09:00:00+0000,2026-08-27,19,0.0,21.2,24.4
whittlesea,Whittlesea,27070,-37.54176209066476,145.09375406320098,-37.5,145.1,189.0,Australia/Sydney,air_quality_2026-08-26.json,2026-08-27T20:00:00+1000,2026-08-27T10:00:00+0000,2026-08-27,20,0.0,25.0,28.0
whittlesea,Whittlesea,27070,-37.54176209066476,145.09375406320098,-37.5,145.1,189.0,Australia/Sydney,air_quality_2026-08-26.json,2026-08-27T21:00:00+1000,2026-08-27T11:00:00+0000,2026-08-27,21,0.0,28.4,31.2
whittlesea,Whittlesea,27070,-37.54176209066476,145.09375406320098,-37.5,145.1,189.0,Australia/Sydney,air_quality_2026-08-26.json,2026-08-27T22:00:00+1000,2026-08-27T12:00:00+0000,2026-08-27,22,0.0,28.3,30.5
whittlesea,Whittlesea,27070,-37.54176209066476,145.09375406320098,-37.5,145.1,189.0,Australia/Sydney,air_quality_2026-08-26.json,2026-08-27T23:00:00+1000,2026-08-27T13:00:00+0000,2026-08-27,23,0.0,23.4,25.1
whittlesea,Whittlesea,27070,-37.54176209066476,145.09375406320098,-37.5,145.1,189.0,Australia/Sydney,air_quality_2026-08-26.json,2026-08-28T00:00:00+1000,2026-08-27T14:00:00+0000,2026-08-28,0,0.0,17.5,19.0
whittlesea,Whittlesea,27070,-37.54176209066476,145.09375406320098,-37.5,145.1,189.0,Australia/Sydney,air_quality_2026-08-26.json,2026-08-28T01:00:00+1000,2026-08-27T15:00:00+0000,2026-08-28,1,0.0,13.2,14.6
whittlesea,Whittlesea,27070,-37.54176209066476,145.09375406320098,-37.5,145.1,189.0,Australia/Sydney,air_quality_2026-08-26.json,2026-08-28T02:00:00+1000,2026-08-27T16:00:00+0000,2026-08-28,2,0.0,10.0,11.4
whittlesea,Whittlesea,27070,-37.54176209066476,145.09375406320098,-37.5,145.1,189.0,Australia/Sydney,air_quality_2026-08-26.json,2026-08-28T03:00:00+1000,2026-08-27T17:00:00+0000,2026-08-28,3,0.0,7.7,9.0
whittlesea,Whittlesea,27070,-37.54176209066476,145.09375406320098,-37.5,145.1,189.0,Australia/Sydney,air_quality_2026-08-26.json,2026-08-28T04:00:00+1000,2026-08-27T18:00:00+0000,2026-08-28,4,0.0,6.3,7.7
whittlesea,Whittlesea,27070,-37.54176209066476,145.09375406320098,-37.5,145.1,189.0,Australia/Sydney,air_quality_2026-08-26.json,2026-08-28T05:00:00+1000,2026-08-27T19:00:00+0000,2026-08-28,5,0.0,5.7,7.2
whittlesea,Whittlesea,27070,-37.54176209066476,145.09375406320098,-37.5,145.1,189.0,Australia/Sydney,air_quality_2026-08-26.json,2026-08-28T06:00:00+1000,2026-08-27T20:00:00+0000,2026-08-28,6,0.0,5.6,7.1
whittlesea,Whittlesea,27070,-37.54176209066476,145.09375406320098,-37.5,145.1,189.0,Australia/Sydney,air_quality_2026-08-26.json,2026-08-28T07:00:00+1000,2026-08-27T21:00:00+0000,2026-08-28,7,0.05,6.9,8.3
whittlesea,Whittlesea,27070,-37.54176209066476,145.09375406320098,-37.5,145.1,189.0,Australia/Sydney,air_quality_2026-08-26.json,2026-08-28T08:00:00+1000,2026-08-27T22:00:00+0000,2026-08-28,8,0.2,8.2,9.5
whittlesea,Whittlesea,27070,-37.54176209066476,145.09375406320098,-37.5,145.1,189.0,Australia/Sydney,air_quality_2026-08-26.json,2026-08-28T09:00:00+1000,2026-08-27T23:00:00+0000,2026-08-28,9,0.4,10.6,12.0
whittlesea,Whittlesea,27070,-37.54176209066476,145.09375406320098,-37.5,145.1,189.0,Australia/Sydney,air_quality_2026-08-26.json,2026-08-28T10:00:00+1000,2026-08-28T00:00:00+0000,2026-08-28,10,0.75,8.7,10.9
whittlesea,Whittlesea,27070,-37.54176209066476,145.09375406320098,-37.5,145.1,189.0,Australia/Sydney,air_quality_2026-08-26.json,2026-08-28T11:00:00+1000,2026-08-28T01:00:00+0000,2026-08-28,11,1.25,7.4,9.5
whittlesea,Whittlesea,27070,-37.54176209066476,145.09375406320098,-37.5,145.1,189.0,Australia/Sydney,air_quality_2026-08-26.json,2026-08-28T12:00:00+1000,2026-08-28T02:00:00+0000,2026-08-28,12,1.3,6.0,7.7
whittlesea,Whittlesea,27070,-37.54176209066476,145.09375406320098,-37.5,145.1,189.0,Australia/Sydney,air_quality_2026-08-26.json,2026-08-28T13:00:00+1000,2026-08-28T03:00:00+0000,2026-08-28,13,2.05,5.9,7.5
whittlesea,Whittlesea,27070,-37.54176209066476,145.09375406320098,-37.5,145.1,189.0,Australia/Sydney,air_quality_2026-08-26.json,2026-08-28T14:00:00+1000,2026-08-28T04:00:00+0000,2026-08-28,14,2.45,5.8,7.7
whittlesea,Whittlesea,27070,-37.54176209066476,145.09375406320098,-37.5,145.1,189.0,Australia/Sydney,air_quality_2026-08-26.json,2026-08-28T15:00:00+1000,2026-08-28T05:00:00+0000,2026-08-28,15,1.5,6.3,8.7
whittlesea,Whittlesea,27070,-37.54176209066476,145.09375406320098,-37.5,145.1,189.0,Australia/Sydney,air_quality_2026-08-26.json,2026-08-28T16:00:00+1000,2026-08-28T06:00:00+0000,2026-08-28,16,0.65,7.5,10.5
whittlesea,Whittlesea,27070,-37.54176209066476,145.09375406320098,-37.5,145.1,189.0,Australia/Sydney,air_quality_2026-08-26.json,2026-08-28T17:00:00+1000,2026-08-28T07:00:00+0000,2026-08-28,17,0.15,8.5,12.1
whittlesea,Whittlesea,27070,-37.54176209066476,145.09375406320098,-37.5,145.1,189.0,Australia/Sydney,air_quality_2026-08-26.json,2026-08-28T18:00:00+1000,2026-08-28T08:00:00+0000,2026-08-28,18,0.0,11.6,15.5
whittlesea,Whittlesea,27070,-37.54176209066476,145.09375406320098,-37.5,145.1,189.0,Australia/Sydney,air_quality_2026-08-26.json,2026-08-28T19:00:00+1000,2026-08-28T09:00:00+0000,2026-08-28,19,0.0,15.1,18.8
whittlesea,Whittlesea,27070,-37.54176209066476,145.09375406320098,-37.5,145.1,189.0,Australia/Sydney,air_quality_2026-08-26.json,2026-08-28T20:00:00+1000,2026-08-28T10:00:00+0000,2026-08-28,20,0.0,18.9,23.2
whittlesea,Whittlesea,27070,-37.54176209066476,145.09375406320098,-37.5,145.1,189.0,Australia/Sydney,air_quality_2026-08-26.json,2026-08-28T21:00:00+1000,2026-08-28T11:00:00+0000,2026-08-28,21,0.0,21.7,26.4
whittlesea,Whittlesea,27070,-37.54176209066476,145.09375406320098,-37.5,145.1,189.0,Australia/Sydney,air_quality_2026-08-26.json,2026-08-28T22:00:00+1000,2026-08-28T12:00:00+0000,2026-08-28,22,0.0,26.5,31.9
whittlesea,Whittlesea,27070,-37.54176209066476,145.09375406320098,-37.5,145.1,189.0,Australia/Sydney,air_quality_2026-08-26.json,2026-08-28T23:00:00+1000,2026-08-28T13:00:00+0000,2026-08-28,23,0.0,28.0,33.9
whittlesea,Whittlesea,27070,-37.54176209066476,145.09375406320098,-37.5,145.1,189.0,Australia/Sydney,air_quality_2026-08-26.json,2026-08-29T00:00:00+1000,2026-08-28T14:00:00+0000,2026-08-29,0,0.0,28.8,35.2
whittlesea,Whittlesea,27070,-37.54176209066476,145.09375406320098,-37.5,145.1,189.0,Australia/Sydney,air_quality_2026-08-26.json,2026-08-29T01:00:00+1000,2026-08-28T15:00:00+0000,2026-08-29,1,0.0,28.2,34.8
whittlesea,Whittlesea,27070,-37.54176209066476,145.09375406320098,-37.5,145.1,189.0,Australia/Sydney,air_quality_2026-08-26.json,2026-08-29T02:00:00+1000,2026-08-28T16:00:00+0000,2026-08-29,2,0.0,25.7,32.0
whittlesea,Whittlesea,27070,-37.54176209066476,145.09375406320098,-37.5,145.1,189.0,Australia/Sydney,air_quality_2026-08-26.json,2026-08-29T03:00:00+1000,2026-08-28T17:00:00+0000,2026-08-29,3,0.0,22.5,28.1
whittlesea,Whittlesea,27070,-37.54176209066476,145.09375406320098,-37.5,145.1,189.0,Australia/Sydney,air_quality_2026-08-26.json,2026-08-29T04:00:00+1000,2026-08-28T18:00:00+0000,2026-08-29,4,0.0,19.4,24.8
whittlesea,Whittlesea,27070,-37.54176209066476,145.09375406320098,-37.5,145.1,189.0,Australia/Sydney,air_quality_2026-08-26.json,2026-08-29T05:00:00+1000,2026-08-28T19:00:00+0000,2026-08-29,5,0.0,16.9,22.2
whittlesea,Whittlesea,27070,-37.54176209066476,145.09375406320098,-37.5,145.1,189.0,Australia/Sydney,air_quality_2026-08-26.json,2026-08-29T06:00:00+1000,2026-08-28T20:00:00+0000,2026-08-29,6,0.0,15.7,20.5
whittlesea,Whittlesea,27070,-37.54176209066476,145.09375406320098,-37.5,145.1,189.0,Australia/Sydney,air_quality_2026-08-26.json,2026-08-29T07:00:00+1000,2026-08-28T21:00:00+0000,2026-08-29,7,0.05,17.2,21.7
whittlesea,Whittlesea,27070,-37.54176209066476,145.09375406320098,-37.5,145.1,189.0,Australia/Sydney,air_quality_2026-08-26.json,2026-08-29T08:00:00+1000,2026-08-28T22:00:00+0000,2026-08-29,8,0.35,18.5,22.8
whittlesea,Whittlesea,27070,-37.54176209066476,145.09375406320098,-37.5,145.1,189.0,Australia/Sydney,air_quality_2026-08-26.json,2026-08-29T09:00:00+1000,2026-08-28T23:00:00+0000,2026-08-29,9,0.95,15.3,20.4
whittlesea,Whittlesea,27070,-37.54176209066476,145.09375406320098,-37.5,145.1,189.0,Australia/Sydney,air_quality_2026-08-26.json,2026-08-29T10:00:00+1000,2026-08-29T00:00:00+0000,2026-08-29,10,1.6,13.9,20.3
whittlesea,Whittlesea,27070,-37.54176209066476,145.09375406320098,-37.5,145.1,189.0,Australia/Sydney,air_quality_2026-08-26.json,2026-08-29T11:00:00+1000,2026-08-29T01:00:00+0000,2026-08-29,11,2.0,13.1,19.8
whittlesea,Whittlesea,27070,-37.54176209066476,145.09375406320098,-37.5,145.1,189.0,Australia/Sydney,air_quality_2026-08-26.json,2026-08-29T12:00:00+1000,2026-08-29T02:00:00+0000,2026-08-29,12,2.2,12.1,18.1
whittlesea,Whittlesea,27070,-37.54176209066476,145.09375406320098,-37.5,145.1,189.0,Australia/Sydney,air_quality_2026-08-26.json,2026-08-29T13:00:00+1000,2026-08-29T03:00:00+0000,2026-08-29,13,2.1,11.8,17.5
whittlesea,Whittlesea,27070,-37.54176209066476,145.09375406320098,-37.5,145.1,189.0,Australia/Sydney,air_quality_2026-08-26.json,2026-08-29T14:00:00+1000,2026-08-29T04:00:00+0000,2026-08-29,14,1.55,11.4,16.7
whittlesea,Whittlesea,27070,-37.54176209066476,145.09375406320098,-37.5,145.1,189.0,Australia/Sydney,air_quality_2026-08-26.json,2026-08-29T15:00:00+1000,2026-08-29T05:00:00+0000,2026-08-29,15,0.85,11.4,16.6
whittlesea,Whittlesea,27070,-37.54176209066476,145.09375406320098,-37.5,145.1,189.0,Australia/Sydney,air_quality_2026-08-26.json,2026-08-29T16:00:00+1000,2026-08-29T06:00:00+0000,2026-08-29,16,0.35,12.2,17.9
whittlesea,Whittlesea,27070,-37.54176209066476,145.09375406320098,-37.5,145.1,189.0,Australia/Sydney,air_quality_2026-08-26.json,2026-08-29T17:00:00+1000,2026-08-29T07:00:00+0000,2026-08-29,17,0.1,13.5,19.8
whittlesea,Whittlesea,27070,-37.54176209066476,145.09375406320098,-37.5,145.1,189.0,Australia/Sydney,air_quality_2026-08-26.json,2026-08-29T18:00:00+1000,2026-08-29T08:00:00+0000,2026-08-29,18,0.0,14.1,20.1
whittlesea,Whittlesea,27070,-37.54176209066476,145.09375406320098,-37.5,145.1,189.0,Australia/Sydney,air_quality_2026-08-26.json,2026-08-29T19:00:00+1000,2026-08-29T09:00:00+0000,2026-08-29,19,0.0,14.1,19.1
whittlesea,Whittlesea,27070,-37.54176209066476,145.09375406320098,-37.5,145.1,189.0,Australia/Sydney,air_quality_2026-08-26.json,2026-08-29T20:00:00+1000,2026-08-29T10:00:00+0000,2026-08-29,20,0.0,14.8,19.7
whittlesea,Whittlesea,27070,-37.54176209066476,145.09375406320098,-37.5,145.1,189.0,Australia/Sydney,air_quality_2026-08-26.json,2026-08-29T21:00:00+1000,2026-08-29T11:00:00+0000,2026-08-29,21,0.0,15.6,21.0
whittlesea,Whittlesea,27070,-37.54176209066476,145.09375406320098,-37.5,145.1,189.0,Australia/Sydney,air_quality_2026-08-26.json,2026-08-29T22:00:00+1000,2026-08-29T12:00:00+0000,2026-08-29,22,0.0,14.5,19.5
whittlesea,Whittlesea,27070,-37.54176209066476,145.09375406320098,-37.5,145.1,189.0,Australia/Sydney,air_quality_2026-08-26.json,2026-08-29T23:00:00+1000,2026-08-29T13:00:00+0000,2026-08-29,23,0.0,13.2,17.7
whittlesea,Whittlesea,27070,-37.54176209066476,145.09375406320098,-37.5,145.1,189.0,Australia/Sydney,air_quality_2026-08-26.json,2026-08-30T00:00:00+1000,2026-08-29T14:00:00+0000,2026-08-30,0,0.0,12.3,16.4
whittlesea,Whittlesea,27070,-37.54176209066476,145.09375406320098,-37.5,145.1,189.0,Australia/Sydney,air_quality_2026-08-26.json,2026-08-30T01:00:00+1000,2026-08-29T15:00:00+0000,2026-08-30,1,0.0,11.5,15.3
whittlesea,Whittlesea,27070,-37.54176209066476,145.09375406320098,-37.5,145.1,189.0,Australia/Sydney,air_quality_2026-08-26.json,2026-08-30T02:00:00+1000,2026-08-29T16:00:00+0000,2026-08-30,2,0.0,11.2,15.1
whittlesea,Whittlesea,27070,-37.54176209066476,145.09375406320098,-37.5,145.1,189.0,Australia/Sydney,air_quality_2026-08-26.json,2026-08-30T03:00:00+1000,2026-08-29T17:00:00+0000,2026-08-30,3,0.0,11.2,15.0
whittlesea,Whittlesea,27070,-37.54176209066476,145.09375406320098,-37.5,145.1,189.0,Australia/Sydney,air_quality_2026-08-26.json,2026-08-30T04:00:00+1000,2026-08-29T18:00:00+0000,2026-08-30,4,0.0,11.3,15.1
whittlesea,Whittlesea,27070,-37.54176209066476,145.09375406320098,-37.5,145.1,189.0,Australia/Sydney,air_quality_2026-08-26.json,2026-08-30T05:00:00+1000,2026-08-29T19:00:00+0000,2026-08-30,5,0.0,11.4,15.3
whittlesea,Whittlesea,27070,-37.54176209066476,145.09375406320098,-37.5,145.1,189.0,Australia/Sydney,air_quality_2026-08-26.json,2026-08-30T06:00:00+1000,2026-08-29T20:00:00+0000,2026-08-30,6,0.0,12.2,16.2
whittlesea,Whittlesea,27070,-37.54176209066476,145.09375406320098,-37.5,145.1,189.0,Australia/Sydney,air_quality_2026-08-26.json,2026-08-30T07:00:00+1000,2026-08-29T21:00:00+0000,2026-08-30,7,0.0,13.5,17.4
whittlesea,Whittlesea,27070,-37.54176209066476,145.09375406320098,-37.5,145.1,189.0,Australia/Sydney,air_quality_2026-08-26.json,2026-08-30T08:00:00+1000,2026-08-29T22:00:00+0000,2026-08-30,8,0.2,15.1,19.0
whittlesea,Whittlesea,27070,-37.54176209066476,145.09375406320098,-37.5,145.1,189.0,Australia/Sydney,air_quality_2026-08-26.json,2026-08-30T09:00:00+1000,2026-08-29T23:00:00+0000,2026-08-30,9,0.6,14.3,18.5
whittlesea,Whittlesea,27070,-37.54176209066476,145.09375406320098,-37.5,145.1,189.0,Australia/Sydney,air_quality_2026-08-26.json,2026-08-30T10:00:00+1000,2026-08-30T00:00:00+0000,2026-08-30,10,1.5,12.6,17.6
whittlesea,Whittlesea,27070,-37.54176209066476,145.09375406320098,-37.5,145.1,189.0,Australia/Sydney,air_quality_2026-08-26.json,2026-08-30T11:00:00+1000,2026-08-30T01:00:00+0000,2026-08-30,11,2.25,11.8,17.0
whittlesea,Whittlesea,27070,-37.54176209066476,145.09375406320098,-37.5,145.1,189.0,Australia/Sydney,air_quality_2026-08-26.json,2026-08-30T12:00:00+1000,2026-08-30T02:00:00+0000,2026-08-30,12,2.95,11.3,16.4
whittlesea,Whittlesea,27070,-37.54176209066476,145.09375406320098,-37.5,145.1,189.0,Australia/Sydney,air_quality_2026-08-26.json,2026-08-30T13:00:00+1000,2026-08-30T03:00:00+0000,2026-08-30,13,3.15,11.2,16.2
whittlesea,Whittlesea,27070,-37.54176209066476,145.09375406320098,-37.5,145.1,189.0,Australia/Sydney,air_quality_2026-08-26.json,2026-08-30T14:00:00+1000,2026-08-30T04:00:00+0000,2026-08-30,14,2.9,10.5,15.1
whittlesea,Whittlesea,27070,-37.54176209066476,145.09375406320098,-37.5,145.1,189.0,Australia/Sydney,air_quality_2026-08-26.json,2026-08-30T15:00:00+1000,2026-08-30T05:00:00+0000,2026-08-30,15,1.8,10.7,15.2
whittlesea,Whittlesea,27070,-37.54176209066476,145.09375406320098,-37.5,145.1,189.0,Australia/Sydney,air_quality_2026-08-26.json,2026-08-30T16:00:00+1000,2026-08-30T06:00:00+0000,2026-08-30,16,0.8,10.8,15.4
whittlesea,Whittlesea,27070,-37.54176209066476,145.09375406320098,-37.5,145.1,189.0,Australia/Sydney,air_quality_2026-08-26.json,2026-08-30T17:00:00+1000,2026-08-30T07:00:00+0000,2026-08-30,17,0.15,11.1,15.7
whittlesea,Whittlesea,27070,-37.54176209066476,145.09375406320098,-37.5,145.1,189.0,Australia/Sydney,air_quality_2026-08-26.json,2026-08-30T18:00:00+1000,2026-08-30T08:00:00+0000,2026-08-30,18,0.0,12.6,17.1
whittlesea,Whittlesea,27070,-37.54176209066476,145.09375406320098,-37.5,145.1,189.0,Australia/Sydney,air_quality_2026-08-26.json,2026-08-30T19:00:00+1000,2026-08-30T09:00:00+0000,2026-08-30,19,0.0,12.8,16.6
whittlesea,Whittlesea,27070,-37.54176209066476,145.09375406320098,-37.5,145.1,189.0,Australia/Sydney,air_quality_2026-08-26.json,2026-08-30T20:00:00+1000,2026-08-30T10:00:00+0000,2026-08-30,20,0.0,12.6,16.0
whittlesea,Whittlesea,27070,-37.54176209066476,145.09375406320098,-37.5,145.1,189.0,Australia/Sydney,air_quality_2026-08-26.json,2026-08-30T21:00:00+1000,2026-08-30T11:00:00+0000,2026-08-30,21,0.0,12.8,16.1
whittlesea,Whittlesea,27070,-37.54176209066476,145.09375406320098,-37.5,145.1,189.0,Australia/Sydney,air_quality_2026-08-26.json,2026-08-30T22:00:00+1000,2026-08-30T12:00:00+0000,2026-08-30,22,0.0,13.4,16.6
wyndham,Wyndham,27260,-37.892783439531485,144.62955839780793,-37.899998,144.6,27.0,Australia/Sydney,air_quality_2026-08-26.json,2026-08-26T00:00:00+1000,2026-08-25T14:00:00+0000,2026-08-26,0,0.0,3.6,5.3
wyndham,Wyndham,27260,-37.892783439531485,144.62955839780793,-37.899998,144.6,27.0,Australia/Sydney,air_quality_2026-08-26.json,2026-08-26T01:00:00+1000,2026-08-25T15:00:00+0000,2026-08-26,1,0.0,3.8,5.9
wyndham,Wyndham,27260,-37.892783439531485,144.62955839780793,-37.899998,144.6,27.0,Australia/Sydney,air_quality_2026-08-26.json,2026-08-26T02:00:00+1000,2026-08-25T16:00:00+0000,2026-08-26,2,0.0,4.2,6.6
wyndham,Wyndham,27260,-37.892783439531485,144.62955839780793,-37.899998,144.6,27.0,Australia/Sydney,air_quality_2026-08-26.json,2026-08-26T03:00:00+1000,2026-08-25T17:00:00+0000,2026-08-26,3,0.0,4.3,6.9
wyndham,Wyndham,27260,-37.892783439531485,144.62955839780793,-37.899998,144.6,27.0,Australia/Sydney,air_quality_2026-08-26.json,2026-08-26T04:00:00+1000,2026-08-25T18:00:00+0000,2026-08-26,4,0.0,4.4,7.0
wyndham,Wyndham,27260,-37.892783439531485,144.62955839780793,-37.899998,144.6,27.0,Australia/Sydney,air_quality_2026-08-26.json,2026-08-26T05:00:00+1000,2026-08-25T19:00:00+0000,2026-08-26,5,0.0,4.5,7.0
wyndham,Wyndham,27260,-37.892783439531485,144.62955839780793,-37.899998,144.6,27.0,Australia/Sydney,air_quality_2026-08-26.json,2026-08-26T06:00:00+1000,2026-08-25T20:00:00+0000,2026-08-26,6,0.0,4.4,6.9
wyndham,Wyndham,27260,-37.892783439531485,144.62955839780793,-37.899998,144.6,27.0,Australia/Sydney,air_quality_2026-08-26.json,2026-08-26T07:00:00+1000,2026-08-25T21:00:00+0000,2026-08-26,7,0.05,4.8,7.3
wyndham,Wyndham,27260,-37.892783439531485,144.62955839780793,-37.899998,144.6,27.0,Australia/Sydney,air_quality_2026-08-26.json,2026-08-26T08:00:00+1000,2026-08-25T22:00:00+0000,2026-08-26,8,0.3,5.3,7.9
wyndham,Wyndham,27260,-37.892783439531485,144.62955839780793,-37.899998,144.6,27.0,Australia/Sydney,air_quality_2026-08-26.json,2026-08-26T09:00:00+1000,2026-08-25T23:00:00+0000,2026-08-26,9,0.95,5.9,9.3
wyndham,Wyndham,27260,-37.892783439531485,144.62955839780793,-37.899998,144.6,27.0,Australia/Sydney,air_quality_2026-08-26.json,2026-08-26T10:00:00+1000,2026-08-26T00:00:00+0000,2026-08-26,10,1.9,8.3,13.3
wyndham,Wyndham,27260,-37.892783439531485,144.62955839780793,-37.899998,144.6,27.0,Australia/Sydney,air_quality_2026-08-26.json,2026-08-26T11:00:00+1000,2026-08-26T01:00:00+0000,2026-08-26,11,2.6,7.3,11.8
wyndham,Wyndham,27260,-37.892783439531485,144.62955839780793,-37.899998,144.6,27.0,Australia/Sydney,air_quality_2026-08-26.json,2026-08-26T12:00:00+1000,2026-08-26T02:00:00+0000,2026-08-26,12,2.9,7.5,12.1
wyndham,Wyndham,27260,-37.892783439531485,144.62955839780793,-37.899998,144.6,27.0,Australia/Sydney,air_quality_2026-08-26.json,2026-08-26T13:00:00+1000,2026-08-26T03:00:00+0000,2026-08-26,13,2.7,7.1,11.5
wyndham,Wyndham,27260,-37.892783439531485,144.62955839780793,-37.899998,144.6,27.0,Australia/Sydney,air_quality_2026-08-26.json,2026-08-26T14:00:00+1000,2026-08-26T04:00:00+0000,2026-08-26,14,2.0,6.9,11.2
wyndham,Wyndham,27260,-37.892783439531485,144.62955839780793,-37.899998,144.6,27.0,Australia/Sydney,air_quality_2026-08-26.json,2026-08-26T15:00:00+1000,2026-08-26T05:00:00+0000,2026-08-26,15,1.15,7.0,11.3
wyndham,Wyndham,27260,-37.892783439531485,144.62955839780793,-37.899998,144.6,27.0,Australia/Sydney,air_quality_2026-08-26.json,2026-08-26T16:00:00+1000,2026-08-26T06:00:00+0000,2026-08-26,16,0.5,7.1,11.5
wyndham,Wyndham,27260,-37.892783439531485,144.62955839780793,-37.899998,144.6,27.0,Australia/Sydney,air_quality_2026-08-26.json,2026-08-26T17:00:00+1000,2026-08-26T07:00:00+0000,2026-08-26,17,0.1,7.4,11.8
wyndham,Wyndham,27260,-37.892783439531485,144.62955839780793,-37.899998,144.6,27.0,Australia/Sydney,air_quality_2026-08-26.json,2026-08-26T18:00:00+1000,2026-08-26T08:00:00+0000,2026-08-26,18,0.0,8.5,12.6
wyndham,Wyndham,27260,-37.892783439531485,144.62955839780793,-37.899998,144.6,27.0,Australia/Sydney,air_quality_2026-08-26.json,2026-08-26T19:00:00+1000,2026-08-26T09:00:00+0000,2026-08-26,19,0.0,9.7,13.7
wyndham,Wyndham,27260,-37.892783439531485,144.62955839780793,-37.899998,144.6,27.0,Australia/Sydney,air_quality_2026-08-26.json,2026-08-26T20:00:00+1000,2026-08-26T10:00:00+0000,2026-08-26,20,0.0,10.4,14.3
wyndham,Wyndham,27260,-37.892783439531485,144.62955839780793,-37.899998,144.6,27.0,Australia/Sydney,air_quality_2026-08-26.json,2026-08-26T21:00:00+1000,2026-08-26T11:00:00+0000,2026-08-26,21,0.0,9.8,13.1
wyndham,Wyndham,27260,-37.892783439531485,144.62955839780793,-37.899998,144.6,27.0,Australia/Sydney,air_quality_2026-08-26.json,2026-08-26T22:00:00+1000,2026-08-26T12:00:00+0000,2026-08-26,22,0.0,9.9,13.1
wyndham,Wyndham,27260,-37.892783439531485,144.62955839780793,-37.899998,144.6,27.0,Australia/Sydney,air_quality_2026-08-26.json,2026-08-26T23:00:00+1000,2026-08-26T13:00:00+0000,2026-08-26,23,0.0,9.9,13.1
wyndham,Wyndham,27260,-37.892783439531485,144.62955839780793,-37.899998,144.6,27.0,Australia/Sydney,air_quality_2026-08-26.json,2026-08-27T00:00:00+1000,2026-08-26T14:00:00+0000,2026-08-27,0,0.0,9.2,12.0
wyndham,Wyndham,27260,-37.892783439531485,144.62955839780793,-37.899998,144.6,27.0,Australia/Sydney,air_quality_2026-08-26.json,2026-08-27T01:00:00+1000,2026-08-26T15:00:00+0000,2026-08-27,1,0.0,8.4,11.1
wyndham,Wyndham,27260,-37.892783439531485,144.62955839780793,-37.899998,144.6,27.0,Australia/Sydney,air_quality_2026-08-26.json,2026-08-27T02:00:00+1000,2026-08-26T16:00:00+0000,2026-08-27,2,0.0,8.0,10.6
wyndham,Wyndham,27260,-37.892783439531485,144.62955839780793,-37.899998,144.6,27.0,Australia/Sydney,air_quality_2026-08-26.json,2026-08-27T03:00:00+1000,2026-08-26T17:00:00+0000,2026-08-27,3,0.0,7.7,10.3
wyndham,Wyndham,27260,-37.892783439531485,144.62955839780793,-37.899998,144.6,27.0,Australia/Sydney,air_quality_2026-08-26.json,2026-08-27T04:00:00+1000,2026-08-26T18:00:00+0000,2026-08-27,4,0.0,7.5,10.0
wyndham,Wyndham,27260,-37.892783439531485,144.62955839780793,-37.899998,144.6,27.0,Australia/Sydney,air_quality_2026-08-26.json,2026-08-27T05:00:00+1000,2026-08-26T19:00:00+0000,2026-08-27,5,0.0,7.4,9.9
wyndham,Wyndham,27260,-37.892783439531485,144.62955839780793,-37.899998,144.6,27.0,Australia/Sydney,air_quality_2026-08-26.json,2026-08-27T06:00:00+1000,2026-08-26T20:00:00+0000,2026-08-27,6,0.0,7.7,10.1
wyndham,Wyndham,27260,-37.892783439531485,144.62955839780793,-37.899998,144.6,27.0,Australia/Sydney,air_quality_2026-08-26.json,2026-08-27T07:00:00+1000,2026-08-26T21:00:00+0000,2026-08-27,7,0.05,9.8,12.0
wyndham,Wyndham,27260,-37.892783439531485,144.62955839780793,-37.899998,144.6,27.0,Australia/Sydney,air_quality_2026-08-26.json,2026-08-27T08:00:00+1000,2026-08-26T22:00:00+0000,2026-08-27,8,0.35,13.2,14.9
wyndham,Wyndham,27260,-37.892783439531485,144.62955839780793,-37.899998,144.6,27.0,Australia/Sydney,air_quality_2026-08-26.json,2026-08-27T09:00:00+1000,2026-08-26T23:00:00+0000,2026-08-27,9,1.1,9.6,12.1
wyndham,Wyndham,27260,-37.892783439531485,144.62955839780793,-37.899998,144.6,27.0,Australia/Sydney,air_quality_2026-08-26.json,2026-08-27T10:00:00+1000,2026-08-27T00:00:00+0000,2026-08-27,10,2.25,8.7,12.8
wyndham,Wyndham,27260,-37.892783439531485,144.62955839780793,-37.899998,144.6,27.0,Australia/Sydney,air_quality_2026-08-26.json,2026-08-27T11:00:00+1000,2026-08-27T01:00:00+0000,2026-08-27,11,3.0,8.5,13.0
wyndham,Wyndham,27260,-37.892783439531485,144.62955839780793,-37.899998,144.6,27.0,Australia/Sydney,air_quality_2026-08-26.json,2026-08-27T12:00:00+1000,2026-08-27T02:00:00+0000,2026-08-27,12,3.3,8.3,12.7
wyndham,Wyndham,27260,-37.892783439531485,144.62955839780793,-37.899998,144.6,27.0,Australia/Sydney,air_quality_2026-08-26.json,2026-08-27T13:00:00+1000,2026-08-27T03:00:00+0000,2026-08-27,13,3.1,8.4,12.5
wyndham,Wyndham,27260,-37.892783439531485,144.62955839780793,-37.899998,144.6,27.0,Australia/Sydney,air_quality_2026-08-26.json,2026-08-27T14:00:00+1000,2026-08-27T04:00:00+0000,2026-08-27,14,2.3,8.5,12.5
wyndham,Wyndham,27260,-37.892783439531485,144.62955839780793,-37.899998,144.6,27.0,Australia/Sydney,air_quality_2026-08-26.json,2026-08-27T15:00:00+1000,2026-08-27T05:00:00+0000,2026-08-27,15,1.4,8.5,12.3
wyndham,Wyndham,27260,-37.892783439531485,144.62955839780793,-37.899998,144.6,27.0,Australia/Sydney,air_quality_2026-08-26.json,2026-08-27T16:00:00+1000,2026-08-27T06:00:00+0000,2026-08-27,16,0.55,8.1,11.7
wyndham,Wyndham,27260,-37.892783439531485,144.62955839780793,-37.899998,144.6,27.0,Australia/Sydney,air_quality_2026-08-26.json,2026-08-27T17:00:00+1000,2026-08-27T07:00:00+0000,2026-08-27,17,0.15,9.3,12.6
wyndham,Wyndham,27260,-37.892783439531485,144.62955839780793,-37.899998,144.6,27.0,Australia/Sydney,air_quality_2026-08-26.json,2026-08-27T18:00:00+1000,2026-08-27T08:00:00+0000,2026-08-27,18,0.0,12.4,15.5
wyndham,Wyndham,27260,-37.892783439531485,144.62955839780793,-37.899998,144.6,27.0,Australia/Sydney,air_quality_2026-08-26.json,2026-08-27T19:00:00+1000,2026-08-27T09:00:00+0000,2026-08-27,19,0.0,14.8,17.6
wyndham,Wyndham,27260,-37.892783439531485,144.62955839780793,-37.899998,144.6,27.0,Australia/Sydney,air_quality_2026-08-26.json,2026-08-27T20:00:00+1000,2026-08-27T10:00:00+0000,2026-08-27,20,0.0,16.7,19.3
wyndham,Wyndham,27260,-37.892783439531485,144.62955839780793,-37.899998,144.6,27.0,Australia/Sydney,air_quality_2026-08-26.json,2026-08-27T21:00:00+1000,2026-08-27T11:00:00+0000,2026-08-27,21,0.0,18.8,21.1
wyndham,Wyndham,27260,-37.892783439531485,144.62955839780793,-37.899998,144.6,27.0,Australia/Sydney,air_quality_2026-08-26.json,2026-08-27T22:00:00+1000,2026-08-27T12:00:00+0000,2026-08-27,22,0.0,19.3,21.3
wyndham,Wyndham,27260,-37.892783439531485,144.62955839780793,-37.899998,144.6,27.0,Australia/Sydney,air_quality_2026-08-26.json,2026-08-27T23:00:00+1000,2026-08-27T13:00:00+0000,2026-08-27,23,0.0,17.3,18.9
wyndham,Wyndham,27260,-37.892783439531485,144.62955839780793,-37.899998,144.6,27.0,Australia/Sydney,air_quality_2026-08-26.json,2026-08-28T00:00:00+1000,2026-08-27T14:00:00+0000,2026-08-28,0,0.0,14.3,15.8
wyndham,Wyndham,27260,-37.892783439531485,144.62955839780793,-37.899998,144.6,27.0,Australia/Sydney,air_quality_2026-08-26.json,2026-08-28T01:00:00+1000,2026-08-27T15:00:00+0000,2026-08-28,1,0.0,11.8,13.2
wyndham,Wyndham,27260,-37.892783439531485,144.62955839780793,-37.899998,144.6,27.0,Australia/Sydney,air_quality_2026-08-26.json,2026-08-28T02:00:00+1000,2026-08-27T16:00:00+0000,2026-08-28,2,0.0,9.6,10.9
wyndham,Wyndham,27260,-37.892783439531485,144.62955839780793,-37.899998,144.6,27.0,Australia/Sydney,air_quality_2026-08-26.json,2026-08-28T03:00:00+1000,2026-08-27T17:00:00+0000,2026-08-28,3,0.0,7.5,8.6
wyndham,Wyndham,27260,-37.892783439531485,144.62955839780793,-37.899998,144.6,27.0,Australia/Sydney,air_quality_2026-08-26.json,2026-08-28T04:00:00+1000,2026-08-27T18:00:00+0000,2026-08-28,4,0.0,5.8,6.9
wyndham,Wyndham,27260,-37.892783439531485,144.62955839780793,-37.899998,144.6,27.0,Australia/Sydney,air_quality_2026-08-26.json,2026-08-28T05:00:00+1000,2026-08-27T19:00:00+0000,2026-08-28,5,0.0,4.9,6.0
wyndham,Wyndham,27260,-37.892783439531485,144.62955839780793,-37.899998,144.6,27.0,Australia/Sydney,air_quality_2026-08-26.json,2026-08-28T06:00:00+1000,2026-08-27T20:00:00+0000,2026-08-28,6,0.0,4.5,5.7
wyndham,Wyndham,27260,-37.892783439531485,144.62955839780793,-37.899998,144.6,27.0,Australia/Sydney,air_quality_2026-08-26.json,2026-08-28T07:00:00+1000,2026-08-27T21:00:00+0000,2026-08-28,7,0.0,5.4,6.7
wyndham,Wyndham,27260,-37.892783439531485,144.62955839780793,-37.899998,144.6,27.0,Australia/Sydney,air_quality_2026-08-26.json,2026-08-28T08:00:00+1000,2026-08-27T22:00:00+0000,2026-08-28,8,0.15,6.9,8.5
wyndham,Wyndham,27260,-37.892783439531485,144.62955839780793,-37.899998,144.6,27.0,Australia/Sydney,air_quality_2026-08-26.json,2026-08-28T09:00:00+1000,2026-08-27T23:00:00+0000,2026-08-28,9,0.5,8.7,10.4
wyndham,Wyndham,27260,-37.892783439531485,144.62955839780793,-37.899998,144.6,27.0,Australia/Sydney,air_quality_2026-08-26.json,2026-08-28T10:00:00+1000,2026-08-28T00:00:00+0000,2026-08-28,10,1.25,6.8,8.5
wyndham,Wyndham,27260,-37.892783439531485,144.62955839780793,-37.899998,144.6,27.0,Australia/Sydney,air_quality_2026-08-26.json,2026-08-28T11:00:00+1000,2026-08-28T01:00:00+0000,2026-08-28,11,2.3,5.4,7.1
wyndham,Wyndham,27260,-37.892783439531485,144.62955839780793,-37.899998,144.6,27.0,Australia/Sydney,air_quality_2026-08-26.json,2026-08-28T12:00:00+1000,2026-08-28T02:00:00+0000,2026-08-28,12,2.7,5.1,7.1
wyndham,Wyndham,27260,-37.892783439531485,144.62955839780793,-37.899998,144.6,27.0,Australia/Sydney,air_quality_2026-08-26.json,2026-08-28T13:00:00+1000,2026-08-28T03:00:00+0000,2026-08-28,13,3.05,6.3,9.4
wyndham,Wyndham,27260,-37.892783439531485,144.62955839780793,-37.899998,144.6,27.0,Australia/Sydney,air_quality_2026-08-26.json,2026-08-28T14:00:00+1000,2026-08-28T04:00:00+0000,2026-08-28,14,2.4,7.9,12.3
wyndham,Wyndham,27260,-37.892783439531485,144.62955839780793,-37.899998,144.6,27.0,Australia/Sydney,air_quality_2026-08-26.json,2026-08-28T15:00:00+1000,2026-08-28T05:00:00+0000,2026-08-28,15,1.55,10.0,15.8
wyndham,Wyndham,27260,-37.892783439531485,144.62955839780793,-37.899998,144.6,27.0,Australia/Sydney,air_quality_2026-08-26.json,2026-08-28T16:00:00+1000,2026-08-28T06:00:00+0000,2026-08-28,16,0.65,11.0,17.6
wyndham,Wyndham,27260,-37.892783439531485,144.62955839780793,-37.899998,144.6,27.0,Australia/Sydney,air_quality_2026-08-26.json,2026-08-28T17:00:00+1000,2026-08-28T07:00:00+0000,2026-08-28,17,0.15,12.2,19.4
wyndham,Wyndham,27260,-37.892783439531485,144.62955839780793,-37.899998,144.6,27.0,Australia/Sydney,air_quality_2026-08-26.json,2026-08-28T18:00:00+1000,2026-08-28T08:00:00+0000,2026-08-28,18,0.0,14.2,21.7
wyndham,Wyndham,27260,-37.892783439531485,144.62955839780793,-37.899998,144.6,27.0,Australia/Sydney,air_quality_2026-08-26.json,2026-08-28T19:00:00+1000,2026-08-28T09:00:00+0000,2026-08-28,19,0.0,15.5,22.2
wyndham,Wyndham,27260,-37.892783439531485,144.62955839780793,-37.899998,144.6,27.0,Australia/Sydney,air_quality_2026-08-26.json,2026-08-28T20:00:00+1000,2026-08-28T10:00:00+0000,2026-08-28,20,0.0,17.2,24.0
wyndham,Wyndham,27260,-37.892783439531485,144.62955839780793,-37.899998,144.6,27.0,Australia/Sydney,air_quality_2026-08-26.json,2026-08-28T21:00:00+1000,2026-08-28T11:00:00+0000,2026-08-28,21,0.0,18.0,24.6
wyndham,Wyndham,27260,-37.892783439531485,144.62955839780793,-37.899998,144.6,27.0,Australia/Sydney,air_quality_2026-08-26.json,2026-08-28T22:00:00+1000,2026-08-28T12:00:00+0000,2026-08-28,22,0.0,18.1,24.2
wyndham,Wyndham,27260,-37.892783439531485,144.62955839780793,-37.899998,144.6,27.0,Australia/Sydney,air_quality_2026-08-26.json,2026-08-28T23:00:00+1000,2026-08-28T13:00:00+0000,2026-08-28,23,0.0,17.6,23.3
wyndham,Wyndham,27260,-37.892783439531485,144.62955839780793,-37.899998,144.6,27.0,Australia/Sydney,air_quality_2026-08-26.json,2026-08-29T00:00:00+1000,2026-08-28T14:00:00+0000,2026-08-29,0,0.0,17.2,22.5
wyndham,Wyndham,27260,-37.892783439531485,144.62955839780793,-37.899998,144.6,27.0,Australia/Sydney,air_quality_2026-08-26.json,2026-08-29T01:00:00+1000,2026-08-28T15:00:00+0000,2026-08-29,1,0.0,16.4,21.2
wyndham,Wyndham,27260,-37.892783439531485,144.62955839780793,-37.899998,144.6,27.0,Australia/Sydney,air_quality_2026-08-26.json,2026-08-29T02:00:00+1000,2026-08-28T16:00:00+0000,2026-08-29,2,0.0,14.8,19.2
wyndham,Wyndham,27260,-37.892783439531485,144.62955839780793,-37.899998,144.6,27.0,Australia/Sydney,air_quality_2026-08-26.json,2026-08-29T03:00:00+1000,2026-08-28T17:00:00+0000,2026-08-29,3,0.0,12.9,16.6
wyndham,Wyndham,27260,-37.892783439531485,144.62955839780793,-37.899998,144.6,27.0,Australia/Sydney,air_quality_2026-08-26.json,2026-08-29T04:00:00+1000,2026-08-28T18:00:00+0000,2026-08-29,4,0.0,10.6,13.9
wyndham,Wyndham,27260,-37.892783439531485,144.62955839780793,-37.899998,144.6,27.0,Australia/Sydney,air_quality_2026-08-26.json,2026-08-29T05:00:00+1000,2026-08-28T19:00:00+0000,2026-08-29,5,0.0,9.1,12.2
wyndham,Wyndham,27260,-37.892783439531485,144.62955839780793,-37.899998,144.6,27.0,Australia/Sydney,air_quality_2026-08-26.json,2026-08-29T06:00:00+1000,2026-08-28T20:00:00+0000,2026-08-29,6,0.0,8.3,11.2
wyndham,Wyndham,27260,-37.892783439531485,144.62955839780793,-37.899998,144.6,27.0,Australia/Sydney,air_quality_2026-08-26.json,2026-08-29T07:00:00+1000,2026-08-28T21:00:00+0000,2026-08-29,7,0.05,8.6,11.2
wyndham,Wyndham,27260,-37.892783439531485,144.62955839780793,-37.899998,144.6,27.0,Australia/Sydney,air_quality_2026-08-26.json,2026-08-29T08:00:00+1000,2026-08-28T22:00:00+0000,2026-08-29,8,0.3,9.5,12.0
wyndham,Wyndham,27260,-37.892783439531485,144.62955839780793,-37.899998,144.6,27.0,Australia/Sydney,air_quality_2026-08-26.json,2026-08-29T09:00:00+1000,2026-08-28T23:00:00+0000,2026-08-29,9,0.8,9.2,12.7
wyndham,Wyndham,27260,-37.892783439531485,144.62955839780793,-37.899998,144.6,27.0,Australia/Sydney,air_quality_2026-08-26.json,2026-08-29T10:00:00+1000,2026-08-29T00:00:00+0000,2026-08-29,10,1.45,10.8,16.5
wyndham,Wyndham,27260,-37.892783439531485,144.62955839780793,-37.899998,144.6,27.0,Australia/Sydney,air_quality_2026-08-26.json,2026-08-29T11:00:00+1000,2026-08-29T01:00:00+0000,2026-08-29,11,1.75,11.2,17.9
wyndham,Wyndham,27260,-37.892783439531485,144.62955839780793,-37.899998,144.6,27.0,Australia/Sydney,air_quality_2026-08-26.json,2026-08-29T12:00:00+1000,2026-08-29T02:00:00+0000,2026-08-29,12,1.65,11.4,18.3
wyndham,Wyndham,27260,-37.892783439531485,144.62955839780793,-37.899998,144.6,27.0,Australia/Sydney,air_quality_2026-08-26.json,2026-08-29T13:00:00+1000,2026-08-29T03:00:00+0000,2026-08-29,13,1.65,13.7,21.9
wyndham,Wyndham,27260,-37.892783439531485,144.62955839780793,-37.899998,144.6,27.0,Australia/Sydney,air_quality_2026-08-26.json,2026-08-29T14:00:00+1000,2026-08-29T04:00:00+0000,2026-08-29,14,1.25,13.4,21.2
wyndham,Wyndham,27260,-37.892783439531485,144.62955839780793,-37.899998,144.6,27.0,Australia/Sydney,air_quality_2026-08-26.json,2026-08-29T15:00:00+1000,2026-08-29T05:00:00+0000,2026-08-29,15,0.75,16.3,25.8
wyndham,Wyndham,27260,-37.892783439531485,144.62955839780793,-37.899998,144.6,27.0,Australia/Sydney,air_quality_2026-08-26.json,2026-08-29T16:00:00+1000,2026-08-29T06:00:00+0000,2026-08-29,16,0.35,15.7,24.7
wyndham,Wyndham,27260,-37.892783439531485,144.62955839780793,-37.899998,144.6,27.0,Australia/Sydney,air_quality_2026-08-26.json,2026-08-29T17:00:00+1000,2026-08-29T07:00:00+0000,2026-08-29,17,0.1,15.9,25.0
wyndham,Wyndham,27260,-37.892783439531485,144.62955839780793,-37.899998,144.6,27.0,Australia/Sydney,air_quality_2026-08-26.json,2026-08-29T18:00:00+1000,2026-08-29T08:00:00+0000,2026-08-29,18,0.0,16.1,24.9
wyndham,Wyndham,27260,-37.892783439531485,144.62955839780793,-37.899998,144.6,27.0,Australia/Sydney,air_quality_2026-08-26.json,2026-08-29T19:00:00+1000,2026-08-29T09:00:00+0000,2026-08-29,19,0.0,15.1,22.5
wyndham,Wyndham,27260,-37.892783439531485,144.62955839780793,-37.899998,144.6,27.0,Australia/Sydney,air_quality_2026-08-26.json,2026-08-29T20:00:00+1000,2026-08-29T10:00:00+0000,2026-08-29,20,0.0,14.1,20.5
wyndham,Wyndham,27260,-37.892783439531485,144.62955839780793,-37.899998,144.6,27.0,Australia/Sydney,air_quality_2026-08-26.json,2026-08-29T21:00:00+1000,2026-08-29T11:00:00+0000,2026-08-29,21,0.0,12.7,18.2
wyndham,Wyndham,27260,-37.892783439531485,144.62955839780793,-37.899998,144.6,27.0,Australia/Sydney,air_quality_2026-08-26.json,2026-08-29T22:00:00+1000,2026-08-29T12:00:00+0000,2026-08-29,22,0.0,11.0,15.5
wyndham,Wyndham,27260,-37.892783439531485,144.62955839780793,-37.899998,144.6,27.0,Australia/Sydney,air_quality_2026-08-26.json,2026-08-29T23:00:00+1000,2026-08-29T13:00:00+0000,2026-08-29,23,0.0,10.1,14.3
wyndham,Wyndham,27260,-37.892783439531485,144.62955839780793,-37.899998,144.6,27.0,Australia/Sydney,air_quality_2026-08-26.json,2026-08-30T00:00:00+1000,2026-08-29T14:00:00+0000,2026-08-30,0,0.0,9.0,12.8
wyndham,Wyndham,27260,-37.892783439531485,144.62955839780793,-37.899998,144.6,27.0,Australia/Sydney,air_quality_2026-08-26.json,2026-08-30T01:00:00+1000,2026-08-29T15:00:00+0000,2026-08-30,1,0.0,8.6,12.5
wyndham,Wyndham,27260,-37.892783439531485,144.62955839780793,-37.899998,144.6,27.0,Australia/Sydney,air_quality_2026-08-26.json,2026-08-30T02:00:00+1000,2026-08-29T16:00:00+0000,2026-08-30,2,0.0,8.3,12.3
wyndham,Wyndham,27260,-37.892783439531485,144.62955839780793,-37.899998,144.6,27.0,Australia/Sydney,air_quality_2026-08-26.json,2026-08-30T03:00:00+1000,2026-08-29T17:00:00+0000,2026-08-30,3,0.0,7.8,11.6
wyndham,Wyndham,27260,-37.892783439531485,144.62955839780793,-37.899998,144.6,27.0,Australia/Sydney,air_quality_2026-08-26.json,2026-08-30T04:00:00+1000,2026-08-29T18:00:00+0000,2026-08-30,4,0.0,7.3,10.9
wyndham,Wyndham,27260,-37.892783439531485,144.62955839780793,-37.899998,144.6,27.0,Australia/Sydney,air_quality_2026-08-26.json,2026-08-30T05:00:00+1000,2026-08-29T19:00:00+0000,2026-08-30,5,0.0,6.9,10.4
wyndham,Wyndham,27260,-37.892783439531485,144.62955839780793,-37.899998,144.6,27.0,Australia/Sydney,air_quality_2026-08-26.json,2026-08-30T06:00:00+1000,2026-08-29T20:00:00+0000,2026-08-30,6,0.0,7.0,10.4
wyndham,Wyndham,27260,-37.892783439531485,144.62955839780793,-37.899998,144.6,27.0,Australia/Sydney,air_quality_2026-08-26.json,2026-08-30T07:00:00+1000,2026-08-29T21:00:00+0000,2026-08-30,7,0.0,7.7,11.2
wyndham,Wyndham,27260,-37.892783439531485,144.62955839780793,-37.899998,144.6,27.0,Australia/Sydney,air_quality_2026-08-26.json,2026-08-30T08:00:00+1000,2026-08-29T22:00:00+0000,2026-08-30,8,0.2,8.8,12.3
wyndham,Wyndham,27260,-37.892783439531485,144.62955839780793,-37.899998,144.6,27.0,Australia/Sydney,air_quality_2026-08-26.json,2026-08-30T09:00:00+1000,2026-08-29T23:00:00+0000,2026-08-30,9,0.65,9.9,14.6
wyndham,Wyndham,27260,-37.892783439531485,144.62955839780793,-37.899998,144.6,27.0,Australia/Sydney,air_quality_2026-08-26.json,2026-08-30T10:00:00+1000,2026-08-30T00:00:00+0000,2026-08-30,10,1.4,11.1,17.2
wyndham,Wyndham,27260,-37.892783439531485,144.62955839780793,-37.899998,144.6,27.0,Australia/Sydney,air_quality_2026-08-26.json,2026-08-30T11:00:00+1000,2026-08-30T01:00:00+0000,2026-08-30,11,2.1,11.1,17.5
wyndham,Wyndham,27260,-37.892783439531485,144.62955839780793,-37.899998,144.6,27.0,Australia/Sydney,air_quality_2026-08-26.json,2026-08-30T12:00:00+1000,2026-08-30T02:00:00+0000,2026-08-30,12,2.5,11.2,17.5
wyndham,Wyndham,27260,-37.892783439531485,144.62955839780793,-37.899998,144.6,27.0,Australia/Sydney,air_quality_2026-08-26.json,2026-08-30T13:00:00+1000,2026-08-30T03:00:00+0000,2026-08-30,13,2.55,10.3,16.0
wyndham,Wyndham,27260,-37.892783439531485,144.62955839780793,-37.899998,144.6,27.0,Australia/Sydney,air_quality_2026-08-26.json,2026-08-30T14:00:00+1000,2026-08-30T04:00:00+0000,2026-08-30,14,2.2,9.7,15.0
wyndham,Wyndham,27260,-37.892783439531485,144.62955839780793,-37.899998,144.6,27.0,Australia/Sydney,air_quality_2026-08-26.json,2026-08-30T15:00:00+1000,2026-08-30T05:00:00+0000,2026-08-30,15,1.25,9.8,15.1
wyndham,Wyndham,27260,-37.892783439531485,144.62955839780793,-37.899998,144.6,27.0,Australia/Sydney,air_quality_2026-08-26.json,2026-08-30T16:00:00+1000,2026-08-30T06:00:00+0000,2026-08-30,16,0.55,10.1,15.5
wyndham,Wyndham,27260,-37.892783439531485,144.62955839780793,-37.899998,144.6,27.0,Australia/Sydney,air_quality_2026-08-26.json,2026-08-30T17:00:00+1000,2026-08-30T07:00:00+0000,2026-08-30,17,0.1,10.4,15.9
wyndham,Wyndham,27260,-37.892783439531485,144.62955839780793,-37.899998,144.6,27.0,Australia/Sydney,air_quality_2026-08-26.json,2026-08-30T18:00:00+1000,2026-08-30T08:00:00+0000,2026-08-30,18,0.0,11.6,17.2
wyndham,Wyndham,27260,-37.892783439531485,144.62955839780793,-37.899998,144.6,27.0,Australia/Sydney,air_quality_2026-08-26.json,2026-08-30T19:00:00+1000,2026-08-30T09:00:00+0000,2026-08-30,19,0.0,11.2,16.0
wyndham,Wyndham,27260,-37.892783439531485,144.62955839780793,-37.899998,144.6,27.0,Australia/Sydney,air_quality_2026-08-26.json,2026-08-30T20:00:00+1000,2026-08-30T10:00:00+0000,2026-08-30,20,0.0,10.6,14.9
wyndham,Wyndham,27260,-37.892783439531485,144.62955839780793,-37.899998,144.6,27.0,Australia/Sydney,air_quality_2026-08-26.json,2026-08-30T21:00:00+1000,2026-08-30T11:00:00+0000,2026-08-30,21,0.0,10.9,15.2
wyndham,Wyndham,27260,-37.892783439531485,144.62955839780793,-37.899998,144.6,27.0,Australia/Sydney,air_quality_2026-08-26.json,2026-08-30T22:00:00+1000,2026-08-30T12:00:00+0000,2026-08-30,22,0.0,11.8,16.4
yarra,Yarra,27350,-37.820871732973174,145.00338351417753,-37.8,145.0,14.0,Australia/Sydney,air_quality_2026-08-26.json,2026-08-26T00:00:00+1000,2026-08-25T14:00:00+0000,2026-08-26,0,0.0,3.8,5.5
yarra,Yarra,27350,-37.820871732973174,145.00338351417753,-37.8,145.0,14.0,Australia/Sydney,air_quality_2026-08-26.json,2026-08-26T01:00:00+1000,2026-08-25T15:00:00+0000,2026-08-26,1,0.0,3.9,6.0
yarra,Yarra,27350,-37.820871732973174,145.00338351417753,-37.8,145.0,14.0,Australia/Sydney,air_quality_2026-08-26.json,2026-08-26T02:00:00+1000,2026-08-25T16:00:00+0000,2026-08-26,2,0.0,4.4,7.0
yarra,Yarra,27350,-37.820871732973174,145.00338351417753,-37.8,145.0,14.0,Australia/Sydney,air_quality_2026-08-26.json,2026-08-26T03:00:00+1000,2026-08-25T17:00:00+0000,2026-08-26,3,0.0,4.9,7.8
yarra,Yarra,27350,-37.820871732973174,145.00338351417753,-37.8,145.0,14.0,Australia/Sydney,air_quality_2026-08-26.json,2026-08-26T04:00:00+1000,2026-08-25T18:00:00+0000,2026-08-26,4,0.0,5.1,8.1
yarra,Yarra,27350,-37.820871732973174,145.00338351417753,-37.8,145.0,14.0,Australia/Sydney,air_quality_2026-08-26.json,2026-08-26T05:00:00+1000,2026-08-25T19:00:00+0000,2026-08-26,5,0.0,5.3,8.4
yarra,Yarra,27350,-37.820871732973174,145.00338351417753,-37.8,145.0,14.0,Australia/Sydney,air_quality_2026-08-26.json,2026-08-26T06:00:00+1000,2026-08-25T20:00:00+0000,2026-08-26,6,0.0,5.4,8.4
yarra,Yarra,27350,-37.820871732973174,145.00338351417753,-37.8,145.0,14.0,Australia/Sydney,air_quality_2026-08-26.json,2026-08-26T07:00:00+1000,2026-08-25T21:00:00+0000,2026-08-26,7,0.05,5.9,8.7
yarra,Yarra,27350,-37.820871732973174,145.00338351417753,-37.8,145.0,14.0,Australia/Sydney,air_quality_2026-08-26.json,2026-08-26T08:00:00+1000,2026-08-25T22:00:00+0000,2026-08-26,8,0.35,6.5,9.5
yarra,Yarra,27350,-37.820871732973174,145.00338351417753,-37.8,145.0,14.0,Australia/Sydney,air_quality_2026-08-26.json,2026-08-26T09:00:00+1000,2026-08-25T23:00:00+0000,2026-08-26,9,1.0,6.5,9.9
yarra,Yarra,27350,-37.820871732973174,145.00338351417753,-37.8,145.0,14.0,Australia/Sydney,air_quality_2026-08-26.json,2026-08-26T10:00:00+1000,2026-08-26T00:00:00+0000,2026-08-26,10,1.9,7.9,12.5
yarra,Yarra,27350,-37.820871732973174,145.00338351417753,-37.8,145.0,14.0,Australia/Sydney,air_quality_2026-08-26.json,2026-08-26T11:00:00+1000,2026-08-26T01:00:00+0000,2026-08-26,11,2.8,7.3,11.7
yarra,Yarra,27350,-37.820871732973174,145.00338351417753,-37.8,145.0,14.0,Australia/Sydney,air_quality_2026-08-26.json,2026-08-26T12:00:00+1000,2026-08-26T02:00:00+0000,2026-08-26,12,2.95,8.0,12.9
yarra,Yarra,27350,-37.820871732973174,145.00338351417753,-37.8,145.0,14.0,Australia/Sydney,air_quality_2026-08-26.json,2026-08-26T13:00:00+1000,2026-08-26T03:00:00+0000,2026-08-26,13,2.65,7.3,11.9
yarra,Yarra,27350,-37.820871732973174,145.00338351417753,-37.8,145.0,14.0,Australia/Sydney,air_quality_2026-08-26.json,2026-08-26T14:00:00+1000,2026-08-26T04:00:00+0000,2026-08-26,14,2.0,7.1,11.5
yarra,Yarra,27350,-37.820871732973174,145.00338351417753,-37.8,145.0,14.0,Australia/Sydney,air_quality_2026-08-26.json,2026-08-26T15:00:00+1000,2026-08-26T05:00:00+0000,2026-08-26,15,1.15,7.0,11.3
yarra,Yarra,27350,-37.820871732973174,145.00338351417753,-37.8,145.0,14.0,Australia/Sydney,air_quality_2026-08-26.json,2026-08-26T16:00:00+1000,2026-08-26T06:00:00+0000,2026-08-26,16,0.5,7.2,11.5
yarra,Yarra,27350,-37.820871732973174,145.00338351417753,-37.8,145.0,14.0,Australia/Sydney,air_quality_2026-08-26.json,2026-08-26T17:00:00+1000,2026-08-26T07:00:00+0000,2026-08-26,17,0.1,7.6,11.8
yarra,Yarra,27350,-37.820871732973174,145.00338351417753,-37.8,145.0,14.0,Australia/Sydney,air_quality_2026-08-26.json,2026-08-26T18:00:00+1000,2026-08-26T08:00:00+0000,2026-08-26,18,0.0,9.2,13.4
yarra,Yarra,27350,-37.820871732973174,145.00338351417753,-37.8,145.0,14.0,Australia/Sydney,air_quality_2026-08-26.json,2026-08-26T19:00:00+1000,2026-08-26T09:00:00+0000,2026-08-26,19,0.0,11.3,15.5
yarra,Yarra,27350,-37.820871732973174,145.00338351417753,-37.8,145.0,14.0,Australia/Sydney,air_quality_2026-08-26.json,2026-08-26T20:00:00+1000,2026-08-26T10:00:00+0000,2026-08-26,20,0.0,12.5,16.8
yarra,Yarra,27350,-37.820871732973174,145.00338351417753,-37.8,145.0,14.0,Australia/Sydney,air_quality_2026-08-26.json,2026-08-26T21:00:00+1000,2026-08-26T11:00:00+0000,2026-08-26,21,0.0,12.4,16.3
yarra,Yarra,27350,-37.820871732973174,145.00338351417753,-37.8,145.0,14.0,Australia/Sydney,air_quality_2026-08-26.json,2026-08-26T22:00:00+1000,2026-08-26T12:00:00+0000,2026-08-26,22,0.0,12.8,16.7
yarra,Yarra,27350,-37.820871732973174,145.00338351417753,-37.8,145.0,14.0,Australia/Sydney,air_quality_2026-08-26.json,2026-08-26T23:00:00+1000,2026-08-26T13:00:00+0000,2026-08-26,23,0.0,13.3,17.2
yarra,Yarra,27350,-37.820871732973174,145.00338351417753,-37.8,145.0,14.0,Australia/Sydney,air_quality_2026-08-26.json,2026-08-27T00:00:00+1000,2026-08-26T14:00:00+0000,2026-08-27,0,0.0,13.6,17.6
yarra,Yarra,27350,-37.820871732973174,145.00338351417753,-37.8,145.0,14.0,Australia/Sydney,air_quality_2026-08-26.json,2026-08-27T01:00:00+1000,2026-08-26T15:00:00+0000,2026-08-27,1,0.0,13.6,17.6
yarra,Yarra,27350,-37.820871732973174,145.00338351417753,-37.8,145.0,14.0,Australia/Sydney,air_quality_2026-08-26.json,2026-08-27T02:00:00+1000,2026-08-26T16:00:00+0000,2026-08-27,2,0.0,13.6,17.7
yarra,Yarra,27350,-37.820871732973174,145.00338351417753,-37.8,145.0,14.0,Australia/Sydney,air_quality_2026-08-26.json,2026-08-27T03:00:00+1000,2026-08-26T17:00:00+0000,2026-08-27,3,0.0,13.5,17.7
yarra,Yarra,27350,-37.820871732973174,145.00338351417753,-37.8,145.0,14.0,Australia/Sydney,air_quality_2026-08-26.json,2026-08-27T04:00:00+1000,2026-08-26T18:00:00+0000,2026-08-27,4,0.0,13.2,17.5
yarra,Yarra,27350,-37.820871732973174,145.00338351417753,-37.8,145.0,14.0,Australia/Sydney,air_quality_2026-08-26.json,2026-08-27T05:00:00+1000,2026-08-26T19:00:00+0000,2026-08-27,5,0.0,13.0,17.2
yarra,Yarra,27350,-37.820871732973174,145.00338351417753,-37.8,145.0,14.0,Australia/Sydney,air_quality_2026-08-26.json,2026-08-27T06:00:00+1000,2026-08-26T20:00:00+0000,2026-08-27,6,0.0,13.4,17.5
yarra,Yarra,27350,-37.820871732973174,145.00338351417753,-37.8,145.0,14.0,Australia/Sydney,air_quality_2026-08-26.json,2026-08-27T07:00:00+1000,2026-08-26T21:00:00+0000,2026-08-27,7,0.05,16.2,19.8
yarra,Yarra,27350,-37.820871732973174,145.00338351417753,-37.8,145.0,14.0,Australia/Sydney,air_quality_2026-08-26.json,2026-08-27T08:00:00+1000,2026-08-26T22:00:00+0000,2026-08-27,8,0.35,20.4,22.5
yarra,Yarra,27350,-37.820871732973174,145.00338351417753,-37.8,145.0,14.0,Australia/Sydney,air_quality_2026-08-26.json,2026-08-27T09:00:00+1000,2026-08-26T23:00:00+0000,2026-08-27,9,1.1,15.4,18.1
yarra,Yarra,27350,-37.820871732973174,145.00338351417753,-37.8,145.0,14.0,Australia/Sydney,air_quality_2026-08-26.json,2026-08-27T10:00:00+1000,2026-08-27T00:00:00+0000,2026-08-27,10,2.15,10.3,14.5
yarra,Yarra,27350,-37.820871732973174,145.00338351417753,-37.8,145.0,14.0,Australia/Sydney,air_quality_2026-08-26.json,2026-08-27T11:00:00+1000,2026-08-27T01:00:00+0000,2026-08-27,11,2.65,9.5,13.8
yarra,Yarra,27350,-37.820871732973174,145.00338351417753,-37.8,145.0,14.0,Australia/Sydney,air_quality_2026-08-26.json,2026-08-27T12:00:00+1000,2026-08-27T02:00:00+0000,2026-08-27,12,3.25,9.2,13.4
yarra,Yarra,27350,-37.820871732973174,145.00338351417753,-37.8,145.0,14.0,Australia/Sydney,air_quality_2026-08-26.json,2026-08-27T13:00:00+1000,2026-08-27T03:00:00+0000,2026-08-27,13,3.3,9.6,13.7
yarra,Yarra,27350,-37.820871732973174,145.00338351417753,-37.8,145.0,14.0,Australia/Sydney,air_quality_2026-08-26.json,2026-08-27T14:00:00+1000,2026-08-27T04:00:00+0000,2026-08-27,14,2.6,9.9,13.9
yarra,Yarra,27350,-37.820871732973174,145.00338351417753,-37.8,145.0,14.0,Australia/Sydney,air_quality_2026-08-26.json,2026-08-27T15:00:00+1000,2026-08-27T05:00:00+0000,2026-08-27,15,1.5,10.1,14.2
yarra,Yarra,27350,-37.820871732973174,145.00338351417753,-37.8,145.0,14.0,Australia/Sydney,air_quality_2026-08-26.json,2026-08-27T16:00:00+1000,2026-08-27T06:00:00+0000,2026-08-27,16,0.6,9.9,13.9
yarra,Yarra,27350,-37.820871732973174,145.00338351417753,-37.8,145.0,14.0,Australia/Sydney,air_quality_2026-08-26.json,2026-08-27T17:00:00+1000,2026-08-27T07:00:00+0000,2026-08-27,17,0.15,11.4,15.3
yarra,Yarra,27350,-37.820871732973174,145.00338351417753,-37.8,145.0,14.0,Australia/Sydney,air_quality_2026-08-26.json,2026-08-27T18:00:00+1000,2026-08-27T08:00:00+0000,2026-08-27,18,0.0,15.5,19.2
yarra,Yarra,27350,-37.820871732973174,145.00338351417753,-37.8,145.0,14.0,Australia/Sydney,air_quality_2026-08-26.json,2026-08-27T19:00:00+1000,2026-08-27T09:00:00+0000,2026-08-27,19,0.0,19.1,22.8
yarra,Yarra,27350,-37.820871732973174,145.00338351417753,-37.8,145.0,14.0,Australia/Sydney,air_quality_2026-08-26.json,2026-08-27T20:00:00+1000,2026-08-27T10:00:00+0000,2026-08-27,20,0.0,22.3,25.8
yarra,Yarra,27350,-37.820871732973174,145.00338351417753,-37.8,145.0,14.0,Australia/Sydney,air_quality_2026-08-26.json,2026-08-27T21:00:00+1000,2026-08-27T11:00:00+0000,2026-08-27,21,0.0,25.4,28.8
yarra,Yarra,27350,-37.820871732973174,145.00338351417753,-37.8,145.0,14.0,Australia/Sydney,air_quality_2026-08-26.json,2026-08-27T22:00:00+1000,2026-08-27T12:00:00+0000,2026-08-27,22,0.0,26.4,29.2
yarra,Yarra,27350,-37.820871732973174,145.00338351417753,-37.8,145.0,14.0,Australia/Sydney,air_quality_2026-08-26.json,2026-08-27T23:00:00+1000,2026-08-27T13:00:00+0000,2026-08-27,23,0.0,23.2,25.2
yarra,Yarra,27350,-37.820871732973174,145.00338351417753,-37.8,145.0,14.0,Australia/Sydney,air_quality_2026-08-26.json,2026-08-28T00:00:00+1000,2026-08-27T14:00:00+0000,2026-08-28,0,0.0,19.4,21.0
yarra,Yarra,27350,-37.820871732973174,145.00338351417753,-37.8,145.0,14.0,Australia/Sydney,air_quality_2026-08-26.json,2026-08-28T01:00:00+1000,2026-08-27T15:00:00+0000,2026-08-28,1,0.0,16.6,18.0
yarra,Yarra,27350,-37.820871732973174,145.00338351417753,-37.8,145.0,14.0,Australia/Sydney,air_quality_2026-08-26.json,2026-08-28T02:00:00+1000,2026-08-27T16:00:00+0000,2026-08-28,2,0.0,13.8,15.0
yarra,Yarra,27350,-37.820871732973174,145.00338351417753,-37.8,145.0,14.0,Australia/Sydney,air_quality_2026-08-26.json,2026-08-28T03:00:00+1000,2026-08-27T17:00:00+0000,2026-08-28,3,0.0,11.1,12.2
yarra,Yarra,27350,-37.820871732973174,145.00338351417753,-37.8,145.0,14.0,Australia/Sydney,air_quality_2026-08-26.json,2026-08-28T04:00:00+1000,2026-08-27T18:00:00+0000,2026-08-28,4,0.0,8.7,9.7
yarra,Yarra,27350,-37.820871732973174,145.00338351417753,-37.8,145.0,14.0,Australia/Sydney,air_quality_2026-08-26.json,2026-08-28T05:00:00+1000,2026-08-27T19:00:00+0000,2026-08-28,5,0.0,7.4,8.6
yarra,Yarra,27350,-37.820871732973174,145.00338351417753,-37.8,145.0,14.0,Australia/Sydney,air_quality_2026-08-26.json,2026-08-28T06:00:00+1000,2026-08-27T20:00:00+0000,2026-08-28,6,0.0,6.6,8.0
yarra,Yarra,27350,-37.820871732973174,145.00338351417753,-37.8,145.0,14.0,Australia/Sydney,air_quality_2026-08-26.json,2026-08-28T07:00:00+1000,2026-08-27T21:00:00+0000,2026-08-28,7,0.0,7.2,8.5
yarra,Yarra,27350,-37.820871732973174,145.00338351417753,-37.8,145.0,14.0,Australia/Sydney,air_quality_2026-08-26.json,2026-08-28T08:00:00+1000,2026-08-27T22:00:00+0000,2026-08-28,8,0.1,8.5,10.0
yarra,Yarra,27350,-37.820871732973174,145.00338351417753,-37.8,145.0,14.0,Australia/Sydney,air_quality_2026-08-26.json,2026-08-28T09:00:00+1000,2026-08-27T23:00:00+0000,2026-08-28,9,0.35,10.3,11.9
yarra,Yarra,27350,-37.820871732973174,145.00338351417753,-37.8,145.0,14.0,Australia/Sydney,air_quality_2026-08-26.json,2026-08-28T10:00:00+1000,2026-08-28T00:00:00+0000,2026-08-28,10,0.85,8.8,10.7
yarra,Yarra,27350,-37.820871732973174,145.00338351417753,-37.8,145.0,14.0,Australia/Sydney,air_quality_2026-08-26.json,2026-08-28T11:00:00+1000,2026-08-28T01:00:00+0000,2026-08-28,11,1.8,7.7,9.7
yarra,Yarra,27350,-37.820871732973174,145.00338351417753,-37.8,145.0,14.0,Australia/Sydney,air_quality_2026-08-26.json,2026-08-28T12:00:00+1000,2026-08-28T02:00:00+0000,2026-08-28,12,2.65,5.8,7.7
yarra,Yarra,27350,-37.820871732973174,145.00338351417753,-37.8,145.0,14.0,Australia/Sydney,air_quality_2026-08-26.json,2026-08-28T13:00:00+1000,2026-08-28T03:00:00+0000,2026-08-28,13,3.1,6.0,8.6
yarra,Yarra,27350,-37.820871732973174,145.00338351417753,-37.8,145.0,14.0,Australia/Sydney,air_quality_2026-08-26.json,2026-08-28T14:00:00+1000,2026-08-28T04:00:00+0000,2026-08-28,14,2.5,7.4,11.3
yarra,Yarra,27350,-37.820871732973174,145.00338351417753,-37.8,145.0,14.0,Australia/Sydney,air_quality_2026-08-26.json,2026-08-28T15:00:00+1000,2026-08-28T05:00:00+0000,2026-08-28,15,1.55,8.7,13.7
yarra,Yarra,27350,-37.820871732973174,145.00338351417753,-37.8,145.0,14.0,Australia/Sydney,air_quality_2026-08-26.json,2026-08-28T16:00:00+1000,2026-08-28T06:00:00+0000,2026-08-28,16,0.65,10.0,15.7
yarra,Yarra,27350,-37.820871732973174,145.00338351417753,-37.8,145.0,14.0,Australia/Sydney,air_quality_2026-08-26.json,2026-08-28T17:00:00+1000,2026-08-28T07:00:00+0000,2026-08-28,17,0.15,11.0,17.3
yarra,Yarra,27350,-37.820871732973174,145.00338351417753,-37.8,145.0,14.0,Australia/Sydney,air_quality_2026-08-26.json,2026-08-28T18:00:00+1000,2026-08-28T08:00:00+0000,2026-08-28,18,0.0,13.9,20.7
yarra,Yarra,27350,-37.820871732973174,145.00338351417753,-37.8,145.0,14.0,Australia/Sydney,air_quality_2026-08-26.json,2026-08-28T19:00:00+1000,2026-08-28T09:00:00+0000,2026-08-28,19,0.0,17.2,23.7
yarra,Yarra,27350,-37.820871732973174,145.00338351417753,-37.8,145.0,14.0,Australia/Sydney,air_quality_2026-08-26.json,2026-08-28T20:00:00+1000,2026-08-28T10:00:00+0000,2026-08-28,20,0.0,20.1,27.0
yarra,Yarra,27350,-37.820871732973174,145.00338351417753,-37.8,145.0,14.0,Australia/Sydney,air_quality_2026-08-26.json,2026-08-28T21:00:00+1000,2026-08-28T11:00:00+0000,2026-08-28,21,0.0,21.8,28.8
yarra,Yarra,27350,-37.820871732973174,145.00338351417753,-37.8,145.0,14.0,Australia/Sydney,air_quality_2026-08-26.json,2026-08-28T22:00:00+1000,2026-08-28T12:00:00+0000,2026-08-28,22,0.0,22.8,29.9
yarra,Yarra,27350,-37.820871732973174,145.00338351417753,-37.8,145.0,14.0,Australia/Sydney,air_quality_2026-08-26.json,2026-08-28T23:00:00+1000,2026-08-28T13:00:00+0000,2026-08-28,23,0.0,23.4,30.6
yarra,Yarra,27350,-37.820871732973174,145.00338351417753,-37.8,145.0,14.0,Australia/Sydney,air_quality_2026-08-26.json,2026-08-29T00:00:00+1000,2026-08-28T14:00:00+0000,2026-08-29,0,0.0,23.7,31.0
yarra,Yarra,27350,-37.820871732973174,145.00338351417753,-37.8,145.0,14.0,Australia/Sydney,air_quality_2026-08-26.json,2026-08-29T01:00:00+1000,2026-08-28T15:00:00+0000,2026-08-29,1,0.0,23.3,30.3
yarra,Yarra,27350,-37.820871732973174,145.00338351417753,-37.8,145.0,14.0,Australia/Sydney,air_quality_2026-08-26.json,2026-08-29T02:00:00+1000,2026-08-28T16:00:00+0000,2026-08-29,2,0.0,21.3,27.4
yarra,Yarra,27350,-37.820871732973174,145.00338351417753,-37.8,145.0,14.0,Australia/Sydney,air_quality_2026-08-26.json,2026-08-29T03:00:00+1000,2026-08-28T17:00:00+0000,2026-08-29,3,0.0,17.9,23.1
yarra,Yarra,27350,-37.820871732973174,145.00338351417753,-37.8,145.0,14.0,Australia/Sydney,air_quality_2026-08-26.json,2026-08-29T04:00:00+1000,2026-08-28T18:00:00+0000,2026-08-29,4,0.0,14.8,19.2
yarra,Yarra,27350,-37.820871732973174,145.00338351417753,-37.8,145.0,14.0,Australia/Sydney,air_quality_2026-08-26.json,2026-08-29T05:00:00+1000,2026-08-28T19:00:00+0000,2026-08-29,5,0.0,12.3,16.1
yarra,Yarra,27350,-37.820871732973174,145.00338351417753,-37.8,145.0,14.0,Australia/Sydney,air_quality_2026-08-26.json,2026-08-29T06:00:00+1000,2026-08-28T20:00:00+0000,2026-08-29,6,0.0,11.1,14.4
yarra,Yarra,27350,-37.820871732973174,145.00338351417753,-37.8,145.0,14.0,Australia/Sydney,air_quality_2026-08-26.json,2026-08-29T07:00:00+1000,2026-08-28T21:00:00+0000,2026-08-29,7,0.05,12.4,15.3
yarra,Yarra,27350,-37.820871732973174,145.00338351417753,-37.8,145.0,14.0,Australia/Sydney,air_quality_2026-08-26.json,2026-08-29T08:00:00+1000,2026-08-28T22:00:00+0000,2026-08-29,8,0.25,14.0,16.9
yarra,Yarra,27350,-37.820871732973174,145.00338351417753,-37.8,145.0,14.0,Australia/Sydney,air_quality_2026-08-26.json,2026-08-29T09:00:00+1000,2026-08-28T23:00:00+0000,2026-08-29,9,0.7,12.3,16.1
yarra,Yarra,27350,-37.820871732973174,145.00338351417753,-37.8,145.0,14.0,Australia/Sydney,air_quality_2026-08-26.json,2026-08-29T10:00:00+1000,2026-08-29T00:00:00+0000,2026-08-29,10,1.25,12.3,17.6
yarra,Yarra,27350,-37.820871732973174,145.00338351417753,-37.8,145.0,14.0,Australia/Sydney,air_quality_2026-08-26.json,2026-08-29T11:00:00+1000,2026-08-29T01:00:00+0000,2026-08-29,11,1.5,11.9,17.9
yarra,Yarra,27350,-37.820871732973174,145.00338351417753,-37.8,145.0,14.0,Australia/Sydney,air_quality_2026-08-26.json,2026-08-29T12:00:00+1000,2026-08-29T02:00:00+0000,2026-08-29,12,1.55,12.0,18.6
yarra,Yarra,27350,-37.820871732973174,145.00338351417753,-37.8,145.0,14.0,Australia/Sydney,air_quality_2026-08-26.json,2026-08-29T13:00:00+1000,2026-08-29T03:00:00+0000,2026-08-29,13,1.6,11.8,18.5
yarra,Yarra,27350,-37.820871732973174,145.00338351417753,-37.8,145.0,14.0,Australia/Sydney,air_quality_2026-08-26.json,2026-08-29T14:00:00+1000,2026-08-29T04:00:00+0000,2026-08-29,14,1.2,11.8,18.7
yarra,Yarra,27350,-37.820871732973174,145.00338351417753,-37.8,145.0,14.0,Australia/Sydney,air_quality_2026-08-26.json,2026-08-29T15:00:00+1000,2026-08-29T05:00:00+0000,2026-08-29,15,0.7,12.8,20.3
yarra,Yarra,27350,-37.820871732973174,145.00338351417753,-37.8,145.0,14.0,Australia/Sydney,air_quality_2026-08-26.json,2026-08-29T16:00:00+1000,2026-08-29T06:00:00+0000,2026-08-29,16,0.3,14.8,23.3
yarra,Yarra,27350,-37.820871732973174,145.00338351417753,-37.8,145.0,14.0,Australia/Sydney,air_quality_2026-08-26.json,2026-08-29T17:00:00+1000,2026-08-29T07:00:00+0000,2026-08-29,17,0.1,16.6,26.0
yarra,Yarra,27350,-37.820871732973174,145.00338351417753,-37.8,145.0,14.0,Australia/Sydney,air_quality_2026-08-26.json,2026-08-29T18:00:00+1000,2026-08-29T08:00:00+0000,2026-08-29,18,0.0,16.3,24.9
yarra,Yarra,27350,-37.820871732973174,145.00338351417753,-37.8,145.0,14.0,Australia/Sydney,air_quality_2026-08-26.json,2026-08-29T19:00:00+1000,2026-08-29T09:00:00+0000,2026-08-29,19,0.0,15.7,22.8
yarra,Yarra,27350,-37.820871732973174,145.00338351417753,-37.8,145.0,14.0,Australia/Sydney,air_quality_2026-08-26.json,2026-08-29T20:00:00+1000,2026-08-29T10:00:00+0000,2026-08-29,20,0.0,16.1,23.0
yarra,Yarra,27350,-37.820871732973174,145.00338351417753,-37.8,145.0,14.0,Australia/Sydney,air_quality_2026-08-26.json,2026-08-29T21:00:00+1000,2026-08-29T11:00:00+0000,2026-08-29,21,0.0,16.3,23.1
yarra,Yarra,27350,-37.820871732973174,145.00338351417753,-37.8,145.0,14.0,Australia/Sydney,air_quality_2026-08-26.json,2026-08-29T22:00:00+1000,2026-08-29T12:00:00+0000,2026-08-29,22,0.0,15.3,21.4
yarra,Yarra,27350,-37.820871732973174,145.00338351417753,-37.8,145.0,14.0,Australia/Sydney,air_quality_2026-08-26.json,2026-08-29T23:00:00+1000,2026-08-29T13:00:00+0000,2026-08-29,23,0.0,14.3,20.2
yarra,Yarra,27350,-37.820871732973174,145.00338351417753,-37.8,145.0,14.0,Australia/Sydney,air_quality_2026-08-26.json,2026-08-30T00:00:00+1000,2026-08-29T14:00:00+0000,2026-08-30,0,0.0,12.9,18.2
yarra,Yarra,27350,-37.820871732973174,145.00338351417753,-37.8,145.0,14.0,Australia/Sydney,air_quality_2026-08-26.json,2026-08-30T01:00:00+1000,2026-08-29T15:00:00+0000,2026-08-30,1,0.0,11.4,16.2
yarra,Yarra,27350,-37.820871732973174,145.00338351417753,-37.8,145.0,14.0,Australia/Sydney,air_quality_2026-08-26.json,2026-08-30T02:00:00+1000,2026-08-29T16:00:00+0000,2026-08-30,2,0.0,10.5,15.0
yarra,Yarra,27350,-37.820871732973174,145.00338351417753,-37.8,145.0,14.0,Australia/Sydney,air_quality_2026-08-26.json,2026-08-30T03:00:00+1000,2026-08-29T17:00:00+0000,2026-08-30,3,0.0,9.8,14.2
yarra,Yarra,27350,-37.820871732973174,145.00338351417753,-37.8,145.0,14.0,Australia/Sydney,air_quality_2026-08-26.json,2026-08-30T04:00:00+1000,2026-08-29T18:00:00+0000,2026-08-30,4,0.0,9.3,13.6
yarra,Yarra,27350,-37.820871732973174,145.00338351417753,-37.8,145.0,14.0,Australia/Sydney,air_quality_2026-08-26.json,2026-08-30T05:00:00+1000,2026-08-29T19:00:00+0000,2026-08-30,5,0.0,9.0,13.3
yarra,Yarra,27350,-37.820871732973174,145.00338351417753,-37.8,145.0,14.0,Australia/Sydney,air_quality_2026-08-26.json,2026-08-30T06:00:00+1000,2026-08-29T20:00:00+0000,2026-08-30,6,0.0,9.3,13.6
yarra,Yarra,27350,-37.820871732973174,145.00338351417753,-37.8,145.0,14.0,Australia/Sydney,air_quality_2026-08-26.json,2026-08-30T07:00:00+1000,2026-08-29T21:00:00+0000,2026-08-30,7,0.0,10.9,15.2
yarra,Yarra,27350,-37.820871732973174,145.00338351417753,-37.8,145.0,14.0,Australia/Sydney,air_quality_2026-08-26.json,2026-08-30T08:00:00+1000,2026-08-29T22:00:00+0000,2026-08-30,8,0.2,12.5,17.0
yarra,Yarra,27350,-37.820871732973174,145.00338351417753,-37.8,145.0,14.0,Australia/Sydney,air_quality_2026-08-26.json,2026-08-30T09:00:00+1000,2026-08-29T23:00:00+0000,2026-08-30,9,0.55,12.6,17.5
yarra,Yarra,27350,-37.820871732973174,145.00338351417753,-37.8,145.0,14.0,Australia/Sydney,air_quality_2026-08-26.json,2026-08-30T10:00:00+1000,2026-08-30T00:00:00+0000,2026-08-30,10,1.15,12.1,17.4
yarra,Yarra,27350,-37.820871732973174,145.00338351417753,-37.8,145.0,14.0,Australia/Sydney,air_quality_2026-08-26.json,2026-08-30T11:00:00+1000,2026-08-30T01:00:00+0000,2026-08-30,11,1.8,12.1,18.2
yarra,Yarra,27350,-37.820871732973174,145.00338351417753,-37.8,145.0,14.0,Australia/Sydney,air_quality_2026-08-26.json,2026-08-30T12:00:00+1000,2026-08-30T02:00:00+0000,2026-08-30,12,2.35,11.8,18.1
yarra,Yarra,27350,-37.820871732973174,145.00338351417753,-37.8,145.0,14.0,Australia/Sydney,air_quality_2026-08-26.json,2026-08-30T13:00:00+1000,2026-08-30T03:00:00+0000,2026-08-30,13,2.55,11.8,18.2
yarra,Yarra,27350,-37.820871732973174,145.00338351417753,-37.8,145.0,14.0,Australia/Sydney,air_quality_2026-08-26.json,2026-08-30T14:00:00+1000,2026-08-30T04:00:00+0000,2026-08-30,14,2.25,10.2,15.7
yarra,Yarra,27350,-37.820871732973174,145.00338351417753,-37.8,145.0,14.0,Australia/Sydney,air_quality_2026-08-26.json,2026-08-30T15:00:00+1000,2026-08-30T05:00:00+0000,2026-08-30,15,1.35,10.0,15.2
yarra,Yarra,27350,-37.820871732973174,145.00338351417753,-37.8,145.0,14.0,Australia/Sydney,air_quality_2026-08-26.json,2026-08-30T16:00:00+1000,2026-08-30T06:00:00+0000,2026-08-30,16,0.55,10.0,15.1
yarra,Yarra,27350,-37.820871732973174,145.00338351417753,-37.8,145.0,14.0,Australia/Sydney,air_quality_2026-08-26.json,2026-08-30T17:00:00+1000,2026-08-30T07:00:00+0000,2026-08-30,17,0.1,10.0,15.3
yarra,Yarra,27350,-37.820871732973174,145.00338351417753,-37.8,145.0,14.0,Australia/Sydney,air_quality_2026-08-26.json,2026-08-30T18:00:00+1000,2026-08-30T08:00:00+0000,2026-08-30,18,0.0,11.4,16.5
yarra,Yarra,27350,-37.820871732973174,145.00338351417753,-37.8,145.0,14.0,Australia/Sydney,air_quality_2026-08-26.json,2026-08-30T19:00:00+1000,2026-08-30T09:00:00+0000,2026-08-30,19,0.0,11.4,15.7
yarra,Yarra,27350,-37.820871732973174,145.00338351417753,-37.8,145.0,14.0,Australia/Sydney,air_quality_2026-08-26.json,2026-08-30T20:00:00+1000,2026-08-30T10:00:00+0000,2026-08-30,20,0.0,11.5,15.7
yarra,Yarra,27350,-37.820871732973174,145.00338351417753,-37.8,145.0,14.0,Australia/Sydney,air_quality_2026-08-26.json,2026-08-30T21:00:00+1000,2026-08-30T11:00:00+0000,2026-08-30,21,0.0,12.4,16.7
yarra,Yarra,27350,-37.820871732973174,145.00338351417753,-37.8,145.0,14.0,Australia/Sydney,air_quality_2026-08-26.json,2026-08-30T22:00:00+1000,2026-08-30T12:00:00+0000,2026-08-30,22,0.0,13.6,18.2
yarra_ranges,Yarra Ranges,27450,-37.750045854469924,145.7239722693755,-37.8,145.70001,193.0,Australia/Sydney,air_quality_2026-08-26.json,2026-08-26T00:00:00+1000,2026-08-25T14:00:00+0000,2026-08-26,0,0.0,11.5,12.0
yarra_ranges,Yarra Ranges,27450,-37.750045854469924,145.7239722693755,-37.8,145.70001,193.0,Australia/Sydney,air_quality_2026-08-26.json,2026-08-26T01:00:00+1000,2026-08-25T15:00:00+0000,2026-08-26,1,0.0,5.2,5.6
yarra_ranges,Yarra Ranges,27450,-37.750045854469924,145.7239722693755,-37.8,145.70001,193.0,Australia/Sydney,air_quality_2026-08-26.json,2026-08-26T02:00:00+1000,2026-08-25T16:00:00+0000,2026-08-26,2,0.0,2.5,3.1
yarra_ranges,Yarra Ranges,27450,-37.750045854469924,145.7239722693755,-37.8,145.70001,193.0,Australia/Sydney,air_quality_2026-08-26.json,2026-08-26T03:00:00+1000,2026-08-25T17:00:00+0000,2026-08-26,3,0.0,2.6,3.5
yarra_ranges,Yarra Ranges,27450,-37.750045854469924,145.7239722693755,-37.8,145.70001,193.0,Australia/Sydney,air_quality_2026-08-26.json,2026-08-26T04:00:00+1000,2026-08-25T18:00:00+0000,2026-08-26,4,0.0,3.0,4.0
yarra_ranges,Yarra Ranges,27450,-37.750045854469924,145.7239722693755,-37.8,145.70001,193.0,Australia/Sydney,air_quality_2026-08-26.json,2026-08-26T05:00:00+1000,2026-08-25T19:00:00+0000,2026-08-26,5,0.0,3.7,5.1
yarra_ranges,Yarra Ranges,27450,-37.750045854469924,145.7239722693755,-37.8,145.70001,193.0,Australia/Sydney,air_quality_2026-08-26.json,2026-08-26T06:00:00+1000,2026-08-25T20:00:00+0000,2026-08-26,6,0.0,4.7,6.6
yarra_ranges,Yarra Ranges,27450,-37.750045854469924,145.7239722693755,-37.8,145.70001,193.0,Australia/Sydney,air_quality_2026-08-26.json,2026-08-26T07:00:00+1000,2026-08-25T21:00:00+0000,2026-08-26,7,0.0,5.4,7.4
yarra_ranges,Yarra Ranges,27450,-37.750045854469924,145.7239722693755,-37.8,145.70001,193.0,Australia/Sydney,air_quality_2026-08-26.json,2026-08-26T08:00:00+1000,2026-08-25T22:00:00+0000,2026-08-26,8,0.15,5.8,8.1
yarra_ranges,Yarra Ranges,27450,-37.750045854469924,145.7239722693755,-37.8,145.70001,193.0,Australia/Sydney,air_quality_2026-08-26.json,2026-08-26T09:00:00+1000,2026-08-25T23:00:00+0000,2026-08-26,9,0.55,5.2,7.4
yarra_ranges,Yarra Ranges,27450,-37.750045854469924,145.7239722693755,-37.8,145.70001,193.0,Australia/Sydney,air_quality_2026-08-26.json,2026-08-26T10:00:00+1000,2026-08-26T00:00:00+0000,2026-08-26,10,1.65,4.9,6.9
yarra_ranges,Yarra Ranges,27450,-37.750045854469924,145.7239722693755,-37.8,145.70001,193.0,Australia/Sydney,air_quality_2026-08-26.json,2026-08-26T11:00:00+1000,2026-08-26T01:00:00+0000,2026-08-26,11,2.35,5.8,8.6
yarra_ranges,Yarra Ranges,27450,-37.750045854469924,145.7239722693755,-37.8,145.70001,193.0,Australia/Sydney,air_quality_2026-08-26.json,2026-08-26T12:00:00+1000,2026-08-26T02:00:00+0000,2026-08-26,12,2.4,5.8,8.8
yarra_ranges,Yarra Ranges,27450,-37.750045854469924,145.7239722693755,-37.8,145.70001,193.0,Australia/Sydney,air_quality_2026-08-26.json,2026-08-26T13:00:00+1000,2026-08-26T03:00:00+0000,2026-08-26,13,1.95,6.6,10.0
yarra_ranges,Yarra Ranges,27450,-37.750045854469924,145.7239722693755,-37.8,145.70001,193.0,Australia/Sydney,air_quality_2026-08-26.json,2026-08-26T14:00:00+1000,2026-08-26T04:00:00+0000,2026-08-26,14,1.6,6.9,10.5
yarra_ranges,Yarra Ranges,27450,-37.750045854469924,145.7239722693755,-37.8,145.70001,193.0,Australia/Sydney,air_quality_2026-08-26.json,2026-08-26T15:00:00+1000,2026-08-26T05:00:00+0000,2026-08-26,15,1.15,6.4,9.8
yarra_ranges,Yarra Ranges,27450,-37.750045854469924,145.7239722693755,-37.8,145.70001,193.0,Australia/Sydney,air_quality_2026-08-26.json,2026-08-26T16:00:00+1000,2026-08-26T06:00:00+0000,2026-08-26,16,0.45,6.2,9.5
yarra_ranges,Yarra Ranges,27450,-37.750045854469924,145.7239722693755,-37.8,145.70001,193.0,Australia/Sydney,air_quality_2026-08-26.json,2026-08-26T17:00:00+1000,2026-08-26T07:00:00+0000,2026-08-26,17,0.1,6.4,9.7
yarra_ranges,Yarra Ranges,27450,-37.750045854469924,145.7239722693755,-37.8,145.70001,193.0,Australia/Sydney,air_quality_2026-08-26.json,2026-08-26T18:00:00+1000,2026-08-26T08:00:00+0000,2026-08-26,18,0.0,6.7,10.0
yarra_ranges,Yarra Ranges,27450,-37.750045854469924,145.7239722693755,-37.8,145.70001,193.0,Australia/Sydney,air_quality_2026-08-26.json,2026-08-26T19:00:00+1000,2026-08-26T09:00:00+0000,2026-08-26,19,0.0,6.9,10.2
yarra_ranges,Yarra Ranges,27450,-37.750045854469924,145.7239722693755,-37.8,145.70001,193.0,Australia/Sydney,air_quality_2026-08-26.json,2026-08-26T20:00:00+1000,2026-08-26T10:00:00+0000,2026-08-26,20,0.0,6.9,10.2
yarra_ranges,Yarra Ranges,27450,-37.750045854469924,145.7239722693755,-37.8,145.70001,193.0,Australia/Sydney,air_quality_2026-08-26.json,2026-08-26T21:00:00+1000,2026-08-26T11:00:00+0000,2026-08-26,21,0.0,7.1,10.4
yarra_ranges,Yarra Ranges,27450,-37.750045854469924,145.7239722693755,-37.8,145.70001,193.0,Australia/Sydney,air_quality_2026-08-26.json,2026-08-26T22:00:00+1000,2026-08-26T12:00:00+0000,2026-08-26,22,0.0,7.1,10.6
yarra_ranges,Yarra Ranges,27450,-37.750045854469924,145.7239722693755,-37.8,145.70001,193.0,Australia/Sydney,air_quality_2026-08-26.json,2026-08-26T23:00:00+1000,2026-08-26T13:00:00+0000,2026-08-26,23,0.0,7.1,10.7
yarra_ranges,Yarra Ranges,27450,-37.750045854469924,145.7239722693755,-37.8,145.70001,193.0,Australia/Sydney,air_quality_2026-08-26.json,2026-08-27T00:00:00+1000,2026-08-26T14:00:00+0000,2026-08-27,0,0.0,7.1,10.8
yarra_ranges,Yarra Ranges,27450,-37.750045854469924,145.7239722693755,-37.8,145.70001,193.0,Australia/Sydney,air_quality_2026-08-26.json,2026-08-27T01:00:00+1000,2026-08-26T15:00:00+0000,2026-08-27,1,0.0,7.1,11.0
yarra_ranges,Yarra Ranges,27450,-37.750045854469924,145.7239722693755,-37.8,145.70001,193.0,Australia/Sydney,air_quality_2026-08-26.json,2026-08-27T02:00:00+1000,2026-08-26T16:00:00+0000,2026-08-27,2,0.0,7.3,11.3
yarra_ranges,Yarra Ranges,27450,-37.750045854469924,145.7239722693755,-37.8,145.70001,193.0,Australia/Sydney,air_quality_2026-08-26.json,2026-08-27T03:00:00+1000,2026-08-26T17:00:00+0000,2026-08-27,3,0.0,7.5,11.6
yarra_ranges,Yarra Ranges,27450,-37.750045854469924,145.7239722693755,-37.8,145.70001,193.0,Australia/Sydney,air_quality_2026-08-26.json,2026-08-27T04:00:00+1000,2026-08-26T18:00:00+0000,2026-08-27,4,0.0,7.8,12.0
yarra_ranges,Yarra Ranges,27450,-37.750045854469924,145.7239722693755,-37.8,145.70001,193.0,Australia/Sydney,air_quality_2026-08-26.json,2026-08-27T05:00:00+1000,2026-08-26T19:00:00+0000,2026-08-27,5,0.0,8.1,12.1
yarra_ranges,Yarra Ranges,27450,-37.750045854469924,145.7239722693755,-37.8,145.70001,193.0,Australia/Sydney,air_quality_2026-08-26.json,2026-08-27T06:00:00+1000,2026-08-26T20:00:00+0000,2026-08-27,6,0.0,7.8,11.5
yarra_ranges,Yarra Ranges,27450,-37.750045854469924,145.7239722693755,-37.8,145.70001,193.0,Australia/Sydney,air_quality_2026-08-26.json,2026-08-27T07:00:00+1000,2026-08-26T21:00:00+0000,2026-08-27,7,0.05,9.7,12.9
yarra_ranges,Yarra Ranges,27450,-37.750045854469924,145.7239722693755,-37.8,145.70001,193.0,Australia/Sydney,air_quality_2026-08-26.json,2026-08-27T08:00:00+1000,2026-08-26T22:00:00+0000,2026-08-27,8,0.35,9.5,11.6
yarra_ranges,Yarra Ranges,27450,-37.750045854469924,145.7239722693755,-37.8,145.70001,193.0,Australia/Sydney,air_quality_2026-08-26.json,2026-08-27T09:00:00+1000,2026-08-26T23:00:00+0000,2026-08-27,9,1.15,8.4,11.9
yarra_ranges,Yarra Ranges,27450,-37.750045854469924,145.7239722693755,-37.8,145.70001,193.0,Australia/Sydney,air_quality_2026-08-26.json,2026-08-27T10:00:00+1000,2026-08-27T00:00:00+0000,2026-08-27,10,2.25,8.1,12.1
yarra_ranges,Yarra Ranges,27450,-37.750045854469924,145.7239722693755,-37.8,145.70001,193.0,Australia/Sydney,air_quality_2026-08-26.json,2026-08-27T11:00:00+1000,2026-08-27T01:00:00+0000,2026-08-27,11,3.4,8.0,11.6
yarra_ranges,Yarra Ranges,27450,-37.750045854469924,145.7239722693755,-37.8,145.70001,193.0,Australia/Sydney,air_quality_2026-08-26.json,2026-08-27T12:00:00+1000,2026-08-27T02:00:00+0000,2026-08-27,12,4.0,7.9,11.4
yarra_ranges,Yarra Ranges,27450,-37.750045854469924,145.7239722693755,-37.8,145.70001,193.0,Australia/Sydney,air_quality_2026-08-26.json,2026-08-27T13:00:00+1000,2026-08-27T03:00:00+0000,2026-08-27,13,3.8,8.3,11.7
yarra_ranges,Yarra Ranges,27450,-37.750045854469924,145.7239722693755,-37.8,145.70001,193.0,Australia/Sydney,air_quality_2026-08-26.json,2026-08-27T14:00:00+1000,2026-08-27T04:00:00+0000,2026-08-27,14,2.9,8.7,12.2
yarra_ranges,Yarra Ranges,27450,-37.750045854469924,145.7239722693755,-37.8,145.70001,193.0,Australia/Sydney,air_quality_2026-08-26.json,2026-08-27T15:00:00+1000,2026-08-27T05:00:00+0000,2026-08-27,15,1.7,9.2,12.9
yarra_ranges,Yarra Ranges,27450,-37.750045854469924,145.7239722693755,-37.8,145.70001,193.0,Australia/Sydney,air_quality_2026-08-26.json,2026-08-27T16:00:00+1000,2026-08-27T06:00:00+0000,2026-08-27,16,0.7,9.4,13.2
yarra_ranges,Yarra Ranges,27450,-37.750045854469924,145.7239722693755,-37.8,145.70001,193.0,Australia/Sydney,air_quality_2026-08-26.json,2026-08-27T17:00:00+1000,2026-08-27T07:00:00+0000,2026-08-27,17,0.15,9.5,13.2
yarra_ranges,Yarra Ranges,27450,-37.750045854469924,145.7239722693755,-37.8,145.70001,193.0,Australia/Sydney,air_quality_2026-08-26.json,2026-08-27T18:00:00+1000,2026-08-27T08:00:00+0000,2026-08-27,18,0.0,10.2,13.7
yarra_ranges,Yarra Ranges,27450,-37.750045854469924,145.7239722693755,-37.8,145.70001,193.0,Australia/Sydney,air_quality_2026-08-26.json,2026-08-27T19:00:00+1000,2026-08-27T09:00:00+0000,2026-08-27,19,0.0,10.6,13.9
yarra_ranges,Yarra Ranges,27450,-37.750045854469924,145.7239722693755,-37.8,145.70001,193.0,Australia/Sydney,air_quality_2026-08-26.json,2026-08-27T20:00:00+1000,2026-08-27T10:00:00+0000,2026-08-27,20,0.0,10.4,13.5
yarra_ranges,Yarra Ranges,27450,-37.750045854469924,145.7239722693755,-37.8,145.70001,193.0,Australia/Sydney,air_quality_2026-08-26.json,2026-08-27T21:00:00+1000,2026-08-27T11:00:00+0000,2026-08-27,21,0.0,10.0,12.8
yarra_ranges,Yarra Ranges,27450,-37.750045854469924,145.7239722693755,-37.8,145.70001,193.0,Australia/Sydney,air_quality_2026-08-26.json,2026-08-27T22:00:00+1000,2026-08-27T12:00:00+0000,2026-08-27,22,0.0,9.4,11.9
yarra_ranges,Yarra Ranges,27450,-37.750045854469924,145.7239722693755,-37.8,145.70001,193.0,Australia/Sydney,air_quality_2026-08-26.json,2026-08-27T23:00:00+1000,2026-08-27T13:00:00+0000,2026-08-27,23,0.0,8.4,10.6
yarra_ranges,Yarra Ranges,27450,-37.750045854469924,145.7239722693755,-37.8,145.70001,193.0,Australia/Sydney,air_quality_2026-08-26.json,2026-08-28T00:00:00+1000,2026-08-27T14:00:00+0000,2026-08-28,0,0.0,7.6,9.6
yarra_ranges,Yarra Ranges,27450,-37.750045854469924,145.7239722693755,-37.8,145.70001,193.0,Australia/Sydney,air_quality_2026-08-26.json,2026-08-28T01:00:00+1000,2026-08-27T15:00:00+0000,2026-08-28,1,0.0,6.9,8.8
yarra_ranges,Yarra Ranges,27450,-37.750045854469924,145.7239722693755,-37.8,145.70001,193.0,Australia/Sydney,air_quality_2026-08-26.json,2026-08-28T02:00:00+1000,2026-08-27T16:00:00+0000,2026-08-28,2,0.0,6.2,8.0
yarra_ranges,Yarra Ranges,27450,-37.750045854469924,145.7239722693755,-37.8,145.70001,193.0,Australia/Sydney,air_quality_2026-08-26.json,2026-08-28T03:00:00+1000,2026-08-27T17:00:00+0000,2026-08-28,3,0.0,5.4,7.1
yarra_ranges,Yarra Ranges,27450,-37.750045854469924,145.7239722693755,-37.8,145.70001,193.0,Australia/Sydney,air_quality_2026-08-26.json,2026-08-28T04:00:00+1000,2026-08-27T18:00:00+0000,2026-08-28,4,0.0,4.6,6.2
yarra_ranges,Yarra Ranges,27450,-37.750045854469924,145.7239722693755,-37.8,145.70001,193.0,Australia/Sydney,air_quality_2026-08-26.json,2026-08-28T05:00:00+1000,2026-08-27T19:00:00+0000,2026-08-28,5,0.0,4.1,5.7
yarra_ranges,Yarra Ranges,27450,-37.750045854469924,145.7239722693755,-37.8,145.70001,193.0,Australia/Sydney,air_quality_2026-08-26.json,2026-08-28T06:00:00+1000,2026-08-27T20:00:00+0000,2026-08-28,6,0.0,3.8,5.2
yarra_ranges,Yarra Ranges,27450,-37.750045854469924,145.7239722693755,-37.8,145.70001,193.0,Australia/Sydney,air_quality_2026-08-26.json,2026-08-28T07:00:00+1000,2026-08-27T21:00:00+0000,2026-08-28,7,0.05,3.8,5.1
yarra_ranges,Yarra Ranges,27450,-37.750045854469924,145.7239722693755,-37.8,145.70001,193.0,Australia/Sydney,air_quality_2026-08-26.json,2026-08-28T08:00:00+1000,2026-08-27T22:00:00+0000,2026-08-28,8,0.2,3.6,4.7
yarra_ranges,Yarra Ranges,27450,-37.750045854469924,145.7239722693755,-37.8,145.70001,193.0,Australia/Sydney,air_quality_2026-08-26.json,2026-08-28T09:00:00+1000,2026-08-27T23:00:00+0000,2026-08-28,9,0.3,4.2,5.8
yarra_ranges,Yarra Ranges,27450,-37.750045854469924,145.7239722693755,-37.8,145.70001,193.0,Australia/Sydney,air_quality_2026-08-26.json,2026-08-28T10:00:00+1000,2026-08-28T00:00:00+0000,2026-08-28,10,0.45,5.4,7.5
yarra_ranges,Yarra Ranges,27450,-37.750045854469924,145.7239722693755,-37.8,145.70001,193.0,Australia/Sydney,air_quality_2026-08-26.json,2026-08-28T11:00:00+1000,2026-08-28T01:00:00+0000,2026-08-28,11,0.6,5.0,6.9
yarra_ranges,Yarra Ranges,27450,-37.750045854469924,145.7239722693755,-37.8,145.70001,193.0,Australia/Sydney,air_quality_2026-08-26.json,2026-08-28T12:00:00+1000,2026-08-28T02:00:00+0000,2026-08-28,12,0.7,5.1,6.9
yarra_ranges,Yarra Ranges,27450,-37.750045854469924,145.7239722693755,-37.8,145.70001,193.0,Australia/Sydney,air_quality_2026-08-26.json,2026-08-28T13:00:00+1000,2026-08-28T03:00:00+0000,2026-08-28,13,0.9,5.5,7.2
yarra_ranges,Yarra Ranges,27450,-37.750045854469924,145.7239722693755,-37.8,145.70001,193.0,Australia/Sydney,air_quality_2026-08-26.json,2026-08-28T14:00:00+1000,2026-08-28T04:00:00+0000,2026-08-28,14,2.15,5.4,7.0
yarra_ranges,Yarra Ranges,27450,-37.750045854469924,145.7239722693755,-37.8,145.70001,193.0,Australia/Sydney,air_quality_2026-08-26.json,2026-08-28T15:00:00+1000,2026-08-28T05:00:00+0000,2026-08-28,15,1.4,5.0,6.5
yarra_ranges,Yarra Ranges,27450,-37.750045854469924,145.7239722693755,-37.8,145.70001,193.0,Australia/Sydney,air_quality_2026-08-26.json,2026-08-28T16:00:00+1000,2026-08-28T06:00:00+0000,2026-08-28,16,0.6,5.2,7.0
yarra_ranges,Yarra Ranges,27450,-37.750045854469924,145.7239722693755,-37.8,145.70001,193.0,Australia/Sydney,air_quality_2026-08-26.json,2026-08-28T17:00:00+1000,2026-08-28T07:00:00+0000,2026-08-28,17,0.15,5.6,7.8
yarra_ranges,Yarra Ranges,27450,-37.750045854469924,145.7239722693755,-37.8,145.70001,193.0,Australia/Sydney,air_quality_2026-08-26.json,2026-08-28T18:00:00+1000,2026-08-28T08:00:00+0000,2026-08-28,18,0.0,6.0,8.2
yarra_ranges,Yarra Ranges,27450,-37.750045854469924,145.7239722693755,-37.8,145.70001,193.0,Australia/Sydney,air_quality_2026-08-26.json,2026-08-28T19:00:00+1000,2026-08-28T09:00:00+0000,2026-08-28,19,0.0,7.5,10.2
yarra_ranges,Yarra Ranges,27450,-37.750045854469924,145.7239722693755,-37.8,145.70001,193.0,Australia/Sydney,air_quality_2026-08-26.json,2026-08-28T20:00:00+1000,2026-08-28T10:00:00+0000,2026-08-28,20,0.0,9.1,12.1
yarra_ranges,Yarra Ranges,27450,-37.750045854469924,145.7239722693755,-37.8,145.70001,193.0,Australia/Sydney,air_quality_2026-08-26.json,2026-08-28T21:00:00+1000,2026-08-28T11:00:00+0000,2026-08-28,21,0.0,10.4,13.9
yarra_ranges,Yarra Ranges,27450,-37.750045854469924,145.7239722693755,-37.8,145.70001,193.0,Australia/Sydney,air_quality_2026-08-26.json,2026-08-28T22:00:00+1000,2026-08-28T12:00:00+0000,2026-08-28,22,0.0,15.3,19.6
yarra_ranges,Yarra Ranges,27450,-37.750045854469924,145.7239722693755,-37.8,145.70001,193.0,Australia/Sydney,air_quality_2026-08-26.json,2026-08-28T23:00:00+1000,2026-08-28T13:00:00+0000,2026-08-28,23,0.0,17.0,21.9
yarra_ranges,Yarra Ranges,27450,-37.750045854469924,145.7239722693755,-37.8,145.70001,193.0,Australia/Sydney,air_quality_2026-08-26.json,2026-08-29T00:00:00+1000,2026-08-28T14:00:00+0000,2026-08-29,0,0.0,17.7,23.1
yarra_ranges,Yarra Ranges,27450,-37.750045854469924,145.7239722693755,-37.8,145.70001,193.0,Australia/Sydney,air_quality_2026-08-26.json,2026-08-29T01:00:00+1000,2026-08-28T15:00:00+0000,2026-08-29,1,0.0,17.3,23.4
yarra_ranges,Yarra Ranges,27450,-37.750045854469924,145.7239722693755,-37.8,145.70001,193.0,Australia/Sydney,air_quality_2026-08-26.json,2026-08-29T02:00:00+1000,2026-08-28T16:00:00+0000,2026-08-29,2,0.0,16.3,22.5
yarra_ranges,Yarra Ranges,27450,-37.750045854469924,145.7239722693755,-37.8,145.70001,193.0,Australia/Sydney,air_quality_2026-08-26.json,2026-08-29T03:00:00+1000,2026-08-28T17:00:00+0000,2026-08-29,3,0.0,15.4,21.5
yarra_ranges,Yarra Ranges,27450,-37.750045854469924,145.7239722693755,-37.8,145.70001,193.0,Australia/Sydney,air_quality_2026-08-26.json,2026-08-29T04:00:00+1000,2026-08-28T18:00:00+0000,2026-08-29,4,0.0,15.0,21.0
yarra_ranges,Yarra Ranges,27450,-37.750045854469924,145.7239722693755,-37.8,145.70001,193.0,Australia/Sydney,air_quality_2026-08-26.json,2026-08-29T05:00:00+1000,2026-08-28T19:00:00+0000,2026-08-29,5,0.0,15.2,21.4
yarra_ranges,Yarra Ranges,27450,-37.750045854469924,145.7239722693755,-37.8,145.70001,193.0,Australia/Sydney,air_quality_2026-08-26.json,2026-08-29T06:00:00+1000,2026-08-28T20:00:00+0000,2026-08-29,6,0.0,15.8,22.0
yarra_ranges,Yarra Ranges,27450,-37.750045854469924,145.7239722693755,-37.8,145.70001,193.0,Australia/Sydney,air_quality_2026-08-26.json,2026-08-29T07:00:00+1000,2026-08-28T21:00:00+0000,2026-08-29,7,0.05,16.8,23.2
yarra_ranges,Yarra Ranges,27450,-37.750045854469924,145.7239722693755,-37.8,145.70001,193.0,Australia/Sydney,air_quality_2026-08-26.json,2026-08-29T08:00:00+1000,2026-08-28T22:00:00+0000,2026-08-29,8,0.3,16.9,22.9
yarra_ranges,Yarra Ranges,27450,-37.750045854469924,145.7239722693755,-37.8,145.70001,193.0,Australia/Sydney,air_quality_2026-08-26.json,2026-08-29T09:00:00+1000,2026-08-28T23:00:00+0000,2026-08-29,9,0.9,14.2,20.8
yarra_ranges,Yarra Ranges,27450,-37.750045854469924,145.7239722693755,-37.8,145.70001,193.0,Australia/Sydney,air_quality_2026-08-26.json,2026-08-29T10:00:00+1000,2026-08-29T00:00:00+0000,2026-08-29,10,1.45,12.4,18.9
yarra_ranges,Yarra Ranges,27450,-37.750045854469924,145.7239722693755,-37.8,145.70001,193.0,Australia/Sydney,air_quality_2026-08-26.json,2026-08-29T11:00:00+1000,2026-08-29T01:00:00+0000,2026-08-29,11,1.95,13.2,20.0
yarra_ranges,Yarra Ranges,27450,-37.750045854469924,145.7239722693755,-37.8,145.70001,193.0,Australia/Sydney,air_quality_2026-08-26.json,2026-08-29T12:00:00+1000,2026-08-29T02:00:00+0000,2026-08-29,12,2.35,12.0,17.7
yarra_ranges,Yarra Ranges,27450,-37.750045854469924,145.7239722693755,-37.8,145.70001,193.0,Australia/Sydney,air_quality_2026-08-26.json,2026-08-29T13:00:00+1000,2026-08-29T03:00:00+0000,2026-08-29,13,2.2,9.7,14.1
yarra_ranges,Yarra Ranges,27450,-37.750045854469924,145.7239722693755,-37.8,145.70001,193.0,Australia/Sydney,air_quality_2026-08-26.json,2026-08-29T14:00:00+1000,2026-08-29T04:00:00+0000,2026-08-29,14,1.6,9.3,13.4
yarra_ranges,Yarra Ranges,27450,-37.750045854469924,145.7239722693755,-37.8,145.70001,193.0,Australia/Sydney,air_quality_2026-08-26.json,2026-08-29T15:00:00+1000,2026-08-29T05:00:00+0000,2026-08-29,15,0.9,8.0,11.6
yarra_ranges,Yarra Ranges,27450,-37.750045854469924,145.7239722693755,-37.8,145.70001,193.0,Australia/Sydney,air_quality_2026-08-26.json,2026-08-29T16:00:00+1000,2026-08-29T06:00:00+0000,2026-08-29,16,0.35,7.5,10.8
yarra_ranges,Yarra Ranges,27450,-37.750045854469924,145.7239722693755,-37.8,145.70001,193.0,Australia/Sydney,air_quality_2026-08-26.json,2026-08-29T17:00:00+1000,2026-08-29T07:00:00+0000,2026-08-29,17,0.1,7.7,11.3
yarra_ranges,Yarra Ranges,27450,-37.750045854469924,145.7239722693755,-37.8,145.70001,193.0,Australia/Sydney,air_quality_2026-08-26.json,2026-08-29T18:00:00+1000,2026-08-29T08:00:00+0000,2026-08-29,18,0.0,6.9,9.8
yarra_ranges,Yarra Ranges,27450,-37.750045854469924,145.7239722693755,-37.8,145.70001,193.0,Australia/Sydney,air_quality_2026-08-26.json,2026-08-29T19:00:00+1000,2026-08-29T09:00:00+0000,2026-08-29,19,0.0,7.7,10.9
yarra_ranges,Yarra Ranges,27450,-37.750045854469924,145.7239722693755,-37.8,145.70001,193.0,Australia/Sydney,air_quality_2026-08-26.json,2026-08-29T20:00:00+1000,2026-08-29T10:00:00+0000,2026-08-29,20,0.0,9.0,13.0
yarra_ranges,Yarra Ranges,27450,-37.750045854469924,145.7239722693755,-37.8,145.70001,193.0,Australia/Sydney,air_quality_2026-08-26.json,2026-08-29T21:00:00+1000,2026-08-29T11:00:00+0000,2026-08-29,21,0.0,10.3,15.3
yarra_ranges,Yarra Ranges,27450,-37.750045854469924,145.7239722693755,-37.8,145.70001,193.0,Australia/Sydney,air_quality_2026-08-26.json,2026-08-29T22:00:00+1000,2026-08-29T12:00:00+0000,2026-08-29,22,0.0,11.5,16.9
yarra_ranges,Yarra Ranges,27450,-37.750045854469924,145.7239722693755,-37.8,145.70001,193.0,Australia/Sydney,air_quality_2026-08-26.json,2026-08-29T23:00:00+1000,2026-08-29T13:00:00+0000,2026-08-29,23,0.0,11.6,17.0
yarra_ranges,Yarra Ranges,27450,-37.750045854469924,145.7239722693755,-37.8,145.70001,193.0,Australia/Sydney,air_quality_2026-08-26.json,2026-08-30T00:00:00+1000,2026-08-29T14:00:00+0000,2026-08-30,0,0.0,11.9,17.5
yarra_ranges,Yarra Ranges,27450,-37.750045854469924,145.7239722693755,-37.8,145.70001,193.0,Australia/Sydney,air_quality_2026-08-26.json,2026-08-30T01:00:00+1000,2026-08-29T15:00:00+0000,2026-08-30,1,0.0,12.0,17.3
yarra_ranges,Yarra Ranges,27450,-37.750045854469924,145.7239722693755,-37.8,145.70001,193.0,Australia/Sydney,air_quality_2026-08-26.json,2026-08-30T02:00:00+1000,2026-08-29T16:00:00+0000,2026-08-30,2,0.0,12.2,17.6
yarra_ranges,Yarra Ranges,27450,-37.750045854469924,145.7239722693755,-37.8,145.70001,193.0,Australia/Sydney,air_quality_2026-08-26.json,2026-08-30T03:00:00+1000,2026-08-29T17:00:00+0000,2026-08-30,3,0.0,12.5,17.8
yarra_ranges,Yarra Ranges,27450,-37.750045854469924,145.7239722693755,-37.8,145.70001,193.0,Australia/Sydney,air_quality_2026-08-26.json,2026-08-30T04:00:00+1000,2026-08-29T18:00:00+0000,2026-08-30,4,0.0,12.9,18.0
yarra_ranges,Yarra Ranges,27450,-37.750045854469924,145.7239722693755,-37.8,145.70001,193.0,Australia/Sydney,air_quality_2026-08-26.json,2026-08-30T05:00:00+1000,2026-08-29T19:00:00+0000,2026-08-30,5,0.0,13.1,18.2
yarra_ranges,Yarra Ranges,27450,-37.750045854469924,145.7239722693755,-37.8,145.70001,193.0,Australia/Sydney,air_quality_2026-08-26.json,2026-08-30T06:00:00+1000,2026-08-29T20:00:00+0000,2026-08-30,6,0.0,13.9,19.0
yarra_ranges,Yarra Ranges,27450,-37.750045854469924,145.7239722693755,-37.8,145.70001,193.0,Australia/Sydney,air_quality_2026-08-26.json,2026-08-30T07:00:00+1000,2026-08-29T21:00:00+0000,2026-08-30,7,0.05,14.4,19.3
yarra_ranges,Yarra Ranges,27450,-37.750045854469924,145.7239722693755,-37.8,145.70001,193.0,Australia/Sydney,air_quality_2026-08-26.json,2026-08-30T08:00:00+1000,2026-08-29T22:00:00+0000,2026-08-30,8,0.2,14.3,19.0
yarra_ranges,Yarra Ranges,27450,-37.750045854469924,145.7239722693755,-37.8,145.70001,193.0,Australia/Sydney,air_quality_2026-08-26.json,2026-08-30T09:00:00+1000,2026-08-29T23:00:00+0000,2026-08-30,9,0.7,13.3,17.6
yarra_ranges,Yarra Ranges,27450,-37.750045854469924,145.7239722693755,-37.8,145.70001,193.0,Australia/Sydney,air_quality_2026-08-26.json,2026-08-30T10:00:00+1000,2026-08-30T00:00:00+0000,2026-08-30,10,1.7,11.0,15.3
yarra_ranges,Yarra Ranges,27450,-37.750045854469924,145.7239722693755,-37.8,145.70001,193.0,Australia/Sydney,air_quality_2026-08-26.json,2026-08-30T11:00:00+1000,2026-08-30T01:00:00+0000,2026-08-30,11,2.65,9.7,14.0
yarra_ranges,Yarra Ranges,27450,-37.750045854469924,145.7239722693755,-37.8,145.70001,193.0,Australia/Sydney,air_quality_2026-08-26.json,2026-08-30T12:00:00+1000,2026-08-30T02:00:00+0000,2026-08-30,12,3.65,9.0,12.9
yarra_ranges,Yarra Ranges,27450,-37.750045854469924,145.7239722693755,-37.8,145.70001,193.0,Australia/Sydney,air_quality_2026-08-26.json,2026-08-30T13:00:00+1000,2026-08-30T03:00:00+0000,2026-08-30,13,3.6,9.1,13.0
yarra_ranges,Yarra Ranges,27450,-37.750045854469924,145.7239722693755,-37.8,145.70001,193.0,Australia/Sydney,air_quality_2026-08-26.json,2026-08-30T14:00:00+1000,2026-08-30T04:00:00+0000,2026-08-30,14,2.95,9.2,13.0
yarra_ranges,Yarra Ranges,27450,-37.750045854469924,145.7239722693755,-37.8,145.70001,193.0,Australia/Sydney,air_quality_2026-08-26.json,2026-08-30T15:00:00+1000,2026-08-30T05:00:00+0000,2026-08-30,15,1.9,9.3,13.1
yarra_ranges,Yarra Ranges,27450,-37.750045854469924,145.7239722693755,-37.8,145.70001,193.0,Australia/Sydney,air_quality_2026-08-26.json,2026-08-30T16:00:00+1000,2026-08-30T06:00:00+0000,2026-08-30,16,0.8,9.4,13.3
yarra_ranges,Yarra Ranges,27450,-37.750045854469924,145.7239722693755,-37.8,145.70001,193.0,Australia/Sydney,air_quality_2026-08-26.json,2026-08-30T17:00:00+1000,2026-08-30T07:00:00+0000,2026-08-30,17,0.15,9.7,13.7
yarra_ranges,Yarra Ranges,27450,-37.750045854469924,145.7239722693755,-37.8,145.70001,193.0,Australia/Sydney,air_quality_2026-08-26.json,2026-08-30T18:00:00+1000,2026-08-30T08:00:00+0000,2026-08-30,18,0.0,9.5,13.2
yarra_ranges,Yarra Ranges,27450,-37.750045854469924,145.7239722693755,-37.8,145.70001,193.0,Australia/Sydney,air_quality_2026-08-26.json,2026-08-30T19:00:00+1000,2026-08-30T09:00:00+0000,2026-08-30,19,0.0,9.0,12.2
yarra_ranges,Yarra Ranges,27450,-37.750045854469924,145.7239722693755,-37.8,145.70001,193.0,Australia/Sydney,air_quality_2026-08-26.json,2026-08-30T20:00:00+1000,2026-08-30T10:00:00+0000,2026-08-30,20,0.0,9.4,12.7
yarra_ranges,Yarra Ranges,27450,-37.750045854469924,145.7239722693755,-37.8,145.70001,193.0,Australia/Sydney,air_quality_2026-08-26.json,2026-08-30T21:00:00+1000,2026-08-30T11:00:00+0000,2026-08-30,21,0.0,10.1,13.5
yarra_ranges,Yarra Ranges,27450,-37.750045854469924,145.7239722693755,-37.8,145.70001,193.0,Australia/Sydney,air_quality_2026-08-26.json,2026-08-30T22:00:00+1000,2026-08-30T12:00:00+0000,2026-08-30,22,0.0,10.5,14.2
