site_name,requested_latitude,requested_longitude,grid_latitude,grid_longitude,grid_elevation_m,source_timezone,source_file,timestamp_local,timestamp_utc,date_local,hour_local,temperature_2m,apparent_temperature,precipitation_probability,weather_code,wind_speed_10m,wind_gusts_10m,weather_description
craigieburn,-37.5989,144.9418,-37.57469,144.95999,195.0,Australia/Sydney,weather_forecast_2026-08-26.json,2026-08-26T00:00:00+1000,2026-08-25T14:00:00+0000,2026-08-26,0,10.6,8.3,76,51,16.3,28.1,light_drizzle
craigieburn,-37.5989,144.9418,-37.57469,144.95999,195.0,Australia/Sydney,weather_forecast_2026-08-26.json,2026-08-26T01:00:00+1000,2026-08-25T15:00:00+0000,2026-08-26,1,10.3,7.9,96,51,17.0,29.2,light_drizzle
craigieburn,-37.5989,144.9418,-37.57469,144.95999,195.0,Australia/Sydney,weather_forecast_2026-08-26.json,2026-08-26T02:00:00+1000,2026-08-25T16:00:00+0000,2026-08-26,2,9.9,7.5,95,51,15.6,29.5,light_drizzle
craigieburn,-37.5989,144.9418,-37.57469,144.95999,195.0,Australia/Sydney,weather_forecast_2026-08-26.json,2026-08-26T03:00:00+1000,2026-08-25T17:00:00+0000,2026-08-26,3,9.7,7.3,83,3,15.2,27.4,overcast
craigieburn,-37.5989,144.9418,-37.57469,144.95999,195.0,Australia/Sydney,weather_forecast_2026-08-26.json,2026-08-26T04:00:00+1000,2026-08-25T18:00:00+0000,2026-08-26,4,9.1,6.7,67,1,14.1,26.3,mainly_clear
craigieburn,-37.5989,144.9418,-37.57469,144.95999,195.0,Australia/Sydney,weather_forecast_2026-08-26.json,2026-08-26T05:00:00+1000,2026-08-25T19:00:00+0000,2026-08-26,5,8.2,5.9,45,0,11.7,24.1,clear_sky
craigieburn,-37.5989,144.9418,-37.57469,144.95999,195.0,Australia/Sydney,weather_forecast_2026-08-26.json,2026-08-26T06:00:00+1000,2026-08-25T20:00:00+0000,2026-08-26,6,7.6,5.3,18,0,10.2,20.2,clear_sky
craigieburn,-37.5989,144.9418,-37.57469,144.95999,195.0,Australia/Sydney,weather_forecast_2026-08-26.json,2026-08-26T07:00:00+1000,2026-08-25T21:00:00+0000,2026-08-26,7,7.2,4.9,0,0,9.8,17.3,clear_sky
craigieburn,-37.5989,144.9418,-37.57469,144.95999,195.0,Australia/Sydney,weather_forecast_2026-08-26.json,2026-08-26T08:00:00+1000,2026-08-25T22:00:00+0000,2026-08-26,8,8.1,5.7,0,0,12.1,20.2,clear_sky
craigieburn,-37.5989,144.9418,-37.57469,144.95999,195.0,Australia/Sydney,weather_forecast_2026-08-26.json,2026-08-26T09:00:00+1000,2026-08-25T23:00:00+0000,2026-08-26,9,9.7,7.1,0,1,14.2,30.2,mainly_clear
craigieburn,-37.5989,144.9418,-37.57469,144.95999,195.0,Australia/Sydney,weather_forecast_2026-08-26.json,2026-08-26T10:00:00+1000,2026-08-26T00:00:00+0000,2026-08-26,10,11.6,8.9,4,1,15.8,29.2,mainly_clear
craigieburn,-37.5989,144.9418,-37.57469,144.95999,195.0,Australia/Sydney,weather_forecast_2026-08-26.json,2026-08-26T11:00:00+1000,2026-08-26T01:00:00+0000,2026-08-26,11,12.5,9.2,5,51,17.6,34.9,light_drizzle
craigieburn,-37.5989,144.9418,-37.57469,144.95999,195.0,Australia/Sydney,weather_forecast_2026-08-26.json,2026-08-26T12:00:00+1000,2026-08-26T02:00:00+0000,2026-08-26,12,13.0,9.6,6,1,17.1,35.3,mainly_clear
craigieburn,-37.5989,144.9418,-37.57469,144.95999,195.0,Australia/Sydney,weather_forecast_2026-08-26.json,2026-08-26T13:00:00+1000,2026-08-26T03:00:00+0000,2026-08-26,13,13.4,9.9,6,2,16.9,34.2,partly_cloudy
craigieburn,-37.5989,144.9418,-37.57469,144.95999,195.0,Australia/Sydney,weather_forecast_2026-08-26.json,2026-08-26T14:00:00+1000,2026-08-26T04:00:00+0000,2026-08-26,14,13.2,9.8,4,2,16.7,33.8,partly_cloudy
craigieburn,-37.5989,144.9418,-37.57469,144.95999,195.0,Australia/Sydney,weather_forecast_2026-08-26.json,2026-08-26T15:00:00+1000,2026-08-26T05:00:00+0000,2026-08-26,15,13.2,9.9,2,2,16.1,32.8,partly_cloudy
craigieburn,-37.5989,144.9418,-37.57469,144.95999,195.0,Australia/Sydney,weather_forecast_2026-08-26.json,2026-08-26T16:00:00+1000,2026-08-26T06:00:00+0000,2026-08-26,16,12.8,9.6,0,2,15.7,31.3,partly_cloudy
craigieburn,-37.5989,144.9418,-37.57469,144.95999,195.0,Australia/Sydney,weather_forecast_2026-08-26.json,2026-08-26T17:00:00+1000,2026-08-26T07:00:00+0000,2026-08-26,17,11.7,8.9,0,1,13.9,31.0,mainly_clear
craigieburn,-37.5989,144.9418,-37.57469,144.95999,195.0,Australia/Sydney,weather_forecast_2026-08-26.json,2026-08-26T18:00:00+1000,2026-08-26T08:00:00+0000,2026-08-26,18,10.2,8.1,0,2,8.8,25.2,partly_cloudy
craigieburn,-37.5989,144.9418,-37.57469,144.95999,195.0,Australia/Sydney,weather_forecast_2026-08-26.json,2026-08-26T19:00:00+1000,2026-08-26T09:00:00+0000,2026-08-26,19,9.1,7.4,0,2,6.8,15.1,partly_cloudy
craigieburn,-37.5989,144.9418,-37.57469,144.95999,195.0,Australia/Sydney,weather_forecast_2026-08-26.json,2026-08-26T20:00:00+1000,2026-08-26T10:00:00+0000,2026-08-26,20,8.9,7.0,0,3,7.3,11.9,overcast
craigieburn,-37.5989,144.9418,-37.57469,144.95999,195.0,Australia/Sydney,weather_forecast_2026-08-26.json,2026-08-26T21:00:00+1000,2026-08-26T11:00:00+0000,2026-08-26,21,8.9,7.1,0,2,7.2,13.0,partly_cloudy
craigieburn,-37.5989,144.9418,-37.57469,144.95999,195.0,Australia/Sydney,weather_forecast_2026-08-26.json,2026-08-26T22:00:00+1000,2026-08-26T12:00:00+0000,2026-08-26,22,8.7,7.1,0,3,5.8,12.2,overcast
craigieburn,-37.5989,144.9418,-37.57469,144.95999,195.0,Australia/Sydney,weather_forecast_2026-08-26.json,2026-08-26T23:00:00+1000,2026-08-26T13:00:00+0000,2026-08-26,23,8.5,7.1,1,2,4.2,9.7,partly_cloudy
craigieburn,-37.5989,144.9418,-37.57469,144.95999,195.0,Australia/Sydney,weather_forecast_2026-08-26.json,2026-08-27T00:00:00+1000,2026-08-26T14:00:00+0000,2026-08-27,0,8.1,7.1,2,2,1.7,5.8,partly_cloudy
craigieburn,-37.5989,144.9418,-37.57469,144.95999,195.0,Australia/Sydney,weather_forecast_2026-08-26.json,2026-08-27T01:00:00+1000,2026-08-26T15:00:00+0000,2026-08-27,1,7.9,6.6,2,2,3.2,4.3,partly_cloudy
craigieburn,-37.5989,144.9418,-37.57469,144.95999,195.0,Australia/Sydney,weather_forecast_2026-08-26.json,2026-08-27T02:00:00+1000,2026-08-26T16:00:00+0000,2026-08-27,2,7.2,5.6,2,1,3.6,5.0,mainly_clear
craigieburn,-37.5989,144.9418,-37.57469,144.95999,195.0,Australia/Sydney,weather_forecast_2026-08-26.json,2026-08-27T03:00:00+1000,2026-08-26T17:00:00+0000,2026-08-27,3,6.3,4.4,1,1,4.2,5.4,mainly_clear
craigieburn,-37.5989,144.9418,-37.57469,144.95999,195.0,Australia/Sydney,weather_forecast_2026-08-26.json,2026-08-27T04:00:00+1000,2026-08-26T18:00:00+0000,2026-08-27,4,5.6,3.4,0,0,5.2,7.2,clear_sky
craigieburn,-37.5989,144.9418,-37.57469,144.95999,195.0,Australia/Sydney,weather_forecast_2026-08-26.json,2026-08-27T05:00:00+1000,2026-08-26T19:00:00+0000,2026-08-27,5,5.2,3.0,0,0,4.8,7.6,clear_sky
craigieburn,-37.5989,144.9418,-37.57469,144.95999,195.0,Australia/Sydney,weather_forecast_2026-08-26.json,2026-08-27T06:00:00+1000,2026-08-26T20:00:00+0000,2026-08-27,6,5.0,2.8,0,0,3.8,6.5,clear_sky
craigieburn,-37.5989,144.9418,-37.57469,144.95999,195.0,Australia/Sydney,weather_forecast_2026-08-26.json,2026-08-27T07:00:00+1000,2026-08-26T21:00:00+0000,2026-08-27,7,4.8,2.7,0,0,3.2,5.4,clear_sky
craigieburn,-37.5989,144.9418,-37.57469,144.95999,195.0,Australia/Sydney,weather_forecast_2026-08-26.json,2026-08-27T08:00:00+1000,2026-08-26T22:00:00+0000,2026-08-27,8,6.7,4.6,0,1,5.0,9.4,mainly_clear
craigieburn,-37.5989,144.9418,-37.57469,144.95999,195.0,Australia/Sydney,weather_forecast_2026-08-26.json,2026-08-27T09:00:00+1000,2026-08-26T23:00:00+0000,2026-08-27,9,9.3,7.9,0,2,2.7,10.4,partly_cloudy
craigieburn,-37.5989,144.9418,-37.57469,144.95999,195.0,Australia/Sydney,weather_forecast_2026-08-26.json,2026-08-27T10:00:00+1000,2026-08-27T00:00:00+0000,2026-08-27,10,10.9,9.5,0,3,3.2,12.6,overcast
craigieburn,-37.5989,144.9418,-37.57469,144.95999,195.0,Australia/Sydney,weather_forecast_2026-08-26.json,2026-08-27T11:00:00+1000,2026-08-27T01:00:00+0000,2026-08-27,11,12.1,10.8,0,3,2.2,13.3,overcast
craigieburn,-37.5989,144.9418,-37.57469,144.95999,195.0,Australia/Sydney,weather_forecast_2026-08-26.json,2026-08-27T12:00:00+1000,2026-08-27T02:00:00+0000,2026-08-27,12,12.6,11.6,0,2,0.5,12.2,partly_cloudy
craigieburn,-37.5989,144.9418,-37.57469,144.95999,195.0,Australia/Sydney,weather_forecast_2026-08-26.json,2026-08-27T13:00:00+1000,2026-08-27T03:00:00+0000,2026-08-27,13,13.3,12.9,0,1,1.7,11.9,mainly_clear
craigieburn,-37.5989,144.9418,-37.57469,144.95999,195.0,Australia/Sydney,weather_forecast_2026-08-26.json,2026-08-27T14:00:00+1000,2026-08-27T04:00:00+0000,2026-08-27,14,14.0,13.2,0,1,3.6,13.7,mainly_clear
craigieburn,-37.5989,144.9418,-37.57469,144.95999,195.0,Australia/Sydney,weather_forecast_2026-08-26.json,2026-08-27T15:00:00+1000,2026-08-27T05:00:00+0000,2026-08-27,15,14.8,13.9,0,1,1.6,13.7,mainly_clear
craigieburn,-37.5989,144.9418,-37.57469,144.95999,195.0,Australia/Sydney,weather_forecast_2026-08-26.json,2026-08-27T16:00:00+1000,2026-08-27T06:00:00+0000,2026-08-27,16,15.2,14.4,0,2,0.6,10.1,partly_cloudy
craigieburn,-37.5989,144.9418,-37.57469,144.95999,195.0,Australia/Sydney,weather_forecast_2026-08-26.json,2026-08-27T17:00:00+1000,2026-08-27T07:00:00+0000,2026-08-27,17,14.2,13.0,0,3,5.6,10.1,overcast
craigieburn,-37.5989,144.9418,-37.57469,144.95999,195.0,Australia/Sydney,weather_forecast_2026-08-26.json,2026-08-27T18:00:00+1000,2026-08-27T08:00:00+0000,2026-08-27,18,12.2,10.6,0,3,6.8,13.3,overcast
craigieburn,-37.5989,144.9418,-37.57469,144.95999,195.0,Australia/Sydney,weather_forecast_2026-08-26.json,2026-08-27T19:00:00+1000,2026-08-27T09:00:00+0000,2026-08-27,19,11.5,10.8,0,3,2.1,11.5,overcast
craigieburn,-37.5989,144.9418,-37.57469,144.95999,195.0,Australia/Sydney,weather_forecast_2026-08-26.json,2026-08-27T20:00:00+1000,2026-08-27T10:00:00+0000,2026-08-27,20,11.4,10.8,0,3,0.7,3.2,overcast
craigieburn,-37.5989,144.9418,-37.57469,144.95999,195.0,Australia/Sydney,weather_forecast_2026-08-26.json,2026-08-27T21:00:00+1000,2026-08-27T11:00:00+0000,2026-08-27,21,9.7,8.9,0,3,1.5,2.5,overcast
craigieburn,-37.5989,144.9418,-37.57469,144.95999,195.0,Australia/Sydney,weather_forecast_2026-08-26.json,2026-08-27T22:00:00+1000,2026-08-27T12:00:00+0000,2026-08-27,22,8.9,8.0,0,3,1.3,2.5,overcast
craigieburn,-37.5989,144.9418,-37.57469,144.95999,195.0,Australia/Sydney,weather_forecast_2026-08-26.json,2026-08-27T23:00:00+1000,2026-08-27T13:00:00+0000,2026-08-27,23,8.1,6.9,0,3,2.3,4.7,overcast
craigieburn,-37.5989,144.9418,-37.57469,144.95999,195.0,Australia/Sydney,weather_forecast_2026-08-26.json,2026-08-28T00:00:00+1000,2026-08-27T14:00:00+0000,2026-08-28,0,8.0,6.1,0,1,6.3,11.2,mainly_clear
craigieburn,-37.5989,144.9418,-37.57469,144.95999,195.0,Australia/Sydney,weather_forecast_2026-08-26.json,2026-08-28T01:00:00+1000,2026-08-27T15:00:00+0000,2026-08-28,1,6.5,3.8,0,1,9.2,15.5,mainly_clear
craigieburn,-37.5989,144.9418,-37.57469,144.95999,195.0,Australia/Sydney,weather_forecast_2026-08-26.json,2026-08-28T02:00:00+1000,2026-08-27T16:00:00+0000,2026-08-28,2,6.1,3.1,0,3,10.8,18.4,overcast
craigieburn,-37.5989,144.9418,-37.57469,144.95999,195.0,Australia/Sydney,weather_forecast_2026-08-26.json,2026-08-28T03:00:00+1000,2026-08-27T17:00:00+0000,2026-08-28,3,6.4,3.4,0,3,10.8,19.4,overcast
craigieburn,-37.5989,144.9418,-37.57469,144.95999,195.0,Australia/Sydney,weather_forecast_2026-08-26.json,2026-08-28T04:00:00+1000,2026-08-27T18:00:00+0000,2026-08-28,4,6.5,3.5,0,3,10.6,18.7,overcast
craigieburn,-37.5989,144.9418,-37.57469,144.95999,195.0,Australia/Sydney,weather_forecast_2026-08-26.json,2026-08-28T05:00:00+1000,2026-08-27T19:00:00+0000,2026-08-28,5,6.2,3.1,0,3,11.2,19.1,overcast
craigieburn,-37.5989,144.9418,-37.57469,144.95999,195.0,Australia/Sydney,weather_forecast_2026-08-26.json,2026-08-28T06:00:00+1000,2026-08-27T20:00:00+0000,2026-08-28,6,6.0,2.8,0,0,11.4,20.5,clear_sky
craigieburn,-37.5989,144.9418,-37.57469,144.95999,195.0,Australia/Sydney,weather_forecast_2026-08-26.json,2026-08-28T07:00:00+1000,2026-08-27T21:00:00+0000,2026-08-28,7,5.8,2.6,0,0,12.0,20.9,clear_sky
craigieburn,-37.5989,144.9418,-37.57469,144.95999,195.0,Australia/Sydney,weather_forecast_2026-08-26.json,2026-08-28T08:00:00+1000,2026-08-27T22:00:00+0000,2026-08-28,8,7.7,4.6,0,0,12.3,20.9,clear_sky
craigieburn,-37.5989,144.9418,-37.57469,144.95999,195.0,Australia/Sydney,weather_forecast_2026-08-26.json,2026-08-28T09:00:00+1000,2026-08-27T23:00:00+0000,2026-08-28,9,10.7,8.5,0,0,9.9,21.2,clear_sky
craigieburn,-37.5989,144.9418,-37.57469,144.95999,195.0,Australia/Sydney,weather_forecast_2026-08-26.json,2026-08-28T10:00:00+1000,2026-08-28T00:00:00+0000,2026-08-28,10,13.1,11.2,0,1,7.2,20.2,mainly_clear
craigieburn,-37.5989,144.9418,-37.57469,144.95999,195.0,Australia/Sydney,weather_forecast_2026-08-26.json,2026-08-28T11:00:00+1000,2026-08-28T01:00:00+0000,2026-08-28,11,14.4,13.2,5,3,3.6,17.3,overcast
craigieburn,-37.5989,144.9418,-37.57469,144.95999,195.0,Australia/Sydney,weather_forecast_2026-08-26.json,2026-08-28T12:00:00+1000,2026-08-28T02:00:00+0000,2026-08-28,12,14.7,13.3,12,3,5.4,13.3,overcast
craigieburn,-37.5989,144.9418,-37.57469,144.95999,195.0,Australia/Sydney,weather_forecast_2026-08-26.json,2026-08-28T13:00:00+1000,2026-08-28T03:00:00+0000,2026-08-28,13,15.1,13.1,22,3,10.1,20.9,overcast
craigieburn,-37.5989,144.9418,-37.57469,144.95999,195.0,Australia/Sydney,weather_forecast_2026-08-26.json,2026-08-28T14:00:00+1000,2026-08-28T04:00:00+0000,2026-08-28,14,15.1,13.8,38,3,5.9,20.5,overcast
craigieburn,-37.5989,144.9418,-37.57469,144.95999,195.0,Australia/Sydney,weather_forecast_2026-08-26.json,2026-08-28T15:00:00+1000,2026-08-28T05:00:00+0000,2026-08-28,15,14.2,13.0,57,51,7.0,13.0,light_drizzle
craigieburn,-37.5989,144.9418,-37.57469,144.95999,195.0,Australia/Sydney,weather_forecast_2026-08-26.json,2026-08-28T16:00:00+1000,2026-08-28T06:00:00+0000,2026-08-28,16,13.2,12.7,67,53,5.7,13.7,moderate_drizzle
craigieburn,-37.5989,144.9418,-37.57469,144.95999,195.0,Australia/Sydney,weather_forecast_2026-08-26.json,2026-08-28T17:00:00+1000,2026-08-28T07:00:00+0000,2026-08-28,17,12.5,12.2,63,53,5.1,10.8,moderate_drizzle
craigieburn,-37.5989,144.9418,-37.57469,144.95999,195.0,Australia/Sydney,weather_forecast_2026-08-26.json,2026-08-28T18:00:00+1000,2026-08-28T08:00:00+0000,2026-08-28,18,11.9,11.9,50,51,2.9,8.6,light_drizzle
craigieburn,-37.5989,144.9418,-37.57469,144.95999,195.0,Australia/Sydney,weather_forecast_2026-08-26.json,2026-08-28T19:00:00+1000,2026-08-28T09:00:00+0000,2026-08-28,19,11.8,11.8,37,51,2.3,4.7,light_drizzle
craigieburn,-37.5989,144.9418,-37.57469,144.95999,195.0,Australia/Sydney,weather_forecast_2026-08-26.json,2026-08-28T20:00:00+1000,2026-08-28T10:00:00+0000,2026-08-28,20,11.6,11.4,24,51,2.7,4.0,light_drizzle
craigieburn,-37.5989,144.9418,-37.57469,144.95999,195.0,Australia/Sydney,weather_forecast_2026-08-26.json,2026-08-28T21:00:00+1000,2026-08-28T11:00:00+0000,2026-08-28,21,10.9,10.6,11,1,2.0,4.0,mainly_clear
craigieburn,-37.5989,144.9418,-37.57469,144.95999,195.0,Australia/Sydney,weather_forecast_2026-08-26.json,2026-08-28T22:00:00+1000,2026-08-28T12:00:00+0000,2026-08-28,22,10.1,9.8,2,1,1.8,2.9,mainly_clear
craigieburn,-37.5989,144.9418,-37.57469,144.95999,195.0,Australia/Sydney,weather_forecast_2026-08-26.json,2026-08-28T23:00:00+1000,2026-08-28T13:00:00+0000,2026-08-28,23,9.2,8.5,0,3,3.5,4.7,overcast
craigieburn,-37.5989,144.9418,-37.57469,144.95999,195.0,Australia/Sydney,weather_forecast_2026-08-26.json,2026-08-29T00:00:00+1000,2026-08-28T14:00:00+0000,2026-08-29,0,9.4,8.7,2,3,4.0,5.8,overcast
craigieburn,-37.5989,144.9418,-37.57469,144.95999,195.0,Australia/Sydney,weather_forecast_2026-08-26.json,2026-08-29T01:00:00+1000,2026-08-28T15:00:00+0000,2026-08-29,1,10.1,9.6,4,3,2.8,6.1,overcast
craigieburn,-37.5989,144.9418,-37.57469,144.95999,195.0,Australia/Sydney,weather_forecast_2026-08-26.json,2026-08-29T02:00:00+1000,2026-08-28T16:00:00+0000,2026-08-29,2,10.2,9.6,3,3,4.8,7.2,overcast
craigieburn,-37.5989,144.9418,-37.57469,144.95999,195.0,Australia/Sydney,weather_forecast_2026-08-26.json,2026-08-29T03:00:00+1000,2026-08-28T17:00:00+0000,2026-08-29,3,10.1,8.7,3,3,9.7,15.1,overcast
craigieburn,-37.5989,144.9418,-37.57469,144.95999,195.0,Australia/Sydney,weather_forecast_2026-08-26.json,2026-08-29T04:00:00+1000,2026-08-28T18:00:00+0000,2026-08-29,4,9.6,7.9,2,51,10.7,19.4,light_drizzle
craigieburn,-37.5989,144.9418,-37.57469,144.95999,195.0,Australia/Sydney,weather_forecast_2026-08-26.json,2026-08-29T05:00:00+1000,2026-08-28T19:00:00+0000,2026-08-29,5,9.3,7.6,3,3,9.6,18.7,overcast
craigieburn,-37.5989,144.9418,-37.57469,144.95999,195.0,Australia/Sydney,weather_forecast_2026-08-26.json,2026-08-29T06:00:00+1000,2026-08-28T20:00:00+0000,2026-08-29,6,9.0,7.4,4,3,8.4,16.9,overcast
craigieburn,-37.5989,144.9418,-37.57469,144.95999,195.0,Australia/Sydney,weather_forecast_2026-08-26.json,2026-08-29T07:00:00+1000,2026-08-28T21:00:00+0000,2026-08-29,7,8.3,7.1,4,1,5.1,14.4,mainly_clear
craigieburn,-37.5989,144.9418,-37.57469,144.95999,195.0,Australia/Sydney,weather_forecast_2026-08-26.json,2026-08-29T08:00:00+1000,2026-08-28T22:00:00+0000,2026-08-29,8,8.5,7.2,3,1,5.1,10.4,mainly_clear
craigieburn,-37.5989,144.9418,-37.57469,144.95999,195.0,Australia/Sydney,weather_forecast_2026-08-26.json,2026-08-29T09:00:00+1000,2026-08-28T23:00:00+0000,2026-08-29,9,9.6,7.9,1,1,8.5,18.0,mainly_clear
craigieburn,-37.5989,144.9418,-37.57469,144.95999,195.0,Australia/Sydney,weather_forecast_2026-08-26.json,2026-08-29T10:00:00+1000,2026-08-29T00:00:00+0000,2026-08-29,10,10.7,8.5,0,2,10.6,23.0,partly_cloudy
craigieburn,-37.5989,144.9418,-37.57469,144.95999,195.0,Australia/Sydney,weather_forecast_2026-08-26.json,2026-08-29T11:00:00+1000,2026-08-29T01:00:00+0000,2026-08-29,11,11.5,9.0,0,2,11.1,24.5,partly_cloudy
craigieburn,-37.5989,144.9418,-37.57469,144.95999,195.0,Australia/Sydney,weather_forecast_2026-08-26.json,2026-08-29T12:00:00+1000,2026-08-29T02:00:00+0000,2026-08-29,12,12.0,9.2,1,3,11.5,25.2,overcast
craigieburn,-37.5989,144.9418,-37.57469,144.95999,195.0,Australia/Sydney,weather_forecast_2026-08-26.json,2026-08-29T13:00:00+1000,2026-08-29T03:00:00+0000,2026-08-29,13,12.7,9.9,2,3,11.1,25.2,overcast
craigieburn,-37.5989,144.9418,-37.57469,144.95999,195.0,Australia/Sydney,weather_forecast_2026-08-26.json,2026-08-29T14:00:00+1000,2026-08-29T04:00:00+0000,2026-08-29,14,13.1,10.2,2,2,13.1,27.4,partly_cloudy
craigieburn,-37.5989,144.9418,-37.57469,144.95999,195.0,Australia/Sydney,weather_forecast_2026-08-26.json,2026-08-29T15:00:00+1000,2026-08-29T05:00:00+0000,2026-08-29,15,12.9,9.7,1,3,15.9,32.0,overcast
craigieburn,-37.5989,144.9418,-37.57469,144.95999,195.0,Australia/Sydney,weather_forecast_2026-08-26.json,2026-08-29T16:00:00+1000,2026-08-29T06:00:00+0000,2026-08-29,16,12.0,8.9,0,3,14.6,32.4,overcast
craigieburn,-37.5989,144.9418,-37.57469,144.95999,195.0,Australia/Sydney,weather_forecast_2026-08-26.json,2026-08-29T17:00:00+1000,2026-08-29T07:00:00+0000,2026-08-29,17,11.2,8.6,0,3,12.0,28.8,overcast
craigieburn,-37.5989,144.9418,-37.57469,144.95999,195.0,Australia/Sydney,weather_forecast_2026-08-26.json,2026-08-29T18:00:00+1000,2026-08-29T08:00:00+0000,2026-08-29,18,10.7,9.3,0,1,4.9,22.3,mainly_clear
craigieburn,-37.5989,144.9418,-37.57469,144.95999,195.0,Australia/Sydney,weather_forecast_2026-08-26.json,2026-08-29T19:00:00+1000,2026-08-29T09:00:00+0000,2026-08-29,19,9.0,7.6,0,0,4.4,8.6,clear_sky
craigieburn,-37.5989,144.9418,-37.57469,144.95999,195.0,Australia/Sydney,weather_forecast_2026-08-26.json,2026-08-29T20:00:00+1000,2026-08-29T10:00:00+0000,2026-08-29,20,8.2,6.6,1,2,5.1,8.3,partly_cloudy
craigieburn,-37.5989,144.9418,-37.57469,144.95999,195.0,Australia/Sydney,weather_forecast_2026-08-26.json,2026-08-29T21:00:00+1000,2026-08-29T11:00:00+0000,2026-08-29,21,8.7,7.2,1,3,4.9,8.3,overcast
craigieburn,-37.5989,144.9418,-37.57469,144.95999,195.0,Australia/Sydney,weather_forecast_2026-08-26.json,2026-08-29T22:00:00+1000,2026-08-29T12:00:00+0000,2026-08-29,22,9.5,8.0,2,3,6.2,10.1,overcast
craigieburn,-37.5989,144.9418,-37.57469,144.95999,195.0,Australia/Sydney,weather_forecast_2026-08-26.json,2026-08-29T23:00:00+1000,2026-08-29T13:00:00+0000,2026-08-29,23,9.9,7.9,2,3,9.5,15.8,overcast
craigieburn,-37.5989,144.9418,-37.57469,144.95999,195.0,Australia/Sydney,weather_forecast_2026-08-26.json,2026-08-30T00:00:00+1000,2026-08-29T14:00:00+0000,2026-08-30,0,9.5,7.2,2,3,10.8,19.1,overcast
craigieburn,-37.5989,144.9418,-37.57469,144.95999,195.0,Australia/Sydney,weather_forecast_2026-08-26.json,2026-08-30T01:00:00+1000,2026-08-29T15:00:00+0000,2026-08-30,1,9.1,6.8,2,2,10.0,19.8,partly_cloudy
craigieburn,-37.5989,144.9418,-37.57469,144.95999,195.0,Australia/Sydney,weather_forecast_2026-08-26.json,2026-08-30T02:00:00+1000,2026-08-29T16:00:00+0000,2026-08-30,2,8.1,6.1,1,2,7.5,18.0,partly_cloudy
craigieburn,-37.5989,144.9418,-37.57469,144.95999,195.0,Australia/Sydney,weather_forecast_2026-08-26.json,2026-08-30T03:00:00+1000,2026-08-29T17:00:00+0000,2026-08-30,3,7.3,5.6,1,2,5.3,13.0,partly_cloudy
craigieburn,-37.5989,144.9418,-37.57469,144.95999,195.0,Australia/Sydney,weather_forecast_2026-08-26.json,2026-08-30T04:00:00+1000,2026-08-29T18:00:00+0000,2026-08-30,4,7.1,5.5,0,3,4.5,8.6,overcast
craigieburn,-37.5989,144.9418,-37.57469,144.95999,195.0,Australia/Sydney,weather_forecast_2026-08-26.json,2026-08-30T05:00:00+1000,2026-08-29T19:00:00+0000,2026-08-30,5,6.9,5.4,0,3,3.9,8.6,overcast
craigieburn,-37.5989,144.9418,-37.57469,144.95999,195.0,Australia/Sydney,weather_forecast_2026-08-26.json,2026-08-30T06:00:00+1000,2026-08-29T20:00:00+0000,2026-08-30,6,7.1,5.6,0,3,4.2,10.1,overcast
craigieburn,-37.5989,144.9418,-37.57469,144.95999,195.0,Australia/Sydney,weather_forecast_2026-08-26.json,2026-08-30T07:00:00+1000,2026-08-29T21:00:00+0000,2026-08-30,7,7.6,6.0,0,3,4.8,12.2,overcast
craigieburn,-37.5989,144.9418,-37.57469,144.95999,195.0,Australia/Sydney,weather_forecast_2026-08-26.json,2026-08-30T08:00:00+1000,2026-08-29T22:00:00+0000,2026-08-30,8,8.7,7.0,0,3,6.4,15.5,overcast
craigieburn,-37.5989,144.9418,-37.57469,144.95999,195.0,Australia/Sydney,weather_forecast_2026-08-26.json,2026-08-30T09:00:00+1000,2026-08-29T23:00:00+0000,2026-08-30,9,10.2,8.3,0,3,8.7,19.8,overcast
craigieburn,-37.5989,144.9418,-37.57469,144.95999,195.0,Australia/Sydney,weather_forecast_2026-08-26.json,2026-08-30T10:00:00+1000,2026-08-30T00:00:00+0000,2026-08-30,10,11.5,9.4,0,3,10.6,23.0,overcast
craigieburn,-37.5989,144.9418,-37.57469,144.95999,195.0,Australia/Sydney,weather_forecast_2026-08-26.json,2026-08-30T11:00:00+1000,2026-08-30T01:00:00+0000,2026-08-30,11,12.3,10.2,0,3,11.1,24.8,overcast
craigieburn,-37.5989,144.9418,-37.57469,144.95999,195.0,Australia/Sydney,weather_forecast_2026-08-26.json,2026-08-30T12:00:00+1000,2026-08-30T02:00:00+0000,2026-08-30,12,12.8,10.8,0,3,10.8,25.6,overcast
craigieburn,-37.5989,144.9418,-37.57469,144.95999,195.0,Australia/Sydney,weather_forecast_2026-08-26.json,2026-08-30T13:00:00+1000,2026-08-30T03:00:00+0000,2026-08-30,13,13.2,11.2,0,3,10.6,25.9,overcast
craigieburn,-37.5989,144.9418,-37.57469,144.95999,195.0,Australia/Sydney,weather_forecast_2026-08-26.json,2026-08-30T14:00:00+1000,2026-08-30T04:00:00+0000,2026-08-30,14,13.3,11.3,0,3,11.0,25.6,overcast
craigieburn,-37.5989,144.9418,-37.57469,144.95999,195.0,Australia/Sydney,weather_forecast_2026-08-26.json,2026-08-30T15:00:00+1000,2026-08-30T05:00:00+0000,2026-08-30,15,13.2,11.1,0,3,11.2,24.8,overcast
craigieburn,-37.5989,144.9418,-37.57469,144.95999,195.0,Australia/Sydney,weather_forecast_2026-08-26.json,2026-08-30T16:00:00+1000,2026-08-30T06:00:00+0000,2026-08-30,16,12.8,10.8,0,3,10.9,24.1,overcast
craigieburn,-37.5989,144.9418,-37.57469,144.95999,195.0,Australia/Sydney,weather_forecast_2026-08-26.json,2026-08-30T17:00:00+1000,2026-08-30T07:00:00+0000,2026-08-30,17,12.0,10.1,0,3,9.6,23.8,overcast
craigieburn,-37.5989,144.9418,-37.57469,144.95999,195.0,Australia/Sydney,weather_forecast_2026-08-26.json,2026-08-30T18:00:00+1000,2026-08-30T08:00:00+0000,2026-08-30,18,10.9,9.1,0,3,8.3,23.4,overcast
craigieburn,-37.5989,144.9418,-37.57469,144.95999,195.0,Australia/Sydney,weather_forecast_2026-08-26.json,2026-08-30T19:00:00+1000,2026-08-30T09:00:00+0000,2026-08-30,19,9.9,8.2,0,3,7.7,22.3,overcast
craigieburn,-37.5989,144.9418,-37.57469,144.95999,195.0,Australia/Sydney,weather_forecast_2026-08-26.json,2026-08-30T20:00:00+1000,2026-08-30T10:00:00+0000,2026-08-30,20,9.4,7.8,0,3,6.7,19.8,overcast
craigieburn,-37.5989,144.9418,-37.57469,144.95999,195.0,Australia/Sydney,weather_forecast_2026-08-26.json,2026-08-30T21:00:00+1000,2026-08-30T11:00:00+0000,2026-08-30,21,9.0,7.6,0,3,5.3,16.6,overcast
craigieburn,-37.5989,144.9418,-37.57469,144.95999,195.0,Australia/Sydney,weather_forecast_2026-08-26.json,2026-08-30T22:00:00+1000,2026-08-30T12:00:00+0000,2026-08-30,22,8.8,7.6,0,3,4.1,13.3,overcast
craigieburn,-37.5989,144.9418,-37.57469,144.95999,195.0,Australia/Sydney,weather_forecast_2026-08-26.json,2026-08-30T23:00:00+1000,2026-08-30T13:00:00+0000,2026-08-30,23,8.8,7.6,0,3,3.3,10.4,overcast
craigieburn,-37.5989,144.9418,-37.57469,144.95999,195.0,Australia/Sydney,weather_forecast_2026-08-26.json,2026-08-31T00:00:00+1000,2026-08-30T14:00:00+0000,2026-08-31,0,8.9,7.7,0,3,3.2,7.6,overcast
craigieburn,-37.5989,144.9418,-37.57469,144.95999,195.0,Australia/Sydney,weather_forecast_2026-08-26.json,2026-08-31T01:00:00+1000,2026-08-30T15:00:00+0000,2026-08-31,1,9.1,7.9,0,3,3.1,5.4,overcast
craigieburn,-37.5989,144.9418,-37.57469,144.95999,195.0,Australia/Sydney,weather_forecast_2026-08-26.json,2026-08-31T02:00:00+1000,2026-08-30T16:00:00+0000,2026-08-31,2,9.2,8.1,0,3,2.6,4.3,overcast
craigieburn,-37.5989,144.9418,-37.57469,144.95999,195.0,Australia/Sydney,weather_forecast_2026-08-26.json,2026-08-31T03:00:00+1000,2026-08-30T17:00:00+0000,2026-08-31,3,9.3,8.5,0,3,1.8,4.3,overcast
craigieburn,-37.5989,144.9418,-37.57469,144.95999,195.0,Australia/Sydney,weather_forecast_2026-08-26.json,2026-08-31T04:00:00+1000,2026-08-30T18:00:00+0000,2026-08-31,4,9.4,8.7,0,3,1.4,4.3,overcast
craigieburn,-37.5989,144.9418,-37.57469,144.95999,195.0,Australia/Sydney,weather_forecast_2026-08-26.json,2026-08-31T05:00:00+1000,2026-08-30T19:00:00+0000,2026-08-31,5,9.4,8.6,0,3,1.8,4.0,overcast
craigieburn,-37.5989,144.9418,-37.57469,144.95999,195.0,Australia/Sydney,weather_forecast_2026-08-26.json,2026-08-31T06:00:00+1000,2026-08-30T20:00:00+0000,2026-08-31,6,9.3,8.4,0,3,2.4,3.6,overcast
craigieburn,-37.5989,144.9418,-37.57469,144.95999,195.0,Australia/Sydney,weather_forecast_2026-08-26.json,2026-08-31T07:00:00+1000,2026-08-30T21:00:00+0000,2026-08-31,7,9.4,8.4,0,3,2.7,4.3,overcast
craigieburn,-37.5989,144.9418,-37.57469,144.95999,195.0,Australia/Sydney,weather_forecast_2026-08-26.json,2026-08-31T08:00:00+1000,2026-08-30T22:00:00+0000,2026-08-31,8,9.6,8.7,0,3,2.9,6.5,overcast
craigieburn,-37.5989,144.9418,-37.57469,144.95999,195.0,Australia/Sydney,weather_forecast_2026-08-26.json,2026-08-31T09:00:00+1000,2026-08-30T23:00:00+0000,2026-08-31,9,10.0,9.1,0,3,3.1,9.7,overcast
craigieburn,-37.5989,144.9418,-37.57469,144.95999,195.0,Australia/Sydney,weather_forecast_2026-08-26.json,2026-08-31T10:00:00+1000,2026-08-31T00:00:00+0000,2026-08-31,10,11.0,10.0,0,3,4.1,13.3,overcast
craigieburn,-37.5989,144.9418,-37.57469,144.95999,195.0,Australia/Sydney,weather_forecast_2026-08-26.json,2026-08-31T11:00:00+1000,2026-08-31T01:00:00+0000,2026-08-31,11,12.9,11.6,0,2,6.3,17.3,partly_cloudy
craigieburn,-37.5989,144.9418,-37.57469,144.95999,195.0,Australia/Sydney,weather_forecast_2026-08-26.json,2026-08-31T12:00:00+1000,2026-08-31T02:00:00+0000,2026-08-31,12,15.3,14.0,0,1,9.4,21.2,mainly_clear
craigieburn,-37.5989,144.9418,-37.57469,144.95999,195.0,Australia/Sydney,weather_forecast_2026-08-26.json,2026-08-31T13:00:00+1000,2026-08-31T03:00:00+0000,2026-08-31,13,17.1,15.8,0,0,12.2,25.6,clear_sky
craigieburn,-37.5989,144.9418,-37.57469,144.95999,195.0,Australia/Sydney,weather_forecast_2026-08-26.json,2026-08-31T14:00:00+1000,2026-08-31T04:00:00+0000,2026-08-31,14,18.0,16.4,0,0,14.6,29.9,clear_sky
craigieburn,-37.5989,144.9418,-37.57469,144.95999,195.0,Australia/Sydney,weather_forecast_2026-08-26.json,2026-08-31T15:00:00+1000,2026-08-31T05:00:00+0000,2026-08-31,15,18.3,16.1,0,0,16.7,34.6,clear_sky
craigieburn,-37.5989,144.9418,-37.57469,144.95999,195.0,Australia/Sydney,weather_forecast_2026-08-26.json,2026-08-31T16:00:00+1000,2026-08-31T06:00:00+0000,2026-08-31,16,18.0,15.6,0,0,18.0,37.1,clear_sky
craigieburn,-37.5989,144.9418,-37.57469,144.95999,195.0,Australia/Sydney,weather_forecast_2026-08-26.json,2026-08-31T17:00:00+1000,2026-08-31T07:00:00+0000,2026-08-31,17,16.8,14.4,0,0,18.0,36.7,clear_sky
craigieburn,-37.5989,144.9418,-37.57469,144.95999,195.0,Australia/Sydney,weather_forecast_2026-08-26.json,2026-08-31T18:00:00+1000,2026-08-31T08:00:00+0000,2026-08-31,18,14.9,12.6,0,0,17.1,34.6,clear_sky
craigieburn,-37.5989,144.9418,-37.57469,144.95999,195.0,Australia/Sydney,weather_forecast_2026-08-26.json,2026-08-31T19:00:00+1000,2026-08-31T09:00:00+0000,2026-08-31,19,13.4,11.0,0,0,17.0,33.5,clear_sky
craigieburn,-37.5989,144.9418,-37.57469,144.95999,195.0,Australia/Sydney,weather_forecast_2026-08-26.json,2026-08-31T20:00:00+1000,2026-08-31T10:00:00+0000,2026-08-31,20,12.6,10.0,0,0,18.2,34.6,clear_sky
craigieburn,-37.5989,144.9418,-37.57469,144.95999,195.0,Australia/Sydney,weather_forecast_2026-08-26.json,2026-08-31T21:00:00+1000,2026-08-31T11:00:00+0000,2026-08-31,21,12.0,9.0,0,0,20.0,36.4,clear_sky
craigieburn,-37.5989,144.9418,-37.57469,144.95999,195.0,Australia/Sydney,weather_forecast_2026-08-26.json,2026-08-31T22:00:00+1000,2026-08-31T12:00:00+0000,2026-08-31,22,11.6,8.4,0,0,21.6,38.2,clear_sky
craigieburn,-37.5989,144.9418,-37.57469,144.95999,195.0,Australia/Sydney,weather_forecast_2026-08-26.json,2026-08-31T23:00:00+1000,2026-08-31T13:00:00+0000,2026-08-31,23,11.3,8.0,0,0,22.7,39.6,clear_sky
craigieburn,-37.5989,144.9418,-37.57469,144.95999,195.0,Australia/Sydney,weather_forecast_2026-08-26.json,2026-09-01T00:00:00+1000,2026-08-31T14:00:00+0000,2026-09-01,0,11.3,7.8,0,1,23.6,41.4,mainly_clear
craigieburn,-37.5989,144.9418,-37.57469,144.95999,195.0,Australia/Sydney,weather_forecast_2026-08-26.json,2026-09-01T01:00:00+1000,2026-08-31T15:00:00+0000,2026-09-01,1,11.2,7.7,0,1,24.1,42.8,mainly_clear
craigieburn,-37.5989,144.9418,-37.57469,144.95999,195.0,Australia/Sydney,weather_forecast_2026-08-26.json,2026-09-01T02:00:00+1000,2026-08-31T16:00:00+0000,2026-09-01,2,11.2,7.7,0,2,23.9,44.6,partly_cloudy
craigieburn,-37.5989,144.9418,-37.57469,144.95999,195.0,Australia/Sydney,weather_forecast_2026-08-26.json,2026-09-01T03:00:00+1000,2026-08-31T17:00:00+0000,2026-09-01,3,11.2,7.8,0,3,23.4,46.8,overcast
craigieburn,-37.5989,144.9418,-37.57469,144.95999,195.0,Australia/Sydney,weather_forecast_2026-08-26.json,2026-09-01T04:00:00+1000,2026-08-31T18:00:00+0000,2026-09-01,4,11.1,7.6,0,3,23.4,48.2,overcast
craigieburn,-37.5989,144.9418,-37.57469,144.95999,195.0,Australia/Sydney,weather_forecast_2026-08-26.json,2026-09-01T05:00:00+1000,2026-08-31T19:00:00+0000,2026-09-01,5,10.8,7.2,0,3,24.6,48.2,overcast
craigieburn,-37.5989,144.9418,-37.57469,144.95999,195.0,Australia/Sydney,weather_forecast_2026-08-26.json,2026-09-01T06:00:00+1000,2026-08-31T20:00:00+0000,2026-09-01,6,10.5,6.5,0,3,26.3,47.9,overcast
craigieburn,-37.5989,144.9418,-37.57469,144.95999,195.0,Australia/Sydney,weather_forecast_2026-08-26.json,2026-09-01T07:00:00+1000,2026-08-31T21:00:00+0000,2026-09-01,7,10.5,6.1,0,3,28.5,49.3,overcast
craigieburn,-37.5989,144.9418,-37.57469,144.95999,195.0,Australia/Sydney,weather_forecast_2026-08-26.json,2026-09-01T08:00:00+1000,2026-08-31T22:00:00+0000,2026-09-01,8,11.5,6.3,1,3,34.4,63.4,overcast
craigieburn,-37.5989,144.9418,-37.57469,144.95999,195.0,Australia/Sydney,weather_forecast_2026-08-26.json,2026-09-01T09:00:00+1000,2026-08-31T23:00:00+0000,2026-09-01,9,11.8,6.3,2,3,36.7,66.6,overcast
craigieburn,-37.5989,144.9418,-37.57469,144.95999,195.0,Australia/Sydney,weather_forecast_2026-08-26.json,2026-09-01T10:00:00+1000,2026-09-01T00:00:00+0000,2026-09-01,10,12.3,6.6,4,3,37.6,69.1,overcast
craigieburn,-37.5989,144.9418,-37.57469,144.95999,195.0,Australia/Sydney,weather_forecast_2026-08-26.json,2026-09-01T11:00:00+1000,2026-09-01T01:00:00+0000,2026-09-01,11,13.0,7.5,7,51,37.3,70.6,light_drizzle
craigieburn,-37.5989,144.9418,-37.57469,144.95999,195.0,Australia/Sydney,weather_forecast_2026-08-26.json,2026-09-01T12:00:00+1000,2026-09-01T02:00:00+0000,2026-09-01,12,14.1,8.9,11,51,36.0,71.6,light_drizzle
craigieburn,-37.5989,144.9418,-37.57469,144.95999,195.0,Australia/Sydney,weather_forecast_2026-08-26.json,2026-09-01T13:00:00+1000,2026-09-01T03:00:00+0000,2026-09-01,13,15.2,10.4,15,51,34.3,72.4,light_drizzle
craigieburn,-37.5989,144.9418,-37.57469,144.95999,195.0,Australia/Sydney,weather_forecast_2026-08-26.json,2026-09-01T14:00:00+1000,2026-09-01T04:00:00+0000,2026-09-01,14,16.3,11.9,19,51,31.7,72.0,light_drizzle
craigieburn,-37.5989,144.9418,-37.57469,144.95999,195.0,Australia/Sydney,weather_forecast_2026-08-26.json,2026-09-01T15:00:00+1000,2026-09-01T05:00:00+0000,2026-09-01,15,17.1,13.1,24,51,29.0,71.6,light_drizzle
craigieburn,-37.5989,144.9418,-37.57469,144.95999,195.0,Australia/Sydney,weather_forecast_2026-08-26.json,2026-09-01T16:00:00+1000,2026-09-01T06:00:00+0000,2026-09-01,16,17.4,14.0,29,51,25.9,70.2,light_drizzle
craigieburn,-37.5989,144.9418,-37.57469,144.95999,195.0,Australia/Sydney,weather_forecast_2026-08-26.json,2026-09-01T17:00:00+1000,2026-09-01T07:00:00+0000,2026-09-01,17,17.1,14.2,36,53,22.2,68.0,moderate_drizzle
craigieburn,-37.5989,144.9418,-37.57469,144.95999,195.0,Australia/Sydney,weather_forecast_2026-08-26.json,2026-09-01T18:00:00+1000,2026-09-01T08:00:00+0000,2026-09-01,18,16.4,14.3,44,53,17.7,64.8,moderate_drizzle
craigieburn,-37.5989,144.9418,-37.57469,144.95999,195.0,Australia/Sydney,weather_forecast_2026-08-26.json,2026-09-01T19:00:00+1000,2026-09-01T09:00:00+0000,2026-09-01,19,15.3,13.8,51,53,14.1,60.8,moderate_drizzle
craigieburn,-37.5989,144.9418,-37.57469,144.95999,195.0,Australia/Sydney,weather_forecast_2026-08-26.json,2026-09-01T20:00:00+1000,2026-09-01T10:00:00+0000,2026-09-01,20,14.2,12.8,57,53,12.8,56.9,moderate_drizzle
craigieburn,-37.5989,144.9418,-37.57469,144.95999,195.0,Australia/Sydney,weather_forecast_2026-08-26.json,2026-09-01T21:00:00+1000,2026-09-01T11:00:00+0000,2026-09-01,21,13.0,11.5,63,53,13.6,52.9,moderate_drizzle
craigieburn,-37.5989,144.9418,-37.57469,144.95999,195.0,Australia/Sydney,weather_forecast_2026-08-26.json,2026-09-01T22:00:00+1000,2026-09-01T12:00:00+0000,2026-09-01,22,12.0,10.2,65,53,14.5,49.7,moderate_drizzle
craigieburn,-37.5989,144.9418,-37.57469,144.95999,195.0,Australia/Sydney,weather_forecast_2026-08-26.json,2026-09-01T23:00:00+1000,2026-09-01T13:00:00+0000,2026-09-01,23,10.9,9.0,62,3,14.2,47.2,overcast
dandenong,-37.9875,145.2148,-37.996487,145.16129,27.0,Australia/Sydney,weather_forecast_2026-08-26.json,2026-08-26T00:00:00+1000,2026-08-25T14:00:00+0000,2026-08-26,0,12.0,9.8,58,51,15.4,28.8,light_drizzle
dandenong,-37.9875,145.2148,-37.996487,145.16129,27.0,Australia/Sydney,weather_forecast_2026-08-26.json,2026-08-26T01:00:00+1000,2026-08-25T15:00:00+0000,2026-08-26,1,11.7,9.5,80,51,14.8,29.5,light_drizzle
dandenong,-37.9875,145.2148,-37.996487,145.16129,27.0,Australia/Sydney,weather_forecast_2026-08-26.json,2026-08-26T02:00:00+1000,2026-08-25T16:00:00+0000,2026-08-26,2,11.7,9.2,63,3,15.5,28.8,overcast
dandenong,-37.9875,145.2148,-37.996487,145.16129,27.0,Australia/Sydney,weather_forecast_2026-08-26.json,2026-08-26T03:00:00+1000,2026-08-25T17:00:00+0000,2026-08-26,3,11.6,9.1,29,0,14.4,29.2,clear_sky
dandenong,-37.9875,145.2148,-37.996487,145.16129,27.0,Australia/Sydney,weather_forecast_2026-08-26.json,2026-08-26T04:00:00+1000,2026-08-25T18:00:00+0000,2026-08-26,4,11.1,8.9,10,1,11.8,27.0,mainly_clear
dandenong,-37.9875,145.2148,-37.996487,145.16129,27.0,Australia/Sydney,weather_forecast_2026-08-26.json,2026-08-26T05:00:00+1000,2026-08-25T19:00:00+0000,2026-08-26,5,10.9,8.9,25,2,10.5,21.2,partly_cloudy
dandenong,-37.9875,145.2148,-37.996487,145.16129,27.0,Australia/Sydney,weather_forecast_2026-08-26.json,2026-08-26T06:00:00+1000,2026-08-25T20:00:00+0000,2026-08-26,6,10.9,8.8,56,51,12.0,22.3,light_drizzle
dandenong,-37.9875,145.2148,-37.996487,145.16129,27.0,Australia/Sydney,weather_forecast_2026-08-26.json,2026-08-26T07:00:00+1000,2026-08-25T21:00:00+0000,2026-08-26,7,10.6,8.5,75,51,12.3,24.8,light_drizzle
dandenong,-37.9875,145.2148,-37.996487,145.16129,27.0,Australia/Sydney,weather_forecast_2026-08-26.json,2026-08-26T08:00:00+1000,2026-08-25T22:00:00+0000,2026-08-26,8,11.3,9.4,69,51,11.0,23.0,light_drizzle
dandenong,-37.9875,145.2148,-37.996487,145.16129,27.0,Australia/Sydney,weather_forecast_2026-08-26.json,2026-08-26T09:00:00+1000,2026-08-25T23:00:00+0000,2026-08-26,9,12.3,10.1,52,51,11.9,27.0,light_drizzle
dandenong,-37.9875,145.2148,-37.996487,145.16129,27.0,Australia/Sydney,weather_forecast_2026-08-26.json,2026-08-26T10:00:00+1000,2026-08-26T00:00:00+0000,2026-08-26,10,13.2,10.7,37,2,13.2,29.2,partly_cloudy
dandenong,-37.9875,145.2148,-37.996487,145.16129,27.0,Australia/Sydney,weather_forecast_2026-08-26.json,2026-08-26T11:00:00+1000,2026-08-26T01:00:00+0000,2026-08-26,11,13.4,11.0,31,51,13.4,31.7,light_drizzle
dandenong,-37.9875,145.2148,-37.996487,145.16129,27.0,Australia/Sydney,weather_forecast_2026-08-26.json,2026-08-26T12:00:00+1000,2026-08-26T02:00:00+0000,2026-08-26,12,13.8,10.9,27,1,15.3,35.6,mainly_clear
dandenong,-37.9875,145.2148,-37.996487,145.16129,27.0,Australia/Sydney,weather_forecast_2026-08-26.json,2026-08-26T13:00:00+1000,2026-08-26T03:00:00+0000,2026-08-26,13,14.0,10.8,22,1,17.0,39.2,mainly_clear
dandenong,-37.9875,145.2148,-37.996487,145.16129,27.0,Australia/Sydney,weather_forecast_2026-08-26.json,2026-08-26T14:00:00+1000,2026-08-26T04:00:00+0000,2026-08-26,14,13.9,10.7,14,1,17.2,40.3,mainly_clear
dandenong,-37.9875,145.2148,-37.996487,145.16129,27.0,Australia/Sydney,weather_forecast_2026-08-26.json,2026-08-26T15:00:00+1000,2026-08-26T05:00:00+0000,2026-08-26,15,13.9,10.8,6,0,16.2,40.0,clear_sky
dandenong,-37.9875,145.2148,-37.996487,145.16129,27.0,Australia/Sydney,weather_forecast_2026-08-26.json,2026-08-26T16:00:00+1000,2026-08-26T06:00:00+0000,2026-08-26,16,13.6,10.8,0,0,14.1,37.1,clear_sky
dandenong,-37.9875,145.2148,-37.996487,145.16129,27.0,Australia/Sydney,weather_forecast_2026-08-26.json,2026-08-26T17:00:00+1000,2026-08-26T07:00:00+0000,2026-08-26,17,13.1,10.8,0,0,11.3,31.7,clear_sky
dandenong,-37.9875,145.2148,-37.996487,145.16129,27.0,Australia/Sydney,weather_forecast_2026-08-26.json,2026-08-26T18:00:00+1000,2026-08-26T08:00:00+0000,2026-08-26,18,12.1,10.1,0,2,9.7,22.7,partly_cloudy
dandenong,-37.9875,145.2148,-37.996487,145.16129,27.0,Australia/Sydney,weather_forecast_2026-08-26.json,2026-08-26T19:00:00+1000,2026-08-26T09:00:00+0000,2026-08-26,19,11.6,10.0,0,3,7.0,18.7,overcast
dandenong,-37.9875,145.2148,-37.996487,145.16129,27.0,Australia/Sydney,weather_forecast_2026-08-26.json,2026-08-26T20:00:00+1000,2026-08-26T10:00:00+0000,2026-08-26,20,11.1,9.7,0,3,6.1,13.7,overcast
dandenong,-37.9875,145.2148,-37.996487,145.16129,27.0,Australia/Sydney,weather_forecast_2026-08-26.json,2026-08-26T21:00:00+1000,2026-08-26T11:00:00+0000,2026-08-26,21,10.5,9.2,0,3,4.8,11.5,overcast
dandenong,-37.9875,145.2148,-37.996487,145.16129,27.0,Australia/Sydney,weather_forecast_2026-08-26.json,2026-08-26T22:00:00+1000,2026-08-26T12:00:00+0000,2026-08-26,22,10.3,9.0,0,3,4.3,9.7,overcast
dandenong,-37.9875,145.2148,-37.996487,145.16129,27.0,Australia/Sydney,weather_forecast_2026-08-26.json,2026-08-26T23:00:00+1000,2026-08-26T13:00:00+0000,2026-08-26,23,10.0,8.9,0,3,3.3,9.0,overcast
dandenong,-37.9875,145.2148,-37.996487,145.16129,27.0,Australia/Sydney,weather_forecast_2026-08-26.json,2026-08-27T00:00:00+1000,2026-08-26T14:00:00+0000,2026-08-27,0,10.1,9.0,0,3,2.8,7.2,overcast
dandenong,-37.9875,145.2148,-37.996487,145.16129,27.0,Australia/Sydney,weather_forecast_2026-08-26.json,2026-08-27T01:00:00+1000,2026-08-26T15:00:00+0000,2026-08-27,1,10.1,9.0,0,3,2.9,6.5,overcast
dandenong,-37.9875,145.2148,-37.996487,145.16129,27.0,Australia/Sydney,weather_forecast_2026-08-26.json,2026-08-27T02:00:00+1000,2026-08-26T16:00:00+0000,2026-08-27,2,10.0,8.9,0,3,1.8,5.0,overcast
dandenong,-37.9875,145.2148,-37.996487,145.16129,27.0,Australia/Sydney,weather_forecast_2026-08-26.json,2026-08-27T03:00:00+1000,2026-08-26T17:00:00+0000,2026-08-27,3,9.5,8.4,0,3,1.3,3.2,overcast
dandenong,-37.9875,145.2148,-37.996487,145.16129,27.0,Australia/Sydney,weather_forecast_2026-08-26.json,2026-08-27T04:00:00+1000,2026-08-26T18:00:00+0000,2026-08-27,4,9.1,7.6,0,3,3.6,7.2,overcast
dandenong,-37.9875,145.2148,-37.996487,145.16129,27.0,Australia/Sydney,weather_forecast_2026-08-26.json,2026-08-27T05:00:00+1000,2026-08-26T19:00:00+0000,2026-08-27,5,8.5,6.5,0,2,7.1,13.3,partly_cloudy
dandenong,-37.9875,145.2148,-37.996487,145.16129,27.0,Australia/Sydney,weather_forecast_2026-08-26.json,2026-08-27T06:00:00+1000,2026-08-26T20:00:00+0000,2026-08-27,6,8.3,6.1,0,1,8.5,15.8,mainly_clear
dandenong,-37.9875,145.2148,-37.996487,145.16129,27.0,Australia/Sydney,weather_forecast_2026-08-26.json,2026-08-27T07:00:00+1000,2026-08-26T21:00:00+0000,2026-08-27,7,8.0,6.0,0,0,7.3,15.8,clear_sky
dandenong,-37.9875,145.2148,-37.996487,145.16129,27.0,Australia/Sydney,weather_forecast_2026-08-26.json,2026-08-27T08:00:00+1000,2026-08-26T22:00:00+0000,2026-08-27,8,9.1,7.2,0,0,8.0,14.8,clear_sky
dandenong,-37.9875,145.2148,-37.996487,145.16129,27.0,Australia/Sydney,weather_forecast_2026-08-26.json,2026-08-27T09:00:00+1000,2026-08-26T23:00:00+0000,2026-08-27,9,10.5,8.9,0,0,7.1,18.7,clear_sky
dandenong,-37.9875,145.2148,-37.996487,145.16129,27.0,Australia/Sydney,weather_forecast_2026-08-26.json,2026-08-27T10:00:00+1000,2026-08-27T00:00:00+0000,2026-08-27,10,11.5,9.9,0,0,7.4,20.9,clear_sky
dandenong,-37.9875,145.2148,-37.996487,145.16129,27.0,Australia/Sydney,weather_forecast_2026-08-26.json,2026-08-27T11:00:00+1000,2026-08-27T01:00:00+0000,2026-08-27,11,12.3,10.7,0,1,7.3,21.6,mainly_clear
dandenong,-37.9875,145.2148,-37.996487,145.16129,27.0,Australia/Sydney,weather_forecast_2026-08-26.json,2026-08-27T12:00:00+1000,2026-08-27T02:00:00+0000,2026-08-27,12,13.1,11.8,0,3,7.0,21.6,overcast
dandenong,-37.9875,145.2148,-37.996487,145.16129,27.0,Australia/Sydney,weather_forecast_2026-08-26.json,2026-08-27T13:00:00+1000,2026-08-27T03:00:00+0000,2026-08-27,13,13.4,12.1,0,1,7.4,22.0,mainly_clear
dandenong,-37.9875,145.2148,-37.996487,145.16129,27.0,Australia/Sydney,weather_forecast_2026-08-26.json,2026-08-27T14:00:00+1000,2026-08-27T04:00:00+0000,2026-08-27,14,13.5,12.2,0,0,7.5,22.0,clear_sky
dandenong,-37.9875,145.2148,-37.996487,145.16129,27.0,Australia/Sydney,weather_forecast_2026-08-26.json,2026-08-27T15:00:00+1000,2026-08-27T05:00:00+0000,2026-08-27,15,13.5,11.7,0,0,6.9,22.3,clear_sky
dandenong,-37.9875,145.2148,-37.996487,145.16129,27.0,Australia/Sydney,weather_forecast_2026-08-26.json,2026-08-27T16:00:00+1000,2026-08-27T06:00:00+0000,2026-08-27,16,13.4,12.2,0,0,1.9,19.8,clear_sky
dandenong,-37.9875,145.2148,-37.996487,145.16129,27.0,Australia/Sydney,weather_forecast_2026-08-26.json,2026-08-27T17:00:00+1000,2026-08-27T07:00:00+0000,2026-08-27,17,12.8,11.2,0,2,5.8,12.6,partly_cloudy
dandenong,-37.9875,145.2148,-37.996487,145.16129,27.0,Australia/Sydney,weather_forecast_2026-08-26.json,2026-08-27T18:00:00+1000,2026-08-27T08:00:00+0000,2026-08-27,18,11.3,10.3,0,3,3.3,13.0,overcast
dandenong,-37.9875,145.2148,-37.996487,145.16129,27.0,Australia/Sydney,weather_forecast_2026-08-26.json,2026-08-27T19:00:00+1000,2026-08-27T09:00:00+0000,2026-08-27,19,12.1,11.6,0,3,1.1,6.5,overcast
dandenong,-37.9875,145.2148,-37.996487,145.16129,27.0,Australia/Sydney,weather_forecast_2026-08-26.json,2026-08-27T20:00:00+1000,2026-08-27T10:00:00+0000,2026-08-27,20,12.2,11.8,0,3,0.6,2.2,overcast
dandenong,-37.9875,145.2148,-37.996487,145.16129,27.0,Australia/Sydney,weather_forecast_2026-08-26.json,2026-08-27T21:00:00+1000,2026-08-27T11:00:00+0000,2026-08-27,21,11.5,10.8,0,3,1.3,3.6,overcast
dandenong,-37.9875,145.2148,-37.996487,145.16129,27.0,Australia/Sydney,weather_forecast_2026-08-26.json,2026-08-27T22:00:00+1000,2026-08-27T12:00:00+0000,2026-08-27,22,11.3,10.0,0,3,5.1,9.4,overcast
dandenong,-37.9875,145.2148,-37.996487,145.16129,27.0,Australia/Sydney,weather_forecast_2026-08-26.json,2026-08-27T23:00:00+1000,2026-08-27T13:00:00+0000,2026-08-27,23,10.8,8.9,0,3,8.5,15.8,overcast
dandenong,-37.9875,145.2148,-37.996487,145.16129,27.0,Australia/Sydney,weather_forecast_2026-08-26.json,2026-08-28T00:00:00+1000,2026-08-27T14:00:00+0000,2026-08-28,0,10.7,8.6,0,3,9.0,16.9,overcast
dandenong,-37.9875,145.2148,-37.996487,145.16129,27.0,Australia/Sydney,weather_forecast_2026-08-26.json,2026-08-28T01:00:00+1000,2026-08-27T15:00:00+0000,2026-08-28,1,10.7,8.4,0,1,9.9,19.1,mainly_clear
dandenong,-37.9875,145.2148,-37.996487,145.16129,27.0,Australia/Sydney,weather_forecast_2026-08-26.json,2026-08-28T02:00:00+1000,2026-08-27T16:00:00+0000,2026-08-28,2,9.8,7.4,0,2,10.9,20.9,partly_cloudy
dandenong,-37.9875,145.2148,-37.996487,145.16129,27.0,Australia/Sydney,weather_forecast_2026-08-26.json,2026-08-28T03:00:00+1000,2026-08-27T17:00:00+0000,2026-08-28,3,9.4,6.9,0,2,11.4,21.6,partly_cloudy
dandenong,-37.9875,145.2148,-37.996487,145.16129,27.0,Australia/Sydney,weather_forecast_2026-08-26.json,2026-08-28T04:00:00+1000,2026-08-27T18:00:00+0000,2026-08-28,4,9.2,6.6,0,0,11.6,23.4,clear_sky
dandenong,-37.9875,145.2148,-37.996487,145.16129,27.0,Australia/Sydney,weather_forecast_2026-08-26.json,2026-08-28T05:00:00+1000,2026-08-27T19:00:00+0000,2026-08-28,5,9.0,6.3,0,0,11.5,22.3,clear_sky
dandenong,-37.9875,145.2148,-37.996487,145.16129,27.0,Australia/Sydney,weather_forecast_2026-08-26.json,2026-08-28T06:00:00+1000,2026-08-27T20:00:00+0000,2026-08-28,6,9.1,6.2,0,0,11.4,22.0,clear_sky
dandenong,-37.9875,145.2148,-37.996487,145.16129,27.0,Australia/Sydney,weather_forecast_2026-08-26.json,2026-08-28T07:00:00+1000,2026-08-27T21:00:00+0000,2026-08-28,7,9.1,6.3,0,0,11.6,22.7,clear_sky
dandenong,-37.9875,145.2148,-37.996487,145.16129,27.0,Australia/Sydney,weather_forecast_2026-08-26.json,2026-08-28T08:00:00+1000,2026-08-27T22:00:00+0000,2026-08-28,8,10.1,7.3,2,0,12.2,24.1,clear_sky
dandenong,-37.9875,145.2148,-37.996487,145.16129,27.0,Australia/Sydney,weather_forecast_2026-08-26.json,2026-08-28T09:00:00+1000,2026-08-27T23:00:00+0000,2026-08-28,9,11.7,9.3,6,0,11.1,24.8,clear_sky
dandenong,-37.9875,145.2148,-37.996487,145.16129,27.0,Australia/Sydney,weather_forecast_2026-08-26.json,2026-08-28T10:00:00+1000,2026-08-28T00:00:00+0000,2026-08-28,10,13.2,10.8,10,2,10.9,27.0,partly_cloudy
dandenong,-37.9875,145.2148,-37.996487,145.16129,27.0,Australia/Sydney,weather_forecast_2026-08-26.json,2026-08-28T11:00:00+1000,2026-08-28T01:00:00+0000,2026-08-28,11,13.9,11.7,15,3,10.1,26.6,overcast
dandenong,-37.9875,145.2148,-37.996487,145.16129,27.0,Australia/Sydney,weather_forecast_2026-08-26.json,2026-08-28T12:00:00+1000,2026-08-28T02:00:00+0000,2026-08-28,12,14.0,12.1,20,3,8.7,24.8,overcast
dandenong,-37.9875,145.2148,-37.996487,145.16129,27.0,Australia/Sydney,weather_forecast_2026-08-26.json,2026-08-28T13:00:00+1000,2026-08-28T03:00:00+0000,2026-08-28,13,13.9,12.5,24,51,7.5,20.9,light_drizzle
dandenong,-37.9875,145.2148,-37.996487,145.16129,27.0,Australia/Sydney,weather_forecast_2026-08-26.json,2026-08-28T14:00:00+1000,2026-08-28T04:00:00+0000,2026-08-28,14,13.7,12.6,28,53,8.3,19.1,moderate_drizzle
dandenong,-37.9875,145.2148,-37.996487,145.16129,27.0,Australia/Sydney,weather_forecast_2026-08-26.json,2026-08-28T15:00:00+1000,2026-08-28T05:00:00+0000,2026-08-28,15,13.8,13.3,31,53,6.2,19.8,moderate_drizzle
dandenong,-37.9875,145.2148,-37.996487,145.16129,27.0,Australia/Sydney,weather_forecast_2026-08-26.json,2026-08-28T16:00:00+1000,2026-08-28T06:00:00+0000,2026-08-28,16,14.0,13.5,31,51,6.3,17.3,light_drizzle
dandenong,-37.9875,145.2148,-37.996487,145.16129,27.0,Australia/Sydney,weather_forecast_2026-08-26.json,2026-08-28T17:00:00+1000,2026-08-28T07:00:00+0000,2026-08-28,17,13.6,13.4,26,3,4.0,16.2,overcast
dandenong,-37.9875,145.2148,-37.996487,145.16129,27.0,Australia/Sydney,weather_forecast_2026-08-26.json,2026-08-28T18:00:00+1000,2026-08-28T08:00:00+0000,2026-08-28,18,13.2,13.2,17,3,3.5,9.0,overcast
dandenong,-37.9875,145.2148,-37.996487,145.16129,27.0,Australia/Sydney,weather_forecast_2026-08-26.json,2026-08-28T19:00:00+1000,2026-08-28T09:00:00+0000,2026-08-28,19,13.0,12.7,10,51,5.1,9.7,light_drizzle
dandenong,-37.9875,145.2148,-37.996487,145.16129,27.0,Australia/Sydney,weather_forecast_2026-08-26.json,2026-08-28T20:00:00+1000,2026-08-28T10:00:00+0000,2026-08-28,20,12.9,12.4,5,51,5.2,9.7,light_drizzle
dandenong,-37.9875,145.2148,-37.996487,145.16129,27.0,Australia/Sydney,weather_forecast_2026-08-26.json,2026-08-28T21:00:00+1000,2026-08-28T11:00:00+0000,2026-08-28,21,12.1,11.7,2,2,3.6,10.1,partly_cloudy
dandenong,-37.9875,145.2148,-37.996487,145.16129,27.0,Australia/Sydney,weather_forecast_2026-08-26.json,2026-08-28T22:00:00+1000,2026-08-28T12:00:00+0000,2026-08-28,22,11.1,10.2,0,3,4.4,7.2,overcast
dandenong,-37.9875,145.2148,-37.996487,145.16129,27.0,Australia/Sydney,weather_forecast_2026-08-26.json,2026-08-28T23:00:00+1000,2026-08-28T13:00:00+0000,2026-08-28,23,11.3,10.7,1,3,2.5,7.9,overcast
dandenong,-37.9875,145.2148,-37.996487,145.16129,27.0,Australia/Sydney,weather_forecast_2026-08-26.json,2026-08-29T00:00:00+1000,2026-08-28T14:00:00+0000,2026-08-29,0,11.0,10.6,3,3,1.5,3.2,overcast
dandenong,-37.9875,145.2148,-37.996487,145.16129,27.0,Australia/Sydney,weather_forecast_2026-08-26.json,2026-08-29T01:00:00+1000,2026-08-28T15:00:00+0000,2026-08-29,1,11.2,10.6,4,51,3.2,4.7,light_drizzle
dandenong,-37.9875,145.2148,-37.996487,145.16129,27.0,Australia/Sydney,weather_forecast_2026-08-26.json,2026-08-29T02:00:00+1000,2026-08-28T16:00:00+0000,2026-08-29,2,11.2,10.5,3,51,3.8,7.2,light_drizzle
dandenong,-37.9875,145.2148,-37.996487,145.16129,27.0,Australia/Sydney,weather_forecast_2026-08-26.json,2026-08-29T03:00:00+1000,2026-08-28T17:00:00+0000,2026-08-29,3,11.0,10.0,1,51,5.0,9.0,light_drizzle
dandenong,-37.9875,145.2148,-37.996487,145.16129,27.0,Australia/Sydney,weather_forecast_2026-08-26.json,2026-08-29T04:00:00+1000,2026-08-28T18:00:00+0000,2026-08-29,4,10.3,9.1,0,1,4.7,9.4,mainly_clear
dandenong,-37.9875,145.2148,-37.996487,145.16129,27.0,Australia/Sydney,weather_forecast_2026-08-26.json,2026-08-29T05:00:00+1000,2026-08-28T19:00:00+0000,2026-08-29,5,9.6,8.2,0,0,4.6,8.6,clear_sky
dandenong,-37.9875,145.2148,-37.996487,145.16129,27.0,Australia/Sydney,weather_forecast_2026-08-26.json,2026-08-29T06:00:00+1000,2026-08-28T20:00:00+0000,2026-08-29,6,8.9,7.3,1,0,5.6,7.9,clear_sky
dandenong,-37.9875,145.2148,-37.996487,145.16129,27.0,Australia/Sydney,weather_forecast_2026-08-26.json,2026-08-29T07:00:00+1000,2026-08-28T21:00:00+0000,2026-08-29,7,9.1,7.4,2,0,7.5,13.3,clear_sky
dandenong,-37.9875,145.2148,-37.996487,145.16129,27.0,Australia/Sydney,weather_forecast_2026-08-26.json,2026-08-29T08:00:00+1000,2026-08-28T22:00:00+0000,2026-08-29,8,10.0,8.5,1,1,9.0,18.0,mainly_clear
dandenong,-37.9875,145.2148,-37.996487,145.16129,27.0,Australia/Sydney,weather_forecast_2026-08-26.json,2026-08-29T09:00:00+1000,2026-08-28T23:00:00+0000,2026-08-29,9,10.4,8.9,0,2,9.2,22.3,partly_cloudy
dandenong,-37.9875,145.2148,-37.996487,145.16129,27.0,Australia/Sydney,weather_forecast_2026-08-26.json,2026-08-29T10:00:00+1000,2026-08-29T00:00:00+0000,2026-08-29,10,11.0,9.3,0,2,9.7,24.5,partly_cloudy
dandenong,-37.9875,145.2148,-37.996487,145.16129,27.0,Australia/Sydney,weather_forecast_2026-08-26.json,2026-08-29T11:00:00+1000,2026-08-29T01:00:00+0000,2026-08-29,11,11.4,9.6,6,2,10.1,25.9,partly_cloudy
dandenong,-37.9875,145.2148,-37.996487,145.16129,27.0,Australia/Sydney,weather_forecast_2026-08-26.json,2026-08-29T12:00:00+1000,2026-08-29T02:00:00+0000,2026-08-29,12,12.0,10.1,13,1,9.9,26.3,mainly_clear
dandenong,-37.9875,145.2148,-37.996487,145.16129,27.0,Australia/Sydney,weather_forecast_2026-08-26.json,2026-08-29T13:00:00+1000,2026-08-29T03:00:00+0000,2026-08-29,13,12.6,10.6,18,1,11.1,28.8,mainly_clear
dandenong,-37.9875,145.2148,-37.996487,145.16129,27.0,Australia/Sydney,weather_forecast_2026-08-26.json,2026-08-29T14:00:00+1000,2026-08-29T04:00:00+0000,2026-08-29,14,12.7,10.1,16,3,12.9,31.7,overcast
dandenong,-37.9875,145.2148,-37.996487,145.16129,27.0,Australia/Sydney,weather_forecast_2026-08-26.json,2026-08-29T15:00:00+1000,2026-08-29T05:00:00+0000,2026-08-29,15,12.7,10.0,11,3,13.9,33.1,overcast
dandenong,-37.9875,145.2148,-37.996487,145.16129,27.0,Australia/Sydney,weather_forecast_2026-08-26.json,2026-08-29T16:00:00+1000,2026-08-29T06:00:00+0000,2026-08-29,16,12.6,10.3,6,2,11.2,32.8,partly_cloudy
dandenong,-37.9875,145.2148,-37.996487,145.16129,27.0,Australia/Sydney,weather_forecast_2026-08-26.json,2026-08-29T17:00:00+1000,2026-08-29T07:00:00+0000,2026-08-29,17,12.6,10.6,3,2,9.0,24.8,partly_cloudy
dandenong,-37.9875,145.2148,-37.996487,145.16129,27.0,Australia/Sydney,weather_forecast_2026-08-26.json,2026-08-29T18:00:00+1000,2026-08-29T08:00:00+0000,2026-08-29,18,11.5,10.4,1,1,4.0,18.4,mainly_clear
dandenong,-37.9875,145.2148,-37.996487,145.16129,27.0,Australia/Sydney,weather_forecast_2026-08-26.json,2026-08-29T19:00:00+1000,2026-08-29T09:00:00+0000,2026-08-29,19,11.3,9.9,0,3,5.9,10.8,overcast
dandenong,-37.9875,145.2148,-37.996487,145.16129,27.0,Australia/Sydney,weather_forecast_2026-08-26.json,2026-08-29T20:00:00+1000,2026-08-29T10:00:00+0000,2026-08-29,20,11.8,10.5,0,3,6.2,13.0,overcast
dandenong,-37.9875,145.2148,-37.996487,145.16129,27.0,Australia/Sydney,weather_forecast_2026-08-26.json,2026-08-29T21:00:00+1000,2026-08-29T11:00:00+0000,2026-08-29,21,12.0,10.6,0,3,7.4,14.4,overcast
dandenong,-37.9875,145.2148,-37.996487,145.16129,27.0,Australia/Sydney,weather_forecast_2026-08-26.json,2026-08-29T22:00:00+1000,2026-08-29T12:00:00+0000,2026-08-29,22,11.8,10.3,0,51,8.4,16.2,light_drizzle
dandenong,-37.9875,145.2148,-37.996487,145.16129,27.0,Australia/Sydney,weather_forecast_2026-08-26.json,2026-08-29T23:00:00+1000,2026-08-29T13:00:00+0000,2026-08-29,23,11.7,10.2,1,51,8.5,16.2,light_drizzle
dandenong,-37.9875,145.2148,-37.996487,145.16129,27.0,Australia/Sydney,weather_forecast_2026-08-26.json,2026-08-30T00:00:00+1000,2026-08-29T14:00:00+0000,2026-08-30,0,11.6,10.2,2,3,7.2,15.8,overcast
dandenong,-37.9875,145.2148,-37.996487,145.16129,27.0,Australia/Sydney,weather_forecast_2026-08-26.json,2026-08-30T01:00:00+1000,2026-08-29T15:00:00+0000,2026-08-30,1,11.2,9.8,2,3,6.7,13.3,overcast
dandenong,-37.9875,145.2148,-37.996487,145.16129,27.0,Australia/Sydney,weather_forecast_2026-08-26.json,2026-08-30T02:00:00+1000,2026-08-29T16:00:00+0000,2026-08-30,2,11.0,9.5,2,3,7.6,13.7,overcast
dandenong,-37.9875,145.2148,-37.996487,145.16129,27.0,Australia/Sydney,weather_forecast_2026-08-26.json,2026-08-30T03:00:00+1000,2026-08-29T17:00:00+0000,2026-08-30,3,10.7,9.3,1,3,7.8,14.4,overcast
dandenong,-37.9875,145.2148,-37.996487,145.16129,27.0,Australia/Sydney,weather_forecast_2026-08-26.json,2026-08-30T04:00:00+1000,2026-08-29T18:00:00+0000,2026-08-30,4,10.4,8.9,0,3,7.6,14.8,overcast
dandenong,-37.9875,145.2148,-37.996487,145.16129,27.0,Australia/Sydney,weather_forecast_2026-08-26.json,2026-08-30T05:00:00+1000,2026-08-29T19:00:00+0000,2026-08-30,5,10.2,8.9,0,3,7.4,14.4,overcast
dandenong,-37.9875,145.2148,-37.996487,145.16129,27.0,Australia/Sydney,weather_forecast_2026-08-26.json,2026-08-30T06:00:00+1000,2026-08-29T20:00:00+0000,2026-08-30,6,10.2,8.9,0,3,7.3,13.7,overcast
dandenong,-37.9875,145.2148,-37.996487,145.16129,27.0,Australia/Sydney,weather_forecast_2026-08-26.json,2026-08-30T07:00:00+1000,2026-08-29T21:00:00+0000,2026-08-30,7,10.4,9.1,0,3,7.3,14.4,overcast
dandenong,-37.9875,145.2148,-37.996487,145.16129,27.0,Australia/Sydney,weather_forecast_2026-08-26.json,2026-08-30T08:00:00+1000,2026-08-29T22:00:00+0000,2026-08-30,8,11.0,9.7,0,51,7.4,17.3,light_drizzle
dandenong,-37.9875,145.2148,-37.996487,145.16129,27.0,Australia/Sydney,weather_forecast_2026-08-26.json,2026-08-30T09:00:00+1000,2026-08-29T23:00:00+0000,2026-08-30,9,11.8,10.3,0,51,8.3,21.2,light_drizzle
dandenong,-37.9875,145.2148,-37.996487,145.16129,27.0,Australia/Sydney,weather_forecast_2026-08-26.json,2026-08-30T10:00:00+1000,2026-08-30T00:00:00+0000,2026-08-30,10,12.5,10.8,0,51,9.6,24.5,light_drizzle
dandenong,-37.9875,145.2148,-37.996487,145.16129,27.0,Australia/Sydney,weather_forecast_2026-08-26.json,2026-08-30T11:00:00+1000,2026-08-30T01:00:00+0000,2026-08-30,11,13.0,11.3,1,51,10.2,25.9,light_drizzle
dandenong,-37.9875,145.2148,-37.996487,145.16129,27.0,Australia/Sydney,weather_forecast_2026-08-26.json,2026-08-30T12:00:00+1000,2026-08-30T02:00:00+0000,2026-08-30,12,13.4,11.7,3,51,10.3,26.6,light_drizzle
dandenong,-37.9875,145.2148,-37.996487,145.16129,27.0,Australia/Sydney,weather_forecast_2026-08-26.json,2026-08-30T13:00:00+1000,2026-08-30T03:00:00+0000,2026-08-30,13,13.7,11.9,4,51,10.5,27.4,light_drizzle
dandenong,-37.9875,145.2148,-37.996487,145.16129,27.0,Australia/Sydney,weather_forecast_2026-08-26.json,2026-08-30T14:00:00+1000,2026-08-30T04:00:00+0000,2026-08-30,14,13.8,11.9,3,3,10.8,28.8,overcast
dandenong,-37.9875,145.2148,-37.996487,145.16129,27.0,Australia/Sydney,weather_forecast_2026-08-26.json,2026-08-30T15:00:00+1000,2026-08-30T05:00:00+0000,2026-08-30,15,13.8,11.8,1,3,11.0,29.9,overcast
dandenong,-37.9875,145.2148,-37.996487,145.16129,27.0,Australia/Sydney,weather_forecast_2026-08-26.json,2026-08-30T16:00:00+1000,2026-08-30T06:00:00+0000,2026-08-30,16,13.5,11.6,0,3,10.3,30.2,overcast
dandenong,-37.9875,145.2148,-37.996487,145.16129,27.0,Australia/Sydney,weather_forecast_2026-08-26.json,2026-08-30T17:00:00+1000,2026-08-30T07:00:00+0000,2026-08-30,17,12.9,11.4,0,3,7.7,29.5,overcast
dandenong,-37.9875,145.2148,-37.996487,145.16129,27.0,Australia/Sydney,weather_forecast_2026-08-26.json,2026-08-30T18:00:00+1000,2026-08-30T08:00:00+0000,2026-08-30,18,12.1,11.2,0,3,4.1,27.7,overcast
dandenong,-37.9875,145.2148,-37.996487,145.16129,27.0,Australia/Sydney,weather_forecast_2026-08-26.json,2026-08-30T19:00:00+1000,2026-08-30T09:00:00+0000,2026-08-30,19,11.5,10.9,0,3,1.8,24.5,overcast
dandenong,-37.9875,145.2148,-37.996487,145.16129,27.0,Australia/Sydney,weather_forecast_2026-08-26.json,2026-08-30T20:00:00+1000,2026-08-30T10:00:00+0000,2026-08-30,20,11.4,10.8,0,3,1.3,17.6,overcast
dandenong,-37.9875,145.2148,-37.996487,145.16129,27.0,Australia/Sydney,weather_forecast_2026-08-26.json,2026-08-30T21:00:00+1000,2026-08-30T11:00:00+0000,2026-08-30,21,11.5,10.9,0,3,1.1,9.0,overcast
dandenong,-37.9875,145.2148,-37.996487,145.16129,27.0,Australia/Sydney,weather_forecast_2026-08-26.json,2026-08-30T22:00:00+1000,2026-08-30T12:00:00+0000,2026-08-30,22,11.6,11.1,0,3,0.9,2.9,overcast
dandenong,-37.9875,145.2148,-37.996487,145.16129,27.0,Australia/Sydney,weather_forecast_2026-08-26.json,2026-08-30T23:00:00+1000,2026-08-30T13:00:00+0000,2026-08-30,23,11.6,11.2,0,3,0.4,0.7,overcast
dandenong,-37.9875,145.2148,-37.996487,145.16129,27.0,Australia/Sydney,weather_forecast_2026-08-26.json,2026-08-31T00:00:00+1000,2026-08-30T14:00:00+0000,2026-08-31,0,11.5,11.1,0,3,0.7,1.1,overcast
dandenong,-37.9875,145.2148,-37.996487,145.16129,27.0,Australia/Sydney,weather_forecast_2026-08-26.json,2026-08-31T01:00:00+1000,2026-08-30T15:00:00+0000,2026-08-31,1,11.4,11.0,0,3,1.1,1.8,overcast
dandenong,-37.9875,145.2148,-37.996487,145.16129,27.0,Australia/Sydney,weather_forecast_2026-08-26.json,2026-08-31T02:00:00+1000,2026-08-30T16:00:00+0000,2026-08-31,2,11.3,10.9,0,3,1.3,2.5,overcast
dandenong,-37.9875,145.2148,-37.996487,145.16129,27.0,Australia/Sydney,weather_forecast_2026-08-26.json,2026-08-31T03:00:00+1000,2026-08-30T17:00:00+0000,2026-08-31,3,11.1,10.7,0,3,1.3,4.0,overcast
dandenong,-37.9875,145.2148,-37.996487,145.16129,27.0,Australia/Sydney,weather_forecast_2026-08-26.json,2026-08-31T04:00:00+1000,2026-08-30T18:00:00+0000,2026-08-31,4,10.9,10.5,0,3,1.5,5.0,overcast
dandenong,-37.9875,145.2148,-37.996487,145.16129,27.0,Australia/Sydney,weather_forecast_2026-08-26.json,2026-08-31T05:00:00+1000,2026-08-30T19:00:00+0000,2026-08-31,5,10.8,10.3,0,3,1.8,4.7,overcast
dandenong,-37.9875,145.2148,-37.996487,145.16129,27.0,Australia/Sydney,weather_forecast_2026-08-26.json,2026-08-31T06:00:00+1000,2026-08-30T20:00:00+0000,2026-08-31,6,10.6,10.1,0,3,2.2,4.0,overcast
dandenong,-37.9875,145.2148,-37.996487,145.16129,27.0,Australia/Sydney,weather_forecast_2026-08-26.json,2026-08-31T07:00:00+1000,2026-08-30T21:00:00+0000,2026-08-31,7,10.7,10.1,0,3,2.6,4.7,overcast
dandenong,-37.9875,145.2148,-37.996487,145.16129,27.0,Australia/Sydney,weather_forecast_2026-08-26.json,2026-08-31T08:00:00+1000,2026-08-30T22:00:00+0000,2026-08-31,8,11.0,10.2,0,3,3.6,8.3,overcast
dandenong,-37.9875,145.2148,-37.996487,145.16129,27.0,Australia/Sydney,weather_forecast_2026-08-26.json,2026-08-31T09:00:00+1000,2026-08-30T23:00:00+0000,2026-08-31,9,11.5,10.5,0,3,5.2,13.0,overcast
dandenong,-37.9875,145.2148,-37.996487,145.16129,27.0,Australia/Sydney,weather_forecast_2026-08-26.json,2026-08-31T10:00:00+1000,2026-08-31T00:00:00+0000,2026-08-31,10,12.1,11.1,0,3,5.9,16.9,overcast
dandenong,-37.9875,145.2148,-37.996487,145.16129,27.0,Australia/Sydney,weather_forecast_2026-08-26.json,2026-08-31T11:00:00+1000,2026-08-31T01:00:00+0000,2026-08-31,11,13.0,12.0,0,2,5.4,18.4,partly_cloudy
dandenong,-37.9875,145.2148,-37.996487,145.16129,27.0,Australia/Sydney,weather_forecast_2026-08-26.json,2026-08-31T12:00:00+1000,2026-08-31T02:00:00+0000,2026-08-31,12,13.9,13.1,0,1,5.4,18.4,mainly_clear
dandenong,-37.9875,145.2148,-37.996487,145.16129,27.0,Australia/Sydney,weather_forecast_2026-08-26.json,2026-08-31T13:00:00+1000,2026-08-31T03:00:00+0000,2026-08-31,13,14.6,13.8,0,0,6.0,19.1,clear_sky
dandenong,-37.9875,145.2148,-37.996487,145.16129,27.0,Australia/Sydney,weather_forecast_2026-08-26.json,2026-08-31T14:00:00+1000,2026-08-31T04:00:00+0000,2026-08-31,14,14.9,14.4,0,0,6.7,21.2,clear_sky
dandenong,-37.9875,145.2148,-37.996487,145.16129,27.0,Australia/Sydney,weather_forecast_2026-08-26.json,2026-08-31T15:00:00+1000,2026-08-31T05:00:00+0000,2026-08-31,15,14.9,13.8,0,0,7.2,23.4,clear_sky
dandenong,-37.9875,145.2148,-37.996487,145.16129,27.0,Australia/Sydney,weather_forecast_2026-08-26.json,2026-08-31T16:00:00+1000,2026-08-31T06:00:00+0000,2026-08-31,16,14.6,13.4,0,0,7.0,24.5,clear_sky
dandenong,-37.9875,145.2148,-37.996487,145.16129,27.0,Australia/Sydney,weather_forecast_2026-08-26.json,2026-08-31T17:00:00+1000,2026-08-31T07:00:00+0000,2026-08-31,17,13.8,12.7,0,0,5.4,22.7,clear_sky
dandenong,-37.9875,145.2148,-37.996487,145.16129,27.0,Australia/Sydney,weather_forecast_2026-08-26.json,2026-08-31T18:00:00+1000,2026-08-31T08:00:00+0000,2026-08-31,18,12.6,11.8,0,0,3.7,19.4,clear_sky
dandenong,-37.9875,145.2148,-37.996487,145.16129,27.0,Australia/Sydney,weather_forecast_2026-08-26.json,2026-08-31T19:00:00+1000,2026-08-31T09:00:00+0000,2026-08-31,19,11.9,11.2,0,0,2.9,18.0,clear_sky
dandenong,-37.9875,145.2148,-37.996487,145.16129,27.0,Australia/Sydney,weather_forecast_2026-08-26.json,2026-08-31T20:00:00+1000,2026-08-31T10:00:00+0000,2026-08-31,20,12.0,11.1,0,0,4.9,19.8,clear_sky
dandenong,-37.9875,145.2148,-37.996487,145.16129,27.0,Australia/Sydney,weather_forecast_2026-08-26.json,2026-08-31T21:00:00+1000,2026-08-31T11:00:00+0000,2026-08-31,21,12.5,11.0,0,0,9.5,23.0,clear_sky
dandenong,-37.9875,145.2148,-37.996487,145.16129,27.0,Australia/Sydney,weather_forecast_2026-08-26.json,2026-08-31T22:00:00+1000,2026-08-31T12:00:00+0000,2026-08-31,22,12.8,10.9,0,0,13.4,25.9,clear_sky
dandenong,-37.9875,145.2148,-37.996487,145.16129,27.0,Australia/Sydney,weather_forecast_2026-08-26.json,2026-08-31T23:00:00+1000,2026-08-31T13:00:00+0000,2026-08-31,23,12.8,10.6,0,0,14.8,27.4,clear_sky
dandenong,-37.9875,145.2148,-37.996487,145.16129,27.0,Australia/Sydney,weather_forecast_2026-08-26.json,2026-09-01T00:00:00+1000,2026-08-31T14:00:00+0000,2026-09-01,0,12.6,10.3,0,0,14.8,28.1,clear_sky
dandenong,-37.9875,145.2148,-37.996487,145.16129,27.0,Australia/Sydney,weather_forecast_2026-08-26.json,2026-09-01T01:00:00+1000,2026-08-31T15:00:00+0000,2026-09-01,1,12.5,10.1,0,0,15.5,30.2,clear_sky
dandenong,-37.9875,145.2148,-37.996487,145.16129,27.0,Australia/Sydney,weather_forecast_2026-08-26.json,2026-09-01T02:00:00+1000,2026-08-31T16:00:00+0000,2026-09-01,2,12.7,10.1,0,1,17.8,34.9,mainly_clear
dandenong,-37.9875,145.2148,-37.996487,145.16129,27.0,Australia/Sydney,weather_forecast_2026-08-26.json,2026-09-01T03:00:00+1000,2026-08-31T17:00:00+0000,2026-09-01,3,13.1,10.2,0,2,20.6,40.7,partly_cloudy
dandenong,-37.9875,145.2148,-37.996487,145.16129,27.0,Australia/Sydney,weather_forecast_2026-08-26.json,2026-09-01T04:00:00+1000,2026-08-31T18:00:00+0000,2026-09-01,4,13.3,10.1,0,2,22.9,45.7,partly_cloudy
dandenong,-37.9875,145.2148,-37.996487,145.16129,27.0,Australia/Sydney,weather_forecast_2026-08-26.json,2026-09-01T05:00:00+1000,2026-08-31T19:00:00+0000,2026-09-01,5,13.2,9.9,0,2,24.1,48.6,partly_cloudy
dandenong,-37.9875,145.2148,-37.996487,145.16129,27.0,Australia/Sydney,weather_forecast_2026-08-26.json,2026-09-01T06:00:00+1000,2026-08-31T20:00:00+0000,2026-09-01,6,13.1,9.5,0,1,24.7,50.4,mainly_clear
dandenong,-37.9875,145.2148,-37.996487,145.16129,27.0,Australia/Sydney,weather_forecast_2026-08-26.json,2026-09-01T07:00:00+1000,2026-08-31T21:00:00+0000,2026-09-01,7,13.1,9.5,0,1,25.1,51.8,mainly_clear
dandenong,-37.9875,145.2148,-37.996487,145.16129,27.0,Australia/Sydney,weather_forecast_2026-08-26.json,2026-09-01T08:00:00+1000,2026-08-31T22:00:00+0000,2026-09-01,8,14.5,10.9,0,1,25.4,53.3,mainly_clear
dandenong,-37.9875,145.2148,-37.996487,145.16129,27.0,Australia/Sydney,weather_forecast_2026-08-26.json,2026-09-01T09:00:00+1000,2026-08-31T23:00:00+0000,2026-09-01,9,14.8,11.2,0,1,25.7,54.7,mainly_clear
dandenong,-37.9875,145.2148,-37.996487,145.16129,27.0,Australia/Sydney,weather_forecast_2026-08-26.json,2026-09-01T10:00:00+1000,2026-09-01T00:00:00+0000,2026-09-01,10,15.3,11.6,0,1,26.1,56.5,mainly_clear
dandenong,-37.9875,145.2148,-37.996487,145.16129,27.0,Australia/Sydney,weather_forecast_2026-08-26.json,2026-09-01T11:00:00+1000,2026-09-01T01:00:00+0000,2026-09-01,11,15.9,12.1,4,1,26.6,58.7,mainly_clear
dandenong,-37.9875,145.2148,-37.996487,145.16129,27.0,Australia/Sydney,weather_forecast_2026-08-26.json,2026-09-01T12:00:00+1000,2026-09-01T02:00:00+0000,2026-09-01,12,16.7,13.0,10,2,27.5,61.6,partly_cloudy
dandenong,-37.9875,145.2148,-37.996487,145.16129,27.0,Australia/Sydney,weather_forecast_2026-08-26.json,2026-09-01T13:00:00+1000,2026-09-01T03:00:00+0000,2026-09-01,13,17.5,13.7,17,2,28.3,64.1,partly_cloudy
dandenong,-37.9875,145.2148,-37.996487,145.16129,27.0,Australia/Sydney,weather_forecast_2026-08-26.json,2026-09-01T14:00:00+1000,2026-09-01T04:00:00+0000,2026-09-01,14,18.2,14.2,24,3,28.9,66.6,overcast
dandenong,-37.9875,145.2148,-37.996487,145.16129,27.0,Australia/Sydney,weather_forecast_2026-08-26.json,2026-09-01T15:00:00+1000,2026-09-01T05:00:00+0000,2026-09-01,15,18.7,14.6,31,3,29.0,68.4,overcast
dandenong,-37.9875,145.2148,-37.996487,145.16129,27.0,Australia/Sydney,weather_forecast_2026-08-26.json,2026-09-01T16:00:00+1000,2026-09-01T06:00:00+0000,2026-09-01,16,18.7,14.8,39,3,28.1,69.1,overcast
dandenong,-37.9875,145.2148,-37.996487,145.16129,27.0,Australia/Sydney,weather_forecast_2026-08-26.json,2026-09-01T17:00:00+1000,2026-09-01T07:00:00+0000,2026-09-01,17,18.3,14.7,47,55,25.9,68.8,dense_drizzle
dandenong,-37.9875,145.2148,-37.996487,145.16129,27.0,Australia/Sydney,weather_forecast_2026-08-26.json,2026-09-01T18:00:00+1000,2026-09-01T08:00:00+0000,2026-09-01,18,17.4,14.1,55,55,23.3,67.0,dense_drizzle
dandenong,-37.9875,145.2148,-37.996487,145.16129,27.0,Australia/Sydney,weather_forecast_2026-08-26.json,2026-09-01T19:00:00+1000,2026-09-01T09:00:00+0000,2026-09-01,19,16.2,13.2,62,55,21.9,65.2,dense_drizzle
dandenong,-37.9875,145.2148,-37.996487,145.16129,27.0,Australia/Sydney,weather_forecast_2026-08-26.json,2026-09-01T20:00:00+1000,2026-09-01T10:00:00+0000,2026-09-01,20,15.0,11.8,68,55,22.3,62.6,dense_drizzle
dandenong,-37.9875,145.2148,-37.996487,145.16129,27.0,Australia/Sydney,weather_forecast_2026-08-26.json,2026-09-01T21:00:00+1000,2026-09-01T11:00:00+0000,2026-09-01,21,13.8,10.4,74,55,23.8,60.1,dense_drizzle
dandenong,-37.9875,145.2148,-37.996487,145.16129,27.0,Australia/Sydney,weather_forecast_2026-08-26.json,2026-09-01T22:00:00+1000,2026-09-01T12:00:00+0000,2026-09-01,22,12.9,9.3,76,55,24.7,58.3,dense_drizzle
dandenong,-37.9875,145.2148,-37.996487,145.16129,27.0,Australia/Sydney,weather_forecast_2026-08-26.json,2026-09-01T23:00:00+1000,2026-09-01T13:00:00+0000,2026-09-01,23,12.2,8.5,75,0,23.7,56.9,clear_sky
frankston,-38.1499,145.122,-38.13708,145.18867,19.0,Australia/Sydney,weather_forecast_2026-08-26.json,2026-08-26T00:00:00+1000,2026-08-25T14:00:00+0000,2026-08-26,0,11.4,9.5,0,51,13.4,24.8,light_drizzle
frankston,-38.1499,145.122,-38.13708,145.18867,19.0,Australia/Sydney,weather_forecast_2026-08-26.json,2026-08-26T01:00:00+1000,2026-08-25T15:00:00+0000,2026-08-26,1,11.0,9.1,0,1,13.0,24.5,mainly_clear
frankston,-38.1499,145.122,-38.13708,145.18867,19.0,Australia/Sydney,weather_forecast_2026-08-26.json,2026-08-26T02:00:00+1000,2026-08-25T16:00:00+0000,2026-08-26,2,10.8,8.4,0,0,14.7,26.6,clear_sky
frankston,-38.1499,145.122,-38.13708,145.18867,19.0,Australia/Sydney,weather_forecast_2026-08-26.json,2026-08-26T03:00:00+1000,2026-08-25T17:00:00+0000,2026-08-26,3,10.4,8.1,0,0,12.9,26.6,clear_sky
frankston,-38.1499,145.122,-38.13708,145.18867,19.0,Australia/Sydney,weather_forecast_2026-08-26.json,2026-08-26T04:00:00+1000,2026-08-25T18:00:00+0000,2026-08-26,4,9.9,7.8,0,1,11.3,22.3,mainly_clear
frankston,-38.1499,145.122,-38.13708,145.18867,19.0,Australia/Sydney,weather_forecast_2026-08-26.json,2026-08-26T05:00:00+1000,2026-08-25T19:00:00+0000,2026-08-26,5,9.9,7.9,0,1,10.4,19.4,mainly_clear
frankston,-38.1499,145.122,-38.13708,145.18867,19.0,Australia/Sydney,weather_forecast_2026-08-26.json,2026-08-26T06:00:00+1000,2026-08-25T20:00:00+0000,2026-08-26,6,10.1,8.2,0,1,10.7,18.4,mainly_clear
frankston,-38.1499,145.122,-38.13708,145.18867,19.0,Australia/Sydney,weather_forecast_2026-08-26.json,2026-08-26T07:00:00+1000,2026-08-25T21:00:00+0000,2026-08-26,7,9.9,8.1,0,51,9.9,18.7,light_drizzle
frankston,-38.1499,145.122,-38.13708,145.18867,19.0,Australia/Sydney,weather_forecast_2026-08-26.json,2026-08-26T08:00:00+1000,2026-08-25T22:00:00+0000,2026-08-26,8,10.9,9.0,0,1,10.4,18.0,mainly_clear
frankston,-38.1499,145.122,-38.13708,145.18867,19.0,Australia/Sydney,weather_forecast_2026-08-26.json,2026-08-26T09:00:00+1000,2026-08-25T23:00:00+0000,2026-08-26,9,12.6,10.2,0,2,11.3,24.1,partly_cloudy
frankston,-38.1499,145.122,-38.13708,145.18867,19.0,Australia/Sydney,weather_forecast_2026-08-26.json,2026-08-26T10:00:00+1000,2026-08-26T00:00:00+0000,2026-08-26,10,13.4,10.5,0,2,14.6,32.0,partly_cloudy
frankston,-38.1499,145.122,-38.13708,145.18867,19.0,Australia/Sydney,weather_forecast_2026-08-26.json,2026-08-26T11:00:00+1000,2026-08-26T01:00:00+0000,2026-08-26,11,13.8,10.8,0,2,15.0,32.8,partly_cloudy
frankston,-38.1499,145.122,-38.13708,145.18867,19.0,Australia/Sydney,weather_forecast_2026-08-26.json,2026-08-26T12:00:00+1000,2026-08-26T02:00:00+0000,2026-08-26,12,14.0,10.9,0,51,15.9,34.9,light_drizzle
frankston,-38.1499,145.122,-38.13708,145.18867,19.0,Australia/Sydney,weather_forecast_2026-08-26.json,2026-08-26T13:00:00+1000,2026-08-26T03:00:00+0000,2026-08-26,13,14.4,11.0,0,2,17.6,38.5,partly_cloudy
frankston,-38.1499,145.122,-38.13708,145.18867,19.0,Australia/Sydney,weather_forecast_2026-08-26.json,2026-08-26T14:00:00+1000,2026-08-26T04:00:00+0000,2026-08-26,14,14.2,10.8,1,2,18.0,39.2,partly_cloudy
frankston,-38.1499,145.122,-38.13708,145.18867,19.0,Australia/Sydney,weather_forecast_2026-08-26.json,2026-08-26T15:00:00+1000,2026-08-26T05:00:00+0000,2026-08-26,15,14.1,10.9,2,0,16.9,38.9,clear_sky
frankston,-38.1499,145.122,-38.13708,145.18867,19.0,Australia/Sydney,weather_forecast_2026-08-26.json,2026-08-26T16:00:00+1000,2026-08-26T06:00:00+0000,2026-08-26,16,13.7,10.7,2,0,15.5,36.0,clear_sky
frankston,-38.1499,145.122,-38.13708,145.18867,19.0,Australia/Sydney,weather_forecast_2026-08-26.json,2026-08-26T17:00:00+1000,2026-08-26T07:00:00+0000,2026-08-26,17,13.0,10.5,2,0,12.3,32.4,clear_sky
frankston,-38.1499,145.122,-38.13708,145.18867,19.0,Australia/Sydney,weather_forecast_2026-08-26.json,2026-08-26T18:00:00+1000,2026-08-26T08:00:00+0000,2026-08-26,18,11.3,9.4,1,2,8.4,23.8,partly_cloudy
frankston,-38.1499,145.122,-38.13708,145.18867,19.0,Australia/Sydney,weather_forecast_2026-08-26.json,2026-08-26T19:00:00+1000,2026-08-26T09:00:00+0000,2026-08-26,19,9.8,8.4,0,3,5.2,14.8,overcast
frankston,-38.1499,145.122,-38.13708,145.18867,19.0,Australia/Sydney,weather_forecast_2026-08-26.json,2026-08-26T20:00:00+1000,2026-08-26T10:00:00+0000,2026-08-26,20,9.7,8.3,0,3,5.0,10.1,overcast
frankston,-38.1499,145.122,-38.13708,145.18867,19.0,Australia/Sydney,weather_forecast_2026-08-26.json,2026-08-26T21:00:00+1000,2026-08-26T11:00:00+0000,2026-08-26,21,9.1,7.8,0,3,3.6,8.6,overcast
frankston,-38.1499,145.122,-38.13708,145.18867,19.0,Australia/Sydney,weather_forecast_2026-08-26.json,2026-08-26T22:00:00+1000,2026-08-26T12:00:00+0000,2026-08-26,22,8.9,7.7,0,1,2.3,5.4,mainly_clear
frankston,-38.1499,145.122,-38.13708,145.18867,19.0,Australia/Sydney,weather_forecast_2026-08-26.json,2026-08-26T23:00:00+1000,2026-08-26T13:00:00+0000,2026-08-26,23,8.6,7.5,0,1,1.1,4.0,mainly_clear
frankston,-38.1499,145.122,-38.13708,145.18867,19.0,Australia/Sydney,weather_forecast_2026-08-26.json,2026-08-27T00:00:00+1000,2026-08-26T14:00:00+0000,2026-08-27,0,8.6,7.4,0,1,2.2,3.6,mainly_clear
frankston,-38.1499,145.122,-38.13708,145.18867,19.0,Australia/Sydney,weather_forecast_2026-08-26.json,2026-08-27T01:00:00+1000,2026-08-26T15:00:00+0000,2026-08-27,1,8.7,7.3,0,1,3.1,4.7,mainly_clear
frankston,-38.1499,145.122,-38.13708,145.18867,19.0,Australia/Sydney,weather_forecast_2026-08-26.json,2026-08-27T02:00:00+1000,2026-08-26T16:00:00+0000,2026-08-27,2,8.3,6.5,0,0,4.9,6.8,clear_sky
frankston,-38.1499,145.122,-38.13708,145.18867,19.0,Australia/Sydney,weather_forecast_2026-08-26.json,2026-08-27T03:00:00+1000,2026-08-26T17:00:00+0000,2026-08-27,3,8.3,6.5,0,1,4.5,7.2,mainly_clear
frankston,-38.1499,145.122,-38.13708,145.18867,19.0,Australia/Sydney,weather_forecast_2026-08-26.json,2026-08-27T04:00:00+1000,2026-08-26T18:00:00+0000,2026-08-27,4,8.6,7.2,0,1,2.6,6.8,mainly_clear
frankston,-38.1499,145.122,-38.13708,145.18867,19.0,Australia/Sydney,weather_forecast_2026-08-26.json,2026-08-27T05:00:00+1000,2026-08-26T19:00:00+0000,2026-08-27,5,8.7,7.6,0,3,0.4,3.6,overcast
frankston,-38.1499,145.122,-38.13708,145.18867,19.0,Australia/Sydney,weather_forecast_2026-08-26.json,2026-08-27T06:00:00+1000,2026-08-26T20:00:00+0000,2026-08-27,6,8.3,6.9,0,3,3.5,5.0,overcast
frankston,-38.1499,145.122,-38.13708,145.18867,19.0,Australia/Sydney,weather_forecast_2026-08-26.json,2026-08-27T07:00:00+1000,2026-08-26T21:00:00+0000,2026-08-27,7,8.1,6.3,0,3,7.2,12.2,overcast
frankston,-38.1499,145.122,-38.13708,145.18867,19.0,Australia/Sydney,weather_forecast_2026-08-26.json,2026-08-27T08:00:00+1000,2026-08-26T22:00:00+0000,2026-08-27,8,9.3,7.8,0,2,7.0,12.6,partly_cloudy
frankston,-38.1499,145.122,-38.13708,145.18867,19.0,Australia/Sydney,weather_forecast_2026-08-26.json,2026-08-27T09:00:00+1000,2026-08-26T23:00:00+0000,2026-08-27,9,11.2,9.9,0,2,7.0,17.3,partly_cloudy
frankston,-38.1499,145.122,-38.13708,145.18867,19.0,Australia/Sydney,weather_forecast_2026-08-26.json,2026-08-27T10:00:00+1000,2026-08-27T00:00:00+0000,2026-08-27,10,12.2,10.5,0,1,9.2,22.7,mainly_clear
frankston,-38.1499,145.122,-38.13708,145.18867,19.0,Australia/Sydney,weather_forecast_2026-08-26.json,2026-08-27T11:00:00+1000,2026-08-27T01:00:00+0000,2026-08-27,11,12.6,10.7,1,2,10.2,25.9,partly_cloudy
frankston,-38.1499,145.122,-38.13708,145.18867,19.0,Australia/Sydney,weather_forecast_2026-08-26.json,2026-08-27T12:00:00+1000,2026-08-27T02:00:00+0000,2026-08-27,12,12.9,11.2,2,2,10.4,26.6,partly_cloudy
frankston,-38.1499,145.122,-38.13708,145.18867,19.0,Australia/Sydney,weather_forecast_2026-08-26.json,2026-08-27T13:00:00+1000,2026-08-27T03:00:00+0000,2026-08-27,13,13.0,11.1,2,0,10.6,27.4,clear_sky
frankston,-38.1499,145.122,-38.13708,145.18867,19.0,Australia/Sydney,weather_forecast_2026-08-26.json,2026-08-27T14:00:00+1000,2026-08-27T04:00:00+0000,2026-08-27,14,13.1,11.3,2,1,9.0,27.0,mainly_clear
frankston,-38.1499,145.122,-38.13708,145.18867,19.0,Australia/Sydney,weather_forecast_2026-08-26.json,2026-08-27T15:00:00+1000,2026-08-27T05:00:00+0000,2026-08-27,15,13.4,11.4,1,0,7.5,23.8,clear_sky
frankston,-38.1499,145.122,-38.13708,145.18867,19.0,Australia/Sydney,weather_forecast_2026-08-26.json,2026-08-27T16:00:00+1000,2026-08-27T06:00:00+0000,2026-08-27,16,13.5,11.9,0,0,4.3,19.8,clear_sky
frankston,-38.1499,145.122,-38.13708,145.18867,19.0,Australia/Sydney,weather_forecast_2026-08-26.json,2026-08-27T17:00:00+1000,2026-08-27T07:00:00+0000,2026-08-27,17,13.0,12.0,0,0,1.2,12.2,clear_sky
frankston,-38.1499,145.122,-38.13708,145.18867,19.0,Australia/Sydney,weather_forecast_2026-08-26.json,2026-08-27T18:00:00+1000,2026-08-27T08:00:00+0000,2026-08-27,18,11.0,9.8,0,2,2.4,3.6,partly_cloudy
frankston,-38.1499,145.122,-38.13708,145.18867,19.0,Australia/Sydney,weather_forecast_2026-08-26.json,2026-08-27T19:00:00+1000,2026-08-27T09:00:00+0000,2026-08-27,19,11.4,9.7,0,3,6.0,10.4,overcast
frankston,-38.1499,145.122,-38.13708,145.18867,19.0,Australia/Sydney,weather_forecast_2026-08-26.json,2026-08-27T20:00:00+1000,2026-08-27T10:00:00+0000,2026-08-27,20,11.4,10.0,0,3,4.3,10.8,overcast
frankston,-38.1499,145.122,-38.13708,145.18867,19.0,Australia/Sydney,weather_forecast_2026-08-26.json,2026-08-27T21:00:00+1000,2026-08-27T11:00:00+0000,2026-08-27,21,10.7,9.3,0,3,4.5,7.6,overcast
frankston,-38.1499,145.122,-38.13708,145.18867,19.0,Australia/Sydney,weather_forecast_2026-08-26.json,2026-08-27T22:00:00+1000,2026-08-27T12:00:00+0000,2026-08-27,22,9.9,8.4,0,3,5.0,8.3,overcast
frankston,-38.1499,145.122,-38.13708,145.18867,19.0,Australia/Sydney,weather_forecast_2026-08-26.json,2026-08-27T23:00:00+1000,2026-08-27T13:00:00+0000,2026-08-27,23,10.5,8.9,0,3,7.0,11.9,overcast
frankston,-38.1499,145.122,-38.13708,145.18867,19.0,Australia/Sydney,weather_forecast_2026-08-26.json,2026-08-28T00:00:00+1000,2026-08-27T14:00:00+0000,2026-08-28,0,10.3,8.5,0,1,8.7,15.5,mainly_clear
frankston,-38.1499,145.122,-38.13708,145.18867,19.0,Australia/Sydney,weather_forecast_2026-08-26.json,2026-08-28T01:00:00+1000,2026-08-27T15:00:00+0000,2026-08-28,1,10.0,8.1,0,2,9.3,16.9,partly_cloudy
frankston,-38.1499,145.122,-38.13708,145.18867,19.0,Australia/Sydney,weather_forecast_2026-08-26.json,2026-08-28T02:00:00+1000,2026-08-27T16:00:00+0000,2026-08-28,2,9.5,7.3,0,2,10.1,17.6,partly_cloudy
frankston,-38.1499,145.122,-38.13708,145.18867,19.0,Australia/Sydney,weather_forecast_2026-08-26.json,2026-08-28T03:00:00+1000,2026-08-27T17:00:00+0000,2026-08-28,3,9.2,6.9,0,1,10.9,19.1,mainly_clear
frankston,-38.1499,145.122,-38.13708,145.18867,19.0,Australia/Sydney,weather_forecast_2026-08-26.json,2026-08-28T04:00:00+1000,2026-08-27T18:00:00+0000,2026-08-28,4,9.2,6.7,0,0,12.9,23.0,clear_sky
frankston,-38.1499,145.122,-38.13708,145.18867,19.0,Australia/Sydney,weather_forecast_2026-08-26.json,2026-08-28T05:00:00+1000,2026-08-27T19:00:00+0000,2026-08-28,5,9.1,6.6,0,0,12.3,23.4,clear_sky
frankston,-38.1499,145.122,-38.13708,145.18867,19.0,Australia/Sydney,weather_forecast_2026-08-26.json,2026-08-28T06:00:00+1000,2026-08-27T20:00:00+0000,2026-08-28,6,9.0,6.5,0,0,12.1,22.3,clear_sky
frankston,-38.1499,145.122,-38.13708,145.18867,19.0,Australia/Sydney,weather_forecast_2026-08-26.json,2026-08-28T07:00:00+1000,2026-08-27T21:00:00+0000,2026-08-28,7,9.2,6.6,0,0,12.2,22.0,clear_sky
frankston,-38.1499,145.122,-38.13708,145.18867,19.0,Australia/Sydney,weather_forecast_2026-08-26.json,2026-08-28T08:00:00+1000,2026-08-27T22:00:00+0000,2026-08-28,8,10.5,7.9,2,0,13.0,24.5,clear_sky
frankston,-38.1499,145.122,-38.13708,145.18867,19.0,Australia/Sydney,weather_forecast_2026-08-26.json,2026-08-28T09:00:00+1000,2026-08-27T23:00:00+0000,2026-08-28,9,11.7,9.1,4,0,13.4,28.4,clear_sky
frankston,-38.1499,145.122,-38.13708,145.18867,19.0,Australia/Sydney,weather_forecast_2026-08-26.json,2026-08-28T10:00:00+1000,2026-08-28T00:00:00+0000,2026-08-28,10,12.9,10.1,8,3,13.9,31.0,overcast
frankston,-38.1499,145.122,-38.13708,145.18867,19.0,Australia/Sydney,weather_forecast_2026-08-26.json,2026-08-28T11:00:00+1000,2026-08-28T01:00:00+0000,2026-08-28,11,13.2,10.6,15,3,13.0,31.0,overcast
frankston,-38.1499,145.122,-38.13708,145.18867,19.0,Australia/Sydney,weather_forecast_2026-08-26.json,2026-08-28T12:00:00+1000,2026-08-28T02:00:00+0000,2026-08-28,12,13.6,11.1,24,3,13.0,29.2,overcast
frankston,-38.1499,145.122,-38.13708,145.18867,19.0,Australia/Sydney,weather_forecast_2026-08-26.json,2026-08-28T13:00:00+1000,2026-08-28T03:00:00+0000,2026-08-28,13,13.2,11.4,31,51,10.9,28.4,light_drizzle
frankston,-38.1499,145.122,-38.13708,145.18867,19.0,Australia/Sydney,weather_forecast_2026-08-26.json,2026-08-28T14:00:00+1000,2026-08-28T04:00:00+0000,2026-08-28,14,13.4,12.0,37,53,11.2,24.1,moderate_drizzle
frankston,-38.1499,145.122,-38.13708,145.18867,19.0,Australia/Sydney,weather_forecast_2026-08-26.json,2026-08-28T15:00:00+1000,2026-08-28T05:00:00+0000,2026-08-28,15,13.9,12.9,42,51,9.3,23.8,light_drizzle
frankston,-38.1499,145.122,-38.13708,145.18867,19.0,Australia/Sydney,weather_forecast_2026-08-26.json,2026-08-28T16:00:00+1000,2026-08-28T06:00:00+0000,2026-08-28,16,14.4,13.3,41,3,9.3,22.0,overcast
frankston,-38.1499,145.122,-38.13708,145.18867,19.0,Australia/Sydney,weather_forecast_2026-08-26.json,2026-08-28T17:00:00+1000,2026-08-28T07:00:00+0000,2026-08-28,17,13.9,13.5,30,3,5.3,20.5,overcast
frankston,-38.1499,145.122,-38.13708,145.18867,19.0,Australia/Sydney,weather_forecast_2026-08-26.json,2026-08-28T18:00:00+1000,2026-08-28T08:00:00+0000,2026-08-28,18,12.9,12.6,13,3,3.9,9.7,overcast
frankston,-38.1499,145.122,-38.13708,145.18867,19.0,Australia/Sydney,weather_forecast_2026-08-26.json,2026-08-28T19:00:00+1000,2026-08-28T09:00:00+0000,2026-08-28,19,12.3,11.7,0,3,5.6,9.7,overcast
frankston,-38.1499,145.122,-38.13708,145.18867,19.0,Australia/Sydney,weather_forecast_2026-08-26.json,2026-08-28T20:00:00+1000,2026-08-28T10:00:00+0000,2026-08-28,20,11.9,11.1,0,2,6.0,10.8,partly_cloudy
frankston,-38.1499,145.122,-38.13708,145.18867,19.0,Australia/Sydney,weather_forecast_2026-08-26.json,2026-08-28T21:00:00+1000,2026-08-28T11:00:00+0000,2026-08-28,21,10.9,9.9,0,1,6.0,10.8,mainly_clear
frankston,-38.1499,145.122,-38.13708,145.18867,19.0,Australia/Sydney,weather_forecast_2026-08-26.json,2026-08-28T22:00:00+1000,2026-08-28T12:00:00+0000,2026-08-28,22,9.9,8.6,0,3,5.9,10.4,overcast
frankston,-38.1499,145.122,-38.13708,145.18867,19.0,Australia/Sydney,weather_forecast_2026-08-26.json,2026-08-28T23:00:00+1000,2026-08-28T13:00:00+0000,2026-08-28,23,10.2,9.3,0,3,3.7,10.4,overcast
frankston,-38.1499,145.122,-38.13708,145.18867,19.0,Australia/Sydney,weather_forecast_2026-08-26.json,2026-08-29T00:00:00+1000,2026-08-28T14:00:00+0000,2026-08-29,0,9.7,8.9,0,3,2.2,5.8,overcast
frankston,-38.1499,145.122,-38.13708,145.18867,19.0,Australia/Sydney,weather_forecast_2026-08-26.json,2026-08-29T01:00:00+1000,2026-08-28T15:00:00+0000,2026-08-29,1,9.8,8.8,0,3,3.6,5.8,overcast
frankston,-38.1499,145.122,-38.13708,145.18867,19.0,Australia/Sydney,weather_forecast_2026-08-26.json,2026-08-29T02:00:00+1000,2026-08-28T16:00:00+0000,2026-08-29,2,10.1,8.9,0,3,5.4,9.0,overcast
frankston,-38.1499,145.122,-38.13708,145.18867,19.0,Australia/Sydney,weather_forecast_2026-08-26.json,2026-08-29T03:00:00+1000,2026-08-28T17:00:00+0000,2026-08-29,3,9.9,8.2,0,0,7.5,13.0,clear_sky
frankston,-38.1499,145.122,-38.13708,145.18867,19.0,Australia/Sydney,weather_forecast_2026-08-26.json,2026-08-29T04:00:00+1000,2026-08-28T18:00:00+0000,2026-08-29,4,8.5,6.8,0,0,6.1,13.3,clear_sky
frankston,-38.1499,145.122,-38.13708,145.18867,19.0,Australia/Sydney,weather_forecast_2026-08-26.json,2026-08-29T05:00:00+1000,2026-08-28T19:00:00+0000,2026-08-29,5,8.4,6.6,0,0,6.9,11.2,clear_sky
frankston,-38.1499,145.122,-38.13708,145.18867,19.0,Australia/Sydney,weather_forecast_2026-08-26.json,2026-08-29T06:00:00+1000,2026-08-28T20:00:00+0000,2026-08-29,6,8.9,7.0,0,2,8.5,14.4,partly_cloudy
frankston,-38.1499,145.122,-38.13708,145.18867,19.0,Australia/Sydney,weather_forecast_2026-08-26.json,2026-08-29T07:00:00+1000,2026-08-28T21:00:00+0000,2026-08-29,7,9.2,7.1,0,3,10.3,17.6,overcast
frankston,-38.1499,145.122,-38.13708,145.18867,19.0,Australia/Sydney,weather_forecast_2026-08-26.json,2026-08-29T08:00:00+1000,2026-08-28T22:00:00+0000,2026-08-29,8,10.3,8.2,0,3,11.5,20.9,overcast
frankston,-38.1499,145.122,-38.13708,145.18867,19.0,Australia/Sydney,weather_forecast_2026-08-26.json,2026-08-29T09:00:00+1000,2026-08-28T23:00:00+0000,2026-08-29,9,10.9,8.8,0,2,11.7,25.2,partly_cloudy
frankston,-38.1499,145.122,-38.13708,145.18867,19.0,Australia/Sydney,weather_forecast_2026-08-26.json,2026-08-29T10:00:00+1000,2026-08-29T00:00:00+0000,2026-08-29,10,11.3,9.1,2,2,12.1,27.0,partly_cloudy
frankston,-38.1499,145.122,-38.13708,145.18867,19.0,Australia/Sydney,weather_forecast_2026-08-26.json,2026-08-29T11:00:00+1000,2026-08-29T01:00:00+0000,2026-08-29,11,11.6,9.3,11,3,13.2,30.2,overcast
frankston,-38.1499,145.122,-38.13708,145.18867,19.0,Australia/Sydney,weather_forecast_2026-08-26.json,2026-08-29T12:00:00+1000,2026-08-29T02:00:00+0000,2026-08-29,12,12.1,9.8,23,2,13.5,31.3,partly_cloudy
frankston,-38.1499,145.122,-38.13708,145.18867,19.0,Australia/Sydney,weather_forecast_2026-08-26.json,2026-08-29T13:00:00+1000,2026-08-29T03:00:00+0000,2026-08-29,13,12.6,10.0,29,3,14.4,33.5,overcast
frankston,-38.1499,145.122,-38.13708,145.18867,19.0,Australia/Sydney,weather_forecast_2026-08-26.json,2026-08-29T14:00:00+1000,2026-08-29T04:00:00+0000,2026-08-29,14,12.7,9.9,24,3,15.7,34.9,overcast
frankston,-38.1499,145.122,-38.13708,145.18867,19.0,Australia/Sydney,weather_forecast_2026-08-26.json,2026-08-29T15:00:00+1000,2026-08-29T05:00:00+0000,2026-08-29,15,12.8,9.9,13,3,15.6,34.9,overcast
frankston,-38.1499,145.122,-38.13708,145.18867,19.0,Australia/Sydney,weather_forecast_2026-08-26.json,2026-08-29T16:00:00+1000,2026-08-29T06:00:00+0000,2026-08-29,16,12.7,10.4,4,2,12.0,33.8,partly_cloudy
frankston,-38.1499,145.122,-38.13708,145.18867,19.0,Australia/Sydney,weather_forecast_2026-08-26.json,2026-08-29T17:00:00+1000,2026-08-29T07:00:00+0000,2026-08-29,17,12.5,10.8,1,1,7.6,24.8,mainly_clear
frankston,-38.1499,145.122,-38.13708,145.18867,19.0,Australia/Sydney,weather_forecast_2026-08-26.json,2026-08-29T18:00:00+1000,2026-08-29T08:00:00+0000,2026-08-29,18,10.9,9.6,0,0,5.1,14.4,clear_sky
frankston,-38.1499,145.122,-38.13708,145.18867,19.0,Australia/Sydney,weather_forecast_2026-08-26.json,2026-08-29T19:00:00+1000,2026-08-29T09:00:00+0000,2026-08-29,19,10.3,8.8,0,3,7.0,12.6,overcast
frankston,-38.1499,145.122,-38.13708,145.18867,19.0,Australia/Sydney,weather_forecast_2026-08-26.json,2026-08-29T20:00:00+1000,2026-08-29T10:00:00+0000,2026-08-29,20,10.6,9.3,0,3,6.4,12.6,overcast
frankston,-38.1499,145.122,-38.13708,145.18867,19.0,Australia/Sydney,weather_forecast_2026-08-26.json,2026-08-29T21:00:00+1000,2026-08-29T11:00:00+0000,2026-08-29,21,10.8,9.5,0,3,6.7,11.9,overcast
frankston,-38.1499,145.122,-38.13708,145.18867,19.0,Australia/Sydney,weather_forecast_2026-08-26.json,2026-08-29T22:00:00+1000,2026-08-29T12:00:00+0000,2026-08-29,22,10.9,9.4,0,3,7.6,13.3,overcast
frankston,-38.1499,145.122,-38.13708,145.18867,19.0,Australia/Sydney,weather_forecast_2026-08-26.json,2026-08-29T23:00:00+1000,2026-08-29T13:00:00+0000,2026-08-29,23,11.0,9.3,0,2,8.9,16.2,partly_cloudy
frankston,-38.1499,145.122,-38.13708,145.18867,19.0,Australia/Sydney,weather_forecast_2026-08-26.json,2026-08-30T00:00:00+1000,2026-08-29T14:00:00+0000,2026-08-30,0,10.8,9.1,0,3,8.2,15.8,overcast
frankston,-38.1499,145.122,-38.13708,145.18867,19.0,Australia/Sydney,weather_forecast_2026-08-26.json,2026-08-30T01:00:00+1000,2026-08-29T15:00:00+0000,2026-08-30,1,10.8,9.1,0,2,8.6,15.1,partly_cloudy
frankston,-38.1499,145.122,-38.13708,145.18867,19.0,Australia/Sydney,weather_forecast_2026-08-26.json,2026-08-30T02:00:00+1000,2026-08-29T16:00:00+0000,2026-08-30,2,10.4,8.7,0,0,9.3,16.2,clear_sky
frankston,-38.1499,145.122,-38.13708,145.18867,19.0,Australia/Sydney,weather_forecast_2026-08-26.json,2026-08-30T03:00:00+1000,2026-08-29T17:00:00+0000,2026-08-30,3,10.2,8.5,0,1,9.7,16.9,mainly_clear
frankston,-38.1499,145.122,-38.13708,145.18867,19.0,Australia/Sydney,weather_forecast_2026-08-26.json,2026-08-30T04:00:00+1000,2026-08-29T18:00:00+0000,2026-08-30,4,10.2,8.5,0,3,9.6,17.3,overcast
frankston,-38.1499,145.122,-38.13708,145.18867,19.0,Australia/Sydney,weather_forecast_2026-08-26.json,2026-08-30T05:00:00+1000,2026-08-29T19:00:00+0000,2026-08-30,5,10.2,8.7,0,3,8.9,16.9,overcast
frankston,-38.1499,145.122,-38.13708,145.18867,19.0,Australia/Sydney,weather_forecast_2026-08-26.json,2026-08-30T06:00:00+1000,2026-08-29T20:00:00+0000,2026-08-30,6,10.4,9.0,0,3,7.9,16.6,overcast
frankston,-38.1499,145.122,-38.13708,145.18867,19.0,Australia/Sydney,weather_forecast_2026-08-26.json,2026-08-30T07:00:00+1000,2026-08-29T21:00:00+0000,2026-08-30,7,10.8,9.4,0,3,7.8,17.3,overcast
frankston,-38.1499,145.122,-38.13708,145.18867,19.0,Australia/Sydney,weather_forecast_2026-08-26.json,2026-08-30T08:00:00+1000,2026-08-29T22:00:00+0000,2026-08-30,8,11.4,9.9,0,3,8.8,20.2,overcast
frankston,-38.1499,145.122,-38.13708,145.18867,19.0,Australia/Sydney,weather_forecast_2026-08-26.json,2026-08-30T09:00:00+1000,2026-08-29T23:00:00+0000,2026-08-30,9,12.2,10.5,0,3,10.7,24.5,overcast
frankston,-38.1499,145.122,-38.13708,145.18867,19.0,Australia/Sydney,weather_forecast_2026-08-26.json,2026-08-30T10:00:00+1000,2026-08-30T00:00:00+0000,2026-08-30,10,12.9,10.9,2,3,12.3,27.7,overcast
frankston,-38.1499,145.122,-38.13708,145.18867,19.0,Australia/Sydney,weather_forecast_2026-08-26.json,2026-08-30T11:00:00+1000,2026-08-30T01:00:00+0000,2026-08-30,11,13.3,11.3,8,51,13.0,29.2,light_drizzle
frankston,-38.1499,145.122,-38.13708,145.18867,19.0,Australia/Sydney,weather_forecast_2026-08-26.json,2026-08-30T12:00:00+1000,2026-08-30T02:00:00+0000,2026-08-30,12,13.6,11.6,16,51,13.4,30.2,light_drizzle
frankston,-38.1499,145.122,-38.13708,145.18867,19.0,Australia/Sydney,weather_forecast_2026-08-26.json,2026-08-30T13:00:00+1000,2026-08-30T03:00:00+0000,2026-08-30,13,13.8,11.8,20,51,13.4,30.6,light_drizzle
frankston,-38.1499,145.122,-38.13708,145.18867,19.0,Australia/Sydney,weather_forecast_2026-08-26.json,2026-08-30T14:00:00+1000,2026-08-30T04:00:00+0000,2026-08-30,14,13.9,11.9,17,3,12.7,31.3,overcast
frankston,-38.1499,145.122,-38.13708,145.18867,19.0,Australia/Sydney,weather_forecast_2026-08-26.json,2026-08-30T15:00:00+1000,2026-08-30T05:00:00+0000,2026-08-30,15,14.0,12.0,10,3,11.8,31.7,overcast
frankston,-38.1499,145.122,-38.13708,145.18867,19.0,Australia/Sydney,weather_forecast_2026-08-26.json,2026-08-30T16:00:00+1000,2026-08-30T06:00:00+0000,2026-08-30,16,13.8,11.9,4,3,10.4,31.3,overcast
frankston,-38.1499,145.122,-38.13708,145.18867,19.0,Australia/Sydney,weather_forecast_2026-08-26.json,2026-08-30T17:00:00+1000,2026-08-30T07:00:00+0000,2026-08-30,17,13.1,11.5,2,3,8.1,29.9,overcast
frankston,-38.1499,145.122,-38.13708,145.18867,19.0,Australia/Sydney,weather_forecast_2026-08-26.json,2026-08-30T18:00:00+1000,2026-08-30T08:00:00+0000,2026-08-30,18,12.1,11.1,1,2,5.2,27.0,partly_cloudy
frankston,-38.1499,145.122,-38.13708,145.18867,19.0,Australia/Sydney,weather_forecast_2026-08-26.json,2026-08-30T19:00:00+1000,2026-08-30T09:00:00+0000,2026-08-30,19,11.3,10.6,0,2,3.2,23.4,partly_cloudy
frankston,-38.1499,145.122,-38.13708,145.18867,19.0,Australia/Sydney,weather_forecast_2026-08-26.json,2026-08-30T20:00:00+1000,2026-08-30T10:00:00+0000,2026-08-30,20,10.9,10.4,0,2,2.2,17.3,partly_cloudy
frankston,-38.1499,145.122,-38.13708,145.18867,19.0,Australia/Sydney,weather_forecast_2026-08-26.json,2026-08-30T21:00:00+1000,2026-08-30T11:00:00+0000,2026-08-30,21,10.7,10.2,0,3,1.6,10.1,overcast
frankston,-38.1499,145.122,-38.13708,145.18867,19.0,Australia/Sydney,weather_forecast_2026-08-26.json,2026-08-30T22:00:00+1000,2026-08-30T12:00:00+0000,2026-08-30,22,10.6,10.2,0,3,1.3,4.7,overcast
frankston,-38.1499,145.122,-38.13708,145.18867,19.0,Australia/Sydney,weather_forecast_2026-08-26.json,2026-08-30T23:00:00+1000,2026-08-30T13:00:00+0000,2026-08-30,23,10.5,10.2,0,3,0.8,2.5,overcast
frankston,-38.1499,145.122,-38.13708,145.18867,19.0,Australia/Sydney,weather_forecast_2026-08-26.json,2026-08-31T00:00:00+1000,2026-08-30T14:00:00+0000,2026-08-31,0,10.5,10.2,0,3,0.4,2.2,overcast
frankston,-38.1499,145.122,-38.13708,145.18867,19.0,Australia/Sydney,weather_forecast_2026-08-26.json,2026-08-31T01:00:00+1000,2026-08-30T15:00:00+0000,2026-08-31,1,10.5,10.3,0,3,0.2,2.2,overcast
frankston,-38.1499,145.122,-38.13708,145.18867,19.0,Australia/Sydney,weather_forecast_2026-08-26.json,2026-08-31T02:00:00+1000,2026-08-30T16:00:00+0000,2026-08-31,2,10.6,10.3,0,3,0.6,2.2,overcast
frankston,-38.1499,145.122,-38.13708,145.18867,19.0,Australia/Sydney,weather_forecast_2026-08-26.json,2026-08-31T03:00:00+1000,2026-08-30T17:00:00+0000,2026-08-31,3,10.7,10.3,0,3,1.5,2.5,overcast
frankston,-38.1499,145.122,-38.13708,145.18867,19.0,Australia/Sydney,weather_forecast_2026-08-26.json,2026-08-31T04:00:00+1000,2026-08-30T18:00:00+0000,2026-08-31,4,10.7,10.2,0,3,2.1,2.9,overcast
frankston,-38.1499,145.122,-38.13708,145.18867,19.0,Australia/Sydney,weather_forecast_2026-08-26.json,2026-08-31T05:00:00+1000,2026-08-30T19:00:00+0000,2026-08-31,5,10.7,10.3,0,3,1.4,2.5,overcast
frankston,-38.1499,145.122,-38.13708,145.18867,19.0,Australia/Sydney,weather_forecast_2026-08-26.json,2026-08-31T06:00:00+1000,2026-08-30T20:00:00+0000,2026-08-31,6,10.6,10.4,0,3,0.4,1.8,overcast
frankston,-38.1499,145.122,-38.13708,145.18867,19.0,Australia/Sydney,weather_forecast_2026-08-26.json,2026-08-31T07:00:00+1000,2026-08-30T21:00:00+0000,2026-08-31,7,10.7,10.5,0,3,0.7,2.9,overcast
frankston,-38.1499,145.122,-38.13708,145.18867,19.0,Australia/Sydney,weather_forecast_2026-08-26.json,2026-08-31T08:00:00+1000,2026-08-30T22:00:00+0000,2026-08-31,8,11.1,10.5,0,3,2.6,7.2,overcast
frankston,-38.1499,145.122,-38.13708,145.18867,19.0,Australia/Sydney,weather_forecast_2026-08-26.json,2026-08-31T09:00:00+1000,2026-08-30T23:00:00+0000,2026-08-31,9,11.7,10.7,0,3,5.3,13.0,overcast
frankston,-38.1499,145.122,-38.13708,145.18867,19.0,Australia/Sydney,weather_forecast_2026-08-26.json,2026-08-31T10:00:00+1000,2026-08-31T00:00:00+0000,2026-08-31,10,12.3,11.0,0,3,7.0,17.6,overcast
frankston,-38.1499,145.122,-38.13708,145.18867,19.0,Australia/Sydney,weather_forecast_2026-08-26.json,2026-08-31T11:00:00+1000,2026-08-31T01:00:00+0000,2026-08-31,11,12.8,11.6,0,2,6.9,20.2,partly_cloudy
frankston,-38.1499,145.122,-38.13708,145.18867,19.0,Australia/Sydney,weather_forecast_2026-08-26.json,2026-08-31T12:00:00+1000,2026-08-31T02:00:00+0000,2026-08-31,12,13.3,12.1,0,1,6.8,21.2,mainly_clear
frankston,-38.1499,145.122,-38.13708,145.18867,19.0,Australia/Sydney,weather_forecast_2026-08-26.json,2026-08-31T13:00:00+1000,2026-08-31T03:00:00+0000,2026-08-31,13,13.8,12.6,0,0,7.1,22.0,clear_sky
frankston,-38.1499,145.122,-38.13708,145.18867,19.0,Australia/Sydney,weather_forecast_2026-08-26.json,2026-08-31T14:00:00+1000,2026-08-31T04:00:00+0000,2026-08-31,14,14.3,13.3,0,0,7.4,22.3,clear_sky
frankston,-38.1499,145.122,-38.13708,145.18867,19.0,Australia/Sydney,weather_forecast_2026-08-26.json,2026-08-31T15:00:00+1000,2026-08-31T05:00:00+0000,2026-08-31,15,14.7,13.2,0,0,7.7,22.3,clear_sky
frankston,-38.1499,145.122,-38.13708,145.18867,19.0,Australia/Sydney,weather_forecast_2026-08-26.json,2026-08-31T16:00:00+1000,2026-08-31T06:00:00+0000,2026-08-31,16,14.6,13.1,0,0,7.5,22.0,clear_sky
frankston,-38.1499,145.122,-38.13708,145.18867,19.0,Australia/Sydney,weather_forecast_2026-08-26.json,2026-08-31T17:00:00+1000,2026-08-31T07:00:00+0000,2026-08-31,17,13.7,12.4,0,0,6.0,20.9,clear_sky
frankston,-38.1499,145.122,-38.13708,145.18867,19.0,Australia/Sydney,weather_forecast_2026-08-26.json,2026-08-31T18:00:00+1000,2026-08-31T08:00:00+0000,2026-08-31,18,12.4,11.4,0,0,4.2,19.1,clear_sky
frankston,-38.1499,145.122,-38.13708,145.18867,19.0,Australia/Sydney,weather_forecast_2026-08-26.json,2026-08-31T19:00:00+1000,2026-08-31T09:00:00+0000,2026-08-31,19,11.4,10.6,0,0,2.7,18.0,clear_sky
frankston,-38.1499,145.122,-38.13708,145.18867,19.0,Australia/Sydney,weather_forecast_2026-08-26.json,2026-08-31T20:00:00+1000,2026-08-31T10:00:00+0000,2026-08-31,20,11.1,10.4,0,0,2.4,18.0,clear_sky
frankston,-38.1499,145.122,-38.13708,145.18867,19.0,Australia/Sydney,weather_forecast_2026-08-26.json,2026-08-31T21:00:00+1000,2026-08-31T11:00:00+0000,2026-08-31,21,11.2,9.8,0,0,8.1,18.7,clear_sky
frankston,-38.1499,145.122,-38.13708,145.18867,19.0,Australia/Sydney,weather_forecast_2026-08-26.json,2026-08-31T22:00:00+1000,2026-08-31T12:00:00+0000,2026-08-31,22,11.3,9.3,0,0,12.7,20.2,clear_sky
frankston,-38.1499,145.122,-38.13708,145.18867,19.0,Australia/Sydney,weather_forecast_2026-08-26.json,2026-08-31T23:00:00+1000,2026-08-31T13:00:00+0000,2026-08-31,23,11.5,9.2,0,0,14.7,22.7,clear_sky
frankston,-38.1499,145.122,-38.13708,145.18867,19.0,Australia/Sydney,weather_forecast_2026-08-26.json,2026-09-01T00:00:00+1000,2026-08-31T14:00:00+0000,2026-09-01,0,11.7,9.4,0,0,15.3,25.9,clear_sky
frankston,-38.1499,145.122,-38.13708,145.18867,19.0,Australia/Sydney,weather_forecast_2026-08-26.json,2026-09-01T01:00:00+1000,2026-08-31T15:00:00+0000,2026-09-01,1,12.0,9.6,0,0,16.2,29.5,clear_sky
frankston,-38.1499,145.122,-38.13708,145.18867,19.0,Australia/Sydney,weather_forecast_2026-08-26.json,2026-09-01T02:00:00+1000,2026-08-31T16:00:00+0000,2026-09-01,2,12.2,9.7,0,0,17.9,33.1,clear_sky
frankston,-38.1499,145.122,-38.13708,145.18867,19.0,Australia/Sydney,weather_forecast_2026-08-26.json,2026-09-01T03:00:00+1000,2026-08-31T17:00:00+0000,2026-09-01,3,12.4,9.6,0,1,20.2,37.4,mainly_clear
frankston,-38.1499,145.122,-38.13708,145.18867,19.0,Australia/Sydney,weather_forecast_2026-08-26.json,2026-09-01T04:00:00+1000,2026-08-31T18:00:00+0000,2026-09-01,4,12.6,9.5,0,1,22.3,41.8,mainly_clear
frankston,-38.1499,145.122,-38.13708,145.18867,19.0,Australia/Sydney,weather_forecast_2026-08-26.json,2026-09-01T05:00:00+1000,2026-08-31T19:00:00+0000,2026-09-01,5,12.7,9.3,0,1,24.6,47.2,mainly_clear
frankston,-38.1499,145.122,-38.13708,145.18867,19.0,Australia/Sydney,weather_forecast_2026-08-26.json,2026-09-01T06:00:00+1000,2026-08-31T20:00:00+0000,2026-09-01,6,12.7,8.9,0,1,27.2,52.9,mainly_clear
frankston,-38.1499,145.122,-38.13708,145.18867,19.0,Australia/Sydney,weather_forecast_2026-08-26.json,2026-09-01T07:00:00+1000,2026-08-31T21:00:00+0000,2026-09-01,7,13.0,8.9,0,1,28.7,56.9,mainly_clear
frankston,-38.1499,145.122,-38.13708,145.18867,19.0,Australia/Sydney,weather_forecast_2026-08-26.json,2026-09-01T08:00:00+1000,2026-08-31T22:00:00+0000,2026-09-01,8,14.3,10.7,0,1,25.5,52.6,mainly_clear
frankston,-38.1499,145.122,-38.13708,145.18867,19.0,Australia/Sydney,weather_forecast_2026-08-26.json,2026-09-01T09:00:00+1000,2026-08-31T23:00:00+0000,2026-09-01,9,14.8,11.1,0,1,26.1,54.7,mainly_clear
frankston,-38.1499,145.122,-38.13708,145.18867,19.0,Australia/Sydney,weather_forecast_2026-08-26.json,2026-09-01T10:00:00+1000,2026-09-01T00:00:00+0000,2026-09-01,10,15.2,11.5,0,1,26.7,56.9,mainly_clear
frankston,-38.1499,145.122,-38.13708,145.18867,19.0,Australia/Sydney,weather_forecast_2026-08-26.json,2026-09-01T11:00:00+1000,2026-09-01T01:00:00+0000,2026-09-01,11,15.8,11.9,5,1,27.6,58.7,mainly_clear
frankston,-38.1499,145.122,-38.13708,145.18867,19.0,Australia/Sydney,weather_forecast_2026-08-26.json,2026-09-01T12:00:00+1000,2026-09-01T02:00:00+0000,2026-09-01,12,16.4,12.6,12,2,28.8,60.8,partly_cloudy
frankston,-38.1499,145.122,-38.13708,145.18867,19.0,Australia/Sydney,weather_forecast_2026-08-26.json,2026-09-01T13:00:00+1000,2026-09-01T03:00:00+0000,2026-09-01,13,17.1,12.9,20,2,30.0,62.3,partly_cloudy
frankston,-38.1499,145.122,-38.13708,145.18867,19.0,Australia/Sydney,weather_forecast_2026-08-26.json,2026-09-01T14:00:00+1000,2026-09-01T04:00:00+0000,2026-09-01,14,17.6,13.2,28,3,30.9,63.7,overcast
frankston,-38.1499,145.122,-38.13708,145.18867,19.0,Australia/Sydney,weather_forecast_2026-08-26.json,2026-09-01T15:00:00+1000,2026-09-01T05:00:00+0000,2026-09-01,15,18.0,13.6,36,3,30.9,64.8,overcast
frankston,-38.1499,145.122,-38.13708,145.18867,19.0,Australia/Sydney,weather_forecast_2026-08-26.json,2026-09-01T16:00:00+1000,2026-09-01T06:00:00+0000,2026-09-01,16,17.9,13.7,43,3,30.0,65.2,overcast
frankston,-38.1499,145.122,-38.13708,145.18867,19.0,Australia/Sydney,weather_forecast_2026-08-26.json,2026-09-01T17:00:00+1000,2026-09-01T07:00:00+0000,2026-09-01,17,17.4,13.6,50,80,27.2,64.8,slight_rain_showers
frankston,-38.1499,145.122,-38.13708,145.18867,19.0,Australia/Sydney,weather_forecast_2026-08-26.json,2026-09-01T18:00:00+1000,2026-09-01T08:00:00+0000,2026-09-01,18,16.6,13.3,56,80,23.8,64.1,slight_rain_showers
frankston,-38.1499,145.122,-38.13708,145.18867,19.0,Australia/Sydney,weather_forecast_2026-08-26.json,2026-09-01T19:00:00+1000,2026-09-01T09:00:00+0000,2026-09-01,19,15.4,12.6,61,80,20.8,63.0,slight_rain_showers
frankston,-38.1499,145.122,-38.13708,145.18867,19.0,Australia/Sydney,weather_forecast_2026-08-26.json,2026-09-01T20:00:00+1000,2026-09-01T10:00:00+0000,2026-09-01,20,14.3,11.6,65,80,20.1,61.6,slight_rain_showers
frankston,-38.1499,145.122,-38.13708,145.18867,19.0,Australia/Sydney,weather_forecast_2026-08-26.json,2026-09-01T21:00:00+1000,2026-09-01T11:00:00+0000,2026-09-01,21,13.2,10.4,69,80,20.9,60.1,slight_rain_showers
frankston,-38.1499,145.122,-38.13708,145.18867,19.0,Australia/Sydney,weather_forecast_2026-08-26.json,2026-09-01T22:00:00+1000,2026-09-01T12:00:00+0000,2026-09-01,22,12.4,9.5,69,80,21.8,58.3,slight_rain_showers
frankston,-38.1499,145.122,-38.13708,145.18867,19.0,Australia/Sydney,weather_forecast_2026-08-26.json,2026-09-01T23:00:00+1000,2026-09-01T13:00:00+0000,2026-09-01,23,11.8,8.8,65,1,21.5,56.5,mainly_clear
lilydale,-37.757,145.355,-37.71529,145.3476,111.0,Australia/Sydney,weather_forecast_2026-08-26.json,2026-08-26T00:00:00+1000,2026-08-25T14:00:00+0000,2026-08-26,0,10.0,8.8,56,51,6.3,10.4,light_drizzle
lilydale,-37.757,145.355,-37.71529,145.3476,111.0,Australia/Sydney,weather_forecast_2026-08-26.json,2026-08-26T01:00:00+1000,2026-08-25T15:00:00+0000,2026-08-26,1,10.4,9.1,80,51,8.7,15.8,light_drizzle
lilydale,-37.757,145.355,-37.71529,145.3476,111.0,Australia/Sydney,weather_forecast_2026-08-26.json,2026-08-26T02:00:00+1000,2026-08-25T16:00:00+0000,2026-08-26,2,10.6,9.0,71,3,11.1,20.5,overcast
lilydale,-37.757,145.355,-37.71529,145.3476,111.0,Australia/Sydney,weather_forecast_2026-08-26.json,2026-08-26T03:00:00+1000,2026-08-25T17:00:00+0000,2026-08-26,3,10.6,9.2,48,3,9.7,19.1,overcast
lilydale,-37.757,145.355,-37.71529,145.3476,111.0,Australia/Sydney,weather_forecast_2026-08-26.json,2026-08-26T04:00:00+1000,2026-08-25T18:00:00+0000,2026-08-26,4,10.3,9.0,31,3,8.0,16.2,overcast
lilydale,-37.757,145.355,-37.71529,145.3476,111.0,Australia/Sydney,weather_forecast_2026-08-26.json,2026-08-26T05:00:00+1000,2026-08-25T19:00:00+0000,2026-08-26,5,9.7,8.6,27,0,5.8,13.3,clear_sky
lilydale,-37.757,145.355,-37.71529,145.3476,111.0,Australia/Sydney,weather_forecast_2026-08-26.json,2026-08-26T06:00:00+1000,2026-08-25T20:00:00+0000,2026-08-26,6,8.8,7.8,29,1,3.3,9.7,mainly_clear
lilydale,-37.757,145.355,-37.71529,145.3476,111.0,Australia/Sydney,weather_forecast_2026-08-26.json,2026-08-26T07:00:00+1000,2026-08-25T21:00:00+0000,2026-08-26,7,8.1,6.8,31,51,3.7,6.1,light_drizzle
lilydale,-37.757,145.355,-37.71529,145.3476,111.0,Australia/Sydney,weather_forecast_2026-08-26.json,2026-08-26T08:00:00+1000,2026-08-25T22:00:00+0000,2026-08-26,8,9.5,8.0,33,51,7.9,14.0,light_drizzle
lilydale,-37.757,145.355,-37.71529,145.3476,111.0,Australia/Sydney,weather_forecast_2026-08-26.json,2026-08-26T09:00:00+1000,2026-08-25T23:00:00+0000,2026-08-26,9,10.2,8.5,34,51,10.8,20.9,light_drizzle
lilydale,-37.757,145.355,-37.71529,145.3476,111.0,Australia/Sydney,weather_forecast_2026-08-26.json,2026-08-26T10:00:00+1000,2026-08-26T00:00:00+0000,2026-08-26,10,11.9,10.3,33,51,10.4,23.8,light_drizzle
lilydale,-37.757,145.355,-37.71529,145.3476,111.0,Australia/Sydney,weather_forecast_2026-08-26.json,2026-08-26T11:00:00+1000,2026-08-26T01:00:00+0000,2026-08-26,11,13.0,10.5,26,51,14.2,27.7,light_drizzle
lilydale,-37.757,145.355,-37.71529,145.3476,111.0,Australia/Sydney,weather_forecast_2026-08-26.json,2026-08-26T12:00:00+1000,2026-08-26T02:00:00+0000,2026-08-26,12,14.0,11.1,16,3,15.3,31.0,overcast
lilydale,-37.757,145.355,-37.71529,145.3476,111.0,Australia/Sydney,weather_forecast_2026-08-26.json,2026-08-26T13:00:00+1000,2026-08-26T03:00:00+0000,2026-08-26,13,14.2,11.2,8,51,16.0,31.7,light_drizzle
lilydale,-37.757,145.355,-37.71529,145.3476,111.0,Australia/Sydney,weather_forecast_2026-08-26.json,2026-08-26T14:00:00+1000,2026-08-26T04:00:00+0000,2026-08-26,14,14.2,11.1,4,51,16.3,32.0,light_drizzle
lilydale,-37.757,145.355,-37.71529,145.3476,111.0,Australia/Sydney,weather_forecast_2026-08-26.json,2026-08-26T15:00:00+1000,2026-08-26T05:00:00+0000,2026-08-26,15,14.2,11.1,1,1,15.9,32.0,mainly_clear
lilydale,-37.757,145.355,-37.71529,145.3476,111.0,Australia/Sydney,weather_forecast_2026-08-26.json,2026-08-26T16:00:00+1000,2026-08-26T06:00:00+0000,2026-08-26,16,13.6,10.6,0,0,14.4,31.0,clear_sky
lilydale,-37.757,145.355,-37.71529,145.3476,111.0,Australia/Sydney,weather_forecast_2026-08-26.json,2026-08-26T17:00:00+1000,2026-08-26T07:00:00+0000,2026-08-26,17,12.9,10.6,0,0,10.2,27.0,clear_sky
lilydale,-37.757,145.355,-37.71529,145.3476,111.0,Australia/Sydney,weather_forecast_2026-08-26.json,2026-08-26T18:00:00+1000,2026-08-26T08:00:00+0000,2026-08-26,18,9.9,8.2,0,1,6.3,18.0,mainly_clear
lilydale,-37.757,145.355,-37.71529,145.3476,111.0,Australia/Sydney,weather_forecast_2026-08-26.json,2026-08-26T19:00:00+1000,2026-08-26T09:00:00+0000,2026-08-26,19,8.8,7.1,0,2,5.5,10.1,partly_cloudy
lilydale,-37.757,145.355,-37.71529,145.3476,111.0,Australia/Sydney,weather_forecast_2026-08-26.json,2026-08-26T20:00:00+1000,2026-08-26T10:00:00+0000,2026-08-26,20,8.3,6.6,0,3,5.0,8.3,overcast
lilydale,-37.757,145.355,-37.71529,145.3476,111.0,Australia/Sydney,weather_forecast_2026-08-26.json,2026-08-26T21:00:00+1000,2026-08-26T11:00:00+0000,2026-08-26,21,8.2,6.4,0,2,5.5,8.6,partly_cloudy
lilydale,-37.757,145.355,-37.71529,145.3476,111.0,Australia/Sydney,weather_forecast_2026-08-26.json,2026-08-26T22:00:00+1000,2026-08-26T12:00:00+0000,2026-08-26,22,8.0,6.3,0,2,5.0,8.6,partly_cloudy
lilydale,-37.757,145.355,-37.71529,145.3476,111.0,Australia/Sydney,weather_forecast_2026-08-26.json,2026-08-26T23:00:00+1000,2026-08-26T13:00:00+0000,2026-08-26,23,8.6,7.2,0,2,3.6,7.9,partly_cloudy
lilydale,-37.757,145.355,-37.71529,145.3476,111.0,Australia/Sydney,weather_forecast_2026-08-26.json,2026-08-27T00:00:00+1000,2026-08-26T14:00:00+0000,2026-08-27,0,8.7,7.5,0,3,1.8,6.1,overcast
lilydale,-37.757,145.355,-37.71529,145.3476,111.0,Australia/Sydney,weather_forecast_2026-08-26.json,2026-08-27T01:00:00+1000,2026-08-26T15:00:00+0000,2026-08-27,1,8.6,7.6,0,3,1.2,3.6,overcast
lilydale,-37.757,145.355,-37.71529,145.3476,111.0,Australia/Sydney,weather_forecast_2026-08-26.json,2026-08-27T02:00:00+1000,2026-08-26T16:00:00+0000,2026-08-27,2,8.6,7.6,0,3,0.6,2.9,overcast
lilydale,-37.757,145.355,-37.71529,145.3476,111.0,Australia/Sydney,weather_forecast_2026-08-26.json,2026-08-27T03:00:00+1000,2026-08-26T17:00:00+0000,2026-08-27,3,8.0,7.0,0,3,0.7,2.2,overcast
lilydale,-37.757,145.355,-37.71529,145.3476,111.0,Australia/Sydney,weather_forecast_2026-08-26.json,2026-08-27T04:00:00+1000,2026-08-26T18:00:00+0000,2026-08-27,4,7.1,6.0,0,2,1.2,2.5,partly_cloudy
lilydale,-37.757,145.355,-37.71529,145.3476,111.0,Australia/Sydney,weather_forecast_2026-08-26.json,2026-08-27T05:00:00+1000,2026-08-26T19:00:00+0000,2026-08-27,5,5.8,4.2,0,3,3.1,5.0,overcast
lilydale,-37.757,145.355,-37.71529,145.3476,111.0,Australia/Sydney,weather_forecast_2026-08-26.json,2026-08-27T06:00:00+1000,2026-08-26T20:00:00+0000,2026-08-27,6,5.5,4.0,0,0,2.4,5.0,clear_sky
lilydale,-37.757,145.355,-37.71529,145.3476,111.0,Australia/Sydney,weather_forecast_2026-08-26.json,2026-08-27T07:00:00+1000,2026-08-26T21:00:00+0000,2026-08-27,7,4.7,3.0,0,3,2.7,4.0,overcast
lilydale,-37.757,145.355,-37.71529,145.3476,111.0,Australia/Sydney,weather_forecast_2026-08-26.json,2026-08-27T08:00:00+1000,2026-08-26T22:00:00+0000,2026-08-27,8,6.8,5.1,0,1,4.7,9.7,mainly_clear
lilydale,-37.757,145.355,-37.71529,145.3476,111.0,Australia/Sydney,weather_forecast_2026-08-26.json,2026-08-27T09:00:00+1000,2026-08-26T23:00:00+0000,2026-08-27,9,9.3,8.1,0,0,3.1,11.2,clear_sky
lilydale,-37.757,145.355,-37.71529,145.3476,111.0,Australia/Sydney,weather_forecast_2026-08-26.json,2026-08-27T10:00:00+1000,2026-08-27T00:00:00+0000,2026-08-27,10,11.3,10.2,0,1,2.8,12.2,mainly_clear
lilydale,-37.757,145.355,-37.71529,145.3476,111.0,Australia/Sydney,weather_forecast_2026-08-26.json,2026-08-27T11:00:00+1000,2026-08-27T01:00:00+0000,2026-08-27,11,12.9,11.9,0,3,1.5,12.2,overcast
lilydale,-37.757,145.355,-37.71529,145.3476,111.0,Australia/Sydney,weather_forecast_2026-08-26.json,2026-08-27T12:00:00+1000,2026-08-27T02:00:00+0000,2026-08-27,12,13.5,12.6,0,3,1.9,11.9,overcast
lilydale,-37.757,145.355,-37.71529,145.3476,111.0,Australia/Sydney,weather_forecast_2026-08-26.json,2026-08-27T13:00:00+1000,2026-08-27T03:00:00+0000,2026-08-27,13,14.2,13.5,0,2,3.3,13.7,partly_cloudy
lilydale,-37.757,145.355,-37.71529,145.3476,111.0,Australia/Sydney,weather_forecast_2026-08-26.json,2026-08-27T14:00:00+1000,2026-08-27T04:00:00+0000,2026-08-27,14,14.7,13.8,0,0,4.3,14.4,clear_sky
lilydale,-37.757,145.355,-37.71529,145.3476,111.0,Australia/Sydney,weather_forecast_2026-08-26.json,2026-08-27T15:00:00+1000,2026-08-27T05:00:00+0000,2026-08-27,15,14.9,13.2,0,0,6.1,15.8,clear_sky
lilydale,-37.757,145.355,-37.71529,145.3476,111.0,Australia/Sydney,weather_forecast_2026-08-26.json,2026-08-27T16:00:00+1000,2026-08-27T06:00:00+0000,2026-08-27,16,14.7,13.1,0,0,5.7,15.8,clear_sky
lilydale,-37.757,145.355,-37.71529,145.3476,111.0,Australia/Sydney,weather_forecast_2026-08-26.json,2026-08-27T17:00:00+1000,2026-08-27T07:00:00+0000,2026-08-27,17,13.9,13.3,0,0,2.0,13.0,clear_sky
lilydale,-37.757,145.355,-37.71529,145.3476,111.0,Australia/Sydney,weather_forecast_2026-08-26.json,2026-08-27T18:00:00+1000,2026-08-27T08:00:00+0000,2026-08-27,18,11.8,11.0,0,3,0.9,2.9,overcast
lilydale,-37.757,145.355,-37.71529,145.3476,111.0,Australia/Sydney,weather_forecast_2026-08-26.json,2026-08-27T19:00:00+1000,2026-08-27T09:00:00+0000,2026-08-27,19,11.5,10.6,0,3,1.6,2.5,overcast
lilydale,-37.757,145.355,-37.71529,145.3476,111.0,Australia/Sydney,weather_forecast_2026-08-26.json,2026-08-27T20:00:00+1000,2026-08-27T10:00:00+0000,2026-08-27,20,11.4,10.8,0,3,0.4,2.5,overcast
lilydale,-37.757,145.355,-37.71529,145.3476,111.0,Australia/Sydney,weather_forecast_2026-08-26.json,2026-08-27T21:00:00+1000,2026-08-27T11:00:00+0000,2026-08-27,21,10.7,9.9,0,3,1.5,2.9,overcast
lilydale,-37.757,145.355,-37.71529,145.3476,111.0,Australia/Sydney,weather_forecast_2026-08-26.json,2026-08-27T22:00:00+1000,2026-08-27T12:00:00+0000,2026-08-27,22,9.8,8.9,0,3,1.8,2.9,overcast
lilydale,-37.757,145.355,-37.71529,145.3476,111.0,Australia/Sydney,weather_forecast_2026-08-26.json,2026-08-27T23:00:00+1000,2026-08-27T13:00:00+0000,2026-08-27,23,8.4,7.2,0,3,3.1,4.7,overcast
lilydale,-37.757,145.355,-37.71529,145.3476,111.0,Australia/Sydney,weather_forecast_2026-08-26.json,2026-08-28T00:00:00+1000,2026-08-27T14:00:00+0000,2026-08-28,0,7.9,6.5,0,3,4.2,7.2,overcast
lilydale,-37.757,145.355,-37.71529,145.3476,111.0,Australia/Sydney,weather_forecast_2026-08-26.json,2026-08-28T01:00:00+1000,2026-08-27T15:00:00+0000,2026-08-28,1,7.6,6.1,0,0,4.9,8.6,clear_sky
lilydale,-37.757,145.355,-37.71529,145.3476,111.0,Australia/Sydney,weather_forecast_2026-08-26.json,2026-08-28T02:00:00+1000,2026-08-27T16:00:00+0000,2026-08-28,2,6.0,4.0,0,2,5.9,8.3,partly_cloudy
lilydale,-37.757,145.355,-37.71529,145.3476,111.0,Australia/Sydney,weather_forecast_2026-08-26.json,2026-08-28T03:00:00+1000,2026-08-27T17:00:00+0000,2026-08-28,3,5.9,3.8,0,2,5.3,9.4,partly_cloudy
lilydale,-37.757,145.355,-37.71529,145.3476,111.0,Australia/Sydney,weather_forecast_2026-08-26.json,2026-08-28T04:00:00+1000,2026-08-27T18:00:00+0000,2026-08-28,4,5.6,3.7,0,3,4.3,7.9,overcast
lilydale,-37.757,145.355,-37.71529,145.3476,111.0,Australia/Sydney,weather_forecast_2026-08-26.json,2026-08-28T05:00:00+1000,2026-08-27T19:00:00+0000,2026-08-28,5,5.6,3.7,0,2,3.5,7.2,partly_cloudy
lilydale,-37.757,145.355,-37.71529,145.3476,111.0,Australia/Sydney,weather_forecast_2026-08-26.json,2026-08-28T06:00:00+1000,2026-08-27T20:00:00+0000,2026-08-28,6,6.0,4.0,0,0,3.4,6.1,clear_sky
lilydale,-37.757,145.355,-37.71529,145.3476,111.0,Australia/Sydney,weather_forecast_2026-08-26.json,2026-08-28T07:00:00+1000,2026-08-27T21:00:00+0000,2026-08-28,7,5.8,3.7,0,0,4.4,6.8,clear_sky
lilydale,-37.757,145.355,-37.71529,145.3476,111.0,Australia/Sydney,weather_forecast_2026-08-26.json,2026-08-28T08:00:00+1000,2026-08-27T22:00:00+0000,2026-08-28,8,8.9,6.9,1,0,6.4,9.4,clear_sky
lilydale,-37.757,145.355,-37.71529,145.3476,111.0,Australia/Sydney,weather_forecast_2026-08-26.json,2026-08-28T09:00:00+1000,2026-08-27T23:00:00+0000,2026-08-28,9,12.1,10.7,3,0,4.9,11.9,clear_sky
lilydale,-37.757,145.355,-37.71529,145.3476,111.0,Australia/Sydney,weather_forecast_2026-08-26.json,2026-08-28T10:00:00+1000,2026-08-28T00:00:00+0000,2026-08-28,10,14.1,12.0,6,1,8.2,18.7,mainly_clear
lilydale,-37.757,145.355,-37.71529,145.3476,111.0,Australia/Sydney,weather_forecast_2026-08-26.json,2026-08-28T11:00:00+1000,2026-08-28T01:00:00+0000,2026-08-28,11,15.2,13.4,11,3,7.7,18.7,overcast
lilydale,-37.757,145.355,-37.71529,145.3476,111.0,Australia/Sydney,weather_forecast_2026-08-26.json,2026-08-28T12:00:00+1000,2026-08-28T02:00:00+0000,2026-08-28,12,15.4,13.8,17,3,6.5,18.7,overcast
lilydale,-37.757,145.355,-37.71529,145.3476,111.0,Australia/Sydney,weather_forecast_2026-08-26.json,2026-08-28T13:00:00+1000,2026-08-28T03:00:00+0000,2026-08-28,13,15.1,13.7,24,3,6.0,15.8,overcast
lilydale,-37.757,145.355,-37.71529,145.3476,111.0,Australia/Sydney,weather_forecast_2026-08-26.json,2026-08-28T14:00:00+1000,2026-08-28T04:00:00+0000,2026-08-28,14,14.8,13.7,33,3,4.9,13.3,overcast
lilydale,-37.757,145.355,-37.71529,145.3476,111.0,Australia/Sydney,weather_forecast_2026-08-26.json,2026-08-28T15:00:00+1000,2026-08-28T05:00:00+0000,2026-08-28,15,14.1,13.5,42,51,3.6,11.2,light_drizzle
lilydale,-37.757,145.355,-37.71529,145.3476,111.0,Australia/Sydney,weather_forecast_2026-08-26.json,2026-08-28T16:00:00+1000,2026-08-28T06:00:00+0000,2026-08-28,16,13.7,13.7,45,51,0.4,8.6,light_drizzle
lilydale,-37.757,145.355,-37.71529,145.3476,111.0,Australia/Sydney,weather_forecast_2026-08-26.json,2026-08-28T17:00:00+1000,2026-08-28T07:00:00+0000,2026-08-28,17,13.0,13.0,36,51,3.1,6.1,light_drizzle
lilydale,-37.757,145.355,-37.71529,145.3476,111.0,Australia/Sydney,weather_forecast_2026-08-26.json,2026-08-28T18:00:00+1000,2026-08-28T08:00:00+0000,2026-08-28,18,12.3,12.3,22,3,2.8,7.2,overcast
lilydale,-37.757,145.355,-37.71529,145.3476,111.0,Australia/Sydney,weather_forecast_2026-08-26.json,2026-08-28T19:00:00+1000,2026-08-28T09:00:00+0000,2026-08-28,19,11.9,11.9,10,3,2.8,5.0,overcast
lilydale,-37.757,145.355,-37.71529,145.3476,111.0,Australia/Sydney,weather_forecast_2026-08-26.json,2026-08-28T20:00:00+1000,2026-08-28T10:00:00+0000,2026-08-28,20,11.7,11.6,5,51,2.6,4.3,light_drizzle
lilydale,-37.757,145.355,-37.71529,145.3476,111.0,Australia/Sydney,weather_forecast_2026-08-26.json,2026-08-28T21:00:00+1000,2026-08-28T11:00:00+0000,2026-08-28,21,11.2,10.9,3,51,3.0,4.3,light_drizzle
lilydale,-37.757,145.355,-37.71529,145.3476,111.0,Australia/Sydney,weather_forecast_2026-08-26.json,2026-08-28T22:00:00+1000,2026-08-28T12:00:00+0000,2026-08-28,22,10.8,10.4,2,2,3.7,5.8,partly_cloudy
lilydale,-37.757,145.355,-37.71529,145.3476,111.0,Australia/Sydney,weather_forecast_2026-08-26.json,2026-08-28T23:00:00+1000,2026-08-28T13:00:00+0000,2026-08-28,23,10.3,10.0,1,3,2.3,5.8,overcast
lilydale,-37.757,145.355,-37.71529,145.3476,111.0,Australia/Sydney,weather_forecast_2026-08-26.json,2026-08-29T00:00:00+1000,2026-08-28T14:00:00+0000,2026-08-29,0,10.3,10.0,0,3,1.9,4.0,overcast
lilydale,-37.757,145.355,-37.71529,145.3476,111.0,Australia/Sydney,weather_forecast_2026-08-26.json,2026-08-29T01:00:00+1000,2026-08-28T15:00:00+0000,2026-08-29,1,10.6,10.3,0,3,2.2,4.3,overcast
lilydale,-37.757,145.355,-37.71529,145.3476,111.0,Australia/Sydney,weather_forecast_2026-08-26.json,2026-08-29T02:00:00+1000,2026-08-28T16:00:00+0000,2026-08-29,2,10.7,10.4,1,3,1.9,3.6,overcast
lilydale,-37.757,145.355,-37.71529,145.3476,111.0,Australia/Sydney,weather_forecast_2026-08-26.json,2026-08-29T03:00:00+1000,2026-08-28T17:00:00+0000,2026-08-29,3,10.4,10.0,1,51,2.6,4.3,light_drizzle
lilydale,-37.757,145.355,-37.71529,145.3476,111.0,Australia/Sydney,weather_forecast_2026-08-26.json,2026-08-29T04:00:00+1000,2026-08-28T18:00:00+0000,2026-08-29,4,10.2,9.6,2,51,3.0,5.0,light_drizzle
lilydale,-37.757,145.355,-37.71529,145.3476,111.0,Australia/Sydney,weather_forecast_2026-08-26.json,2026-08-29T05:00:00+1000,2026-08-28T19:00:00+0000,2026-08-29,5,9.9,9.3,2,51,2.9,5.0,light_drizzle
lilydale,-37.757,145.355,-37.71529,145.3476,111.0,Australia/Sydney,weather_forecast_2026-08-26.json,2026-08-29T06:00:00+1000,2026-08-28T20:00:00+0000,2026-08-29,6,9.4,8.6,1,51,2.8,5.0,light_drizzle
lilydale,-37.757,145.355,-37.71529,145.3476,111.0,Australia/Sydney,weather_forecast_2026-08-26.json,2026-08-29T07:00:00+1000,2026-08-28T21:00:00+0000,2026-08-29,7,8.9,8.0,0,3,3.4,5.0,overcast
lilydale,-37.757,145.355,-37.71529,145.3476,111.0,Australia/Sydney,weather_forecast_2026-08-26.json,2026-08-29T08:00:00+1000,2026-08-28T22:00:00+0000,2026-08-29,8,9.9,9.1,0,3,4.0,8.6,overcast
lilydale,-37.757,145.355,-37.71529,145.3476,111.0,Australia/Sydney,weather_forecast_2026-08-26.json,2026-08-29T09:00:00+1000,2026-08-28T23:00:00+0000,2026-08-29,9,10.4,9.5,0,51,4.8,13.0,light_drizzle
lilydale,-37.757,145.355,-37.71529,145.3476,111.0,Australia/Sydney,weather_forecast_2026-08-26.json,2026-08-29T10:00:00+1000,2026-08-29T00:00:00+0000,2026-08-29,10,11.4,10.1,0,51,6.2,15.8,light_drizzle
lilydale,-37.757,145.355,-37.71529,145.3476,111.0,Australia/Sydney,weather_forecast_2026-08-26.json,2026-08-29T11:00:00+1000,2026-08-29T01:00:00+0000,2026-08-29,11,12.3,10.5,0,51,7.2,17.6,light_drizzle
lilydale,-37.757,145.355,-37.71529,145.3476,111.0,Australia/Sydney,weather_forecast_2026-08-26.json,2026-08-29T12:00:00+1000,2026-08-29T02:00:00+0000,2026-08-29,12,12.7,10.7,0,3,7.4,18.0,overcast
lilydale,-37.757,145.355,-37.71529,145.3476,111.0,Australia/Sydney,weather_forecast_2026-08-26.json,2026-08-29T13:00:00+1000,2026-08-29T03:00:00+0000,2026-08-29,13,13.2,11.1,0,3,8.1,18.4,overcast
lilydale,-37.757,145.355,-37.71529,145.3476,111.0,Australia/Sydney,weather_forecast_2026-08-26.json,2026-08-29T14:00:00+1000,2026-08-29T04:00:00+0000,2026-08-29,14,13.7,11.3,0,3,10.8,23.0,overcast
lilydale,-37.757,145.355,-37.71529,145.3476,111.0,Australia/Sydney,weather_forecast_2026-08-26.json,2026-08-29T15:00:00+1000,2026-08-29T05:00:00+0000,2026-08-29,15,13.2,10.3,0,3,14.1,28.4,overcast
lilydale,-37.757,145.355,-37.71529,145.3476,111.0,Australia/Sydney,weather_forecast_2026-08-26.json,2026-08-29T16:00:00+1000,2026-08-29T06:00:00+0000,2026-08-29,16,12.5,9.7,0,3,13.2,28.1,overcast
lilydale,-37.757,145.355,-37.71529,145.3476,111.0,Australia/Sydney,weather_forecast_2026-08-26.json,2026-08-29T17:00:00+1000,2026-08-29T07:00:00+0000,2026-08-29,17,12.1,10.2,0,1,8.0,26.3,mainly_clear
lilydale,-37.757,145.355,-37.71529,145.3476,111.0,Australia/Sydney,weather_forecast_2026-08-26.json,2026-08-29T18:00:00+1000,2026-08-29T08:00:00+0000,2026-08-29,18,11.0,10.1,0,0,1.3,14.0,clear_sky
lilydale,-37.757,145.355,-37.71529,145.3476,111.0,Australia/Sydney,weather_forecast_2026-08-26.json,2026-08-29T19:00:00+1000,2026-08-29T09:00:00+0000,2026-08-29,19,9.3,8.0,0,0,2.7,4.3,clear_sky
lilydale,-37.757,145.355,-37.71529,145.3476,111.0,Australia/Sydney,weather_forecast_2026-08-26.json,2026-08-29T20:00:00+1000,2026-08-29T10:00:00+0000,2026-08-29,20,8.7,7.5,0,3,2.2,5.4,overcast
lilydale,-37.757,145.355,-37.71529,145.3476,111.0,Australia/Sydney,weather_forecast_2026-08-26.json,2026-08-29T21:00:00+1000,2026-08-29T11:00:00+0000,2026-08-29,21,9.5,8.6,0,3,1.8,4.0,overcast
lilydale,-37.757,145.355,-37.71529,145.3476,111.0,Australia/Sydney,weather_forecast_2026-08-26.json,2026-08-29T22:00:00+1000,2026-08-29T12:00:00+0000,2026-08-29,22,10.0,9.0,0,3,2.9,4.7,overcast
lilydale,-37.757,145.355,-37.71529,145.3476,111.0,Australia/Sydney,weather_forecast_2026-08-26.json,2026-08-29T23:00:00+1000,2026-08-29T13:00:00+0000,2026-08-29,23,10.0,9.0,0,3,3.2,5.4,overcast
lilydale,-37.757,145.355,-37.71529,145.3476,111.0,Australia/Sydney,weather_forecast_2026-08-26.json,2026-08-30T00:00:00+1000,2026-08-29T14:00:00+0000,2026-08-30,0,9.8,8.8,0,3,3.5,5.8,overcast
lilydale,-37.757,145.355,-37.71529,145.3476,111.0,Australia/Sydney,weather_forecast_2026-08-26.json,2026-08-30T01:00:00+1000,2026-08-29T15:00:00+0000,2026-08-30,1,9.6,8.7,0,3,2.2,5.8,overcast
lilydale,-37.757,145.355,-37.71529,145.3476,111.0,Australia/Sydney,weather_forecast_2026-08-26.json,2026-08-30T02:00:00+1000,2026-08-29T16:00:00+0000,2026-08-30,2,8.8,8.1,0,3,0.8,4.0,overcast
lilydale,-37.757,145.355,-37.71529,145.3476,111.0,Australia/Sydney,weather_forecast_2026-08-26.json,2026-08-30T03:00:00+1000,2026-08-29T17:00:00+0000,2026-08-30,3,8.5,7.6,0,3,1.7,3.2,overcast
lilydale,-37.757,145.355,-37.71529,145.3476,111.0,Australia/Sydney,weather_forecast_2026-08-26.json,2026-08-30T04:00:00+1000,2026-08-29T18:00:00+0000,2026-08-30,4,8.7,7.8,0,3,2.7,4.3,overcast
lilydale,-37.757,145.355,-37.71529,145.3476,111.0,Australia/Sydney,weather_forecast_2026-08-26.json,2026-08-30T05:00:00+1000,2026-08-29T19:00:00+0000,2026-08-30,5,8.6,7.7,0,3,2.7,5.0,overcast
lilydale,-37.757,145.355,-37.71529,145.3476,111.0,Australia/Sydney,weather_forecast_2026-08-26.json,2026-08-30T06:00:00+1000,2026-08-29T20:00:00+0000,2026-08-30,6,8.6,7.7,0,3,2.8,6.1,overcast
lilydale,-37.757,145.355,-37.71529,145.3476,111.0,Australia/Sydney,weather_forecast_2026-08-26.json,2026-08-30T07:00:00+1000,2026-08-29T21:00:00+0000,2026-08-30,7,9.0,8.1,0,3,2.7,7.6,overcast
lilydale,-37.757,145.355,-37.71529,145.3476,111.0,Australia/Sydney,weather_forecast_2026-08-26.json,2026-08-30T08:00:00+1000,2026-08-29T22:00:00+0000,2026-08-30,8,9.9,9.1,0,3,2.6,9.4,overcast
lilydale,-37.757,145.355,-37.71529,145.3476,111.0,Australia/Sydney,weather_forecast_2026-08-26.json,2026-08-30T09:00:00+1000,2026-08-29T23:00:00+0000,2026-08-30,9,11.2,10.2,0,3,3.6,11.9,overcast
lilydale,-37.757,145.355,-37.71529,145.3476,111.0,Australia/Sydney,weather_forecast_2026-08-26.json,2026-08-30T10:00:00+1000,2026-08-30T00:00:00+0000,2026-08-30,10,12.3,11.1,0,3,5.2,14.0,overcast
lilydale,-37.757,145.355,-37.71529,145.3476,111.0,Australia/Sydney,weather_forecast_2026-08-26.json,2026-08-30T11:00:00+1000,2026-08-30T01:00:00+0000,2026-08-30,11,13.0,11.7,1,51,6.3,16.2,light_drizzle
lilydale,-37.757,145.355,-37.71529,145.3476,111.0,Australia/Sydney,weather_forecast_2026-08-26.json,2026-08-30T12:00:00+1000,2026-08-30T02:00:00+0000,2026-08-30,12,13.6,12.2,2,51,7.1,18.0,light_drizzle
lilydale,-37.757,145.355,-37.71529,145.3476,111.0,Australia/Sydney,weather_forecast_2026-08-26.json,2026-08-30T13:00:00+1000,2026-08-30T03:00:00+0000,2026-08-30,13,14.0,12.6,2,51,7.8,19.4,light_drizzle
lilydale,-37.757,145.355,-37.71529,145.3476,111.0,Australia/Sydney,weather_forecast_2026-08-26.json,2026-08-30T14:00:00+1000,2026-08-30T04:00:00+0000,2026-08-30,14,14.3,12.8,2,3,8.7,20.2,overcast
lilydale,-37.757,145.355,-37.71529,145.3476,111.0,Australia/Sydney,weather_forecast_2026-08-26.json,2026-08-30T15:00:00+1000,2026-08-30T05:00:00+0000,2026-08-30,15,14.4,12.7,1,3,9.5,20.5,overcast
lilydale,-37.757,145.355,-37.71529,145.3476,111.0,Australia/Sydney,weather_forecast_2026-08-26.json,2026-08-30T16:00:00+1000,2026-08-30T06:00:00+0000,2026-08-30,16,14.1,12.4,0,3,9.7,20.5,overcast
lilydale,-37.757,145.355,-37.71529,145.3476,111.0,Australia/Sydney,weather_forecast_2026-08-26.json,2026-08-30T17:00:00+1000,2026-08-30T07:00:00+0000,2026-08-30,17,13.3,11.7,0,3,8.8,20.9,overcast
lilydale,-37.757,145.355,-37.71529,145.3476,111.0,Australia/Sydney,weather_forecast_2026-08-26.json,2026-08-30T18:00:00+1000,2026-08-30T08:00:00+0000,2026-08-30,18,12.0,10.5,0,2,7.3,20.9,partly_cloudy
lilydale,-37.757,145.355,-37.71529,145.3476,111.0,Australia/Sydney,weather_forecast_2026-08-26.json,2026-08-30T19:00:00+1000,2026-08-30T09:00:00+0000,2026-08-30,19,10.9,9.5,0,2,5.7,19.8,partly_cloudy
lilydale,-37.757,145.355,-37.71529,145.3476,111.0,Australia/Sydney,weather_forecast_2026-08-26.json,2026-08-30T20:00:00+1000,2026-08-30T10:00:00+0000,2026-08-30,20,10.0,8.8,0,2,4.0,16.9,partly_cloudy
lilydale,-37.757,145.355,-37.71529,145.3476,111.0,Australia/Sydney,weather_forecast_2026-08-26.json,2026-08-30T21:00:00+1000,2026-08-30T11:00:00+0000,2026-08-30,21,9.2,8.2,0,1,2.3,13.0,mainly_clear
lilydale,-37.757,145.355,-37.71529,145.3476,111.0,Australia/Sydney,weather_forecast_2026-08-26.json,2026-08-30T22:00:00+1000,2026-08-30T12:00:00+0000,2026-08-30,22,8.6,7.8,0,1,1.1,9.4,mainly_clear
lilydale,-37.757,145.355,-37.71529,145.3476,111.0,Australia/Sydney,weather_forecast_2026-08-26.json,2026-08-30T23:00:00+1000,2026-08-30T13:00:00+0000,2026-08-30,23,8.3,7.4,0,1,0.6,6.5,mainly_clear
lilydale,-37.757,145.355,-37.71529,145.3476,111.0,Australia/Sydney,weather_forecast_2026-08-26.json,2026-08-31T00:00:00+1000,2026-08-30T14:00:00+0000,2026-08-31,0,8.1,7.3,0,2,0.4,4.0,partly_cloudy
lilydale,-37.757,145.355,-37.71529,145.3476,111.0,Australia/Sydney,weather_forecast_2026-08-26.json,2026-08-31T01:00:00+1000,2026-08-30T15:00:00+0000,2026-08-31,1,8.0,7.2,0,3,0.5,2.2,overcast
lilydale,-37.757,145.355,-37.71529,145.3476,111.0,Australia/Sydney,weather_forecast_2026-08-26.json,2026-08-31T02:00:00+1000,2026-08-30T16:00:00+0000,2026-08-31,2,8.0,7.2,0,3,0.6,1.4,overcast
lilydale,-37.757,145.355,-37.71529,145.3476,111.0,Australia/Sydney,weather_forecast_2026-08-26.json,2026-08-31T03:00:00+1000,2026-08-30T17:00:00+0000,2026-08-31,3,8.2,7.4,0,3,0.6,1.4,overcast
lilydale,-37.757,145.355,-37.71529,145.3476,111.0,Australia/Sydney,weather_forecast_2026-08-26.json,2026-08-31T04:00:00+1000,2026-08-30T18:00:00+0000,2026-08-31,4,8.3,7.5,0,3,0.7,1.8,overcast
lilydale,-37.757,145.355,-37.71529,145.3476,111.0,Australia/Sydney,weather_forecast_2026-08-26.json,2026-08-31T05:00:00+1000,2026-08-30T19:00:00+0000,2026-08-31,5,8.1,7.2,0,3,1.5,2.2,overcast
lilydale,-37.757,145.355,-37.71529,145.3476,111.0,Australia/Sydney,weather_forecast_2026-08-26.json,2026-08-31T06:00:00+1000,2026-08-30T20:00:00+0000,2026-08-31,6,7.9,6.8,0,3,2.6,2.5,overcast
lilydale,-37.757,145.355,-37.71529,145.3476,111.0,Australia/Sydney,weather_forecast_2026-08-26.json,2026-08-31T07:00:00+1000,2026-08-30T21:00:00+0000,2026-08-31,7,8.2,7.0,0,3,2.9,3.6,overcast
lilydale,-37.757,145.355,-37.71529,145.3476,111.0,Australia/Sydney,weather_forecast_2026-08-26.json,2026-08-31T08:00:00+1000,2026-08-30T22:00:00+0000,2026-08-31,8,9.2,8.2,0,3,1.8,5.4,overcast
lilydale,-37.757,145.355,-37.71529,145.3476,111.0,Australia/Sydney,weather_forecast_2026-08-26.json,2026-08-31T09:00:00+1000,2026-08-30T23:00:00+0000,2026-08-31,9,10.6,9.8,0,3,0.6,7.9,overcast
lilydale,-37.757,145.355,-37.71529,145.3476,111.0,Australia/Sydney,weather_forecast_2026-08-26.json,2026-08-31T10:00:00+1000,2026-08-31T00:00:00+0000,2026-08-31,10,12.1,11.3,0,2,1.7,10.1,partly_cloudy
lilydale,-37.757,145.355,-37.71529,145.3476,111.0,Australia/Sydney,weather_forecast_2026-08-26.json,2026-08-31T11:00:00+1000,2026-08-31T01:00:00+0000,2026-08-31,11,13.6,12.8,0,2,2.8,11.9,partly_cloudy
lilydale,-37.757,145.355,-37.71529,145.3476,111.0,Australia/Sydney,weather_forecast_2026-08-26.json,2026-08-31T12:00:00+1000,2026-08-31T02:00:00+0000,2026-08-31,12,15.2,14.9,0,1,3.9,13.3,mainly_clear
lilydale,-37.757,145.355,-37.71529,145.3476,111.0,Australia/Sydney,weather_forecast_2026-08-26.json,2026-08-31T13:00:00+1000,2026-08-31T03:00:00+0000,2026-08-31,13,16.6,16.8,0,0,4.1,14.4,clear_sky
lilydale,-37.757,145.355,-37.71529,145.3476,111.0,Australia/Sydney,weather_forecast_2026-08-26.json,2026-08-31T14:00:00+1000,2026-08-31T04:00:00+0000,2026-08-31,14,17.9,18.3,0,0,3.2,14.8,clear_sky
lilydale,-37.757,145.355,-37.71529,145.3476,111.0,Australia/Sydney,weather_forecast_2026-08-26.json,2026-08-31T15:00:00+1000,2026-08-31T05:00:00+0000,2026-08-31,15,19.1,19.1,0,0,2.5,14.8,clear_sky
lilydale,-37.757,145.355,-37.71529,145.3476,111.0,Australia/Sydney,weather_forecast_2026-08-26.json,2026-08-31T16:00:00+1000,2026-08-31T06:00:00+0000,2026-08-31,16,19.3,19.1,0,0,3.2,14.8,clear_sky
lilydale,-37.757,145.355,-37.71529,145.3476,111.0,Australia/Sydney,weather_forecast_2026-08-26.json,2026-08-31T17:00:00+1000,2026-08-31T07:00:00+0000,2026-08-31,17,17.8,17.2,0,0,5.1,15.1,clear_sky
lilydale,-37.757,145.355,-37.71529,145.3476,111.0,Australia/Sydney,weather_forecast_2026-08-26.json,2026-08-31T18:00:00+1000,2026-08-31T08:00:00+0000,2026-08-31,18,15.3,14.2,0,0,7.4,15.1,clear_sky
lilydale,-37.757,145.355,-37.71529,145.3476,111.0,Australia/Sydney,weather_forecast_2026-08-26.json,2026-08-31T19:00:00+1000,2026-08-31T09:00:00+0000,2026-08-31,19,13.2,11.7,0,0,8.9,15.5,clear_sky
lilydale,-37.757,145.355,-37.71529,145.3476,111.0,Australia/Sydney,weather_forecast_2026-08-26.json,2026-08-31T20:00:00+1000,2026-08-31T10:00:00+0000,2026-08-31,20,11.9,10.4,0,0,8.3,15.5,clear_sky
lilydale,-37.757,145.355,-37.71529,145.3476,111.0,Australia/Sydney,weather_forecast_2026-08-26.json,2026-08-31T21:00:00+1000,2026-08-31T11:00:00+0000,2026-08-31,21,10.9,9.5,0,0,6.8,15.5,clear_sky
lilydale,-37.757,145.355,-37.71529,145.3476,111.0,Australia/Sydney,weather_forecast_2026-08-26.json,2026-08-31T22:00:00+1000,2026-08-31T12:00:00+0000,2026-08-31,22,10.3,8.9,0,0,5.9,15.5,clear_sky
lilydale,-37.757,145.355,-37.71529,145.3476,111.0,Australia/Sydney,weather_forecast_2026-08-26.json,2026-08-31T23:00:00+1000,2026-08-31T13:00:00+0000,2026-08-31,23,10.1,8.6,0,0,6.3,14.4,clear_sky
lilydale,-37.757,145.355,-37.71529,145.3476,111.0,Australia/Sydney,weather_forecast_2026-08-26.json,2026-09-01T00:00:00+1000,2026-08-31T14:00:00+0000,2026-09-01,0,10.2,8.5,0,1,7.2,13.7,mainly_clear
lilydale,-37.757,145.355,-37.71529,145.3476,111.0,Australia/Sydney,weather_forecast_2026-08-26.json,2026-09-01T01:00:00+1000,2026-08-31T15:00:00+0000,2026-09-01,1,10.5,8.7,0,2,8.7,14.4,partly_cloudy
lilydale,-37.757,145.355,-37.71529,145.3476,111.0,Australia/Sydney,weather_forecast_2026-08-26.json,2026-09-01T02:00:00+1000,2026-08-31T16:00:00+0000,2026-09-01,2,11.0,9.0,0,2,11.2,19.1,partly_cloudy
lilydale,-37.757,145.355,-37.71529,145.3476,111.0,Australia/Sydney,weather_forecast_2026-08-26.json,2026-09-01T03:00:00+1000,2026-08-31T17:00:00+0000,2026-09-01,3,11.8,9.5,0,3,14.4,25.6,overcast
lilydale,-37.757,145.355,-37.71529,145.3476,111.0,Australia/Sydney,weather_forecast_2026-08-26.json,2026-09-01T04:00:00+1000,2026-08-31T18:00:00+0000,2026-09-01,4,12.4,9.9,0,3,16.8,30.6,overcast
lilydale,-37.757,145.355,-37.71529,145.3476,111.0,Australia/Sydney,weather_forecast_2026-08-26.json,2026-09-01T05:00:00+1000,2026-08-31T19:00:00+0000,2026-09-01,5,12.6,10.1,0,3,17.0,31.3,overcast
lilydale,-37.757,145.355,-37.71529,145.3476,111.0,Australia/Sydney,weather_forecast_2026-08-26.json,2026-09-01T06:00:00+1000,2026-08-31T20:00:00+0000,2026-09-01,6,12.6,10.3,0,3,16.3,30.2,overcast
lilydale,-37.757,145.355,-37.71529,145.3476,111.0,Australia/Sydney,weather_forecast_2026-08-26.json,2026-09-01T07:00:00+1000,2026-08-31T21:00:00+0000,2026-09-01,7,12.8,10.4,0,3,16.6,31.0,overcast
lilydale,-37.757,145.355,-37.71529,145.3476,111.0,Australia/Sydney,weather_forecast_2026-08-26.json,2026-09-01T08:00:00+1000,2026-08-31T22:00:00+0000,2026-09-01,8,13.9,10.4,0,1,23.7,43.2,mainly_clear
lilydale,-37.757,145.355,-37.71529,145.3476,111.0,Australia/Sydney,weather_forecast_2026-08-26.json,2026-09-01T09:00:00+1000,2026-08-31T23:00:00+0000,2026-09-01,9,14.3,10.6,0,1,25.1,46.4,mainly_clear
lilydale,-37.757,145.355,-37.71529,145.3476,111.0,Australia/Sydney,weather_forecast_2026-08-26.json,2026-09-01T10:00:00+1000,2026-09-01T00:00:00+0000,2026-09-01,10,14.7,10.9,0,1,25.8,49.0,mainly_clear
lilydale,-37.757,145.355,-37.71529,145.3476,111.0,Australia/Sydney,weather_forecast_2026-08-26.json,2026-09-01T11:00:00+1000,2026-09-01T01:00:00+0000,2026-09-01,11,15.3,11.6,3,51,26.1,51.5,light_drizzle
lilydale,-37.757,145.355,-37.71529,145.3476,111.0,Australia/Sydney,weather_forecast_2026-08-26.json,2026-09-01T12:00:00+1000,2026-09-01T02:00:00+0000,2026-09-01,12,16.1,12.7,8,51,26.0,54.0,light_drizzle
lilydale,-37.757,145.355,-37.71529,145.3476,111.0,Australia/Sydney,weather_forecast_2026-08-26.json,2026-09-01T13:00:00+1000,2026-09-01T03:00:00+0000,2026-09-01,13,16.8,13.4,13,51,26.1,56.5,light_drizzle
lilydale,-37.757,145.355,-37.71529,145.3476,111.0,Australia/Sydney,weather_forecast_2026-08-26.json,2026-09-01T14:00:00+1000,2026-09-01T04:00:00+0000,2026-09-01,14,17.5,13.8,18,51,25.8,58.7,light_drizzle
lilydale,-37.757,145.355,-37.71529,145.3476,111.0,Australia/Sydney,weather_forecast_2026-08-26.json,2026-09-01T15:00:00+1000,2026-09-01T05:00:00+0000,2026-09-01,15,17.9,14.3,24,51,25.4,59.8,light_drizzle
lilydale,-37.757,145.355,-37.71529,145.3476,111.0,Australia/Sydney,weather_forecast_2026-08-26.json,2026-09-01T16:00:00+1000,2026-09-01T06:00:00+0000,2026-09-01,16,18.0,14.5,31,51,24.5,60.1,light_drizzle
lilydale,-37.757,145.355,-37.71529,145.3476,111.0,Australia/Sydney,weather_forecast_2026-08-26.json,2026-09-01T17:00:00+1000,2026-09-01T07:00:00+0000,2026-09-01,17,17.6,14.5,39,55,22.6,59.0,dense_drizzle
lilydale,-37.757,145.355,-37.71529,145.3476,111.0,Australia/Sydney,weather_forecast_2026-08-26.json,2026-09-01T18:00:00+1000,2026-09-01T08:00:00+0000,2026-09-01,18,16.8,14.2,48,55,19.8,56.9,dense_drizzle
lilydale,-37.757,145.355,-37.71529,145.3476,111.0,Australia/Sydney,weather_forecast_2026-08-26.json,2026-09-01T19:00:00+1000,2026-09-01T09:00:00+0000,2026-09-01,19,15.8,13.8,56,55,16.8,54.0,dense_drizzle
lilydale,-37.757,145.355,-37.71529,145.3476,111.0,Australia/Sydney,weather_forecast_2026-08-26.json,2026-09-01T20:00:00+1000,2026-09-01T10:00:00+0000,2026-09-01,20,14.7,13.2,63,55,14.3,51.1,dense_drizzle
lilydale,-37.757,145.355,-37.71529,145.3476,111.0,Australia/Sydney,weather_forecast_2026-08-26.json,2026-09-01T21:00:00+1000,2026-09-01T11:00:00+0000,2026-09-01,21,13.6,12.4,70,55,12.4,47.9,dense_drizzle
lilydale,-37.757,145.355,-37.71529,145.3476,111.0,Australia/Sydney,weather_forecast_2026-08-26.json,2026-09-01T22:00:00+1000,2026-09-01T12:00:00+0000,2026-09-01,22,12.6,11.5,73,55,11.5,45.4,dense_drizzle
lilydale,-37.757,145.355,-37.71529,145.3476,111.0,Australia/Sydney,weather_forecast_2026-08-26.json,2026-09-01T23:00:00+1000,2026-09-01T13:00:00+0000,2026-09-01,23,11.6,10.5,71,51,10.5,43.2,light_drizzle
melbourne_cbd,-37.8136,144.9631,-37.785587,144.93976,19.0,Australia/Sydney,weather_forecast_2026-08-26.json,2026-08-26T00:00:00+1000,2026-08-25T14:00:00+0000,2026-08-26,0,11.7,9.5,74,53,16.3,32.8,moderate_drizzle
melbourne_cbd,-37.8136,144.9631,-37.785587,144.93976,19.0,Australia/Sydney,weather_forecast_2026-08-26.json,2026-08-26T01:00:00+1000,2026-08-25T15:00:00+0000,2026-08-26,1,11.4,9.3,100,53,15.2,33.8,moderate_drizzle
melbourne_cbd,-37.8136,144.9631,-37.785587,144.93976,19.0,Australia/Sydney,weather_forecast_2026-08-26.json,2026-08-26T02:00:00+1000,2026-08-25T16:00:00+0000,2026-08-26,2,11.2,9.1,89,51,14.1,30.6,light_drizzle
melbourne_cbd,-37.8136,144.9631,-37.785587,144.93976,19.0,Australia/Sydney,weather_forecast_2026-08-26.json,2026-08-26T03:00:00+1000,2026-08-25T17:00:00+0000,2026-08-26,3,11.0,8.9,62,51,13.5,28.1,light_drizzle
melbourne_cbd,-37.8136,144.9631,-37.785587,144.93976,19.0,Australia/Sydney,weather_forecast_2026-08-26.json,2026-08-26T04:00:00+1000,2026-08-25T18:00:00+0000,2026-08-26,4,10.4,8.3,37,1,11.6,27.4,mainly_clear
melbourne_cbd,-37.8136,144.9631,-37.785587,144.93976,19.0,Australia/Sydney,weather_forecast_2026-08-26.json,2026-08-26T05:00:00+1000,2026-08-25T19:00:00+0000,2026-08-26,5,9.7,7.7,22,1,10.5,23.0,mainly_clear
melbourne_cbd,-37.8136,144.9631,-37.785587,144.93976,19.0,Australia/Sydney,weather_forecast_2026-08-26.json,2026-08-26T06:00:00+1000,2026-08-25T20:00:00+0000,2026-08-26,6,9.2,7.3,10,0,9.1,20.9,clear_sky
melbourne_cbd,-37.8136,144.9631,-37.785587,144.93976,19.0,Australia/Sydney,weather_forecast_2026-08-26.json,2026-08-26T07:00:00+1000,2026-08-25T21:00:00+0000,2026-08-26,7,8.7,6.6,2,1,9.2,18.7,mainly_clear
melbourne_cbd,-37.8136,144.9631,-37.785587,144.93976,19.0,Australia/Sydney,weather_forecast_2026-08-26.json,2026-08-26T08:00:00+1000,2026-08-25T22:00:00+0000,2026-08-26,8,9.3,7.5,0,1,8.1,19.4,mainly_clear
melbourne_cbd,-37.8136,144.9631,-37.785587,144.93976,19.0,Australia/Sydney,weather_forecast_2026-08-26.json,2026-08-26T09:00:00+1000,2026-08-25T23:00:00+0000,2026-08-26,9,10.7,9.0,0,0,8.2,20.2,clear_sky
melbourne_cbd,-37.8136,144.9631,-37.785587,144.93976,19.0,Australia/Sydney,weather_forecast_2026-08-26.json,2026-08-26T10:00:00+1000,2026-08-26T00:00:00+0000,2026-08-26,10,12.6,10.5,0,0,11.4,24.8,clear_sky
melbourne_cbd,-37.8136,144.9631,-37.785587,144.93976,19.0,Australia/Sydney,weather_forecast_2026-08-26.json,2026-08-26T11:00:00+1000,2026-08-26T01:00:00+0000,2026-08-26,11,13.6,11.0,3,0,13.5,34.6,clear_sky
melbourne_cbd,-37.8136,144.9631,-37.785587,144.93976,19.0,Australia/Sydney,weather_forecast_2026-08-26.json,2026-08-26T12:00:00+1000,2026-08-26T02:00:00+0000,2026-08-26,12,14.0,11.5,6,1,14.2,35.6,mainly_clear
melbourne_cbd,-37.8136,144.9631,-37.785587,144.93976,19.0,Australia/Sydney,weather_forecast_2026-08-26.json,2026-08-26T13:00:00+1000,2026-08-26T03:00:00+0000,2026-08-26,13,14.1,11.4,8,1,14.7,37.8,mainly_clear
melbourne_cbd,-37.8136,144.9631,-37.785587,144.93976,19.0,Australia/Sydney,weather_forecast_2026-08-26.json,2026-08-26T14:00:00+1000,2026-08-26T04:00:00+0000,2026-08-26,14,14.1,11.2,6,1,14.6,37.1,mainly_clear
melbourne_cbd,-37.8136,144.9631,-37.785587,144.93976,19.0,Australia/Sydney,weather_forecast_2026-08-26.json,2026-08-26T15:00:00+1000,2026-08-26T05:00:00+0000,2026-08-26,15,13.8,11.0,3,1,14.3,36.4,mainly_clear
melbourne_cbd,-37.8136,144.9631,-37.785587,144.93976,19.0,Australia/Sydney,weather_forecast_2026-08-26.json,2026-08-26T16:00:00+1000,2026-08-26T06:00:00+0000,2026-08-26,16,13.3,10.7,0,1,12.8,35.3,mainly_clear
melbourne_cbd,-37.8136,144.9631,-37.785587,144.93976,19.0,Australia/Sydney,weather_forecast_2026-08-26.json,2026-08-26T17:00:00+1000,2026-08-26T07:00:00+0000,2026-08-26,17,12.9,10.4,0,1,12.4,31.0,mainly_clear
melbourne_cbd,-37.8136,144.9631,-37.785587,144.93976,19.0,Australia/Sydney,weather_forecast_2026-08-26.json,2026-08-26T18:00:00+1000,2026-08-26T08:00:00+0000,2026-08-26,18,12.0,10.0,0,2,9.7,28.1,partly_cloudy
melbourne_cbd,-37.8136,144.9631,-37.785587,144.93976,19.0,Australia/Sydney,weather_forecast_2026-08-26.json,2026-08-26T19:00:00+1000,2026-08-26T09:00:00+0000,2026-08-26,19,11.7,9.8,0,3,8.6,20.5,overcast
melbourne_cbd,-37.8136,144.9631,-37.785587,144.93976,19.0,Australia/Sydney,weather_forecast_2026-08-26.json,2026-08-26T20:00:00+1000,2026-08-26T10:00:00+0000,2026-08-26,20,11.6,9.9,0,3,7.2,17.6,overcast
melbourne_cbd,-37.8136,144.9631,-37.785587,144.93976,19.0,Australia/Sydney,weather_forecast_2026-08-26.json,2026-08-26T21:00:00+1000,2026-08-26T11:00:00+0000,2026-08-26,21,11.5,9.9,0,3,6.8,15.5,overcast
melbourne_cbd,-37.8136,144.9631,-37.785587,144.93976,19.0,Australia/Sydney,weather_forecast_2026-08-26.json,2026-08-26T22:00:00+1000,2026-08-26T12:00:00+0000,2026-08-26,22,11.5,10.0,0,3,5.8,14.0,overcast
melbourne_cbd,-37.8136,144.9631,-37.785587,144.93976,19.0,Australia/Sydney,weather_forecast_2026-08-26.json,2026-08-26T23:00:00+1000,2026-08-26T13:00:00+0000,2026-08-26,23,11.0,9.9,0,2,3.4,11.9,partly_cloudy
melbourne_cbd,-37.8136,144.9631,-37.785587,144.93976,19.0,Australia/Sydney,weather_forecast_2026-08-26.json,2026-08-27T00:00:00+1000,2026-08-26T14:00:00+0000,2026-08-27,0,10.3,9.3,0,3,1.8,6.1,overcast
melbourne_cbd,-37.8136,144.9631,-37.785587,144.93976,19.0,Australia/Sydney,weather_forecast_2026-08-26.json,2026-08-27T01:00:00+1000,2026-08-26T15:00:00+0000,2026-08-27,1,9.8,8.5,0,1,3.9,7.9,mainly_clear
melbourne_cbd,-37.8136,144.9631,-37.785587,144.93976,19.0,Australia/Sydney,weather_forecast_2026-08-26.json,2026-08-27T02:00:00+1000,2026-08-26T16:00:00+0000,2026-08-27,2,8.8,7.3,0,1,3.6,7.9,mainly_clear
melbourne_cbd,-37.8136,144.9631,-37.785587,144.93976,19.0,Australia/Sydney,weather_forecast_2026-08-26.json,2026-08-27T03:00:00+1000,2026-08-26T17:00:00+0000,2026-08-27,3,7.9,6.4,0,0,3.3,7.2,clear_sky
melbourne_cbd,-37.8136,144.9631,-37.785587,144.93976,19.0,Australia/Sydney,weather_forecast_2026-08-26.json,2026-08-27T04:00:00+1000,2026-08-26T18:00:00+0000,2026-08-27,4,7.4,5.7,0,0,3.6,7.2,clear_sky
melbourne_cbd,-37.8136,144.9631,-37.785587,144.93976,19.0,Australia/Sydney,weather_forecast_2026-08-26.json,2026-08-27T05:00:00+1000,2026-08-26T19:00:00+0000,2026-08-27,5,7.0,5.2,0,0,3.5,7.6,clear_sky
melbourne_cbd,-37.8136,144.9631,-37.785587,144.93976,19.0,Australia/Sydney,weather_forecast_2026-08-26.json,2026-08-27T06:00:00+1000,2026-08-26T20:00:00+0000,2026-08-27,6,6.5,4.6,0,0,3.8,7.9,clear_sky
melbourne_cbd,-37.8136,144.9631,-37.785587,144.93976,19.0,Australia/Sydney,weather_forecast_2026-08-26.json,2026-08-27T07:00:00+1000,2026-08-26T21:00:00+0000,2026-08-27,7,6.2,4.2,0,0,3.6,7.9,clear_sky
melbourne_cbd,-37.8136,144.9631,-37.785587,144.93976,19.0,Australia/Sydney,weather_forecast_2026-08-26.json,2026-08-27T08:00:00+1000,2026-08-26T22:00:00+0000,2026-08-27,8,7.7,5.8,0,0,4.7,9.7,clear_sky
melbourne_cbd,-37.8136,144.9631,-37.785587,144.93976,19.0,Australia/Sydney,weather_forecast_2026-08-26.json,2026-08-27T09:00:00+1000,2026-08-26T23:00:00+0000,2026-08-27,9,9.6,8.3,0,0,2.3,10.4,clear_sky
melbourne_cbd,-37.8136,144.9631,-37.785587,144.93976,19.0,Australia/Sydney,weather_forecast_2026-08-26.json,2026-08-27T10:00:00+1000,2026-08-27T00:00:00+0000,2026-08-27,10,11.5,10.2,0,1,2.1,11.5,mainly_clear
melbourne_cbd,-37.8136,144.9631,-37.785587,144.93976,19.0,Australia/Sydney,weather_forecast_2026-08-26.json,2026-08-27T11:00:00+1000,2026-08-27T01:00:00+0000,2026-08-27,11,12.8,11.9,0,3,0.8,11.9,overcast
melbourne_cbd,-37.8136,144.9631,-37.785587,144.93976,19.0,Australia/Sydney,weather_forecast_2026-08-26.json,2026-08-27T12:00:00+1000,2026-08-27T02:00:00+0000,2026-08-27,12,13.7,12.8,0,3,0.5,11.2,overcast
melbourne_cbd,-37.8136,144.9631,-37.785587,144.93976,19.0,Australia/Sydney,weather_forecast_2026-08-26.json,2026-08-27T13:00:00+1000,2026-08-27T03:00:00+0000,2026-08-27,13,14.4,14.0,0,1,0.5,10.8,mainly_clear
melbourne_cbd,-37.8136,144.9631,-37.785587,144.93976,19.0,Australia/Sydney,weather_forecast_2026-08-26.json,2026-08-27T14:00:00+1000,2026-08-27T04:00:00+0000,2026-08-27,14,14.9,14.5,0,0,1.4,11.9,clear_sky
melbourne_cbd,-37.8136,144.9631,-37.785587,144.93976,19.0,Australia/Sydney,weather_forecast_2026-08-26.json,2026-08-27T15:00:00+1000,2026-08-27T05:00:00+0000,2026-08-27,15,15.2,13.6,0,1,4.7,15.8,mainly_clear
melbourne_cbd,-37.8136,144.9631,-37.785587,144.93976,19.0,Australia/Sydney,weather_forecast_2026-08-26.json,2026-08-27T16:00:00+1000,2026-08-27T06:00:00+0000,2026-08-27,16,14.1,12.0,0,2,10.4,26.6,partly_cloudy
melbourne_cbd,-37.8136,144.9631,-37.785587,144.93976,19.0,Australia/Sydney,weather_forecast_2026-08-26.json,2026-08-27T17:00:00+1000,2026-08-27T07:00:00+0000,2026-08-27,17,13.2,11.6,0,3,7.0,27.0,overcast
melbourne_cbd,-37.8136,144.9631,-37.785587,144.93976,19.0,Australia/Sydney,weather_forecast_2026-08-26.json,2026-08-27T18:00:00+1000,2026-08-27T08:00:00+0000,2026-08-27,18,12.9,12.2,0,3,2.0,15.8,overcast
melbourne_cbd,-37.8136,144.9631,-37.785587,144.93976,19.0,Australia/Sydney,weather_forecast_2026-08-26.json,2026-08-27T19:00:00+1000,2026-08-27T09:00:00+0000,2026-08-27,19,12.8,11.9,0,3,3.0,6.5,overcast
melbourne_cbd,-37.8136,144.9631,-37.785587,144.93976,19.0,Australia/Sydney,weather_forecast_2026-08-26.json,2026-08-27T20:00:00+1000,2026-08-27T10:00:00+0000,2026-08-27,20,12.1,11.3,0,2,2.5,6.8,partly_cloudy
melbourne_cbd,-37.8136,144.9631,-37.785587,144.93976,19.0,Australia/Sydney,weather_forecast_2026-08-26.json,2026-08-27T21:00:00+1000,2026-08-27T11:00:00+0000,2026-08-27,21,11.5,10.8,0,3,1.5,4.7,overcast
melbourne_cbd,-37.8136,144.9631,-37.785587,144.93976,19.0,Australia/Sydney,weather_forecast_2026-08-26.json,2026-08-27T22:00:00+1000,2026-08-27T12:00:00+0000,2026-08-27,22,11.3,10.5,0,3,1.9,4.7,overcast
melbourne_cbd,-37.8136,144.9631,-37.785587,144.93976,19.0,Australia/Sydney,weather_forecast_2026-08-26.json,2026-08-27T23:00:00+1000,2026-08-27T13:00:00+0000,2026-08-27,23,11.1,10.0,0,3,3.6,6.5,overcast
melbourne_cbd,-37.8136,144.9631,-37.785587,144.93976,19.0,Australia/Sydney,weather_forecast_2026-08-26.json,2026-08-28T00:00:00+1000,2026-08-27T14:00:00+0000,2026-08-28,0,11.4,10.0,0,3,5.6,11.2,overcast
melbourne_cbd,-37.8136,144.9631,-37.785587,144.93976,19.0,Australia/Sydney,weather_forecast_2026-08-26.json,2026-08-28T01:00:00+1000,2026-08-27T15:00:00+0000,2026-08-28,1,10.4,8.6,0,0,8.2,16.9,clear_sky
melbourne_cbd,-37.8136,144.9631,-37.785587,144.93976,19.0,Australia/Sydney,weather_forecast_2026-08-26.json,2026-08-28T02:00:00+1000,2026-08-27T16:00:00+0000,2026-08-28,2,9.3,7.2,0,2,8.1,17.6,partly_cloudy
melbourne_cbd,-37.8136,144.9631,-37.785587,144.93976,19.0,Australia/Sydney,weather_forecast_2026-08-26.json,2026-08-28T03:00:00+1000,2026-08-27T17:00:00+0000,2026-08-28,3,8.6,6.5,0,3,7.2,17.6,overcast
melbourne_cbd,-37.8136,144.9631,-37.785587,144.93976,19.0,Australia/Sydney,weather_forecast_2026-08-26.json,2026-08-28T04:00:00+1000,2026-08-27T18:00:00+0000,2026-08-28,4,8.7,6.4,0,3,7.3,14.8,overcast
melbourne_cbd,-37.8136,144.9631,-37.785587,144.93976,19.0,Australia/Sydney,weather_forecast_2026-08-26.json,2026-08-28T05:00:00+1000,2026-08-27T19:00:00+0000,2026-08-28,5,8.7,6.4,0,0,7.6,15.5,clear_sky
melbourne_cbd,-37.8136,144.9631,-37.785587,144.93976,19.0,Australia/Sydney,weather_forecast_2026-08-26.json,2026-08-28T06:00:00+1000,2026-08-27T20:00:00+0000,2026-08-28,6,8.5,6.1,0,0,7.8,15.5,clear_sky
melbourne_cbd,-37.8136,144.9631,-37.785587,144.93976,19.0,Australia/Sydney,weather_forecast_2026-08-26.json,2026-08-28T07:00:00+1000,2026-08-27T21:00:00+0000,2026-08-28,7,8.1,5.8,0,0,7.6,16.9,clear_sky
melbourne_cbd,-37.8136,144.9631,-37.785587,144.93976,19.0,Australia/Sydney,weather_forecast_2026-08-26.json,2026-08-28T08:00:00+1000,2026-08-27T22:00:00+0000,2026-08-28,8,9.3,7.0,2,0,8.4,16.9,clear_sky
melbourne_cbd,-37.8136,144.9631,-37.785587,144.93976,19.0,Australia/Sydney,weather_forecast_2026-08-26.json,2026-08-28T09:00:00+1000,2026-08-27T23:00:00+0000,2026-08-28,9,11.6,9.8,4,0,6.6,17.6,clear_sky
melbourne_cbd,-37.8136,144.9631,-37.785587,144.93976,19.0,Australia/Sydney,weather_forecast_2026-08-26.json,2026-08-28T10:00:00+1000,2026-08-28T00:00:00+0000,2026-08-28,10,13.8,12.3,8,3,4.9,16.6,overcast
melbourne_cbd,-37.8136,144.9631,-37.785587,144.93976,19.0,Australia/Sydney,weather_forecast_2026-08-26.json,2026-08-28T11:00:00+1000,2026-08-28T01:00:00+0000,2026-08-28,11,15.0,13.8,12,3,3.6,15.8,overcast
melbourne_cbd,-37.8136,144.9631,-37.785587,144.93976,19.0,Australia/Sydney,weather_forecast_2026-08-26.json,2026-08-28T12:00:00+1000,2026-08-28T02:00:00+0000,2026-08-28,12,15.0,14.1,18,3,1.7,13.3,overcast
melbourne_cbd,-37.8136,144.9631,-37.785587,144.93976,19.0,Australia/Sydney,weather_forecast_2026-08-26.json,2026-08-28T13:00:00+1000,2026-08-28T03:00:00+0000,2026-08-28,13,15.4,14.7,24,3,1.1,7.9,overcast
melbourne_cbd,-37.8136,144.9631,-37.785587,144.93976,19.0,Australia/Sydney,weather_forecast_2026-08-26.json,2026-08-28T14:00:00+1000,2026-08-28T04:00:00+0000,2026-08-28,14,14.9,13.8,35,3,5.6,14.4,overcast
melbourne_cbd,-37.8136,144.9631,-37.785587,144.93976,19.0,Australia/Sydney,weather_forecast_2026-08-26.json,2026-08-28T15:00:00+1000,2026-08-28T05:00:00+0000,2026-08-28,15,14.0,13.4,46,53,5.2,15.5,moderate_drizzle
melbourne_cbd,-37.8136,144.9631,-37.785587,144.93976,19.0,Australia/Sydney,weather_forecast_2026-08-26.json,2026-08-28T16:00:00+1000,2026-08-28T06:00:00+0000,2026-08-28,16,13.5,13.5,51,55,1.9,14.8,dense_drizzle
melbourne_cbd,-37.8136,144.9631,-37.785587,144.93976,19.0,Australia/Sydney,weather_forecast_2026-08-26.json,2026-08-28T17:00:00+1000,2026-08-28T07:00:00+0000,2026-08-28,17,13.5,13.7,43,51,1.4,9.0,light_drizzle
melbourne_cbd,-37.8136,144.9631,-37.785587,144.93976,19.0,Australia/Sydney,weather_forecast_2026-08-26.json,2026-08-28T18:00:00+1000,2026-08-28T08:00:00+0000,2026-08-28,18,13.2,13.7,27,51,0.3,6.5,light_drizzle
melbourne_cbd,-37.8136,144.9631,-37.785587,144.93976,19.0,Australia/Sydney,weather_forecast_2026-08-26.json,2026-08-28T19:00:00+1000,2026-08-28T09:00:00+0000,2026-08-28,19,13.1,13.4,14,2,1.0,1.8,partly_cloudy
melbourne_cbd,-37.8136,144.9631,-37.785587,144.93976,19.0,Australia/Sydney,weather_forecast_2026-08-26.json,2026-08-28T20:00:00+1000,2026-08-28T10:00:00+0000,2026-08-28,20,12.4,12.4,7,1,2.4,3.6,mainly_clear
melbourne_cbd,-37.8136,144.9631,-37.785587,144.93976,19.0,Australia/Sydney,weather_forecast_2026-08-26.json,2026-08-28T21:00:00+1000,2026-08-28T11:00:00+0000,2026-08-28,21,11.6,11.5,3,1,2.0,4.7,mainly_clear
melbourne_cbd,-37.8136,144.9631,-37.785587,144.93976,19.0,Australia/Sydney,weather_forecast_2026-08-26.json,2026-08-28T22:00:00+1000,2026-08-28T12:00:00+0000,2026-08-28,22,10.8,10.5,0,2,2.6,4.0,partly_cloudy
melbourne_cbd,-37.8136,144.9631,-37.785587,144.93976,19.0,Australia/Sydney,weather_forecast_2026-08-26.json,2026-08-28T23:00:00+1000,2026-08-28T13:00:00+0000,2026-08-28,23,10.4,10.1,0,3,2.1,4.7,overcast
melbourne_cbd,-37.8136,144.9631,-37.785587,144.93976,19.0,Australia/Sydney,weather_forecast_2026-08-26.json,2026-08-29T00:00:00+1000,2026-08-28T14:00:00+0000,2026-08-29,0,10.1,9.6,1,3,2.8,4.3,overcast
melbourne_cbd,-37.8136,144.9631,-37.785587,144.93976,19.0,Australia/Sydney,weather_forecast_2026-08-26.json,2026-08-29T01:00:00+1000,2026-08-28T15:00:00+0000,2026-08-29,1,10.6,10.1,2,51,4.3,8.6,light_drizzle
melbourne_cbd,-37.8136,144.9631,-37.785587,144.93976,19.0,Australia/Sydney,weather_forecast_2026-08-26.json,2026-08-29T02:00:00+1000,2026-08-28T16:00:00+0000,2026-08-29,2,10.3,9.7,3,3,4.0,8.3,overcast
melbourne_cbd,-37.8136,144.9631,-37.785587,144.93976,19.0,Australia/Sydney,weather_forecast_2026-08-26.json,2026-08-29T03:00:00+1000,2026-08-28T17:00:00+0000,2026-08-29,3,10.4,9.3,4,3,7.3,14.8,overcast
melbourne_cbd,-37.8136,144.9631,-37.785587,144.93976,19.0,Australia/Sydney,weather_forecast_2026-08-26.json,2026-08-29T04:00:00+1000,2026-08-28T18:00:00+0000,2026-08-29,4,10.3,9.0,4,3,8.2,17.6,overcast
melbourne_cbd,-37.8136,144.9631,-37.785587,144.93976,19.0,Australia/Sydney,weather_forecast_2026-08-26.json,2026-08-29T05:00:00+1000,2026-08-28T19:00:00+0000,2026-08-29,5,9.9,8.7,3,3,6.7,17.6,overcast
melbourne_cbd,-37.8136,144.9631,-37.785587,144.93976,19.0,Australia/Sydney,weather_forecast_2026-08-26.json,2026-08-29T06:00:00+1000,2026-08-28T20:00:00+0000,2026-08-29,6,9.1,7.8,1,2,6.1,14.4,partly_cloudy
melbourne_cbd,-37.8136,144.9631,-37.785587,144.93976,19.0,Australia/Sydney,weather_forecast_2026-08-26.json,2026-08-29T07:00:00+1000,2026-08-28T21:00:00+0000,2026-08-29,7,8.3,7.0,0,1,4.8,12.6,mainly_clear
melbourne_cbd,-37.8136,144.9631,-37.785587,144.93976,19.0,Australia/Sydney,weather_forecast_2026-08-26.json,2026-08-29T08:00:00+1000,2026-08-28T22:00:00+0000,2026-08-29,8,8.8,7.4,0,1,5.3,13.0,mainly_clear
melbourne_cbd,-37.8136,144.9631,-37.785587,144.93976,19.0,Australia/Sydney,weather_forecast_2026-08-26.json,2026-08-29T09:00:00+1000,2026-08-28T23:00:00+0000,2026-08-29,9,10.0,8.8,1,0,5.2,15.5,clear_sky
melbourne_cbd,-37.8136,144.9631,-37.785587,144.93976,19.0,Australia/Sydney,weather_forecast_2026-08-26.json,2026-08-29T10:00:00+1000,2026-08-29T00:00:00+0000,2026-08-29,10,11.4,10.0,2,1,6.6,20.2,mainly_clear
melbourne_cbd,-37.8136,144.9631,-37.785587,144.93976,19.0,Australia/Sydney,weather_forecast_2026-08-26.json,2026-08-29T11:00:00+1000,2026-08-29T01:00:00+0000,2026-08-29,11,12.3,10.4,2,1,7.9,23.8,mainly_clear
melbourne_cbd,-37.8136,144.9631,-37.785587,144.93976,19.0,Australia/Sydney,weather_forecast_2026-08-26.json,2026-08-29T12:00:00+1000,2026-08-29T02:00:00+0000,2026-08-29,12,13.0,10.9,1,2,7.8,23.8,partly_cloudy
melbourne_cbd,-37.8136,144.9631,-37.785587,144.93976,19.0,Australia/Sydney,weather_forecast_2026-08-26.json,2026-08-29T13:00:00+1000,2026-08-29T03:00:00+0000,2026-08-29,13,13.4,11.2,0,3,8.8,24.8,overcast
melbourne_cbd,-37.8136,144.9631,-37.785587,144.93976,19.0,Australia/Sydney,weather_forecast_2026-08-26.json,2026-08-29T14:00:00+1000,2026-08-29T04:00:00+0000,2026-08-29,14,13.4,11.0,0,2,12.0,31.7,partly_cloudy
melbourne_cbd,-37.8136,144.9631,-37.785587,144.93976,19.0,Australia/Sydney,weather_forecast_2026-08-26.json,2026-08-29T15:00:00+1000,2026-08-29T05:00:00+0000,2026-08-29,15,13.0,10.3,0,3,12.5,33.1,overcast
melbourne_cbd,-37.8136,144.9631,-37.785587,144.93976,19.0,Australia/Sydney,weather_forecast_2026-08-26.json,2026-08-29T16:00:00+1000,2026-08-29T06:00:00+0000,2026-08-29,16,12.5,10.4,0,3,9.8,31.3,overcast
melbourne_cbd,-37.8136,144.9631,-37.785587,144.93976,19.0,Australia/Sydney,weather_forecast_2026-08-26.json,2026-08-29T17:00:00+1000,2026-08-29T07:00:00+0000,2026-08-29,17,12.3,10.6,0,51,7.5,24.5,light_drizzle
melbourne_cbd,-37.8136,144.9631,-37.785587,144.93976,19.0,Australia/Sydney,weather_forecast_2026-08-26.json,2026-08-29T18:00:00+1000,2026-08-29T08:00:00+0000,2026-08-29,18,11.9,11.3,0,0,1.1,17.3,clear_sky
melbourne_cbd,-37.8136,144.9631,-37.785587,144.93976,19.0,Australia/Sydney,weather_forecast_2026-08-26.json,2026-08-29T19:00:00+1000,2026-08-29T09:00:00+0000,2026-08-29,19,10.8,9.9,0,1,2.5,4.7,mainly_clear
melbourne_cbd,-37.8136,144.9631,-37.785587,144.93976,19.0,Australia/Sydney,weather_forecast_2026-08-26.json,2026-08-29T20:00:00+1000,2026-08-29T10:00:00+0000,2026-08-29,20,11.1,10.3,1,3,1.9,5.4,overcast
melbourne_cbd,-37.8136,144.9631,-37.785587,144.93976,19.0,Australia/Sydney,weather_forecast_2026-08-26.json,2026-08-29T21:00:00+1000,2026-08-29T11:00:00+0000,2026-08-29,21,11.6,10.6,1,3,3.7,7.2,overcast
melbourne_cbd,-37.8136,144.9631,-37.785587,144.93976,19.0,Australia/Sydney,weather_forecast_2026-08-26.json,2026-08-29T22:00:00+1000,2026-08-29T12:00:00+0000,2026-08-29,22,11.7,10.4,2,3,6.5,13.7,overcast
melbourne_cbd,-37.8136,144.9631,-37.785587,144.93976,19.0,Australia/Sydney,weather_forecast_2026-08-26.json,2026-08-29T23:00:00+1000,2026-08-29T13:00:00+0000,2026-08-29,23,11.2,9.5,2,3,9.3,19.8,overcast
melbourne_cbd,-37.8136,144.9631,-37.785587,144.93976,19.0,Australia/Sydney,weather_forecast_2026-08-26.json,2026-08-30T00:00:00+1000,2026-08-29T14:00:00+0000,2026-08-30,0,10.5,8.7,2,2,8.4,20.9,partly_cloudy
melbourne_cbd,-37.8136,144.9631,-37.785587,144.93976,19.0,Australia/Sydney,weather_forecast_2026-08-26.json,2026-08-30T01:00:00+1000,2026-08-29T15:00:00+0000,2026-08-30,1,9.8,8.3,2,1,6.1,18.0,mainly_clear
melbourne_cbd,-37.8136,144.9631,-37.785587,144.93976,19.0,Australia/Sydney,weather_forecast_2026-08-26.json,2026-08-30T02:00:00+1000,2026-08-29T16:00:00+0000,2026-08-30,2,9.4,7.8,2,2,5.9,12.6,partly_cloudy
melbourne_cbd,-37.8136,144.9631,-37.785587,144.93976,19.0,Australia/Sydney,weather_forecast_2026-08-26.json,2026-08-30T03:00:00+1000,2026-08-29T17:00:00+0000,2026-08-30,3,8.8,7.3,2,2,5.2,12.2,partly_cloudy
melbourne_cbd,-37.8136,144.9631,-37.785587,144.93976,19.0,Australia/Sydney,weather_forecast_2026-08-26.json,2026-08-30T04:00:00+1000,2026-08-29T18:00:00+0000,2026-08-30,4,8.4,7.0,2,3,3.8,10.4,overcast
melbourne_cbd,-37.8136,144.9631,-37.785587,144.93976,19.0,Australia/Sydney,weather_forecast_2026-08-26.json,2026-08-30T05:00:00+1000,2026-08-29T19:00:00+0000,2026-08-30,5,8.1,6.7,1,3,4.0,9.4,overcast
melbourne_cbd,-37.8136,144.9631,-37.785587,144.93976,19.0,Australia/Sydney,weather_forecast_2026-08-26.json,2026-08-30T06:00:00+1000,2026-08-29T20:00:00+0000,2026-08-30,6,8.0,6.5,1,2,4.5,9.0,partly_cloudy
melbourne_cbd,-37.8136,144.9631,-37.785587,144.93976,19.0,Australia/Sydney,weather_forecast_2026-08-26.json,2026-08-30T07:00:00+1000,2026-08-29T21:00:00+0000,2026-08-30,7,8.3,6.9,0,2,4.5,9.7,partly_cloudy
melbourne_cbd,-37.8136,144.9631,-37.785587,144.93976,19.0,Australia/Sydney,weather_forecast_2026-08-26.json,2026-08-30T08:00:00+1000,2026-08-29T22:00:00+0000,2026-08-30,8,9.4,8.2,0,2,3.5,11.5,partly_cloudy
melbourne_cbd,-37.8136,144.9631,-37.785587,144.93976,19.0,Australia/Sydney,weather_forecast_2026-08-26.json,2026-08-30T09:00:00+1000,2026-08-29T23:00:00+0000,2026-08-30,9,10.9,9.8,0,3,3.9,14.0,overcast
melbourne_cbd,-37.8136,144.9631,-37.785587,144.93976,19.0,Australia/Sydney,weather_forecast_2026-08-26.json,2026-08-30T10:00:00+1000,2026-08-30T00:00:00+0000,2026-08-30,10,12.1,10.9,0,3,5.4,16.9,overcast
melbourne_cbd,-37.8136,144.9631,-37.785587,144.93976,19.0,Australia/Sydney,weather_forecast_2026-08-26.json,2026-08-30T11:00:00+1000,2026-08-30T01:00:00+0000,2026-08-30,11,12.9,11.6,0,51,6.6,20.2,light_drizzle
melbourne_cbd,-37.8136,144.9631,-37.785587,144.93976,19.0,Australia/Sydney,weather_forecast_2026-08-26.json,2026-08-30T12:00:00+1000,2026-08-30T02:00:00+0000,2026-08-30,12,13.5,12.0,0,51,7.8,23.8,light_drizzle
melbourne_cbd,-37.8136,144.9631,-37.785587,144.93976,19.0,Australia/Sydney,weather_forecast_2026-08-26.json,2026-08-30T13:00:00+1000,2026-08-30T03:00:00+0000,2026-08-30,13,13.8,12.2,0,51,8.5,25.9,light_drizzle
melbourne_cbd,-37.8136,144.9631,-37.785587,144.93976,19.0,Australia/Sydney,weather_forecast_2026-08-26.json,2026-08-30T14:00:00+1000,2026-08-30T04:00:00+0000,2026-08-30,14,13.8,12.1,0,3,8.7,26.3,overcast
melbourne_cbd,-37.8136,144.9631,-37.785587,144.93976,19.0,Australia/Sydney,weather_forecast_2026-08-26.json,2026-08-30T15:00:00+1000,2026-08-30T05:00:00+0000,2026-08-30,15,13.6,11.9,0,3,8.5,25.9,overcast
melbourne_cbd,-37.8136,144.9631,-37.785587,144.93976,19.0,Australia/Sydney,weather_forecast_2026-08-26.json,2026-08-30T16:00:00+1000,2026-08-30T06:00:00+0000,2026-08-30,16,13.3,11.7,0,3,8.0,24.8,overcast
melbourne_cbd,-37.8136,144.9631,-37.785587,144.93976,19.0,Australia/Sydney,weather_forecast_2026-08-26.json,2026-08-30T17:00:00+1000,2026-08-30T07:00:00+0000,2026-08-30,17,12.9,11.6,0,3,7.1,24.1,overcast
melbourne_cbd,-37.8136,144.9631,-37.785587,144.93976,19.0,Australia/Sydney,weather_forecast_2026-08-26.json,2026-08-30T18:00:00+1000,2026-08-30T08:00:00+0000,2026-08-30,18,12.5,11.5,0,3,5.7,23.0,overcast
melbourne_cbd,-37.8136,144.9631,-37.785587,144.93976,19.0,Australia/Sydney,weather_forecast_2026-08-26.json,2026-08-30T19:00:00+1000,2026-08-30T09:00:00+0000,2026-08-30,19,12.1,11.4,0,3,4.3,20.9,overcast
melbourne_cbd,-37.8136,144.9631,-37.785587,144.93976,19.0,Australia/Sydney,weather_forecast_2026-08-26.json,2026-08-30T20:00:00+1000,2026-08-30T10:00:00+0000,2026-08-30,20,11.8,11.3,0,3,2.7,17.3,overcast
melbourne_cbd,-37.8136,144.9631,-37.785587,144.93976,19.0,Australia/Sydney,weather_forecast_2026-08-26.json,2026-08-30T21:00:00+1000,2026-08-30T11:00:00+0000,2026-08-30,21,11.4,11.0,0,3,1.9,12.6,overcast
melbourne_cbd,-37.8136,144.9631,-37.785587,144.93976,19.0,Australia/Sydney,weather_forecast_2026-08-26.json,2026-08-30T22:00:00+1000,2026-08-30T12:00:00+0000,2026-08-30,22,11.1,10.7,0,3,2.0,9.0,overcast
melbourne_cbd,-37.8136,144.9631,-37.785587,144.93976,19.0,Australia/Sydney,weather_forecast_2026-08-26.json,2026-08-30T23:00:00+1000,2026-08-30T13:00:00+0000,2026-08-30,23,10.9,10.4,0,3,1.9,6.8,overcast
melbourne_cbd,-37.8136,144.9631,-37.785587,144.93976,19.0,Australia/Sydney,weather_forecast_2026-08-26.json,2026-08-31T00:00:00+1000,2026-08-30T14:00:00+0000,2026-08-31,0,10.7,10.3,0,3,1.6,5.0,overcast
melbourne_cbd,-37.8136,144.9631,-37.785587,144.93976,19.0,Australia/Sydney,weather_forecast_2026-08-26.json,2026-08-31T01:00:00+1000,2026-08-30T15:00:00+0000,2026-08-31,1,10.6,10.2,0,3,1.5,4.3,overcast
melbourne_cbd,-37.8136,144.9631,-37.785587,144.93976,19.0,Australia/Sydney,weather_forecast_2026-08-26.json,2026-08-31T02:00:00+1000,2026-08-30T16:00:00+0000,2026-08-31,2,10.5,10.2,0,3,1.4,4.3,overcast
melbourne_cbd,-37.8136,144.9631,-37.785587,144.93976,19.0,Australia/Sydney,weather_forecast_2026-08-26.json,2026-08-31T03:00:00+1000,2026-08-30T17:00:00+0000,2026-08-31,3,10.5,10.2,0,3,1.1,5.4,overcast
melbourne_cbd,-37.8136,144.9631,-37.785587,144.93976,19.0,Australia/Sydney,weather_forecast_2026-08-26.json,2026-08-31T04:00:00+1000,2026-08-30T18:00:00+0000,2026-08-31,4,10.4,10.0,0,3,1.5,6.1,overcast
melbourne_cbd,-37.8136,144.9631,-37.785587,144.93976,19.0,Australia/Sydney,weather_forecast_2026-08-26.json,2026-08-31T05:00:00+1000,2026-08-30T19:00:00+0000,2026-08-31,5,10.1,9.6,0,3,2.6,6.5,overcast
melbourne_cbd,-37.8136,144.9631,-37.785587,144.93976,19.0,Australia/Sydney,weather_forecast_2026-08-26.json,2026-08-31T06:00:00+1000,2026-08-30T20:00:00+0000,2026-08-31,6,9.8,9.0,0,3,3.9,7.2,overcast
melbourne_cbd,-37.8136,144.9631,-37.785587,144.93976,19.0,Australia/Sydney,weather_forecast_2026-08-26.json,2026-08-31T07:00:00+1000,2026-08-30T21:00:00+0000,2026-08-31,7,9.7,8.9,0,3,4.2,8.3,overcast
melbourne_cbd,-37.8136,144.9631,-37.785587,144.93976,19.0,Australia/Sydney,weather_forecast_2026-08-26.json,2026-08-31T08:00:00+1000,2026-08-30T22:00:00+0000,2026-08-31,8,10.2,9.5,0,3,2.8,10.1,overcast
melbourne_cbd,-37.8136,144.9631,-37.785587,144.93976,19.0,Australia/Sydney,weather_forecast_2026-08-26.json,2026-08-31T09:00:00+1000,2026-08-30T23:00:00+0000,2026-08-31,9,11.0,10.2,0,3,3.1,12.6,overcast
melbourne_cbd,-37.8136,144.9631,-37.785587,144.93976,19.0,Australia/Sydney,weather_forecast_2026-08-26.json,2026-08-31T10:00:00+1000,2026-08-31T00:00:00+0000,2026-08-31,10,12.1,11.1,0,3,4.3,14.8,overcast
melbourne_cbd,-37.8136,144.9631,-37.785587,144.93976,19.0,Australia/Sydney,weather_forecast_2026-08-26.json,2026-08-31T11:00:00+1000,2026-08-31T01:00:00+0000,2026-08-31,11,13.5,12.7,0,2,3.9,15.8,partly_cloudy
melbourne_cbd,-37.8136,144.9631,-37.785587,144.93976,19.0,Australia/Sydney,weather_forecast_2026-08-26.json,2026-08-31T12:00:00+1000,2026-08-31T02:00:00+0000,2026-08-31,12,15.2,14.9,0,1,2.3,16.2,mainly_clear
melbourne_cbd,-37.8136,144.9631,-37.785587,144.93976,19.0,Australia/Sydney,weather_forecast_2026-08-26.json,2026-08-31T13:00:00+1000,2026-08-31T03:00:00+0000,2026-08-31,13,16.2,16.6,0,0,0.6,17.6,clear_sky
melbourne_cbd,-37.8136,144.9631,-37.785587,144.93976,19.0,Australia/Sydney,weather_forecast_2026-08-26.json,2026-08-31T14:00:00+1000,2026-08-31T04:00:00+0000,2026-08-31,14,16.1,16.2,0,0,3.4,20.9,clear_sky
melbourne_cbd,-37.8136,144.9631,-37.785587,144.93976,19.0,Australia/Sydney,weather_forecast_2026-08-26.json,2026-08-31T15:00:00+1000,2026-08-31T05:00:00+0000,2026-08-31,15,15.4,14.3,0,0,7.9,25.2,clear_sky
melbourne_cbd,-37.8136,144.9631,-37.785587,144.93976,19.0,Australia/Sydney,weather_forecast_2026-08-26.json,2026-08-31T16:00:00+1000,2026-08-31T06:00:00+0000,2026-08-31,16,14.5,13.1,0,0,10.1,28.1,clear_sky
melbourne_cbd,-37.8136,144.9631,-37.785587,144.93976,19.0,Australia/Sydney,weather_forecast_2026-08-26.json,2026-08-31T17:00:00+1000,2026-08-31T07:00:00+0000,2026-08-31,17,13.4,12.1,0,0,8.5,28.4,clear_sky
melbourne_cbd,-37.8136,144.9631,-37.785587,144.93976,19.0,Australia/Sydney,weather_forecast_2026-08-26.json,2026-08-31T18:00:00+1000,2026-08-31T08:00:00+0000,2026-08-31,18,12.1,11.3,0,0,4.7,27.0,clear_sky
melbourne_cbd,-37.8136,144.9631,-37.785587,144.93976,19.0,Australia/Sydney,weather_forecast_2026-08-26.json,2026-08-31T19:00:00+1000,2026-08-31T09:00:00+0000,2026-08-31,19,11.4,11.1,0,0,0.5,25.9,clear_sky
melbourne_cbd,-37.8136,144.9631,-37.785587,144.93976,19.0,Australia/Sydney,weather_forecast_2026-08-26.json,2026-08-31T20:00:00+1000,2026-08-31T10:00:00+0000,2026-08-31,20,11.6,10.9,0,0,3.6,25.2,clear_sky
melbourne_cbd,-37.8136,144.9631,-37.785587,144.93976,19.0,Australia/Sydney,weather_forecast_2026-08-26.json,2026-08-31T21:00:00+1000,2026-08-31T11:00:00+0000,2026-08-31,21,12.3,11.1,0,0,8.1,24.1,clear_sky
melbourne_cbd,-37.8136,144.9631,-37.785587,144.93976,19.0,Australia/Sydney,weather_forecast_2026-08-26.json,2026-08-31T22:00:00+1000,2026-08-31T12:00:00+0000,2026-08-31,22,12.8,11.2,0,0,11.7,24.5,clear_sky
melbourne_cbd,-37.8136,144.9631,-37.785587,144.93976,19.0,Australia/Sydney,weather_forecast_2026-08-26.json,2026-08-31T23:00:00+1000,2026-08-31T13:00:00+0000,2026-08-31,23,12.9,11.0,0,0,13.5,26.3,clear_sky
melbourne_cbd,-37.8136,144.9631,-37.785587,144.93976,19.0,Australia/Sydney,weather_forecast_2026-08-26.json,2026-09-01T00:00:00+1000,2026-08-31T14:00:00+0000,2026-09-01,0,12.7,10.7,0,0,14.4,29.2,clear_sky
melbourne_cbd,-37.8136,144.9631,-37.785587,144.93976,19.0,Australia/Sydney,weather_forecast_2026-08-26.json,2026-09-01T01:00:00+1000,2026-08-31T15:00:00+0000,2026-09-01,1,12.6,10.4,0,0,15.3,32.4,clear_sky
melbourne_cbd,-37.8136,144.9631,-37.785587,144.93976,19.0,Australia/Sydney,weather_forecast_2026-08-26.json,2026-09-01T02:00:00+1000,2026-08-31T16:00:00+0000,2026-09-01,2,12.5,10.2,0,0,16.6,35.3,clear_sky
melbourne_cbd,-37.8136,144.9631,-37.785587,144.93976,19.0,Australia/Sydney,weather_forecast_2026-08-26.json,2026-09-01T03:00:00+1000,2026-08-31T17:00:00+0000,2026-09-01,3,12.5,10.0,0,1,17.8,38.5,mainly_clear
melbourne_cbd,-37.8136,144.9631,-37.785587,144.93976,19.0,Australia/Sydney,weather_forecast_2026-08-26.json,2026-09-01T04:00:00+1000,2026-08-31T18:00:00+0000,2026-09-01,4,12.4,9.8,0,1,18.9,41.4,mainly_clear
melbourne_cbd,-37.8136,144.9631,-37.785587,144.93976,19.0,Australia/Sydney,weather_forecast_2026-08-26.json,2026-09-01T05:00:00+1000,2026-08-31T19:00:00+0000,2026-09-01,5,12.2,9.4,0,2,19.8,43.6,partly_cloudy
melbourne_cbd,-37.8136,144.9631,-37.785587,144.93976,19.0,Australia/Sydney,weather_forecast_2026-08-26.json,2026-09-01T06:00:00+1000,2026-08-31T20:00:00+0000,2026-09-01,6,12.0,9.0,0,2,20.5,45.7,partly_cloudy
melbourne_cbd,-37.8136,144.9631,-37.785587,144.93976,19.0,Australia/Sydney,weather_forecast_2026-08-26.json,2026-09-01T07:00:00+1000,2026-08-31T21:00:00+0000,2026-09-01,7,12.0,8.8,0,3,21.3,47.9,overcast
melbourne_cbd,-37.8136,144.9631,-37.785587,144.93976,19.0,Australia/Sydney,weather_forecast_2026-08-26.json,2026-09-01T08:00:00+1000,2026-08-31T22:00:00+0000,2026-09-01,8,13.3,10.0,0,1,22.2,51.8,mainly_clear
melbourne_cbd,-37.8136,144.9631,-37.785587,144.93976,19.0,Australia/Sydney,weather_forecast_2026-08-26.json,2026-09-01T09:00:00+1000,2026-08-31T23:00:00+0000,2026-09-01,9,13.6,10.3,0,1,22.6,54.7,mainly_clear
melbourne_cbd,-37.8136,144.9631,-37.785587,144.93976,19.0,Australia/Sydney,weather_forecast_2026-08-26.json,2026-09-01T10:00:00+1000,2026-09-01T00:00:00+0000,2026-09-01,10,14.1,10.7,0,1,22.9,57.2,mainly_clear
melbourne_cbd,-37.8136,144.9631,-37.785587,144.93976,19.0,Australia/Sydney,weather_forecast_2026-08-26.json,2026-09-01T11:00:00+1000,2026-09-01T01:00:00+0000,2026-09-01,11,14.9,11.4,3,1,23.3,60.5,mainly_clear
melbourne_cbd,-37.8136,144.9631,-37.785587,144.93976,19.0,Australia/Sydney,weather_forecast_2026-08-26.json,2026-09-01T12:00:00+1000,2026-09-01T02:00:00+0000,2026-09-01,12,15.8,12.6,8,2,24.0,64.1,partly_cloudy
melbourne_cbd,-37.8136,144.9631,-37.785587,144.93976,19.0,Australia/Sydney,weather_forecast_2026-08-26.json,2026-09-01T13:00:00+1000,2026-09-01T03:00:00+0000,2026-09-01,13,16.9,13.5,13,2,24.7,67.7,partly_cloudy
melbourne_cbd,-37.8136,144.9631,-37.785587,144.93976,19.0,Australia/Sydney,weather_forecast_2026-08-26.json,2026-09-01T14:00:00+1000,2026-09-01T04:00:00+0000,2026-09-01,14,17.9,14.3,19,3,25.1,70.6,overcast
melbourne_cbd,-37.8136,144.9631,-37.785587,144.93976,19.0,Australia/Sydney,weather_forecast_2026-08-26.json,2026-09-01T15:00:00+1000,2026-09-01T05:00:00+0000,2026-09-01,15,18.6,15.0,25,3,24.8,72.7,overcast
melbourne_cbd,-37.8136,144.9631,-37.785587,144.93976,19.0,Australia/Sydney,weather_forecast_2026-08-26.json,2026-09-01T16:00:00+1000,2026-09-01T06:00:00+0000,2026-09-01,16,18.7,15.4,31,3,23.5,73.1,overcast
melbourne_cbd,-37.8136,144.9631,-37.785587,144.93976,19.0,Australia/Sydney,weather_forecast_2026-08-26.json,2026-09-01T17:00:00+1000,2026-09-01T07:00:00+0000,2026-09-01,17,18.3,15.3,38,55,20.7,71.3,dense_drizzle
melbourne_cbd,-37.8136,144.9631,-37.785587,144.93976,19.0,Australia/Sydney,weather_forecast_2026-08-26.json,2026-09-01T18:00:00+1000,2026-09-01T08:00:00+0000,2026-09-01,18,17.3,14.8,45,55,17.6,67.7,dense_drizzle
melbourne_cbd,-37.8136,144.9631,-37.785587,144.93976,19.0,Australia/Sydney,weather_forecast_2026-08-26.json,2026-09-01T19:00:00+1000,2026-09-01T09:00:00+0000,2026-09-01,19,16.0,13.7,52,55,16.4,63.0,dense_drizzle
melbourne_cbd,-37.8136,144.9631,-37.785587,144.93976,19.0,Australia/Sydney,weather_forecast_2026-08-26.json,2026-09-01T20:00:00+1000,2026-09-01T10:00:00+0000,2026-09-01,20,14.7,12.1,58,55,18.1,58.0,dense_drizzle
melbourne_cbd,-37.8136,144.9631,-37.785587,144.93976,19.0,Australia/Sydney,weather_forecast_2026-08-26.json,2026-09-01T21:00:00+1000,2026-09-01T11:00:00+0000,2026-09-01,21,13.4,10.3,63,55,21.0,53.3,dense_drizzle
melbourne_cbd,-37.8136,144.9631,-37.785587,144.93976,19.0,Australia/Sydney,weather_forecast_2026-08-26.json,2026-09-01T22:00:00+1000,2026-09-01T12:00:00+0000,2026-09-01,22,12.4,9.0,65,55,22.6,50.4,dense_drizzle
melbourne_cbd,-37.8136,144.9631,-37.785587,144.93976,19.0,Australia/Sydney,weather_forecast_2026-08-26.json,2026-09-01T23:00:00+1000,2026-09-01T13:00:00+0000,2026-09-01,23,11.6,8.2,63,0,21.7,49.0,clear_sky
pakenham,-38.0702,145.4751,-38.066784,145.47778,40.0,Australia/Sydney,weather_forecast_2026-08-26.json,2026-08-26T00:00:00+1000,2026-08-25T14:00:00+0000,2026-08-26,0,9.6,7.9,57,51,8.3,12.6,light_drizzle
pakenham,-38.0702,145.4751,-38.066784,145.47778,40.0,Australia/Sydney,weather_forecast_2026-08-26.json,2026-08-26T01:00:00+1000,2026-08-25T15:00:00+0000,2026-08-26,1,9.8,8.1,78,51,10.3,17.6,light_drizzle
pakenham,-38.0702,145.4751,-38.066784,145.47778,40.0,Australia/Sydney,weather_forecast_2026-08-26.json,2026-08-26T02:00:00+1000,2026-08-25T16:00:00+0000,2026-08-26,2,9.9,8.3,64,3,9.8,19.1,overcast
pakenham,-38.0702,145.4751,-38.066784,145.47778,40.0,Australia/Sydney,weather_forecast_2026-08-26.json,2026-08-26T03:00:00+1000,2026-08-25T17:00:00+0000,2026-08-26,3,9.7,8.2,35,3,9.3,16.9,overcast
pakenham,-38.0702,145.4751,-38.066784,145.47778,40.0,Australia/Sydney,weather_forecast_2026-08-26.json,2026-08-26T04:00:00+1000,2026-08-25T18:00:00+0000,2026-08-26,4,9.3,7.6,12,2,9.1,15.5,partly_cloudy
pakenham,-38.0702,145.4751,-38.066784,145.47778,40.0,Australia/Sydney,weather_forecast_2026-08-26.json,2026-08-26T05:00:00+1000,2026-08-25T19:00:00+0000,2026-08-26,5,8.6,6.9,4,1,7.9,15.1,mainly_clear
pakenham,-38.0702,145.4751,-38.066784,145.47778,40.0,Australia/Sydney,weather_forecast_2026-08-26.json,2026-08-26T06:00:00+1000,2026-08-25T20:00:00+0000,2026-08-26,6,8.5,6.8,2,2,7.2,13.0,partly_cloudy
pakenham,-38.0702,145.4751,-38.066784,145.47778,40.0,Australia/Sydney,weather_forecast_2026-08-26.json,2026-08-26T07:00:00+1000,2026-08-25T21:00:00+0000,2026-08-26,7,8.5,6.9,2,1,7.1,11.9,mainly_clear
pakenham,-38.0702,145.4751,-38.066784,145.47778,40.0,Australia/Sydney,weather_forecast_2026-08-26.json,2026-08-26T08:00:00+1000,2026-08-25T22:00:00+0000,2026-08-26,8,9.4,7.7,5,1,9.9,15.8,mainly_clear
pakenham,-38.0702,145.4751,-38.066784,145.47778,40.0,Australia/Sydney,weather_forecast_2026-08-26.json,2026-08-26T09:00:00+1000,2026-08-25T23:00:00+0000,2026-08-26,9,11.0,9.6,10,0,8.8,18.0,clear_sky
pakenham,-38.0702,145.4751,-38.066784,145.47778,40.0,Australia/Sydney,weather_forecast_2026-08-26.json,2026-08-26T10:00:00+1000,2026-08-26T00:00:00+0000,2026-08-26,10,12.4,10.1,14,2,12.3,23.8,partly_cloudy
pakenham,-38.0702,145.4751,-38.066784,145.47778,40.0,Australia/Sydney,weather_forecast_2026-08-26.json,2026-08-26T11:00:00+1000,2026-08-26T01:00:00+0000,2026-08-26,11,12.6,10.0,15,51,14.8,29.5,light_drizzle
pakenham,-38.0702,145.4751,-38.066784,145.47778,40.0,Australia/Sydney,weather_forecast_2026-08-26.json,2026-08-26T12:00:00+1000,2026-08-26T02:00:00+0000,2026-08-26,12,13.4,10.5,15,51,15.3,31.3,light_drizzle
pakenham,-38.0702,145.4751,-38.066784,145.47778,40.0,Australia/Sydney,weather_forecast_2026-08-26.json,2026-08-26T13:00:00+1000,2026-08-26T03:00:00+0000,2026-08-26,13,13.6,10.5,14,51,16.1,32.4,light_drizzle
pakenham,-38.0702,145.4751,-38.066784,145.47778,40.0,Australia/Sydney,weather_forecast_2026-08-26.json,2026-08-26T14:00:00+1000,2026-08-26T04:00:00+0000,2026-08-26,14,13.5,10.4,11,51,17.0,33.5,light_drizzle
pakenham,-38.0702,145.4751,-38.066784,145.47778,40.0,Australia/Sydney,weather_forecast_2026-08-26.json,2026-08-26T15:00:00+1000,2026-08-26T05:00:00+0000,2026-08-26,15,13.2,10.0,6,51,17.7,34.9,light_drizzle
pakenham,-38.0702,145.4751,-38.066784,145.47778,40.0,Australia/Sydney,weather_forecast_2026-08-26.json,2026-08-26T16:00:00+1000,2026-08-26T06:00:00+0000,2026-08-26,16,13.0,9.8,2,1,16.1,34.9,mainly_clear
pakenham,-38.0702,145.4751,-38.066784,145.47778,40.0,Australia/Sydney,weather_forecast_2026-08-26.json,2026-08-26T17:00:00+1000,2026-08-26T07:00:00+0000,2026-08-26,17,12.0,9.7,1,1,11.8,31.0,mainly_clear
pakenham,-38.0702,145.4751,-38.066784,145.47778,40.0,Australia/Sydney,weather_forecast_2026-08-26.json,2026-08-26T18:00:00+1000,2026-08-26T08:00:00+0000,2026-08-26,18,10.4,8.4,0,1,8.5,20.9,mainly_clear
pakenham,-38.0702,145.4751,-38.066784,145.47778,40.0,Australia/Sydney,weather_forecast_2026-08-26.json,2026-08-26T19:00:00+1000,2026-08-26T09:00:00+0000,2026-08-26,19,9.2,7.4,0,2,6.5,14.4,partly_cloudy
pakenham,-38.0702,145.4751,-38.066784,145.47778,40.0,Australia/Sydney,weather_forecast_2026-08-26.json,2026-08-26T20:00:00+1000,2026-08-26T10:00:00+0000,2026-08-26,20,8.4,6.7,0,3,5.5,10.8,overcast
pakenham,-38.0702,145.4751,-38.066784,145.47778,40.0,Australia/Sydney,weather_forecast_2026-08-26.json,2026-08-26T21:00:00+1000,2026-08-26T11:00:00+0000,2026-08-26,21,8.5,7.0,0,3,4.2,7.9,overcast
pakenham,-38.0702,145.4751,-38.066784,145.47778,40.0,Australia/Sydney,weather_forecast_2026-08-26.json,2026-08-26T22:00:00+1000,2026-08-26T12:00:00+0000,2026-08-26,22,8.5,7.2,0,1,2.1,6.1,mainly_clear
pakenham,-38.0702,145.4751,-38.066784,145.47778,40.0,Australia/Sydney,weather_forecast_2026-08-26.json,2026-08-26T23:00:00+1000,2026-08-26T13:00:00+0000,2026-08-26,23,8.2,6.9,0,1,1.3,3.6,mainly_clear
pakenham,-38.0702,145.4751,-38.066784,145.47778,40.0,Australia/Sydney,weather_forecast_2026-08-26.json,2026-08-27T00:00:00+1000,2026-08-26T14:00:00+0000,2026-08-27,0,7.6,6.0,0,1,3.1,4.7,mainly_clear
pakenham,-38.0702,145.4751,-38.066784,145.47778,40.0,Australia/Sydney,weather_forecast_2026-08-26.json,2026-08-27T01:00:00+1000,2026-08-26T15:00:00+0000,2026-08-27,1,7.5,5.8,0,2,4.7,9.0,partly_cloudy
pakenham,-38.0702,145.4751,-38.066784,145.47778,40.0,Australia/Sydney,weather_forecast_2026-08-26.json,2026-08-27T02:00:00+1000,2026-08-26T16:00:00+0000,2026-08-27,2,7.9,6.1,0,3,5.6,11.2,overcast
pakenham,-38.0702,145.4751,-38.066784,145.47778,40.0,Australia/Sydney,weather_forecast_2026-08-26.json,2026-08-27T03:00:00+1000,2026-08-26T17:00:00+0000,2026-08-27,3,7.8,6.3,0,2,3.6,10.1,partly_cloudy
pakenham,-38.0702,145.4751,-38.066784,145.47778,40.0,Australia/Sydney,weather_forecast_2026-08-26.json,2026-08-27T04:00:00+1000,2026-08-26T18:00:00+0000,2026-08-27,4,7.5,6.3,0,1,1.8,6.8,mainly_clear
pakenham,-38.0702,145.4751,-38.066784,145.47778,40.0,Australia/Sydney,weather_forecast_2026-08-26.json,2026-08-27T05:00:00+1000,2026-08-26T19:00:00+0000,2026-08-27,5,7.3,6.0,0,1,2.3,6.5,mainly_clear
pakenham,-38.0702,145.4751,-38.066784,145.47778,40.0,Australia/Sydney,weather_forecast_2026-08-26.json,2026-08-27T06:00:00+1000,2026-08-26T20:00:00+0000,2026-08-27,6,7.0,5.6,0,1,2.4,7.6,mainly_clear
pakenham,-38.0702,145.4751,-38.066784,145.47778,40.0,Australia/Sydney,weather_forecast_2026-08-26.json,2026-08-27T07:00:00+1000,2026-08-26T21:00:00+0000,2026-08-27,7,6.4,4.8,0,0,2.8,7.6,clear_sky
pakenham,-38.0702,145.4751,-38.066784,145.47778,40.0,Australia/Sydney,weather_forecast_2026-08-26.json,2026-08-27T08:00:00+1000,2026-08-26T22:00:00+0000,2026-08-27,8,7.6,5.9,0,0,5.6,10.8,clear_sky
pakenham,-38.0702,145.4751,-38.066784,145.47778,40.0,Australia/Sydney,weather_forecast_2026-08-26.json,2026-08-27T09:00:00+1000,2026-08-26T23:00:00+0000,2026-08-27,9,11.0,9.6,0,0,4.3,12.2,clear_sky
pakenham,-38.0702,145.4751,-38.066784,145.47778,40.0,Australia/Sydney,weather_forecast_2026-08-26.json,2026-08-27T10:00:00+1000,2026-08-27T00:00:00+0000,2026-08-27,10,12.2,10.6,0,2,4.9,14.4,partly_cloudy
pakenham,-38.0702,145.4751,-38.066784,145.47778,40.0,Australia/Sydney,weather_forecast_2026-08-26.json,2026-08-27T11:00:00+1000,2026-08-27T01:00:00+0000,2026-08-27,11,13.1,11.3,0,2,5.2,15.8,partly_cloudy
pakenham,-38.0702,145.4751,-38.066784,145.47778,40.0,Australia/Sydney,weather_forecast_2026-08-26.json,2026-08-27T12:00:00+1000,2026-08-27T02:00:00+0000,2026-08-27,12,13.6,11.7,0,2,6.2,16.9,partly_cloudy
pakenham,-38.0702,145.4751,-38.066784,145.47778,40.0,Australia/Sydney,weather_forecast_2026-08-26.json,2026-08-27T13:00:00+1000,2026-08-27T03:00:00+0000,2026-08-27,13,14.3,12.8,0,1,8.3,20.5,mainly_clear
pakenham,-38.0702,145.4751,-38.066784,145.47778,40.0,Australia/Sydney,weather_forecast_2026-08-26.json,2026-08-27T14:00:00+1000,2026-08-27T04:00:00+0000,2026-08-27,14,14.3,12.3,0,0,10.8,24.1,clear_sky
pakenham,-38.0702,145.4751,-38.066784,145.47778,40.0,Australia/Sydney,weather_forecast_2026-08-26.json,2026-08-27T15:00:00+1000,2026-08-27T05:00:00+0000,2026-08-27,15,13.5,10.8,0,0,13.8,28.8,clear_sky
pakenham,-38.0702,145.4751,-38.066784,145.47778,40.0,Australia/Sydney,weather_forecast_2026-08-26.json,2026-08-27T16:00:00+1000,2026-08-27T06:00:00+0000,2026-08-27,16,12.7,9.9,0,0,13.6,29.2,clear_sky
pakenham,-38.0702,145.4751,-38.066784,145.47778,40.0,Australia/Sydney,weather_forecast_2026-08-26.json,2026-08-27T17:00:00+1000,2026-08-27T07:00:00+0000,2026-08-27,17,12.0,10.1,0,0,8.2,26.6,clear_sky
pakenham,-38.0702,145.4751,-38.066784,145.47778,40.0,Australia/Sydney,weather_forecast_2026-08-26.json,2026-08-27T18:00:00+1000,2026-08-27T08:00:00+0000,2026-08-27,18,9.7,8.3,0,1,4.4,14.4,mainly_clear
pakenham,-38.0702,145.4751,-38.066784,145.47778,40.0,Australia/Sydney,weather_forecast_2026-08-26.json,2026-08-27T19:00:00+1000,2026-08-27T09:00:00+0000,2026-08-27,19,9.6,8.2,0,3,3.7,6.8,overcast
pakenham,-38.0702,145.4751,-38.066784,145.47778,40.0,Australia/Sydney,weather_forecast_2026-08-26.json,2026-08-27T20:00:00+1000,2026-08-27T10:00:00+0000,2026-08-27,20,10.3,8.8,0,3,4.1,8.3,overcast
pakenham,-38.0702,145.4751,-38.066784,145.47778,40.0,Australia/Sydney,weather_forecast_2026-08-26.json,2026-08-27T21:00:00+1000,2026-08-27T11:00:00+0000,2026-08-27,21,10.6,8.9,0,3,5.6,9.7,overcast
pakenham,-38.0702,145.4751,-38.066784,145.47778,40.0,Australia/Sydney,weather_forecast_2026-08-26.json,2026-08-27T22:00:00+1000,2026-08-27T12:00:00+0000,2026-08-27,22,10.3,8.2,0,3,8.2,13.7,overcast
pakenham,-38.0702,145.4751,-38.066784,145.47778,40.0,Australia/Sydney,weather_forecast_2026-08-26.json,2026-08-27T23:00:00+1000,2026-08-27T13:00:00+0000,2026-08-27,23,9.5,7.0,0,3,9.6,16.6,overcast
pakenham,-38.0702,145.4751,-38.066784,145.47778,40.0,Australia/Sydney,weather_forecast_2026-08-26.json,2026-08-28T00:00:00+1000,2026-08-27T14:00:00+0000,2026-08-28,0,9.3,6.6,0,3,11.0,18.4,overcast
pakenham,-38.0702,145.4751,-38.066784,145.47778,40.0,Australia/Sydney,weather_forecast_2026-08-26.json,2026-08-28T01:00:00+1000,2026-08-27T15:00:00+0000,2026-08-28,1,9.4,6.5,0,1,12.4,21.6,mainly_clear
pakenham,-38.0702,145.4751,-38.066784,145.47778,40.0,Australia/Sydney,weather_forecast_2026-08-26.json,2026-08-28T02:00:00+1000,2026-08-27T16:00:00+0000,2026-08-28,2,8.3,5.4,0,1,13.2,22.7,mainly_clear
pakenham,-38.0702,145.4751,-38.066784,145.47778,40.0,Australia/Sydney,weather_forecast_2026-08-26.json,2026-08-28T03:00:00+1000,2026-08-27T17:00:00+0000,2026-08-28,3,8.0,5.0,0,1,14.0,23.8,mainly_clear
pakenham,-38.0702,145.4751,-38.066784,145.47778,40.0,Australia/Sydney,weather_forecast_2026-08-26.json,2026-08-28T04:00:00+1000,2026-08-27T18:00:00+0000,2026-08-28,4,8.4,5.2,0,0,15.1,25.9,clear_sky
pakenham,-38.0702,145.4751,-38.066784,145.47778,40.0,Australia/Sydney,weather_forecast_2026-08-26.json,2026-08-28T05:00:00+1000,2026-08-27T19:00:00+0000,2026-08-28,5,8.2,4.9,0,0,15.5,27.0,clear_sky
pakenham,-38.0702,145.4751,-38.066784,145.47778,40.0,Australia/Sydney,weather_forecast_2026-08-26.json,2026-08-28T06:00:00+1000,2026-08-27T20:00:00+0000,2026-08-28,6,7.8,4.4,0,0,15.4,27.0,clear_sky
pakenham,-38.0702,145.4751,-38.066784,145.47778,40.0,Australia/Sydney,weather_forecast_2026-08-26.json,2026-08-28T07:00:00+1000,2026-08-27T21:00:00+0000,2026-08-28,7,7.6,4.2,0,0,15.3,26.6,clear_sky
pakenham,-38.0702,145.4751,-38.066784,145.47778,40.0,Australia/Sydney,weather_forecast_2026-08-26.json,2026-08-28T08:00:00+1000,2026-08-27T22:00:00+0000,2026-08-28,8,9.4,5.9,0,0,16.2,27.7,clear_sky
pakenham,-38.0702,145.4751,-38.066784,145.47778,40.0,Australia/Sydney,weather_forecast_2026-08-26.json,2026-08-28T09:00:00+1000,2026-08-27T23:00:00+0000,2026-08-28,9,12.0,9.0,0,0,14.7,28.1,clear_sky
pakenham,-38.0702,145.4751,-38.066784,145.47778,40.0,Australia/Sydney,weather_forecast_2026-08-26.json,2026-08-28T10:00:00+1000,2026-08-28T00:00:00+0000,2026-08-28,10,13.4,10.1,2,3,16.9,33.8,overcast
pakenham,-38.0702,145.4751,-38.066784,145.47778,40.0,Australia/Sydney,weather_forecast_2026-08-26.json,2026-08-28T11:00:00+1000,2026-08-28T01:00:00+0000,2026-08-28,11,13.8,10.7,13,3,15.7,33.1,overcast
pakenham,-38.0702,145.4751,-38.066784,145.47778,40.0,Australia/Sydney,weather_forecast_2026-08-26.json,2026-08-28T12:00:00+1000,2026-08-28T02:00:00+0000,2026-08-28,12,13.5,10.6,28,3,15.7,30.6,overcast
pakenham,-38.0702,145.4751,-38.066784,145.47778,40.0,Australia/Sydney,weather_forecast_2026-08-26.json,2026-08-28T13:00:00+1000,2026-08-28T03:00:00+0000,2026-08-28,13,13.2,10.6,41,3,14.5,29.9,overcast
pakenham,-38.0702,145.4751,-38.066784,145.47778,40.0,Australia/Sydney,weather_forecast_2026-08-26.json,2026-08-28T14:00:00+1000,2026-08-28T04:00:00+0000,2026-08-28,14,13.2,11.0,51,51,14.2,27.7,light_drizzle
pakenham,-38.0702,145.4751,-38.066784,145.47778,40.0,Australia/Sydney,weather_forecast_2026-08-26.json,2026-08-28T15:00:00+1000,2026-08-28T05:00:00+0000,2026-08-28,15,13.1,11.4,60,51,12.8,27.0,light_drizzle
pakenham,-38.0702,145.4751,-38.066784,145.47778,40.0,Australia/Sydney,weather_forecast_2026-08-26.json,2026-08-28T16:00:00+1000,2026-08-28T06:00:00+0000,2026-08-28,16,13.5,12.2,61,3,10.5,24.5,overcast
pakenham,-38.0702,145.4751,-38.066784,145.47778,40.0,Australia/Sydney,weather_forecast_2026-08-26.json,2026-08-28T17:00:00+1000,2026-08-28T07:00:00+0000,2026-08-28,17,12.8,11.9,50,51,8.5,20.5,light_drizzle
pakenham,-38.0702,145.4751,-38.066784,145.47778,40.0,Australia/Sydney,weather_forecast_2026-08-26.json,2026-08-28T18:00:00+1000,2026-08-28T08:00:00+0000,2026-08-28,18,12.1,11.6,33,51,5.4,14.4,light_drizzle
pakenham,-38.0702,145.4751,-38.066784,145.47778,40.0,Australia/Sydney,weather_forecast_2026-08-26.json,2026-08-28T19:00:00+1000,2026-08-28T09:00:00+0000,2026-08-28,19,11.2,10.6,18,51,4.5,9.0,light_drizzle
pakenham,-38.0702,145.4751,-38.066784,145.47778,40.0,Australia/Sydney,weather_forecast_2026-08-26.json,2026-08-28T20:00:00+1000,2026-08-28T10:00:00+0000,2026-08-28,20,11.4,10.8,10,3,5.8,9.7,overcast
pakenham,-38.0702,145.4751,-38.066784,145.47778,40.0,Australia/Sydney,weather_forecast_2026-08-26.json,2026-08-28T21:00:00+1000,2026-08-28T11:00:00+0000,2026-08-28,21,11.3,10.4,5,3,7.8,13.0,overcast
pakenham,-38.0702,145.4751,-38.066784,145.47778,40.0,Australia/Sydney,weather_forecast_2026-08-26.json,2026-08-28T22:00:00+1000,2026-08-28T12:00:00+0000,2026-08-28,22,10.6,9.4,2,3,8.1,14.4,overcast
pakenham,-38.0702,145.4751,-38.066784,145.47778,40.0,Australia/Sydney,weather_forecast_2026-08-26.json,2026-08-28T23:00:00+1000,2026-08-28T13:00:00+0000,2026-08-28,23,9.4,8.3,1,3,4.7,13.7,overcast
pakenham,-38.0702,145.4751,-38.066784,145.47778,40.0,Australia/Sydney,weather_forecast_2026-08-26.json,2026-08-29T00:00:00+1000,2026-08-28T14:00:00+0000,2026-08-29,0,10.2,9.2,2,3,4.2,9.4,overcast
pakenham,-38.0702,145.4751,-38.066784,145.47778,40.0,Australia/Sydney,weather_forecast_2026-08-26.json,2026-08-29T01:00:00+1000,2026-08-28T15:00:00+0000,2026-08-29,1,10.1,9.1,2,3,4.6,7.6,overcast
pakenham,-38.0702,145.4751,-38.066784,145.47778,40.0,Australia/Sydney,weather_forecast_2026-08-26.json,2026-08-29T02:00:00+1000,2026-08-28T16:00:00+0000,2026-08-29,2,10.1,8.9,1,3,5.4,9.4,overcast
pakenham,-38.0702,145.4751,-38.066784,145.47778,40.0,Australia/Sydney,weather_forecast_2026-08-26.json,2026-08-29T03:00:00+1000,2026-08-28T17:00:00+0000,2026-08-29,3,9.7,8.5,1,3,4.9,9.0,overcast
pakenham,-38.0702,145.4751,-38.066784,145.47778,40.0,Australia/Sydney,weather_forecast_2026-08-26.json,2026-08-29T04:00:00+1000,2026-08-28T18:00:00+0000,2026-08-29,4,8.9,7.6,0,1,4.9,8.3,mainly_clear
pakenham,-38.0702,145.4751,-38.066784,145.47778,40.0,Australia/Sydney,weather_forecast_2026-08-26.json,2026-08-29T05:00:00+1000,2026-08-28T19:00:00+0000,2026-08-29,5,7.7,6.0,0,0,5.3,9.4,clear_sky
pakenham,-38.0702,145.4751,-38.066784,145.47778,40.0,Australia/Sydney,weather_forecast_2026-08-26.json,2026-08-29T06:00:00+1000,2026-08-28T20:00:00+0000,2026-08-29,6,7.5,5.5,0,1,7.3,12.2,mainly_clear
pakenham,-38.0702,145.4751,-38.066784,145.47778,40.0,Australia/Sydney,weather_forecast_2026-08-26.json,2026-08-29T07:00:00+1000,2026-08-28T21:00:00+0000,2026-08-29,7,7.6,5.4,0,3,8.7,14.4,overcast
pakenham,-38.0702,145.4751,-38.066784,145.47778,40.0,Australia/Sydney,weather_forecast_2026-08-26.json,2026-08-29T08:00:00+1000,2026-08-28T22:00:00+0000,2026-08-29,8,9.2,7.3,0,3,10.1,17.6,overcast
pakenham,-38.0702,145.4751,-38.066784,145.47778,40.0,Australia/Sydney,weather_forecast_2026-08-26.json,2026-08-29T09:00:00+1000,2026-08-28T23:00:00+0000,2026-08-29,9,10.5,8.6,0,3,10.9,21.2,overcast
pakenham,-38.0702,145.4751,-38.066784,145.47778,40.0,Australia/Sydney,weather_forecast_2026-08-26.json,2026-08-29T10:00:00+1000,2026-08-29T00:00:00+0000,2026-08-29,10,11.0,9.0,2,3,11.2,23.0,overcast
pakenham,-38.0702,145.4751,-38.066784,145.47778,40.0,Australia/Sydney,weather_forecast_2026-08-26.json,2026-08-29T11:00:00+1000,2026-08-29T01:00:00+0000,2026-08-29,11,12.0,9.7,17,51,12.2,25.9,light_drizzle
pakenham,-38.0702,145.4751,-38.066784,145.47778,40.0,Australia/Sydney,weather_forecast_2026-08-26.json,2026-08-29T12:00:00+1000,2026-08-29T02:00:00+0000,2026-08-29,12,12.4,10.0,37,51,12.6,27.0,light_drizzle
pakenham,-38.0702,145.4751,-38.066784,145.47778,40.0,Australia/Sydney,weather_forecast_2026-08-26.json,2026-08-29T13:00:00+1000,2026-08-29T03:00:00+0000,2026-08-29,13,12.4,10.0,49,51,12.8,27.0,light_drizzle
pakenham,-38.0702,145.4751,-38.066784,145.47778,40.0,Australia/Sydney,weather_forecast_2026-08-26.json,2026-08-29T14:00:00+1000,2026-08-29T04:00:00+0000,2026-08-29,14,12.5,9.9,48,51,14.7,29.9,light_drizzle
pakenham,-38.0702,145.4751,-38.066784,145.47778,40.0,Australia/Sydney,weather_forecast_2026-08-26.json,2026-08-29T15:00:00+1000,2026-08-29T05:00:00+0000,2026-08-29,15,12.1,9.4,39,51,15.4,30.6,light_drizzle
pakenham,-38.0702,145.4751,-38.066784,145.47778,40.0,Australia/Sydney,weather_forecast_2026-08-26.json,2026-08-29T16:00:00+1000,2026-08-29T06:00:00+0000,2026-08-29,16,11.8,9.2,29,3,13.6,29.9,overcast
pakenham,-38.0702,145.4751,-38.066784,145.47778,40.0,Australia/Sydney,weather_forecast_2026-08-26.json,2026-08-29T17:00:00+1000,2026-08-29T07:00:00+0000,2026-08-29,17,11.6,10.0,20,1,7.2,27.4,mainly_clear
pakenham,-38.0702,145.4751,-38.066784,145.47778,40.0,Australia/Sydney,weather_forecast_2026-08-26.json,2026-08-29T18:00:00+1000,2026-08-29T08:00:00+0000,2026-08-29,18,10.0,8.7,9,0,4.6,11.9,clear_sky
pakenham,-38.0702,145.4751,-38.066784,145.47778,40.0,Australia/Sydney,weather_forecast_2026-08-26.json,2026-08-29T19:00:00+1000,2026-08-29T09:00:00+0000,2026-08-29,19,9.1,7.5,2,1,6.4,10.8,mainly_clear
pakenham,-38.0702,145.4751,-38.066784,145.47778,40.0,Australia/Sydney,weather_forecast_2026-08-26.json,2026-08-29T20:00:00+1000,2026-08-29T10:00:00+0000,2026-08-29,20,8.8,7.1,0,2,6.2,11.5,partly_cloudy
pakenham,-38.0702,145.4751,-38.066784,145.47778,40.0,Australia/Sydney,weather_forecast_2026-08-26.json,2026-08-29T21:00:00+1000,2026-08-29T11:00:00+0000,2026-08-29,21,9.0,7.4,0,3,5.8,10.8,overcast
pakenham,-38.0702,145.4751,-38.066784,145.47778,40.0,Australia/Sydney,weather_forecast_2026-08-26.json,2026-08-29T22:00:00+1000,2026-08-29T12:00:00+0000,2026-08-29,22,9.8,8.3,0,3,5.8,10.8,overcast
pakenham,-38.0702,145.4751,-38.066784,145.47778,40.0,Australia/Sydney,weather_forecast_2026-08-26.json,2026-08-29T23:00:00+1000,2026-08-29T13:00:00+0000,2026-08-29,23,9.9,8.5,0,1,6.0,10.1,mainly_clear
pakenham,-38.0702,145.4751,-38.066784,145.47778,40.0,Australia/Sydney,weather_forecast_2026-08-26.json,2026-08-30T00:00:00+1000,2026-08-29T14:00:00+0000,2026-08-30,0,9.6,8.2,0,3,6.3,10.8,overcast
pakenham,-38.0702,145.4751,-38.066784,145.47778,40.0,Australia/Sydney,weather_forecast_2026-08-26.json,2026-08-30T01:00:00+1000,2026-08-29T15:00:00+0000,2026-08-30,1,9.6,8.0,0,3,6.9,11.9,overcast
pakenham,-38.0702,145.4751,-38.066784,145.47778,40.0,Australia/Sydney,weather_forecast_2026-08-26.json,2026-08-30T02:00:00+1000,2026-08-29T16:00:00+0000,2026-08-30,2,9.3,7.6,0,2,7.6,13.0,partly_cloudy
pakenham,-38.0702,145.4751,-38.066784,145.47778,40.0,Australia/Sydney,weather_forecast_2026-08-26.json,2026-08-30T03:00:00+1000,2026-08-29T17:00:00+0000,2026-08-30,3,8.8,7.1,0,1,7.7,13.3,mainly_clear
pakenham,-38.0702,145.4751,-38.066784,145.47778,40.0,Australia/Sydney,weather_forecast_2026-08-26.json,2026-08-30T04:00:00+1000,2026-08-29T18:00:00+0000,2026-08-30,4,9.1,7.5,0,2,8.0,13.7,partly_cloudy
pakenham,-38.0702,145.4751,-38.066784,145.47778,40.0,Australia/Sydney,weather_forecast_2026-08-26.json,2026-08-30T05:00:00+1000,2026-08-29T19:00:00+0000,2026-08-30,5,9.0,7.3,0,2,8.3,14.4,partly_cloudy
pakenham,-38.0702,145.4751,-38.066784,145.47778,40.0,Australia/Sydney,weather_forecast_2026-08-26.json,2026-08-30T06:00:00+1000,2026-08-29T20:00:00+0000,2026-08-30,6,9.0,7.3,0,3,9.2,15.1,overcast
pakenham,-38.0702,145.4751,-38.066784,145.47778,40.0,Australia/Sydney,weather_forecast_2026-08-26.json,2026-08-30T07:00:00+1000,2026-08-29T21:00:00+0000,2026-08-30,7,9.3,7.6,0,3,9.4,16.2,overcast
pakenham,-38.0702,145.4751,-38.066784,145.47778,40.0,Australia/Sydney,weather_forecast_2026-08-26.json,2026-08-30T08:00:00+1000,2026-08-29T22:00:00+0000,2026-08-30,8,10.2,8.6,0,3,8.9,18.7,overcast
pakenham,-38.0702,145.4751,-38.066784,145.47778,40.0,Australia/Sydney,weather_forecast_2026-08-26.json,2026-08-30T09:00:00+1000,2026-08-29T23:00:00+0000,2026-08-30,9,11.5,9.8,0,3,9.9,21.6,overcast
pakenham,-38.0702,145.4751,-38.066784,145.47778,40.0,Australia/Sydney,weather_forecast_2026-08-26.json,2026-08-30T10:00:00+1000,2026-08-30T00:00:00+0000,2026-08-30,10,12.5,10.6,0,3,11.4,23.8,overcast
pakenham,-38.0702,145.4751,-38.066784,145.47778,40.0,Australia/Sydney,weather_forecast_2026-08-26.json,2026-08-30T11:00:00+1000,2026-08-30T01:00:00+0000,2026-08-30,11,13.1,11.3,8,51,11.4,24.8,light_drizzle
pakenham,-38.0702,145.4751,-38.066784,145.47778,40.0,Australia/Sydney,weather_forecast_2026-08-26.json,2026-08-30T12:00:00+1000,2026-08-30T02:00:00+0000,2026-08-30,12,13.4,11.8,18,51,10.4,24.8,light_drizzle
pakenham,-38.0702,145.4751,-38.066784,145.47778,40.0,Australia/Sydney,weather_forecast_2026-08-26.json,2026-08-30T13:00:00+1000,2026-08-30T03:00:00+0000,2026-08-30,13,13.6,12.1,25,51,9.8,24.8,light_drizzle
pakenham,-38.0702,145.4751,-38.066784,145.47778,40.0,Australia/Sydney,weather_forecast_2026-08-26.json,2026-08-30T14:00:00+1000,2026-08-30T04:00:00+0000,2026-08-30,14,13.7,12.1,25,51,10.3,24.5,light_drizzle
pakenham,-38.0702,145.4751,-38.066784,145.47778,40.0,Australia/Sydney,weather_forecast_2026-08-26.json,2026-08-30T15:00:00+1000,2026-08-30T05:00:00+0000,2026-08-30,15,13.5,11.7,21,51,11.3,23.8,light_drizzle
pakenham,-38.0702,145.4751,-38.066784,145.47778,40.0,Australia/Sydney,weather_forecast_2026-08-26.json,2026-08-30T16:00:00+1000,2026-08-30T06:00:00+0000,2026-08-30,16,13.2,11.4,16,51,11.0,23.4,light_drizzle
pakenham,-38.0702,145.4751,-38.066784,145.47778,40.0,Australia/Sydney,weather_forecast_2026-08-26.json,2026-08-30T17:00:00+1000,2026-08-30T07:00:00+0000,2026-08-30,17,12.5,11.1,11,3,8.4,23.8,overcast
pakenham,-38.0702,145.4751,-38.066784,145.47778,40.0,Australia/Sydney,weather_forecast_2026-08-26.json,2026-08-30T18:00:00+1000,2026-08-30T08:00:00+0000,2026-08-30,18,11.7,10.7,4,3,4.8,23.8,overcast
pakenham,-38.0702,145.4751,-38.066784,145.47778,40.0,Australia/Sydney,weather_forecast_2026-08-26.json,2026-08-30T19:00:00+1000,2026-08-30T09:00:00+0000,2026-08-30,19,10.9,10.3,0,3,1.9,22.7,overcast
pakenham,-38.0702,145.4751,-38.066784,145.47778,40.0,Australia/Sydney,weather_forecast_2026-08-26.json,2026-08-30T20:00:00+1000,2026-08-30T10:00:00+0000,2026-08-30,20,10.2,9.6,0,3,1.4,18.4,overcast
pakenham,-38.0702,145.4751,-38.066784,145.47778,40.0,Australia/Sydney,weather_forecast_2026-08-26.json,2026-08-30T21:00:00+1000,2026-08-30T11:00:00+0000,2026-08-30,21,9.6,8.8,0,3,3.0,12.2,overcast
pakenham,-38.0702,145.4751,-38.066784,145.47778,40.0,Australia/Sydney,weather_forecast_2026-08-26.json,2026-08-30T22:00:00+1000,2026-08-30T12:00:00+0000,2026-08-30,22,9.1,8.1,0,3,4.2,8.3,overcast
pakenham,-38.0702,145.4751,-38.066784,145.47778,40.0,Australia/Sydney,weather_forecast_2026-08-26.json,2026-08-30T23:00:00+1000,2026-08-30T13:00:00+0000,2026-08-30,23,8.9,7.8,0,3,4.5,7.9,overcast
pakenham,-38.0702,145.4751,-38.066784,145.47778,40.0,Australia/Sydney,weather_forecast_2026-08-26.json,2026-08-31T00:00:00+1000,2026-08-30T14:00:00+0000,2026-08-31,0,8.8,7.7,0,3,4.3,9.0,overcast
pakenham,-38.0702,145.4751,-38.066784,145.47778,40.0,Australia/Sydney,weather_forecast_2026-08-26.json,2026-08-31T01:00:00+1000,2026-08-30T15:00:00+0000,2026-08-31,1,8.8,7.8,0,3,4.0,10.1,overcast
pakenham,-38.0702,145.4751,-38.066784,145.47778,40.0,Australia/Sydney,weather_forecast_2026-08-26.json,2026-08-31T02:00:00+1000,2026-08-30T16:00:00+0000,2026-08-31,2,8.8,7.7,0,3,4.0,9.7,overcast
pakenham,-38.0702,145.4751,-38.066784,145.47778,40.0,Australia/Sydney,weather_forecast_2026-08-26.json,2026-08-31T03:00:00+1000,2026-08-30T17:00:00+0000,2026-08-31,3,8.8,7.8,0,3,3.8,8.6,overcast
pakenham,-38.0702,145.4751,-38.066784,145.47778,40.0,Australia/Sydney,weather_forecast_2026-08-26.json,2026-08-31T04:00:00+1000,2026-08-30T18:00:00+0000,2026-08-31,4,8.9,7.8,0,3,4.0,8.3,overcast
pakenham,-38.0702,145.4751,-38.066784,145.47778,40.0,Australia/Sydney,weather_forecast_2026-08-26.json,2026-08-31T05:00:00+1000,2026-08-30T19:00:00+0000,2026-08-31,5,8.9,7.8,0,3,4.7,8.6,overcast
pakenham,-38.0702,145.4751,-38.066784,145.47778,40.0,Australia/Sydney,weather_forecast_2026-08-26.json,2026-08-31T06:00:00+1000,2026-08-30T20:00:00+0000,2026-08-31,6,9.0,7.7,0,3,5.8,9.7,overcast
pakenham,-38.0702,145.4751,-38.066784,145.47778,40.0,Australia/Sydney,weather_forecast_2026-08-26.json,2026-08-31T07:00:00+1000,2026-08-30T21:00:00+0000,2026-08-31,7,9.4,8.0,0,3,6.3,10.8,overcast
pakenham,-38.0702,145.4751,-38.066784,145.47778,40.0,Australia/Sydney,weather_forecast_2026-08-26.json,2026-08-31T08:00:00+1000,2026-08-30T22:00:00+0000,2026-08-31,8,10.2,8.8,0,3,6.0,12.6,overcast
pakenham,-38.0702,145.4751,-38.066784,145.47778,40.0,Australia/Sydney,weather_forecast_2026-08-26.json,2026-08-31T09:00:00+1000,2026-08-30T23:00:00+0000,2026-08-31,9,11.3,9.9,0,3,6.4,14.8,overcast
pakenham,-38.0702,145.4751,-38.066784,145.47778,40.0,Australia/Sydney,weather_forecast_2026-08-26.json,2026-08-31T10:00:00+1000,2026-08-31T00:00:00+0000,2026-08-31,10,12.4,10.9,0,3,7.0,16.6,overcast
pakenham,-38.0702,145.4751,-38.066784,145.47778,40.0,Australia/Sydney,weather_forecast_2026-08-26.json,2026-08-31T11:00:00+1000,2026-08-31T01:00:00+0000,2026-08-31,11,13.6,12.3,0,2,7.3,17.6,partly_cloudy
pakenham,-38.0702,145.4751,-38.066784,145.47778,40.0,Australia/Sydney,weather_forecast_2026-08-26.json,2026-08-31T12:00:00+1000,2026-08-31T02:00:00+0000,2026-08-31,12,14.9,13.8,0,1,7.2,18.4,mainly_clear
pakenham,-38.0702,145.4751,-38.066784,145.47778,40.0,Australia/Sydney,weather_forecast_2026-08-26.json,2026-08-31T13:00:00+1000,2026-08-31T03:00:00+0000,2026-08-31,13,15.7,15.1,0,0,7.0,19.4,clear_sky
pakenham,-38.0702,145.4751,-38.066784,145.47778,40.0,Australia/Sydney,weather_forecast_2026-08-26.json,2026-08-31T14:00:00+1000,2026-08-31T04:00:00+0000,2026-08-31,14,15.9,15.4,0,0,7.2,20.9,clear_sky
pakenham,-38.0702,145.4751,-38.066784,145.47778,40.0,Australia/Sydney,weather_forecast_2026-08-26.json,2026-08-31T15:00:00+1000,2026-08-31T05:00:00+0000,2026-08-31,15,15.6,14.5,0,0,8.3,22.3,clear_sky
pakenham,-38.0702,145.4751,-38.066784,145.47778,40.0,Australia/Sydney,weather_forecast_2026-08-26.json,2026-08-31T16:00:00+1000,2026-08-31T06:00:00+0000,2026-08-31,16,14.9,13.7,0,0,8.6,23.0,clear_sky
pakenham,-38.0702,145.4751,-38.066784,145.47778,40.0,Australia/Sydney,weather_forecast_2026-08-26.json,2026-08-31T17:00:00+1000,2026-08-31T07:00:00+0000,2026-08-31,17,13.5,12.5,0,0,6.5,22.0,clear_sky
pakenham,-38.0702,145.4751,-38.066784,145.47778,40.0,Australia/Sydney,weather_forecast_2026-08-26.json,2026-08-31T18:00:00+1000,2026-08-31T08:00:00+0000,2026-08-31,18,11.7,10.9,0,0,3.5,20.2,clear_sky
pakenham,-38.0702,145.4751,-38.066784,145.47778,40.0,Australia/Sydney,weather_forecast_2026-08-26.json,2026-08-31T19:00:00+1000,2026-08-31T09:00:00+0000,2026-08-31,19,10.6,9.8,0,0,2.8,18.7,clear_sky
pakenham,-38.0702,145.4751,-38.066784,145.47778,40.0,Australia/Sydney,weather_forecast_2026-08-26.json,2026-08-31T20:00:00+1000,2026-08-31T10:00:00+0000,2026-08-31,20,10.6,9.5,0,0,4.5,18.7,clear_sky
pakenham,-38.0702,145.4751,-38.066784,145.47778,40.0,Australia/Sydney,weather_forecast_2026-08-26.json,2026-08-31T21:00:00+1000,2026-08-31T11:00:00+0000,2026-08-31,21,11.2,9.7,0,0,8.3,19.1,clear_sky
pakenham,-38.0702,145.4751,-38.066784,145.47778,40.0,Australia/Sydney,weather_forecast_2026-08-26.json,2026-08-31T22:00:00+1000,2026-08-31T12:00:00+0000,2026-08-31,22,11.7,9.7,0,0,12.0,20.5,clear_sky
pakenham,-38.0702,145.4751,-38.066784,145.47778,40.0,Australia/Sydney,weather_forecast_2026-08-26.json,2026-08-31T23:00:00+1000,2026-08-31T13:00:00+0000,2026-08-31,23,11.9,9.5,0,0,14.2,23.0,clear_sky
pakenham,-38.0702,145.4751,-38.066784,145.47778,40.0,Australia/Sydney,weather_forecast_2026-08-26.json,2026-09-01T00:00:00+1000,2026-08-31T14:00:00+0000,2026-09-01,0,12.1,9.3,0,0,15.5,26.6,clear_sky
pakenham,-38.0702,145.4751,-38.066784,145.47778,40.0,Australia/Sydney,weather_forecast_2026-08-26.json,2026-09-01T01:00:00+1000,2026-08-31T15:00:00+0000,2026-09-01,1,12.2,9.2,0,0,16.9,30.2,clear_sky
pakenham,-38.0702,145.4751,-38.066784,145.47778,40.0,Australia/Sydney,weather_forecast_2026-08-26.json,2026-09-01T02:00:00+1000,2026-08-31T16:00:00+0000,2026-09-01,2,12.4,9.3,0,1,18.5,33.5,mainly_clear
pakenham,-38.0702,145.4751,-38.066784,145.47778,40.0,Australia/Sydney,weather_forecast_2026-08-26.json,2026-09-01T03:00:00+1000,2026-08-31T17:00:00+0000,2026-09-01,3,12.7,9.5,0,1,20.3,36.7,mainly_clear
pakenham,-38.0702,145.4751,-38.066784,145.47778,40.0,Australia/Sydney,weather_forecast_2026-08-26.json,2026-09-01T04:00:00+1000,2026-08-31T18:00:00+0000,2026-09-01,4,12.9,9.6,0,2,22.3,40.3,partly_cloudy
pakenham,-38.0702,145.4751,-38.066784,145.47778,40.0,Australia/Sydney,weather_forecast_2026-08-26.json,2026-09-01T05:00:00+1000,2026-08-31T19:00:00+0000,2026-09-01,5,12.9,9.3,0,2,24.8,45.0,partly_cloudy
pakenham,-38.0702,145.4751,-38.066784,145.47778,40.0,Australia/Sydney,weather_forecast_2026-08-26.json,2026-09-01T06:00:00+1000,2026-08-31T20:00:00+0000,2026-09-01,6,13.0,8.9,0,2,27.5,50.4,partly_cloudy
pakenham,-38.0702,145.4751,-38.066784,145.47778,40.0,Australia/Sydney,weather_forecast_2026-08-26.json,2026-09-01T07:00:00+1000,2026-08-31T21:00:00+0000,2026-09-01,7,13.2,8.8,0,3,29.5,54.7,overcast
pakenham,-38.0702,145.4751,-38.066784,145.47778,40.0,Australia/Sydney,weather_forecast_2026-08-26.json,2026-09-01T08:00:00+1000,2026-08-31T22:00:00+0000,2026-09-01,8,14.4,10.4,0,1,27.4,55.8,mainly_clear
pakenham,-38.0702,145.4751,-38.066784,145.47778,40.0,Australia/Sydney,weather_forecast_2026-08-26.json,2026-09-01T09:00:00+1000,2026-08-31T23:00:00+0000,2026-09-01,9,14.9,10.6,0,1,28.4,59.0,mainly_clear
pakenham,-38.0702,145.4751,-38.066784,145.47778,40.0,Australia/Sydney,weather_forecast_2026-08-26.json,2026-09-01T10:00:00+1000,2026-09-01T00:00:00+0000,2026-09-01,10,15.3,11.0,0,1,29.2,61.9,mainly_clear
pakenham,-38.0702,145.4751,-38.066784,145.47778,40.0,Australia/Sydney,weather_forecast_2026-08-26.json,2026-09-01T11:00:00+1000,2026-09-01T01:00:00+0000,2026-09-01,11,15.8,11.5,5,1,30.1,64.1,mainly_clear
pakenham,-38.0702,145.4751,-38.066784,145.47778,40.0,Australia/Sydney,weather_forecast_2026-08-26.json,2026-09-01T12:00:00+1000,2026-09-01T02:00:00+0000,2026-09-01,12,16.5,12.3,12,2,31.1,65.9,partly_cloudy
pakenham,-38.0702,145.4751,-38.066784,145.47778,40.0,Australia/Sydney,weather_forecast_2026-08-26.json,2026-09-01T13:00:00+1000,2026-09-01T03:00:00+0000,2026-09-01,13,17.2,12.9,19,2,32.2,67.3,partly_cloudy
pakenham,-38.0702,145.4751,-38.066784,145.47778,40.0,Australia/Sydney,weather_forecast_2026-08-26.json,2026-09-01T14:00:00+1000,2026-09-01T04:00:00+0000,2026-09-01,14,17.7,13.1,27,3,32.6,68.4,overcast
pakenham,-38.0702,145.4751,-38.066784,145.47778,40.0,Australia/Sydney,weather_forecast_2026-08-26.json,2026-09-01T15:00:00+1000,2026-09-01T05:00:00+0000,2026-09-01,15,18.0,13.5,35,3,32.6,68.8,overcast
pakenham,-38.0702,145.4751,-38.066784,145.47778,40.0,Australia/Sydney,weather_forecast_2026-08-26.json,2026-09-01T16:00:00+1000,2026-09-01T06:00:00+0000,2026-09-01,16,17.9,13.6,43,3,31.4,68.8,overcast
pakenham,-38.0702,145.4751,-38.066784,145.47778,40.0,Australia/Sydney,weather_forecast_2026-08-26.json,2026-09-01T17:00:00+1000,2026-09-01T07:00:00+0000,2026-09-01,17,17.4,13.6,51,80,28.7,68.0,slight_rain_showers
pakenham,-38.0702,145.4751,-38.066784,145.47778,40.0,Australia/Sydney,weather_forecast_2026-08-26.json,2026-09-01T18:00:00+1000,2026-09-01T08:00:00+0000,2026-09-01,18,16.5,13.2,58,80,25.4,66.6,slight_rain_showers
pakenham,-38.0702,145.4751,-38.066784,145.47778,40.0,Australia/Sydney,weather_forecast_2026-08-26.json,2026-09-01T19:00:00+1000,2026-09-01T09:00:00+0000,2026-09-01,19,15.3,12.4,65,80,23.0,64.4,slight_rain_showers
pakenham,-38.0702,145.4751,-38.066784,145.47778,40.0,Australia/Sydney,weather_forecast_2026-08-26.json,2026-09-01T20:00:00+1000,2026-09-01T10:00:00+0000,2026-09-01,20,14.1,11.2,71,80,23.0,62.3,slight_rain_showers
pakenham,-38.0702,145.4751,-38.066784,145.47778,40.0,Australia/Sydney,weather_forecast_2026-08-26.json,2026-09-01T21:00:00+1000,2026-09-01T11:00:00+0000,2026-09-01,21,12.9,9.9,76,80,24.2,59.8,slight_rain_showers
pakenham,-38.0702,145.4751,-38.066784,145.47778,40.0,Australia/Sydney,weather_forecast_2026-08-26.json,2026-09-01T22:00:00+1000,2026-09-01T12:00:00+0000,2026-09-01,22,12.0,8.7,78,80,25.1,57.6,slight_rain_showers
pakenham,-38.0702,145.4751,-38.066784,145.47778,40.0,Australia/Sydney,weather_forecast_2026-08-26.json,2026-09-01T23:00:00+1000,2026-09-01T13:00:00+0000,2026-09-01,23,11.2,7.9,76,2,23.9,55.4,partly_cloudy
ringwood,-37.815,145.229,-37.85589,145.25468,123.0,Australia/Sydney,weather_forecast_2026-08-26.json,2026-08-26T00:00:00+1000,2026-08-25T14:00:00+0000,2026-08-26,0,10.1,8.5,56,51,9.9,17.6,light_drizzle
ringwood,-37.815,145.229,-37.85589,145.25468,123.0,Australia/Sydney,weather_forecast_2026-08-26.json,2026-08-26T01:00:00+1000,2026-08-25T15:00:00+0000,2026-08-26,1,9.9,8.1,80,51,11.6,23.0,light_drizzle
ringwood,-37.815,145.229,-37.85589,145.25468,123.0,Australia/Sydney,weather_forecast_2026-08-26.json,2026-08-26T02:00:00+1000,2026-08-25T16:00:00+0000,2026-08-26,2,10.0,8.2,71,51,11.8,24.1,light_drizzle
ringwood,-37.815,145.229,-37.85589,145.25468,123.0,Australia/Sydney,weather_forecast_2026-08-26.json,2026-08-26T03:00:00+1000,2026-08-25T17:00:00+0000,2026-08-26,3,9.8,7.8,48,51,11.9,23.0,light_drizzle
ringwood,-37.815,145.229,-37.85589,145.25468,123.0,Australia/Sydney,weather_forecast_2026-08-26.json,2026-08-26T04:00:00+1000,2026-08-25T18:00:00+0000,2026-08-26,4,9.3,7.4,31,1,10.8,23.0,mainly_clear
ringwood,-37.815,145.229,-37.85589,145.25468,123.0,Australia/Sydney,weather_forecast_2026-08-26.json,2026-08-26T05:00:00+1000,2026-08-25T19:00:00+0000,2026-08-26,5,8.3,6.6,27,2,7.5,20.9,partly_cloudy
ringwood,-37.815,145.229,-37.85589,145.25468,123.0,Australia/Sydney,weather_forecast_2026-08-26.json,2026-08-26T06:00:00+1000,2026-08-25T20:00:00+0000,2026-08-26,6,8.2,6.5,29,51,6.6,14.0,light_drizzle
ringwood,-37.815,145.229,-37.85589,145.25468,123.0,Australia/Sydney,weather_forecast_2026-08-26.json,2026-08-26T07:00:00+1000,2026-08-25T21:00:00+0000,2026-08-26,7,8.1,6.3,31,51,8.3,15.1,light_drizzle
ringwood,-37.815,145.229,-37.85589,145.25468,123.0,Australia/Sydney,weather_forecast_2026-08-26.json,2026-08-26T08:00:00+1000,2026-08-25T22:00:00+0000,2026-08-26,8,8.8,6.9,33,51,10.4,20.2,light_drizzle
ringwood,-37.815,145.229,-37.85589,145.25468,123.0,Australia/Sydney,weather_forecast_2026-08-26.json,2026-08-26T09:00:00+1000,2026-08-25T23:00:00+0000,2026-08-26,9,9.5,7.4,34,51,11.6,26.6,light_drizzle
ringwood,-37.815,145.229,-37.85589,145.25468,123.0,Australia/Sydney,weather_forecast_2026-08-26.json,2026-08-26T10:00:00+1000,2026-08-26T00:00:00+0000,2026-08-26,10,11.4,9.2,33,53,12.5,29.5,moderate_drizzle
ringwood,-37.815,145.229,-37.85589,145.25468,123.0,Australia/Sydney,weather_forecast_2026-08-26.json,2026-08-26T11:00:00+1000,2026-08-26T01:00:00+0000,2026-08-26,11,12.4,9.5,26,51,14.7,34.9,light_drizzle
ringwood,-37.815,145.229,-37.85589,145.25468,123.0,Australia/Sydney,weather_forecast_2026-08-26.json,2026-08-26T12:00:00+1000,2026-08-26T02:00:00+0000,2026-08-26,12,12.6,9.6,16,51,15.0,35.6,light_drizzle
ringwood,-37.815,145.229,-37.85589,145.25468,123.0,Australia/Sydney,weather_forecast_2026-08-26.json,2026-08-26T13:00:00+1000,2026-08-26T03:00:00+0000,2026-08-26,13,12.8,9.8,8,51,15.2,36.7,light_drizzle
ringwood,-37.815,145.229,-37.85589,145.25468,123.0,Australia/Sydney,weather_forecast_2026-08-26.json,2026-08-26T14:00:00+1000,2026-08-26T04:00:00+0000,2026-08-26,14,13.1,10.0,4,1,15.4,36.7,mainly_clear
ringwood,-37.815,145.229,-37.85589,145.25468,123.0,Australia/Sydney,weather_forecast_2026-08-26.json,2026-08-26T15:00:00+1000,2026-08-26T05:00:00+0000,2026-08-26,15,12.7,9.8,1,0,14.5,36.7,clear_sky
ringwood,-37.815,145.229,-37.85589,145.25468,123.0,Australia/Sydney,weather_forecast_2026-08-26.json,2026-08-26T16:00:00+1000,2026-08-26T06:00:00+0000,2026-08-26,16,12.4,9.6,0,0,13.0,33.8,clear_sky
ringwood,-37.815,145.229,-37.85589,145.25468,123.0,Australia/Sydney,weather_forecast_2026-08-26.json,2026-08-26T17:00:00+1000,2026-08-26T07:00:00+0000,2026-08-26,17,11.7,9.2,0,1,10.8,29.9,mainly_clear
ringwood,-37.815,145.229,-37.85589,145.25468,123.0,Australia/Sydney,weather_forecast_2026-08-26.json,2026-08-26T18:00:00+1000,2026-08-26T08:00:00+0000,2026-08-26,18,9.8,8.0,0,2,7.1,23.4,partly_cloudy
ringwood,-37.815,145.229,-37.85589,145.25468,123.0,Australia/Sydney,weather_forecast_2026-08-26.json,2026-08-26T19:00:00+1000,2026-08-26T09:00:00+0000,2026-08-26,19,9.3,7.5,0,2,7.0,14.4,partly_cloudy
ringwood,-37.815,145.229,-37.85589,145.25468,123.0,Australia/Sydney,weather_forecast_2026-08-26.json,2026-08-26T20:00:00+1000,2026-08-26T10:00:00+0000,2026-08-26,20,8.7,7.0,0,3,5.8,13.7,overcast
ringwood,-37.815,145.229,-37.85589,145.25468,123.0,Australia/Sydney,weather_forecast_2026-08-26.json,2026-08-26T21:00:00+1000,2026-08-26T11:00:00+0000,2026-08-26,21,8.2,6.6,0,2,5.2,11.2,partly_cloudy
ringwood,-37.815,145.229,-37.85589,145.25468,123.0,Australia/Sydney,weather_forecast_2026-08-26.json,2026-08-26T22:00:00+1000,2026-08-26T12:00:00+0000,2026-08-26,22,8.0,6.3,0,3,5.2,10.1,overcast
ringwood,-37.815,145.229,-37.85589,145.25468,123.0,Australia/Sydney,weather_forecast_2026-08-26.json,2026-08-26T23:00:00+1000,2026-08-26T13:00:00+0000,2026-08-26,23,8.1,6.6,0,3,4.4,10.4,overcast
ringwood,-37.815,145.229,-37.85589,145.25468,123.0,Australia/Sydney,weather_forecast_2026-08-26.json,2026-08-27T00:00:00+1000,2026-08-26T14:00:00+0000,2026-08-27,0,8.1,6.5,0,3,4.5,8.6,overcast
ringwood,-37.815,145.229,-37.85589,145.25468,123.0,Australia/Sydney,weather_forecast_2026-08-26.json,2026-08-27T01:00:00+1000,2026-08-26T15:00:00+0000,2026-08-27,1,8.2,6.6,0,3,4.0,8.6,overcast
ringwood,-37.815,145.229,-37.85589,145.25468,123.0,Australia/Sydney,weather_forecast_2026-08-26.json,2026-08-27T02:00:00+1000,2026-08-26T16:00:00+0000,2026-08-27,2,8.0,6.4,0,3,3.4,7.6,overcast
ringwood,-37.815,145.229,-37.85589,145.25468,123.0,Australia/Sydney,weather_forecast_2026-08-26.json,2026-08-27T03:00:00+1000,2026-08-26T17:00:00+0000,2026-08-27,3,7.2,5.7,0,2,2.2,6.1,partly_cloudy
ringwood,-37.815,145.229,-37.85589,145.25468,123.0,Australia/Sydney,weather_forecast_2026-08-26.json,2026-08-27T04:00:00+1000,2026-08-26T18:00:00+0000,2026-08-27,4,6.5,5.2,0,1,0.8,4.0,mainly_clear
ringwood,-37.815,145.229,-37.85589,145.25468,123.0,Australia/Sydney,weather_forecast_2026-08-26.json,2026-08-27T05:00:00+1000,2026-08-26T19:00:00+0000,2026-08-27,5,6.0,4.6,0,1,0.9,2.2,mainly_clear
ringwood,-37.815,145.229,-37.85589,145.25468,123.0,Australia/Sydney,weather_forecast_2026-08-26.json,2026-08-27T06:00:00+1000,2026-08-26T20:00:00+0000,2026-08-27,6,6.1,4.7,0,0,1.0,2.2,clear_sky
ringwood,-37.815,145.229,-37.85589,145.25468,123.0,Australia/Sydney,weather_forecast_2026-08-26.json,2026-08-27T07:00:00+1000,2026-08-26T21:00:00+0000,2026-08-27,7,5.4,4.0,0,0,0.6,2.2,clear_sky
ringwood,-37.815,145.229,-37.85589,145.25468,123.0,Australia/Sydney,weather_forecast_2026-08-26.json,2026-08-27T08:00:00+1000,2026-08-26T22:00:00+0000,2026-08-27,8,6.8,5.6,0,0,1.0,5.4,clear_sky
ringwood,-37.815,145.229,-37.85589,145.25468,123.0,Australia/Sydney,weather_forecast_2026-08-26.json,2026-08-27T09:00:00+1000,2026-08-26T23:00:00+0000,2026-08-27,9,9.2,8.1,0,0,1.6,9.7,clear_sky
ringwood,-37.815,145.229,-37.85589,145.25468,123.0,Australia/Sydney,weather_forecast_2026-08-26.json,2026-08-27T10:00:00+1000,2026-08-27T00:00:00+0000,2026-08-27,10,11.1,9.8,0,1,2.0,11.9,mainly_clear
ringwood,-37.815,145.229,-37.85589,145.25468,123.0,Australia/Sydney,weather_forecast_2026-08-26.json,2026-08-27T11:00:00+1000,2026-08-27T01:00:00+0000,2026-08-27,11,12.4,11.0,0,3,2.4,13.3,overcast
ringwood,-37.815,145.229,-37.85589,145.25468,123.0,Australia/Sydney,weather_forecast_2026-08-26.json,2026-08-27T12:00:00+1000,2026-08-27T02:00:00+0000,2026-08-27,12,13.2,11.8,0,3,3.2,14.4,overcast
ringwood,-37.815,145.229,-37.85589,145.25468,123.0,Australia/Sydney,weather_forecast_2026-08-26.json,2026-08-27T13:00:00+1000,2026-08-27T03:00:00+0000,2026-08-27,13,13.8,12.6,0,1,4.6,16.9,mainly_clear
ringwood,-37.815,145.229,-37.85589,145.25468,123.0,Australia/Sydney,weather_forecast_2026-08-26.json,2026-08-27T14:00:00+1000,2026-08-27T04:00:00+0000,2026-08-27,14,14.3,13.1,0,1,5.1,17.6,mainly_clear
ringwood,-37.815,145.229,-37.85589,145.25468,123.0,Australia/Sydney,weather_forecast_2026-08-26.json,2026-08-27T15:00:00+1000,2026-08-27T05:00:00+0000,2026-08-27,15,14.3,12.4,0,0,6.8,19.4,clear_sky
ringwood,-37.815,145.229,-37.85589,145.25468,123.0,Australia/Sydney,weather_forecast_2026-08-26.json,2026-08-27T16:00:00+1000,2026-08-27T06:00:00+0000,2026-08-27,16,13.5,11.5,0,0,9.0,23.0,clear_sky
ringwood,-37.815,145.229,-37.85589,145.25468,123.0,Australia/Sydney,weather_forecast_2026-08-26.json,2026-08-27T17:00:00+1000,2026-08-27T07:00:00+0000,2026-08-27,17,12.4,10.7,0,1,7.2,23.0,mainly_clear
ringwood,-37.815,145.229,-37.85589,145.25468,123.0,Australia/Sydney,weather_forecast_2026-08-26.json,2026-08-27T18:00:00+1000,2026-08-27T08:00:00+0000,2026-08-27,18,10.8,9.9,0,3,2.2,15.1,overcast
ringwood,-37.815,145.229,-37.85589,145.25468,123.0,Australia/Sydney,weather_forecast_2026-08-26.json,2026-08-27T19:00:00+1000,2026-08-27T09:00:00+0000,2026-08-27,19,10.7,9.6,0,3,3.6,7.6,overcast
ringwood,-37.815,145.229,-37.85589,145.25468,123.0,Australia/Sydney,weather_forecast_2026-08-26.json,2026-08-27T20:00:00+1000,2026-08-27T10:00:00+0000,2026-08-27,20,10.7,9.7,0,3,2.2,8.3,overcast
ringwood,-37.815,145.229,-37.85589,145.25468,123.0,Australia/Sydney,weather_forecast_2026-08-26.json,2026-08-27T21:00:00+1000,2026-08-27T11:00:00+0000,2026-08-27,21,10.4,9.4,0,3,1.7,4.0,overcast
ringwood,-37.815,145.229,-37.85589,145.25468,123.0,Australia/Sydney,weather_forecast_2026-08-26.json,2026-08-27T22:00:00+1000,2026-08-27T12:00:00+0000,2026-08-27,22,10.4,9.2,0,2,2.2,3.6,partly_cloudy
ringwood,-37.815,145.229,-37.85589,145.25468,123.0,Australia/Sydney,weather_forecast_2026-08-26.json,2026-08-27T23:00:00+1000,2026-08-27T13:00:00+0000,2026-08-27,23,8.9,7.4,0,2,3.0,5.4,partly_cloudy
ringwood,-37.815,145.229,-37.85589,145.25468,123.0,Australia/Sydney,weather_forecast_2026-08-26.json,2026-08-28T00:00:00+1000,2026-08-27T14:00:00+0000,2026-08-28,0,8.4,6.9,0,3,4.3,8.3,overcast
ringwood,-37.815,145.229,-37.85589,145.25468,123.0,Australia/Sydney,weather_forecast_2026-08-26.json,2026-08-28T01:00:00+1000,2026-08-27T15:00:00+0000,2026-08-28,1,8.3,6.4,0,1,7.4,14.0,mainly_clear
ringwood,-37.815,145.229,-37.85589,145.25468,123.0,Australia/Sydney,weather_forecast_2026-08-26.json,2026-08-28T02:00:00+1000,2026-08-27T16:00:00+0000,2026-08-28,2,7.4,5.3,0,2,8.5,15.8,partly_cloudy
ringwood,-37.815,145.229,-37.85589,145.25468,123.0,Australia/Sydney,weather_forecast_2026-08-26.json,2026-08-28T03:00:00+1000,2026-08-27T17:00:00+0000,2026-08-28,3,6.8,4.8,0,2,6.0,16.2,partly_cloudy
ringwood,-37.815,145.229,-37.85589,145.25468,123.0,Australia/Sydney,weather_forecast_2026-08-26.json,2026-08-28T04:00:00+1000,2026-08-27T18:00:00+0000,2026-08-28,4,6.4,4.2,0,3,7.1,13.3,overcast
ringwood,-37.815,145.229,-37.85589,145.25468,123.0,Australia/Sydney,weather_forecast_2026-08-26.json,2026-08-28T05:00:00+1000,2026-08-27T19:00:00+0000,2026-08-28,5,5.9,3.7,0,0,5.9,13.3,clear_sky
ringwood,-37.815,145.229,-37.85589,145.25468,123.0,Australia/Sydney,weather_forecast_2026-08-26.json,2026-08-28T06:00:00+1000,2026-08-27T20:00:00+0000,2026-08-28,6,5.8,3.5,0,0,6.3,11.5,clear_sky
ringwood,-37.815,145.229,-37.85589,145.25468,123.0,Australia/Sydney,weather_forecast_2026-08-26.json,2026-08-28T07:00:00+1000,2026-08-27T21:00:00+0000,2026-08-28,7,5.9,3.5,0,0,6.8,13.0,clear_sky
ringwood,-37.815,145.229,-37.85589,145.25468,123.0,Australia/Sydney,weather_forecast_2026-08-26.json,2026-08-28T08:00:00+1000,2026-08-27T22:00:00+0000,2026-08-28,8,7.8,5.3,1,0,8.7,17.3,clear_sky
ringwood,-37.815,145.229,-37.85589,145.25468,123.0,Australia/Sydney,weather_forecast_2026-08-26.json,2026-08-28T09:00:00+1000,2026-08-27T23:00:00+0000,2026-08-28,9,10.4,8.5,3,0,7.1,17.6,clear_sky
ringwood,-37.815,145.229,-37.85589,145.25468,123.0,Australia/Sydney,weather_forecast_2026-08-26.json,2026-08-28T10:00:00+1000,2026-08-28T00:00:00+0000,2026-08-28,10,12.7,10.6,6,1,7.5,20.5,mainly_clear
ringwood,-37.815,145.229,-37.85589,145.25468,123.0,Australia/Sydney,weather_forecast_2026-08-26.json,2026-08-28T11:00:00+1000,2026-08-28T01:00:00+0000,2026-08-28,11,13.9,11.9,11,3,8.4,23.4,overcast
ringwood,-37.815,145.229,-37.85589,145.25468,123.0,Australia/Sydney,weather_forecast_2026-08-26.json,2026-08-28T12:00:00+1000,2026-08-28T02:00:00+0000,2026-08-28,12,13.2,11.3,17,3,7.9,23.8,overcast
ringwood,-37.815,145.229,-37.85589,145.25468,123.0,Australia/Sydney,weather_forecast_2026-08-26.json,2026-08-28T13:00:00+1000,2026-08-28T03:00:00+0000,2026-08-28,13,13.1,11.6,24,3,6.8,19.8,overcast
ringwood,-37.815,145.229,-37.85589,145.25468,123.0,Australia/Sydney,weather_forecast_2026-08-26.json,2026-08-28T14:00:00+1000,2026-08-28T04:00:00+0000,2026-08-28,14,13.1,12.0,33,51,5.8,17.3,light_drizzle
ringwood,-37.815,145.229,-37.85589,145.25468,123.0,Australia/Sydney,weather_forecast_2026-08-26.json,2026-08-28T15:00:00+1000,2026-08-28T05:00:00+0000,2026-08-28,15,12.8,12.0,42,53,5.7,15.1,moderate_drizzle
ringwood,-37.815,145.229,-37.85589,145.25468,123.0,Australia/Sydney,weather_forecast_2026-08-26.json,2026-08-28T16:00:00+1000,2026-08-28T06:00:00+0000,2026-08-28,16,13.0,12.1,45,51,7.0,18.0,light_drizzle
ringwood,-37.815,145.229,-37.85589,145.25468,123.0,Australia/Sydney,weather_forecast_2026-08-26.json,2026-08-28T17:00:00+1000,2026-08-28T07:00:00+0000,2026-08-28,17,12.5,11.9,36,3,5.1,18.0,overcast
ringwood,-37.815,145.229,-37.85589,145.25468,123.0,Australia/Sydney,weather_forecast_2026-08-26.json,2026-08-28T18:00:00+1000,2026-08-28T08:00:00+0000,2026-08-28,18,11.9,11.7,22,3,3.1,12.2,overcast
ringwood,-37.815,145.229,-37.85589,145.25468,123.0,Australia/Sydney,weather_forecast_2026-08-26.json,2026-08-28T19:00:00+1000,2026-08-28T09:00:00+0000,2026-08-28,19,11.5,11.2,10,3,4.0,7.9,overcast
ringwood,-37.815,145.229,-37.85589,145.25468,123.0,Australia/Sydney,weather_forecast_2026-08-26.json,2026-08-28T20:00:00+1000,2026-08-28T10:00:00+0000,2026-08-28,20,11.3,10.7,5,3,5.3,10.1,overcast
ringwood,-37.815,145.229,-37.85589,145.25468,123.0,Australia/Sydney,weather_forecast_2026-08-26.json,2026-08-28T21:00:00+1000,2026-08-28T11:00:00+0000,2026-08-28,21,10.8,10.0,3,3,6.0,11.2,overcast
ringwood,-37.815,145.229,-37.85589,145.25468,123.0,Australia/Sydney,weather_forecast_2026-08-26.json,2026-08-28T22:00:00+1000,2026-08-28T12:00:00+0000,2026-08-28,22,10.3,9.4,2,3,6.4,12.2,overcast
ringwood,-37.815,145.229,-37.85589,145.25468,123.0,Australia/Sydney,weather_forecast_2026-08-26.json,2026-08-28T23:00:00+1000,2026-08-28T13:00:00+0000,2026-08-28,23,10.0,8.9,1,3,6.7,13.0,overcast
ringwood,-37.815,145.229,-37.85589,145.25468,123.0,Australia/Sydney,weather_forecast_2026-08-26.json,2026-08-29T00:00:00+1000,2026-08-28T14:00:00+0000,2026-08-29,0,10.1,9.1,0,3,4.6,12.6,overcast
ringwood,-37.815,145.229,-37.85589,145.25468,123.0,Australia/Sydney,weather_forecast_2026-08-26.json,2026-08-29T01:00:00+1000,2026-08-28T15:00:00+0000,2026-08-29,1,10.0,9.2,0,3,3.4,9.0,overcast
ringwood,-37.815,145.229,-37.85589,145.25468,123.0,Australia/Sydney,weather_forecast_2026-08-26.json,2026-08-29T02:00:00+1000,2026-08-28T16:00:00+0000,2026-08-29,2,9.7,8.8,1,51,4.4,8.3,light_drizzle
ringwood,-37.815,145.229,-37.85589,145.25468,123.0,Australia/Sydney,weather_forecast_2026-08-26.json,2026-08-29T03:00:00+1000,2026-08-28T17:00:00+0000,2026-08-29,3,9.4,8.5,1,51,4.5,8.6,light_drizzle
ringwood,-37.815,145.229,-37.85589,145.25468,123.0,Australia/Sydney,weather_forecast_2026-08-26.json,2026-08-29T04:00:00+1000,2026-08-28T18:00:00+0000,2026-08-29,4,9.1,8.2,2,51,4.0,8.6,light_drizzle
ringwood,-37.815,145.229,-37.85589,145.25468,123.0,Australia/Sydney,weather_forecast_2026-08-26.json,2026-08-29T05:00:00+1000,2026-08-28T19:00:00+0000,2026-08-29,5,8.2,7.1,2,51,3.8,8.3,light_drizzle
ringwood,-37.815,145.229,-37.85589,145.25468,123.0,Australia/Sydney,weather_forecast_2026-08-26.json,2026-08-29T06:00:00+1000,2026-08-28T20:00:00+0000,2026-08-29,6,7.3,6.0,1,1,4.1,7.6,mainly_clear
ringwood,-37.815,145.229,-37.85589,145.25468,123.0,Australia/Sydney,weather_forecast_2026-08-26.json,2026-08-29T07:00:00+1000,2026-08-28T21:00:00+0000,2026-08-29,7,7.0,5.5,0,3,4.9,8.6,overcast
ringwood,-37.815,145.229,-37.85589,145.25468,123.0,Australia/Sydney,weather_forecast_2026-08-26.json,2026-08-29T08:00:00+1000,2026-08-28T22:00:00+0000,2026-08-29,8,8.1,6.7,0,3,5.3,13.7,overcast
ringwood,-37.815,145.229,-37.85589,145.25468,123.0,Australia/Sydney,weather_forecast_2026-08-26.json,2026-08-29T09:00:00+1000,2026-08-28T23:00:00+0000,2026-08-29,9,8.7,7.2,0,2,5.4,16.2,partly_cloudy
ringwood,-37.815,145.229,-37.85589,145.25468,123.0,Australia/Sydney,weather_forecast_2026-08-26.json,2026-08-29T10:00:00+1000,2026-08-29T00:00:00+0000,2026-08-29,10,10.4,8.8,0,2,6.5,19.1,partly_cloudy
ringwood,-37.815,145.229,-37.85589,145.25468,123.0,Australia/Sydney,weather_forecast_2026-08-26.json,2026-08-29T11:00:00+1000,2026-08-29T01:00:00+0000,2026-08-29,11,11.2,9.2,0,2,8.0,22.3,partly_cloudy
ringwood,-37.815,145.229,-37.85589,145.25468,123.0,Australia/Sydney,weather_forecast_2026-08-26.json,2026-08-29T12:00:00+1000,2026-08-29T02:00:00+0000,2026-08-29,12,11.6,9.5,0,2,8.7,23.8,partly_cloudy
ringwood,-37.815,145.229,-37.85589,145.25468,123.0,Australia/Sydney,weather_forecast_2026-08-26.json,2026-08-29T13:00:00+1000,2026-08-29T03:00:00+0000,2026-08-29,13,12.4,10.2,0,3,9.2,24.8,overcast
ringwood,-37.815,145.229,-37.85589,145.25468,123.0,Australia/Sydney,weather_forecast_2026-08-26.json,2026-08-29T14:00:00+1000,2026-08-29T04:00:00+0000,2026-08-29,14,12.0,9.3,0,3,12.5,30.6,overcast
ringwood,-37.815,145.229,-37.85589,145.25468,123.0,Australia/Sydney,weather_forecast_2026-08-26.json,2026-08-29T15:00:00+1000,2026-08-29T05:00:00+0000,2026-08-29,15,11.5,8.6,0,3,13.7,32.8,overcast
ringwood,-37.815,145.229,-37.85589,145.25468,123.0,Australia/Sydney,weather_forecast_2026-08-26.json,2026-08-29T16:00:00+1000,2026-08-29T06:00:00+0000,2026-08-29,16,11.1,8.4,0,2,12.6,32.0,partly_cloudy
ringwood,-37.815,145.229,-37.85589,145.25468,123.0,Australia/Sydney,weather_forecast_2026-08-26.json,2026-08-29T17:00:00+1000,2026-08-29T07:00:00+0000,2026-08-29,17,10.9,8.7,0,2,8.9,27.7,partly_cloudy
ringwood,-37.815,145.229,-37.85589,145.25468,123.0,Australia/Sydney,weather_forecast_2026-08-26.json,2026-08-29T18:00:00+1000,2026-08-29T08:00:00+0000,2026-08-29,18,9.8,8.6,0,1,2.9,18.7,mainly_clear
ringwood,-37.815,145.229,-37.85589,145.25468,123.0,Australia/Sydney,weather_forecast_2026-08-26.json,2026-08-29T19:00:00+1000,2026-08-29T09:00:00+0000,2026-08-29,19,8.6,7.3,0,2,3.8,6.8,partly_cloudy
ringwood,-37.815,145.229,-37.85589,145.25468,123.0,Australia/Sydney,weather_forecast_2026-08-26.json,2026-08-29T20:00:00+1000,2026-08-29T10:00:00+0000,2026-08-29,20,9.0,7.8,0,3,3.7,7.6,overcast
ringwood,-37.815,145.229,-37.85589,145.25468,123.0,Australia/Sydney,weather_forecast_2026-08-26.json,2026-08-29T21:00:00+1000,2026-08-29T11:00:00+0000,2026-08-29,21,9.5,8.1,0,3,5.9,11.5,overcast
ringwood,-37.815,145.229,-37.85589,145.25468,123.0,Australia/Sydney,weather_forecast_2026-08-26.json,2026-08-29T22:00:00+1000,2026-08-29T12:00:00+0000,2026-08-29,22,9.6,8.1,0,3,6.1,11.9,overcast
ringwood,-37.815,145.229,-37.85589,145.25468,123.0,Australia/Sydney,weather_forecast_2026-08-26.json,2026-08-29T23:00:00+1000,2026-08-29T13:00:00+0000,2026-08-29,23,9.5,8.1,0,51,6.4,13.0,light_drizzle
ringwood,-37.815,145.229,-37.85589,145.25468,123.0,Australia/Sydney,weather_forecast_2026-08-26.json,2026-08-30T00:00:00+1000,2026-08-29T14:00:00+0000,2026-08-30,0,9.5,8.3,0,51,5.2,12.6,light_drizzle
ringwood,-37.815,145.229,-37.85589,145.25468,123.0,Australia/Sydney,weather_forecast_2026-08-26.json,2026-08-30T01:00:00+1000,2026-08-29T15:00:00+0000,2026-08-30,1,8.8,7.7,0,2,3.7,10.1,partly_cloudy
ringwood,-37.815,145.229,-37.85589,145.25468,123.0,Australia/Sydney,weather_forecast_2026-08-26.json,2026-08-30T02:00:00+1000,2026-08-29T16:00:00+0000,2026-08-30,2,8.1,6.9,0,3,3.7,6.8,overcast
ringwood,-37.815,145.229,-37.85589,145.25468,123.0,Australia/Sydney,weather_forecast_2026-08-26.json,2026-08-30T03:00:00+1000,2026-08-29T17:00:00+0000,2026-08-30,3,7.7,6.5,0,3,3.5,6.8,overcast
ringwood,-37.815,145.229,-37.85589,145.25468,123.0,Australia/Sydney,weather_forecast_2026-08-26.json,2026-08-30T04:00:00+1000,2026-08-29T18:00:00+0000,2026-08-30,4,7.7,6.6,0,3,3.2,6.5,overcast
ringwood,-37.815,145.229,-37.85589,145.25468,123.0,Australia/Sydney,weather_forecast_2026-08-26.json,2026-08-30T05:00:00+1000,2026-08-29T19:00:00+0000,2026-08-30,5,7.6,6.5,0,3,3.0,6.1,overcast
ringwood,-37.815,145.229,-37.85589,145.25468,123.0,Australia/Sydney,weather_forecast_2026-08-26.json,2026-08-30T06:00:00+1000,2026-08-29T20:00:00+0000,2026-08-30,6,7.5,6.3,0,3,3.6,6.5,overcast
ringwood,-37.815,145.229,-37.85589,145.25468,123.0,Australia/Sydney,weather_forecast_2026-08-26.json,2026-08-30T07:00:00+1000,2026-08-29T21:00:00+0000,2026-08-30,7,7.9,6.7,0,3,3.6,7.9,overcast
ringwood,-37.815,145.229,-37.85589,145.25468,123.0,Australia/Sydney,weather_forecast_2026-08-26.json,2026-08-30T08:00:00+1000,2026-08-29T22:00:00+0000,2026-08-30,8,8.9,8.0,0,3,2.4,11.5,overcast
ringwood,-37.815,145.229,-37.85589,145.25468,123.0,Australia/Sydney,weather_forecast_2026-08-26.json,2026-08-30T09:00:00+1000,2026-08-29T23:00:00+0000,2026-08-30,9,10.3,9.2,0,3,4.4,16.2,overcast
ringwood,-37.815,145.229,-37.85589,145.25468,123.0,Australia/Sydney,weather_forecast_2026-08-26.json,2026-08-30T10:00:00+1000,2026-08-30T00:00:00+0000,2026-08-30,10,11.4,10.0,0,3,7.1,20.2,overcast
ringwood,-37.815,145.229,-37.85589,145.25468,123.0,Australia/Sydney,weather_forecast_2026-08-26.json,2026-08-30T11:00:00+1000,2026-08-30T01:00:00+0000,2026-08-30,11,12.2,10.7,1,3,8.0,22.0,overcast
ringwood,-37.815,145.229,-37.85589,145.25468,123.0,Australia/Sydney,weather_forecast_2026-08-26.json,2026-08-30T12:00:00+1000,2026-08-30T02:00:00+0000,2026-08-30,12,12.8,11.3,2,3,7.9,22.7,overcast
ringwood,-37.815,145.229,-37.85589,145.25468,123.0,Australia/Sydney,weather_forecast_2026-08-26.json,2026-08-30T13:00:00+1000,2026-08-30T03:00:00+0000,2026-08-30,13,13.1,11.6,2,3,8.0,23.0,overcast
ringwood,-37.815,145.229,-37.85589,145.25468,123.0,Australia/Sydney,weather_forecast_2026-08-26.json,2026-08-30T14:00:00+1000,2026-08-30T04:00:00+0000,2026-08-30,14,13.2,11.5,2,3,8.6,23.8,overcast
ringwood,-37.815,145.229,-37.85589,145.25468,123.0,Australia/Sydney,weather_forecast_2026-08-26.json,2026-08-30T15:00:00+1000,2026-08-30T05:00:00+0000,2026-08-30,15,13.0,11.2,1,3,9.5,24.5,overcast
ringwood,-37.815,145.229,-37.85589,145.25468,123.0,Australia/Sydney,weather_forecast_2026-08-26.json,2026-08-30T16:00:00+1000,2026-08-30T06:00:00+0000,2026-08-30,16,12.5,10.7,0,3,9.4,24.8,overcast
ringwood,-37.815,145.229,-37.85589,145.25468,123.0,Australia/Sydney,weather_forecast_2026-08-26.json,2026-08-30T17:00:00+1000,2026-08-30T07:00:00+0000,2026-08-30,17,11.5,9.9,0,3,7.4,25.2,overcast
ringwood,-37.815,145.229,-37.85589,145.25468,123.0,Australia/Sydney,weather_forecast_2026-08-26.json,2026-08-30T18:00:00+1000,2026-08-30T08:00:00+0000,2026-08-30,18,10.3,9.0,0,2,4.8,24.8,partly_cloudy
ringwood,-37.815,145.229,-37.85589,145.25468,123.0,Australia/Sydney,weather_forecast_2026-08-26.json,2026-08-30T19:00:00+1000,2026-08-30T09:00:00+0000,2026-08-30,19,9.4,8.3,0,1,2.8,23.0,mainly_clear
ringwood,-37.815,145.229,-37.85589,145.25468,123.0,Australia/Sydney,weather_forecast_2026-08-26.json,2026-08-30T20:00:00+1000,2026-08-30T10:00:00+0000,2026-08-30,20,8.9,7.8,0,1,2.5,17.6,mainly_clear
ringwood,-37.815,145.229,-37.85589,145.25468,123.0,Australia/Sydney,weather_forecast_2026-08-26.json,2026-08-30T21:00:00+1000,2026-08-30T11:00:00+0000,2026-08-30,21,8.6,7.4,0,2,3.1,10.4,partly_cloudy
ringwood,-37.815,145.229,-37.85589,145.25468,123.0,Australia/Sydney,weather_forecast_2026-08-26.json,2026-08-30T22:00:00+1000,2026-08-30T12:00:00+0000,2026-08-30,22,8.5,7.2,0,2,3.5,5.4,partly_cloudy
ringwood,-37.815,145.229,-37.85589,145.25468,123.0,Australia/Sydney,weather_forecast_2026-08-26.json,2026-08-30T23:00:00+1000,2026-08-30T13:00:00+0000,2026-08-30,23,8.6,7.4,0,2,3.2,4.3,partly_cloudy
ringwood,-37.815,145.229,-37.85589,145.25468,123.0,Australia/Sydney,weather_forecast_2026-08-26.json,2026-08-31T00:00:00+1000,2026-08-30T14:00:00+0000,2026-08-31,0,8.7,7.6,0,3,3.1,5.4,overcast
ringwood,-37.815,145.229,-37.85589,145.25468,123.0,Australia/Sydney,weather_forecast_2026-08-26.json,2026-08-31T01:00:00+1000,2026-08-30T15:00:00+0000,2026-08-31,1,8.8,7.8,0,3,3.1,6.1,overcast
ringwood,-37.815,145.229,-37.85589,145.25468,123.0,Australia/Sydney,weather_forecast_2026-08-26.json,2026-08-31T02:00:00+1000,2026-08-30T16:00:00+0000,2026-08-31,2,8.8,7.8,0,3,2.7,6.5,overcast
ringwood,-37.815,145.229,-37.85589,145.25468,123.0,Australia/Sydney,weather_forecast_2026-08-26.json,2026-08-31T03:00:00+1000,2026-08-30T17:00:00+0000,2026-08-31,3,8.7,7.9,0,3,2.0,6.5,overcast
ringwood,-37.815,145.229,-37.85589,145.25468,123.0,Australia/Sydney,weather_forecast_2026-08-26.json,2026-08-31T04:00:00+1000,2026-08-30T18:00:00+0000,2026-08-31,4,8.6,7.9,0,3,1.3,6.5,overcast
ringwood,-37.815,145.229,-37.85589,145.25468,123.0,Australia/Sydney,weather_forecast_2026-08-26.json,2026-08-31T05:00:00+1000,2026-08-30T19:00:00+0000,2026-08-31,5,8.3,7.5,0,3,1.3,5.8,overcast
ringwood,-37.815,145.229,-37.85589,145.25468,123.0,Australia/Sydney,weather_forecast_2026-08-26.json,2026-08-31T06:00:00+1000,2026-08-30T20:00:00+0000,2026-08-31,6,7.9,7.1,0,3,1.7,4.3,overcast
ringwood,-37.815,145.229,-37.85589,145.25468,123.0,Australia/Sydney,weather_forecast_2026-08-26.json,2026-08-31T07:00:00+1000,2026-08-30T21:00:00+0000,2026-08-31,7,8.0,7.1,0,3,2.3,4.7,overcast
ringwood,-37.815,145.229,-37.85589,145.25468,123.0,Australia/Sydney,weather_forecast_2026-08-26.json,2026-08-31T08:00:00+1000,2026-08-30T22:00:00+0000,2026-08-31,8,8.8,7.9,0,3,2.9,7.6,overcast
ringwood,-37.815,145.229,-37.85589,145.25468,123.0,Australia/Sydney,weather_forecast_2026-08-26.json,2026-08-31T09:00:00+1000,2026-08-30T23:00:00+0000,2026-08-31,9,10.1,9.2,0,3,3.4,11.5,overcast
ringwood,-37.815,145.229,-37.85589,145.25468,123.0,Australia/Sydney,weather_forecast_2026-08-26.json,2026-08-31T10:00:00+1000,2026-08-31T00:00:00+0000,2026-08-31,10,11.5,10.5,0,3,4.0,14.8,overcast
ringwood,-37.815,145.229,-37.85589,145.25468,123.0,Australia/Sydney,weather_forecast_2026-08-26.json,2026-08-31T11:00:00+1000,2026-08-31T01:00:00+0000,2026-08-31,11,13.0,11.8,0,2,4.6,16.6,partly_cloudy
ringwood,-37.815,145.229,-37.85589,145.25468,123.0,Australia/Sydney,weather_forecast_2026-08-26.json,2026-08-31T12:00:00+1000,2026-08-31T02:00:00+0000,2026-08-31,12,14.5,13.4,0,1,4.9,17.3,mainly_clear
ringwood,-37.815,145.229,-37.85589,145.25468,123.0,Australia/Sydney,weather_forecast_2026-08-26.json,2026-08-31T13:00:00+1000,2026-08-31T03:00:00+0000,2026-08-31,13,15.7,15.1,0,0,4.5,17.6,clear_sky
ringwood,-37.815,145.229,-37.85589,145.25468,123.0,Australia/Sydney,weather_forecast_2026-08-26.json,2026-08-31T14:00:00+1000,2026-08-31T04:00:00+0000,2026-08-31,14,16.4,16.3,0,0,2.7,17.6,clear_sky
ringwood,-37.815,145.229,-37.85589,145.25468,123.0,Australia/Sydney,weather_forecast_2026-08-26.json,2026-08-31T15:00:00+1000,2026-08-31T05:00:00+0000,2026-08-31,15,16.7,16.5,0,0,1.7,17.3,clear_sky
ringwood,-37.815,145.229,-37.85589,145.25468,123.0,Australia/Sydney,weather_forecast_2026-08-26.json,2026-08-31T16:00:00+1000,2026-08-31T06:00:00+0000,2026-08-31,16,16.4,16.2,0,0,2.7,16.6,clear_sky
ringwood,-37.815,145.229,-37.85589,145.25468,123.0,Australia/Sydney,weather_forecast_2026-08-26.json,2026-08-31T17:00:00+1000,2026-08-31T07:00:00+0000,2026-08-31,17,15.1,15.0,0,0,2.0,14.4,clear_sky
ringwood,-37.815,145.229,-37.85589,145.25468,123.0,Australia/Sydney,weather_forecast_2026-08-26.json,2026-08-31T18:00:00+1000,2026-08-31T08:00:00+0000,2026-08-31,18,13.2,13.2,0,0,1.3,12.2,clear_sky
ringwood,-37.815,145.229,-37.85589,145.25468,123.0,Australia/Sydney,weather_forecast_2026-08-26.json,2026-08-31T19:00:00+1000,2026-08-31T09:00:00+0000,2026-08-31,19,11.8,11.5,0,0,2.7,11.5,clear_sky
ringwood,-37.815,145.229,-37.85589,145.25468,123.0,Australia/Sydney,weather_forecast_2026-08-26.json,2026-08-31T20:00:00+1000,2026-08-31T10:00:00+0000,2026-08-31,20,11.2,10.4,0,0,5.1,14.4,clear_sky
ringwood,-37.815,145.229,-37.85589,145.25468,123.0,Australia/Sydney,weather_forecast_2026-08-26.json,2026-08-31T21:00:00+1000,2026-08-31T11:00:00+0000,2026-08-31,21,11.0,9.6,0,0,8.3,19.1,clear_sky
ringwood,-37.815,145.229,-37.85589,145.25468,123.0,Australia/Sydney,weather_forecast_2026-08-26.json,2026-08-31T22:00:00+1000,2026-08-31T12:00:00+0000,2026-08-31,22,10.9,9.0,0,0,10.9,22.7,clear_sky
ringwood,-37.815,145.229,-37.85589,145.25468,123.0,Australia/Sydney,weather_forecast_2026-08-26.json,2026-08-31T23:00:00+1000,2026-08-31T13:00:00+0000,2026-08-31,23,10.7,8.6,0,0,12.0,24.1,clear_sky
ringwood,-37.815,145.229,-37.85589,145.25468,123.0,Australia/Sydney,weather_forecast_2026-08-26.json,2026-09-01T00:00:00+1000,2026-08-31T14:00:00+0000,2026-09-01,0,10.5,8.3,0,0,12.2,24.5,clear_sky
ringwood,-37.815,145.229,-37.85589,145.25468,123.0,Australia/Sydney,weather_forecast_2026-08-26.json,2026-09-01T01:00:00+1000,2026-08-31T15:00:00+0000,2026-09-01,1,10.4,8.2,0,1,13.1,26.3,mainly_clear
ringwood,-37.815,145.229,-37.85589,145.25468,123.0,Australia/Sydney,weather_forecast_2026-08-26.json,2026-09-01T02:00:00+1000,2026-08-31T16:00:00+0000,2026-09-01,2,10.7,8.3,0,1,14.9,30.6,mainly_clear
ringwood,-37.815,145.229,-37.85589,145.25468,123.0,Australia/Sydney,weather_forecast_2026-08-26.json,2026-09-01T03:00:00+1000,2026-08-31T17:00:00+0000,2026-09-01,3,11.2,8.5,0,2,17.4,36.4,partly_cloudy
ringwood,-37.815,145.229,-37.85589,145.25468,123.0,Australia/Sydney,weather_forecast_2026-08-26.json,2026-09-01T04:00:00+1000,2026-08-31T18:00:00+0000,2026-09-01,4,11.5,8.7,0,3,19.3,40.7,overcast
ringwood,-37.815,145.229,-37.85589,145.25468,123.0,Australia/Sydney,weather_forecast_2026-08-26.json,2026-09-01T05:00:00+1000,2026-08-31T19:00:00+0000,2026-09-01,5,11.6,8.8,0,3,19.6,42.1,overcast
ringwood,-37.815,145.229,-37.85589,145.25468,123.0,Australia/Sydney,weather_forecast_2026-08-26.json,2026-09-01T06:00:00+1000,2026-08-31T20:00:00+0000,2026-09-01,6,11.6,8.7,0,3,19.4,42.1,overcast
ringwood,-37.815,145.229,-37.85589,145.25468,123.0,Australia/Sydney,weather_forecast_2026-08-26.json,2026-09-01T07:00:00+1000,2026-08-31T21:00:00+0000,2026-09-01,7,11.8,8.9,0,3,19.6,43.2,overcast
ringwood,-37.815,145.229,-37.85589,145.25468,123.0,Australia/Sydney,weather_forecast_2026-08-26.json,2026-09-01T08:00:00+1000,2026-08-31T22:00:00+0000,2026-09-01,8,13.0,9.5,0,1,23.6,49.0,mainly_clear
ringwood,-37.815,145.229,-37.85589,145.25468,123.0,Australia/Sydney,weather_forecast_2026-08-26.json,2026-09-01T09:00:00+1000,2026-08-31T23:00:00+0000,2026-09-01,9,13.5,9.9,0,1,24.3,51.1,mainly_clear
ringwood,-37.815,145.229,-37.85589,145.25468,123.0,Australia/Sydney,weather_forecast_2026-08-26.json,2026-09-01T10:00:00+1000,2026-09-01T00:00:00+0000,2026-09-01,10,14.0,10.3,0,1,24.6,54.0,mainly_clear
ringwood,-37.815,145.229,-37.85589,145.25468,123.0,Australia/Sydney,weather_forecast_2026-08-26.json,2026-09-01T11:00:00+1000,2026-09-01T01:00:00+0000,2026-09-01,11,14.6,11.0,3,51,24.9,58.0,light_drizzle
ringwood,-37.815,145.229,-37.85589,145.25468,123.0,Australia/Sydney,weather_forecast_2026-08-26.json,2026-09-01T12:00:00+1000,2026-09-01T02:00:00+0000,2026-09-01,12,15.3,11.9,8,51,25.4,63.0,light_drizzle
ringwood,-37.815,145.229,-37.85589,145.25468,123.0,Australia/Sydney,weather_forecast_2026-08-26.json,2026-09-01T13:00:00+1000,2026-09-01T03:00:00+0000,2026-09-01,13,16.0,12.6,13,51,25.8,68.0,light_drizzle
ringwood,-37.815,145.229,-37.85589,145.25468,123.0,Australia/Sydney,weather_forecast_2026-08-26.json,2026-09-01T14:00:00+1000,2026-09-01T04:00:00+0000,2026-09-01,14,16.7,13.0,18,51,26.0,72.7,light_drizzle
ringwood,-37.815,145.229,-37.85589,145.25468,123.0,Australia/Sydney,weather_forecast_2026-08-26.json,2026-09-01T15:00:00+1000,2026-09-01T05:00:00+0000,2026-09-01,15,17.1,13.5,24,51,25.5,76.3,light_drizzle
ringwood,-37.815,145.229,-37.85589,145.25468,123.0,Australia/Sydney,weather_forecast_2026-08-26.json,2026-09-01T16:00:00+1000,2026-09-01T06:00:00+0000,2026-09-01,16,17.1,13.8,31,51,24.0,77.4,light_drizzle
ringwood,-37.815,145.229,-37.85589,145.25468,123.0,Australia/Sydney,weather_forecast_2026-08-26.json,2026-09-01T17:00:00+1000,2026-09-01T07:00:00+0000,2026-09-01,17,16.7,13.8,39,55,21.2,76.0,dense_drizzle
ringwood,-37.815,145.229,-37.85589,145.25468,123.0,Australia/Sydney,weather_forecast_2026-08-26.json,2026-09-01T18:00:00+1000,2026-09-01T08:00:00+0000,2026-09-01,18,15.9,13.5,48,55,18.1,72.0,dense_drizzle
ringwood,-37.815,145.229,-37.85589,145.25468,123.0,Australia/Sydney,weather_forecast_2026-08-26.json,2026-09-01T19:00:00+1000,2026-09-01T09:00:00+0000,2026-09-01,19,14.9,12.7,56,55,17.1,67.0,dense_drizzle
ringwood,-37.815,145.229,-37.85589,145.25468,123.0,Australia/Sydney,weather_forecast_2026-08-26.json,2026-09-01T20:00:00+1000,2026-09-01T10:00:00+0000,2026-09-01,20,13.8,11.3,63,55,18.6,61.6,dense_drizzle
ringwood,-37.815,145.229,-37.85589,145.25468,123.0,Australia/Sydney,weather_forecast_2026-08-26.json,2026-09-01T21:00:00+1000,2026-09-01T11:00:00+0000,2026-09-01,21,12.7,9.8,70,55,21.2,56.5,dense_drizzle
ringwood,-37.815,145.229,-37.85589,145.25468,123.0,Australia/Sydney,weather_forecast_2026-08-26.json,2026-09-01T22:00:00+1000,2026-09-01T12:00:00+0000,2026-09-01,22,11.7,8.5,73,55,22.6,52.9,dense_drizzle
ringwood,-37.815,145.229,-37.85589,145.25468,123.0,Australia/Sydney,weather_forecast_2026-08-26.json,2026-09-01T23:00:00+1000,2026-09-01T13:00:00+0000,2026-09-01,23,10.7,7.6,71,2,21.3,51.1,partly_cloudy
sunbury,-37.5797,144.728,-37.57469,144.72,218.0,Australia/Sydney,weather_forecast_2026-08-26.json,2026-08-26T00:00:00+1000,2026-08-25T14:00:00+0000,2026-08-26,0,10.0,7.6,83,51,16.4,31.3,light_drizzle
sunbury,-37.5797,144.728,-37.57469,144.72,218.0,Australia/Sydney,weather_forecast_2026-08-26.json,2026-08-26T01:00:00+1000,2026-08-25T15:00:00+0000,2026-08-26,1,9.7,7.0,92,51,17.8,34.9,light_drizzle
sunbury,-37.5797,144.728,-37.57469,144.72,218.0,Australia/Sydney,weather_forecast_2026-08-26.json,2026-08-26T02:00:00+1000,2026-08-25T16:00:00+0000,2026-08-26,2,9.2,6.4,77,51,16.9,34.6,light_drizzle
sunbury,-37.5797,144.728,-37.57469,144.72,218.0,Australia/Sydney,weather_forecast_2026-08-26.json,2026-08-26T03:00:00+1000,2026-08-25T17:00:00+0000,2026-08-26,3,8.5,5.7,51,51,16.3,31.7,light_drizzle
sunbury,-37.5797,144.728,-37.57469,144.72,218.0,Australia/Sydney,weather_forecast_2026-08-26.json,2026-08-26T04:00:00+1000,2026-08-25T18:00:00+0000,2026-08-26,4,7.8,4.9,29,1,14.8,30.6,mainly_clear
sunbury,-37.5797,144.728,-37.57469,144.72,218.0,Australia/Sydney,weather_forecast_2026-08-26.json,2026-08-26T05:00:00+1000,2026-08-25T19:00:00+0000,2026-08-26,5,7.1,4.3,16,0,13.3,27.0,clear_sky
sunbury,-37.5797,144.728,-37.57469,144.72,218.0,Australia/Sydney,weather_forecast_2026-08-26.json,2026-08-26T06:00:00+1000,2026-08-25T20:00:00+0000,2026-08-26,6,6.9,4.1,6,1,12.8,24.1,mainly_clear
sunbury,-37.5797,144.728,-37.57469,144.72,218.0,Australia/Sydney,weather_forecast_2026-08-26.json,2026-08-26T07:00:00+1000,2026-08-25T21:00:00+0000,2026-08-26,7,6.6,3.8,0,0,12.6,23.0,clear_sky
sunbury,-37.5797,144.728,-37.57469,144.72,218.0,Australia/Sydney,weather_forecast_2026-08-26.json,2026-08-26T08:00:00+1000,2026-08-25T22:00:00+0000,2026-08-26,8,7.7,4.8,0,1,14.4,25.9,mainly_clear
sunbury,-37.5797,144.728,-37.57469,144.72,218.0,Australia/Sydney,weather_forecast_2026-08-26.json,2026-08-26T09:00:00+1000,2026-08-25T23:00:00+0000,2026-08-26,9,9.2,6.3,0,0,15.5,34.9,clear_sky
sunbury,-37.5797,144.728,-37.57469,144.72,218.0,Australia/Sydney,weather_forecast_2026-08-26.json,2026-08-26T10:00:00+1000,2026-08-26T00:00:00+0000,2026-08-26,10,10.9,7.7,0,1,17.4,37.4,mainly_clear
sunbury,-37.5797,144.728,-37.57469,144.72,218.0,Australia/Sydney,weather_forecast_2026-08-26.json,2026-08-26T11:00:00+1000,2026-08-26T01:00:00+0000,2026-08-26,11,11.7,8.2,2,51,17.7,39.2,light_drizzle
sunbury,-37.5797,144.728,-37.57469,144.72,218.0,Australia/Sydney,weather_forecast_2026-08-26.json,2026-08-26T12:00:00+1000,2026-08-26T02:00:00+0000,2026-08-26,12,12.3,8.8,5,51,16.2,39.2,light_drizzle
sunbury,-37.5797,144.728,-37.57469,144.72,218.0,Australia/Sydney,weather_forecast_2026-08-26.json,2026-08-26T13:00:00+1000,2026-08-26T03:00:00+0000,2026-08-26,13,13.1,9.5,6,3,15.6,36.7,overcast
sunbury,-37.5797,144.728,-37.57469,144.72,218.0,Australia/Sydney,weather_forecast_2026-08-26.json,2026-08-26T14:00:00+1000,2026-08-26T04:00:00+0000,2026-08-26,14,12.6,9.3,5,2,15.1,35.6,partly_cloudy
sunbury,-37.5797,144.728,-37.57469,144.72,218.0,Australia/Sydney,weather_forecast_2026-08-26.json,2026-08-26T15:00:00+1000,2026-08-26T05:00:00+0000,2026-08-26,15,13.0,9.8,2,2,14.1,33.8,partly_cloudy
sunbury,-37.5797,144.728,-37.57469,144.72,218.0,Australia/Sydney,weather_forecast_2026-08-26.json,2026-08-26T16:00:00+1000,2026-08-26T06:00:00+0000,2026-08-26,16,12.5,9.3,0,2,15.2,32.8,partly_cloudy
sunbury,-37.5797,144.728,-37.57469,144.72,218.0,Australia/Sydney,weather_forecast_2026-08-26.json,2026-08-26T17:00:00+1000,2026-08-26T07:00:00+0000,2026-08-26,17,11.2,8.4,0,51,13.5,33.1,light_drizzle
sunbury,-37.5797,144.728,-37.57469,144.72,218.0,Australia/Sydney,weather_forecast_2026-08-26.json,2026-08-26T18:00:00+1000,2026-08-26T08:00:00+0000,2026-08-26,18,9.6,7.4,0,2,8.9,27.0,partly_cloudy
sunbury,-37.5797,144.728,-37.57469,144.72,218.0,Australia/Sydney,weather_forecast_2026-08-26.json,2026-08-26T19:00:00+1000,2026-08-26T09:00:00+0000,2026-08-26,19,8.7,6.8,0,3,7.6,16.6,overcast
sunbury,-37.5797,144.728,-37.57469,144.72,218.0,Australia/Sydney,weather_forecast_2026-08-26.json,2026-08-26T20:00:00+1000,2026-08-26T10:00:00+0000,2026-08-26,20,8.6,6.6,0,3,8.3,15.1,overcast
sunbury,-37.5797,144.728,-37.57469,144.72,218.0,Australia/Sydney,weather_forecast_2026-08-26.json,2026-08-26T21:00:00+1000,2026-08-26T11:00:00+0000,2026-08-26,21,8.3,6.1,0,2,8.5,15.1,partly_cloudy
sunbury,-37.5797,144.728,-37.57469,144.72,218.0,Australia/Sydney,weather_forecast_2026-08-26.json,2026-08-26T22:00:00+1000,2026-08-26T12:00:00+0000,2026-08-26,22,8.1,5.8,0,3,8.4,15.5,overcast
sunbury,-37.5797,144.728,-37.57469,144.72,218.0,Australia/Sydney,weather_forecast_2026-08-26.json,2026-08-26T23:00:00+1000,2026-08-26T13:00:00+0000,2026-08-26,23,8.2,6.0,0,3,8.2,15.5,overcast
sunbury,-37.5797,144.728,-37.57469,144.72,218.0,Australia/Sydney,weather_forecast_2026-08-26.json,2026-08-27T00:00:00+1000,2026-08-26T14:00:00+0000,2026-08-27,0,8.0,5.7,0,3,9.0,16.6,overcast
sunbury,-37.5797,144.728,-37.57469,144.72,218.0,Australia/Sydney,weather_forecast_2026-08-26.json,2026-08-27T01:00:00+1000,2026-08-26T15:00:00+0000,2026-08-27,1,7.9,5.6,0,1,8.0,16.6,mainly_clear
sunbury,-37.5797,144.728,-37.57469,144.72,218.0,Australia/Sydney,weather_forecast_2026-08-26.json,2026-08-27T02:00:00+1000,2026-08-26T16:00:00+0000,2026-08-27,2,6.6,4.3,0,0,7.2,14.8,clear_sky
sunbury,-37.5797,144.728,-37.57469,144.72,218.0,Australia/Sydney,weather_forecast_2026-08-26.json,2026-08-27T03:00:00+1000,2026-08-26T17:00:00+0000,2026-08-27,3,5.8,3.4,0,0,6.4,13.3,clear_sky
sunbury,-37.5797,144.728,-37.57469,144.72,218.0,Australia/Sydney,weather_forecast_2026-08-26.json,2026-08-27T04:00:00+1000,2026-08-26T18:00:00+0000,2026-08-27,4,5.4,3.0,0,1,6.1,12.2,mainly_clear
sunbury,-37.5797,144.728,-37.57469,144.72,218.0,Australia/Sydney,weather_forecast_2026-08-26.json,2026-08-27T05:00:00+1000,2026-08-26T19:00:00+0000,2026-08-27,5,5.3,3.0,0,1,5.5,11.9,mainly_clear
sunbury,-37.5797,144.728,-37.57469,144.72,218.0,Australia/Sydney,weather_forecast_2026-08-26.json,2026-08-27T06:00:00+1000,2026-08-26T20:00:00+0000,2026-08-27,6,5.2,2.9,0,1,5.1,11.2,mainly_clear
sunbury,-37.5797,144.728,-37.57469,144.72,218.0,Australia/Sydney,weather_forecast_2026-08-26.json,2026-08-27T07:00:00+1000,2026-08-26T21:00:00+0000,2026-08-27,7,5.2,3.0,0,0,4.8,10.4,clear_sky
sunbury,-37.5797,144.728,-37.57469,144.72,218.0,Australia/Sydney,weather_forecast_2026-08-26.json,2026-08-27T08:00:00+1000,2026-08-26T22:00:00+0000,2026-08-27,8,7.2,4.8,0,1,7.3,13.3,mainly_clear
sunbury,-37.5797,144.728,-37.57469,144.72,218.0,Australia/Sydney,weather_forecast_2026-08-26.json,2026-08-27T09:00:00+1000,2026-08-26T23:00:00+0000,2026-08-27,9,9.6,7.6,0,2,5.4,15.1,partly_cloudy
sunbury,-37.5797,144.728,-37.57469,144.72,218.0,Australia/Sydney,weather_forecast_2026-08-26.json,2026-08-27T10:00:00+1000,2026-08-27T00:00:00+0000,2026-08-27,10,10.9,9.1,0,3,3.7,15.5,overcast
sunbury,-37.5797,144.728,-37.57469,144.72,218.0,Australia/Sydney,weather_forecast_2026-08-26.json,2026-08-27T11:00:00+1000,2026-08-27T01:00:00+0000,2026-08-27,11,11.8,10.3,0,3,1.7,14.8,overcast
sunbury,-37.5797,144.728,-37.57469,144.72,218.0,Australia/Sydney,weather_forecast_2026-08-26.json,2026-08-27T12:00:00+1000,2026-08-27T02:00:00+0000,2026-08-27,12,12.7,12.0,0,1,1.0,13.0,mainly_clear
sunbury,-37.5797,144.728,-37.57469,144.72,218.0,Australia/Sydney,weather_forecast_2026-08-26.json,2026-08-27T13:00:00+1000,2026-08-27T03:00:00+0000,2026-08-27,13,13.6,13.2,0,1,1.6,13.3,mainly_clear
sunbury,-37.5797,144.728,-37.57469,144.72,218.0,Australia/Sydney,weather_forecast_2026-08-26.json,2026-08-27T14:00:00+1000,2026-08-27T04:00:00+0000,2026-08-27,14,14.3,13.5,0,0,3.9,15.8,clear_sky
sunbury,-37.5797,144.728,-37.57469,144.72,218.0,Australia/Sydney,weather_forecast_2026-08-26.json,2026-08-27T15:00:00+1000,2026-08-27T05:00:00+0000,2026-08-27,15,14.2,12.1,0,0,9.6,24.1,clear_sky
sunbury,-37.5797,144.728,-37.57469,144.72,218.0,Australia/Sydney,weather_forecast_2026-08-26.json,2026-08-27T16:00:00+1000,2026-08-27T06:00:00+0000,2026-08-27,16,13.5,10.7,0,2,13.4,29.9,partly_cloudy
sunbury,-37.5797,144.728,-37.57469,144.72,218.0,Australia/Sydney,weather_forecast_2026-08-26.json,2026-08-27T17:00:00+1000,2026-08-27T07:00:00+0000,2026-08-27,17,12.8,10.3,0,3,10.8,29.5,overcast
sunbury,-37.5797,144.728,-37.57469,144.72,218.0,Australia/Sydney,weather_forecast_2026-08-26.json,2026-08-27T18:00:00+1000,2026-08-27T08:00:00+0000,2026-08-27,18,11.9,10.1,0,3,5.8,19.8,overcast
sunbury,-37.5797,144.728,-37.57469,144.72,218.0,Australia/Sydney,weather_forecast_2026-08-26.json,2026-08-27T19:00:00+1000,2026-08-27T09:00:00+0000,2026-08-27,19,11.5,10.7,0,3,0.4,10.4,overcast
sunbury,-37.5797,144.728,-37.57469,144.72,218.0,Australia/Sydney,weather_forecast_2026-08-26.json,2026-08-27T20:00:00+1000,2026-08-27T10:00:00+0000,2026-08-27,20,9.9,8.5,0,1,3.4,7.2,mainly_clear
sunbury,-37.5797,144.728,-37.57469,144.72,218.0,Australia/Sydney,weather_forecast_2026-08-26.json,2026-08-27T21:00:00+1000,2026-08-27T11:00:00+0000,2026-08-27,21,8.1,6.5,0,3,3.3,7.2,overcast
sunbury,-37.5797,144.728,-37.57469,144.72,218.0,Australia/Sydney,weather_forecast_2026-08-26.json,2026-08-27T22:00:00+1000,2026-08-27T12:00:00+0000,2026-08-27,22,8.3,6.7,0,3,3.3,7.9,overcast
sunbury,-37.5797,144.728,-37.57469,144.72,218.0,Australia/Sydney,weather_forecast_2026-08-26.json,2026-08-27T23:00:00+1000,2026-08-27T13:00:00+0000,2026-08-27,23,7.8,6.0,0,3,4.4,8.6,overcast
sunbury,-37.5797,144.728,-37.57469,144.72,218.0,Australia/Sydney,weather_forecast_2026-08-26.json,2026-08-28T00:00:00+1000,2026-08-27T14:00:00+0000,2026-08-28,0,8.0,5.5,0,2,8.0,14.4,partly_cloudy
sunbury,-37.5797,144.728,-37.57469,144.72,218.0,Australia/Sydney,weather_forecast_2026-08-26.json,2026-08-28T01:00:00+1000,2026-08-27T15:00:00+0000,2026-08-28,1,7.1,4.3,0,1,9.3,17.3,mainly_clear
sunbury,-37.5797,144.728,-37.57469,144.72,218.0,Australia/Sydney,weather_forecast_2026-08-26.json,2026-08-28T02:00:00+1000,2026-08-27T16:00:00+0000,2026-08-28,2,7.1,4.1,0,3,10.9,19.8,overcast
sunbury,-37.5797,144.728,-37.57469,144.72,218.0,Australia/Sydney,weather_forecast_2026-08-26.json,2026-08-28T03:00:00+1000,2026-08-27T17:00:00+0000,2026-08-28,3,7.7,4.7,0,3,10.9,20.2,overcast
sunbury,-37.5797,144.728,-37.57469,144.72,218.0,Australia/Sydney,weather_forecast_2026-08-26.json,2026-08-28T04:00:00+1000,2026-08-27T18:00:00+0000,2026-08-28,4,7.5,4.4,0,3,11.6,20.9,overcast
sunbury,-37.5797,144.728,-37.57469,144.72,218.0,Australia/Sydney,weather_forecast_2026-08-26.json,2026-08-28T05:00:00+1000,2026-08-27T19:00:00+0000,2026-08-28,5,7.2,3.9,0,2,12.7,23.4,partly_cloudy
sunbury,-37.5797,144.728,-37.57469,144.72,218.0,Australia/Sydney,weather_forecast_2026-08-26.json,2026-08-28T06:00:00+1000,2026-08-27T20:00:00+0000,2026-08-28,6,7.2,4.1,0,0,12.1,23.4,clear_sky
sunbury,-37.5797,144.728,-37.57469,144.72,218.0,Australia/Sydney,weather_forecast_2026-08-26.json,2026-08-28T07:00:00+1000,2026-08-27T21:00:00+0000,2026-08-28,7,7.2,4.0,0,0,11.8,22.3,clear_sky
sunbury,-37.5797,144.728,-37.57469,144.72,218.0,Australia/Sydney,weather_forecast_2026-08-26.json,2026-08-28T08:00:00+1000,2026-08-27T22:00:00+0000,2026-08-28,8,9.0,6.2,0,0,10.1,21.2,clear_sky
sunbury,-37.5797,144.728,-37.57469,144.72,218.0,Australia/Sydney,weather_forecast_2026-08-26.json,2026-08-28T09:00:00+1000,2026-08-27T23:00:00+0000,2026-08-28,9,12.0,9.7,0,0,6.2,19.8,clear_sky
sunbury,-37.5797,144.728,-37.57469,144.72,218.0,Australia/Sydney,weather_forecast_2026-08-26.json,2026-08-28T10:00:00+1000,2026-08-28T00:00:00+0000,2026-08-28,10,13.7,11.4,0,2,8.9,21.6,partly_cloudy
sunbury,-37.5797,144.728,-37.57469,144.72,218.0,Australia/Sydney,weather_forecast_2026-08-26.json,2026-08-28T11:00:00+1000,2026-08-28T01:00:00+0000,2026-08-28,11,14.5,11.8,3,3,12.5,28.4,overcast
sunbury,-37.5797,144.728,-37.57469,144.72,218.0,Australia/Sydney,weather_forecast_2026-08-26.json,2026-08-28T12:00:00+1000,2026-08-28T02:00:00+0000,2026-08-28,12,14.7,12.3,7,3,11.3,29.2,overcast
sunbury,-37.5797,144.728,-37.57469,144.72,218.0,Australia/Sydney,weather_forecast_2026-08-26.json,2026-08-28T13:00:00+1000,2026-08-28T03:00:00+0000,2026-08-28,13,15.8,12.7,14,3,15.8,34.6,overcast
sunbury,-37.5797,144.728,-37.57469,144.72,218.0,Australia/Sydney,weather_forecast_2026-08-26.json,2026-08-28T14:00:00+1000,2026-08-28T04:00:00+0000,2026-08-28,14,15.3,12.4,28,3,15.3,34.9,overcast
sunbury,-37.5797,144.728,-37.57469,144.72,218.0,Australia/Sydney,weather_forecast_2026-08-26.json,2026-08-28T15:00:00+1000,2026-08-28T05:00:00+0000,2026-08-28,15,13.2,11.4,46,53,12.8,32.0,moderate_drizzle
sunbury,-37.5797,144.728,-37.57469,144.72,218.0,Australia/Sydney,weather_forecast_2026-08-26.json,2026-08-28T16:00:00+1000,2026-08-28T06:00:00+0000,2026-08-28,16,12.0,11.2,57,53,7.6,25.9,moderate_drizzle
sunbury,-37.5797,144.728,-37.57469,144.72,218.0,Australia/Sydney,weather_forecast_2026-08-26.json,2026-08-28T17:00:00+1000,2026-08-28T07:00:00+0000,2026-08-28,17,12.1,11.6,58,53,6.1,15.5,moderate_drizzle
sunbury,-37.5797,144.728,-37.57469,144.72,218.0,Australia/Sydney,weather_forecast_2026-08-26.json,2026-08-28T18:00:00+1000,2026-08-28T08:00:00+0000,2026-08-28,18,11.7,11.2,53,51,5.9,10.8,light_drizzle
sunbury,-37.5797,144.728,-37.57469,144.72,218.0,Australia/Sydney,weather_forecast_2026-08-26.json,2026-08-28T19:00:00+1000,2026-08-28T09:00:00+0000,2026-08-28,19,11.1,10.2,45,53,8.0,15.1,moderate_drizzle
sunbury,-37.5797,144.728,-37.57469,144.72,218.0,Australia/Sydney,weather_forecast_2026-08-26.json,2026-08-28T20:00:00+1000,2026-08-28T10:00:00+0000,2026-08-28,20,10.9,10.5,32,2,4.2,14.4,partly_cloudy
sunbury,-37.5797,144.728,-37.57469,144.72,218.0,Australia/Sydney,weather_forecast_2026-08-26.json,2026-08-28T21:00:00+1000,2026-08-28T11:00:00+0000,2026-08-28,21,10.5,10.2,15,2,2.4,7.9,partly_cloudy
sunbury,-37.5797,144.728,-37.57469,144.72,218.0,Australia/Sydney,weather_forecast_2026-08-26.json,2026-08-28T22:00:00+1000,2026-08-28T12:00:00+0000,2026-08-28,22,10.0,9.6,4,3,2.6,5.0,overcast
sunbury,-37.5797,144.728,-37.57469,144.72,218.0,Australia/Sydney,weather_forecast_2026-08-26.json,2026-08-28T23:00:00+1000,2026-08-28T13:00:00+0000,2026-08-28,23,9.7,9.0,4,3,4.4,7.9,overcast
sunbury,-37.5797,144.728,-37.57469,144.72,218.0,Australia/Sydney,weather_forecast_2026-08-26.json,2026-08-29T00:00:00+1000,2026-08-28T14:00:00+0000,2026-08-29,0,10.0,9.4,9,3,4.1,9.4,overcast
sunbury,-37.5797,144.728,-37.57469,144.72,218.0,Australia/Sydney,weather_forecast_2026-08-26.json,2026-08-29T01:00:00+1000,2026-08-28T15:00:00+0000,2026-08-29,1,9.9,9.2,12,3,4.9,9.0,overcast
sunbury,-37.5797,144.728,-37.57469,144.72,218.0,Australia/Sydney,weather_forecast_2026-08-26.json,2026-08-29T02:00:00+1000,2026-08-28T16:00:00+0000,2026-08-29,2,9.7,8.6,11,3,6.7,14.4,overcast
sunbury,-37.5797,144.728,-37.57469,144.72,218.0,Australia/Sydney,weather_forecast_2026-08-26.json,2026-08-29T03:00:00+1000,2026-08-28T17:00:00+0000,2026-08-29,3,9.1,7.3,8,3,10.1,20.2,overcast
sunbury,-37.5797,144.728,-37.57469,144.72,218.0,Australia/Sydney,weather_forecast_2026-08-26.json,2026-08-29T04:00:00+1000,2026-08-28T18:00:00+0000,2026-08-29,4,8.7,6.7,6,3,10.9,22.7,overcast
sunbury,-37.5797,144.728,-37.57469,144.72,218.0,Australia/Sydney,weather_forecast_2026-08-26.json,2026-08-29T05:00:00+1000,2026-08-28T19:00:00+0000,2026-08-29,5,8.6,7.0,5,3,8.0,22.0,overcast
sunbury,-37.5797,144.728,-37.57469,144.72,218.0,Australia/Sydney,weather_forecast_2026-08-26.json,2026-08-29T06:00:00+1000,2026-08-28T20:00:00+0000,2026-08-29,6,8.4,6.7,5,3,8.3,16.2,overcast
sunbury,-37.5797,144.728,-37.57469,144.72,218.0,Australia/Sydney,weather_forecast_2026-08-26.json,2026-08-29T07:00:00+1000,2026-08-28T21:00:00+0000,2026-08-29,7,7.6,6.0,4,0,6.2,15.8,clear_sky
sunbury,-37.5797,144.728,-37.57469,144.72,218.0,Australia/Sydney,weather_forecast_2026-08-26.json,2026-08-29T08:00:00+1000,2026-08-28T22:00:00+0000,2026-08-29,8,8.1,6.4,3,0,7.7,14.4,clear_sky
sunbury,-37.5797,144.728,-37.57469,144.72,218.0,Australia/Sydney,weather_forecast_2026-08-26.json,2026-08-29T09:00:00+1000,2026-08-28T23:00:00+0000,2026-08-29,9,9.1,6.8,3,0,11.4,25.2,clear_sky
sunbury,-37.5797,144.728,-37.57469,144.72,218.0,Australia/Sydney,weather_forecast_2026-08-26.json,2026-08-29T10:00:00+1000,2026-08-29T00:00:00+0000,2026-08-29,10,10.1,7.2,2,1,13.1,30.6,mainly_clear
sunbury,-37.5797,144.728,-37.57469,144.72,218.0,Australia/Sydney,weather_forecast_2026-08-26.json,2026-08-29T11:00:00+1000,2026-08-29T01:00:00+0000,2026-08-29,11,10.9,7.8,2,2,13.5,32.8,partly_cloudy
sunbury,-37.5797,144.728,-37.57469,144.72,218.0,Australia/Sydney,weather_forecast_2026-08-26.json,2026-08-29T12:00:00+1000,2026-08-29T02:00:00+0000,2026-08-29,12,11.3,8.2,2,3,12.7,32.8,overcast
sunbury,-37.5797,144.728,-37.57469,144.72,218.0,Australia/Sydney,weather_forecast_2026-08-26.json,2026-08-29T13:00:00+1000,2026-08-29T03:00:00+0000,2026-08-29,13,11.8,9.0,2,2,11.2,31.0,partly_cloudy
sunbury,-37.5797,144.728,-37.57469,144.72,218.0,Australia/Sydney,weather_forecast_2026-08-26.json,2026-08-29T14:00:00+1000,2026-08-29T04:00:00+0000,2026-08-29,14,12.9,9.9,2,1,13.2,31.7,mainly_clear
sunbury,-37.5797,144.728,-37.57469,144.72,218.0,Australia/Sydney,weather_forecast_2026-08-26.json,2026-08-29T15:00:00+1000,2026-08-29T05:00:00+0000,2026-08-29,15,12.8,9.4,2,2,15.5,35.6,partly_cloudy
sunbury,-37.5797,144.728,-37.57469,144.72,218.0,Australia/Sydney,weather_forecast_2026-08-26.json,2026-08-29T16:00:00+1000,2026-08-29T06:00:00+0000,2026-08-29,16,11.9,8.7,2,3,14.6,35.6,overcast
sunbury,-37.5797,144.728,-37.57469,144.72,218.0,Australia/Sydney,weather_forecast_2026-08-26.json,2026-08-29T17:00:00+1000,2026-08-29T07:00:00+0000,2026-08-29,17,11.1,8.1,1,3,13.3,32.0,overcast
sunbury,-37.5797,144.728,-37.57469,144.72,218.0,Australia/Sydney,weather_forecast_2026-08-26.json,2026-08-29T18:00:00+1000,2026-08-29T08:00:00+0000,2026-08-29,18,10.5,8.7,1,1,6.0,29.9,mainly_clear
sunbury,-37.5797,144.728,-37.57469,144.72,218.0,Australia/Sydney,weather_forecast_2026-08-26.json,2026-08-29T19:00:00+1000,2026-08-29T09:00:00+0000,2026-08-29,19,9.0,7.6,0,1,3.3,10.8,mainly_clear
sunbury,-37.5797,144.728,-37.57469,144.72,218.0,Australia/Sydney,weather_forecast_2026-08-26.json,2026-08-29T20:00:00+1000,2026-08-29T10:00:00+0000,2026-08-29,20,8.6,7.1,0,3,4.7,10.8,overcast
sunbury,-37.5797,144.728,-37.57469,144.72,218.0,Australia/Sydney,weather_forecast_2026-08-26.json,2026-08-29T21:00:00+1000,2026-08-29T11:00:00+0000,2026-08-29,21,9.0,7.5,0,3,4.9,9.0,overcast
sunbury,-37.5797,144.728,-37.57469,144.72,218.0,Australia/Sydney,weather_forecast_2026-08-26.json,2026-08-29T22:00:00+1000,2026-08-29T12:00:00+0000,2026-08-29,22,9.3,7.2,0,3,9.3,17.3,overcast
sunbury,-37.5797,144.728,-37.57469,144.72,218.0,Australia/Sydney,weather_forecast_2026-08-26.json,2026-08-29T23:00:00+1000,2026-08-29T13:00:00+0000,2026-08-29,23,8.8,6.1,0,3,12.9,25.2,overcast
sunbury,-37.5797,144.728,-37.57469,144.72,218.0,Australia/Sydney,weather_forecast_2026-08-26.json,2026-08-30T00:00:00+1000,2026-08-29T14:00:00+0000,2026-08-30,0,8.1,5.6,0,3,11.5,25.6,overcast
sunbury,-37.5797,144.728,-37.57469,144.72,218.0,Australia/Sydney,weather_forecast_2026-08-26.json,2026-08-30T01:00:00+1000,2026-08-29T15:00:00+0000,2026-08-30,1,7.9,5.6,0,3,9.5,22.7,overcast
sunbury,-37.5797,144.728,-37.57469,144.72,218.0,Australia/Sydney,weather_forecast_2026-08-26.json,2026-08-30T02:00:00+1000,2026-08-29T16:00:00+0000,2026-08-30,2,7.4,5.1,0,1,9.4,18.7,mainly_clear
sunbury,-37.5797,144.728,-37.57469,144.72,218.0,Australia/Sydney,weather_forecast_2026-08-26.json,2026-08-30T03:00:00+1000,2026-08-29T17:00:00+0000,2026-08-30,3,6.9,4.6,0,0,8.5,17.6,clear_sky
sunbury,-37.5797,144.728,-37.57469,144.72,218.0,Australia/Sydney,weather_forecast_2026-08-26.json,2026-08-30T04:00:00+1000,2026-08-29T18:00:00+0000,2026-08-30,4,6.6,4.4,0,0,7.8,15.5,clear_sky
sunbury,-37.5797,144.728,-37.57469,144.72,218.0,Australia/Sydney,weather_forecast_2026-08-26.json,2026-08-30T05:00:00+1000,2026-08-29T19:00:00+0000,2026-08-30,5,6.4,4.3,0,0,7.6,14.8,clear_sky
sunbury,-37.5797,144.728,-37.57469,144.72,218.0,Australia/Sydney,weather_forecast_2026-08-26.json,2026-08-30T06:00:00+1000,2026-08-29T20:00:00+0000,2026-08-30,6,6.4,4.3,0,2,7.2,14.8,partly_cloudy
sunbury,-37.5797,144.728,-37.57469,144.72,218.0,Australia/Sydney,weather_forecast_2026-08-26.json,2026-08-30T07:00:00+1000,2026-08-29T21:00:00+0000,2026-08-30,7,6.9,4.9,0,2,6.8,15.8,partly_cloudy
sunbury,-37.5797,144.728,-37.57469,144.72,218.0,Australia/Sydney,weather_forecast_2026-08-26.json,2026-08-30T08:00:00+1000,2026-08-29T22:00:00+0000,2026-08-30,8,8.0,6.1,0,3,7.0,18.7,overcast
sunbury,-37.5797,144.728,-37.57469,144.72,218.0,Australia/Sydney,weather_forecast_2026-08-26.json,2026-08-30T09:00:00+1000,2026-08-29T23:00:00+0000,2026-08-30,9,9.6,7.5,0,3,8.6,22.3,overcast
sunbury,-37.5797,144.728,-37.57469,144.72,218.0,Australia/Sydney,weather_forecast_2026-08-26.json,2026-08-30T10:00:00+1000,2026-08-30T00:00:00+0000,2026-08-30,10,10.9,8.7,0,3,10.2,25.2,overcast
sunbury,-37.5797,144.728,-37.57469,144.72,218.0,Australia/Sydney,weather_forecast_2026-08-26.json,2026-08-30T11:00:00+1000,2026-08-30T01:00:00+0000,2026-08-30,11,11.9,9.7,0,3,10.6,26.6,overcast
sunbury,-37.5797,144.728,-37.57469,144.72,218.0,Australia/Sydney,weather_forecast_2026-08-26.json,2026-08-30T12:00:00+1000,2026-08-30T02:00:00+0000,2026-08-30,12,12.6,10.5,0,2,10.2,27.0,partly_cloudy
sunbury,-37.5797,144.728,-37.57469,144.72,218.0,Australia/Sydney,weather_forecast_2026-08-26.json,2026-08-30T13:00:00+1000,2026-08-30T03:00:00+0000,2026-08-30,13,13.1,11.1,0,2,9.9,27.4,partly_cloudy
sunbury,-37.5797,144.728,-37.57469,144.72,218.0,Australia/Sydney,weather_forecast_2026-08-26.json,2026-08-30T14:00:00+1000,2026-08-30T04:00:00+0000,2026-08-30,14,13.5,11.4,0,1,10.2,27.0,mainly_clear
sunbury,-37.5797,144.728,-37.57469,144.72,218.0,Australia/Sydney,weather_forecast_2026-08-26.json,2026-08-30T15:00:00+1000,2026-08-30T05:00:00+0000,2026-08-30,15,13.6,11.5,0,1,10.5,26.6,mainly_clear
sunbury,-37.5797,144.728,-37.57469,144.72,218.0,Australia/Sydney,weather_forecast_2026-08-26.json,2026-08-30T16:00:00+1000,2026-08-30T06:00:00+0000,2026-08-30,16,13.3,11.2,0,1,10.3,25.9,mainly_clear
sunbury,-37.5797,144.728,-37.57469,144.72,218.0,Australia/Sydney,weather_forecast_2026-08-26.json,2026-08-30T17:00:00+1000,2026-08-30T07:00:00+0000,2026-08-30,17,12.3,10.4,0,1,9.0,25.9,mainly_clear
sunbury,-37.5797,144.728,-37.57469,144.72,218.0,Australia/Sydney,weather_forecast_2026-08-26.json,2026-08-30T18:00:00+1000,2026-08-30T08:00:00+0000,2026-08-30,18,10.9,9.3,0,2,7.2,25.6,partly_cloudy
sunbury,-37.5797,144.728,-37.57469,144.72,218.0,Australia/Sydney,weather_forecast_2026-08-26.json,2026-08-30T19:00:00+1000,2026-08-30T09:00:00+0000,2026-08-30,19,9.9,8.5,0,3,5.8,24.1,overcast
sunbury,-37.5797,144.728,-37.57469,144.72,218.0,Australia/Sydney,weather_forecast_2026-08-26.json,2026-08-30T20:00:00+1000,2026-08-30T10:00:00+0000,2026-08-30,20,9.6,8.5,0,3,4.5,20.5,overcast
sunbury,-37.5797,144.728,-37.57469,144.72,218.0,Australia/Sydney,weather_forecast_2026-08-26.json,2026-08-30T21:00:00+1000,2026-08-30T11:00:00+0000,2026-08-30,21,9.7,8.9,0,3,3.2,15.8,overcast
sunbury,-37.5797,144.728,-37.57469,144.72,218.0,Australia/Sydney,weather_forecast_2026-08-26.json,2026-08-30T22:00:00+1000,2026-08-30T12:00:00+0000,2026-08-30,22,9.8,9.1,0,3,1.9,11.5,overcast
sunbury,-37.5797,144.728,-37.57469,144.72,218.0,Australia/Sydney,weather_forecast_2026-08-26.json,2026-08-30T23:00:00+1000,2026-08-30T13:00:00+0000,2026-08-30,23,9.6,9.0,0,3,0.9,7.9,overcast
sunbury,-37.5797,144.728,-37.57469,144.72,218.0,Australia/Sydney,weather_forecast_2026-08-26.json,2026-08-31T00:00:00+1000,2026-08-30T14:00:00+0000,2026-08-31,0,9.4,8.9,0,3,0.3,4.7,overcast
sunbury,-37.5797,144.728,-37.57469,144.72,218.0,Australia/Sydney,weather_forecast_2026-08-26.json,2026-08-31T01:00:00+1000,2026-08-30T15:00:00+0000,2026-08-31,1,9.2,8.5,0,3,1.1,3.2,overcast
sunbury,-37.5797,144.728,-37.57469,144.72,218.0,Australia/Sydney,weather_forecast_2026-08-26.json,2026-08-31T02:00:00+1000,2026-08-30T16:00:00+0000,2026-08-31,2,9.1,8.3,0,3,2.2,4.3,overcast
sunbury,-37.5797,144.728,-37.57469,144.72,218.0,Australia/Sydney,weather_forecast_2026-08-26.json,2026-08-31T03:00:00+1000,2026-08-30T17:00:00+0000,2026-08-31,3,9.0,8.0,0,3,3.5,7.2,overcast
sunbury,-37.5797,144.728,-37.57469,144.72,218.0,Australia/Sydney,weather_forecast_2026-08-26.json,2026-08-31T04:00:00+1000,2026-08-30T18:00:00+0000,2026-08-31,4,9.0,7.9,0,3,3.9,9.4,overcast
sunbury,-37.5797,144.728,-37.57469,144.72,218.0,Australia/Sydney,weather_forecast_2026-08-26.json,2026-08-31T05:00:00+1000,2026-08-30T19:00:00+0000,2026-08-31,5,8.8,7.9,0,3,2.5,9.0,overcast
sunbury,-37.5797,144.728,-37.57469,144.72,218.0,Australia/Sydney,weather_forecast_2026-08-26.json,2026-08-31T06:00:00+1000,2026-08-30T20:00:00+0000,2026-08-31,6,8.6,8.0,0,3,0.9,7.9,overcast
sunbury,-37.5797,144.728,-37.57469,144.72,218.0,Australia/Sydney,weather_forecast_2026-08-26.json,2026-08-31T07:00:00+1000,2026-08-30T21:00:00+0000,2026-08-31,7,8.7,8.0,0,3,1.6,8.3,overcast
sunbury,-37.5797,144.728,-37.57469,144.72,218.0,Australia/Sydney,weather_forecast_2026-08-26.json,2026-08-31T08:00:00+1000,2026-08-30T22:00:00+0000,2026-08-31,8,9.1,8.1,0,3,3.0,11.5,overcast
sunbury,-37.5797,144.728,-37.57469,144.72,218.0,Australia/Sydney,weather_forecast_2026-08-26.json,2026-08-31T09:00:00+1000,2026-08-30T23:00:00+0000,2026-08-31,9,9.8,8.4,0,2,5.3,15.8,partly_cloudy
sunbury,-37.5797,144.728,-37.57469,144.72,218.0,Australia/Sydney,weather_forecast_2026-08-26.json,2026-08-31T10:00:00+1000,2026-08-31T00:00:00+0000,2026-08-31,10,11.1,9.4,0,2,7.1,19.4,partly_cloudy
sunbury,-37.5797,144.728,-37.57469,144.72,218.0,Australia/Sydney,weather_forecast_2026-08-26.json,2026-08-31T11:00:00+1000,2026-08-31T01:00:00+0000,2026-08-31,11,13.4,11.8,0,1,8.2,21.6,mainly_clear
sunbury,-37.5797,144.728,-37.57469,144.72,218.0,Australia/Sydney,weather_forecast_2026-08-26.json,2026-08-31T12:00:00+1000,2026-08-31T02:00:00+0000,2026-08-31,12,16.2,15.2,0,0,8.6,22.7,clear_sky
sunbury,-37.5797,144.728,-37.57469,144.72,218.0,Australia/Sydney,weather_forecast_2026-08-26.json,2026-08-31T13:00:00+1000,2026-08-31T03:00:00+0000,2026-08-31,13,18.2,18.0,0,0,7.6,23.4,clear_sky
sunbury,-37.5797,144.728,-37.57469,144.72,218.0,Australia/Sydney,weather_forecast_2026-08-26.json,2026-08-31T14:00:00+1000,2026-08-31T04:00:00+0000,2026-08-31,14,19.1,19.3,0,0,3.9,23.4,clear_sky
sunbury,-37.5797,144.728,-37.57469,144.72,218.0,Australia/Sydney,weather_forecast_2026-08-26.json,2026-08-31T15:00:00+1000,2026-08-31T05:00:00+0000,2026-08-31,15,19.1,19.2,0,0,1.3,23.0,clear_sky
sunbury,-37.5797,144.728,-37.57469,144.72,218.0,Australia/Sydney,weather_forecast_2026-08-26.json,2026-08-31T16:00:00+1000,2026-08-31T06:00:00+0000,2026-08-31,16,18.4,17.9,0,0,4.1,21.6,clear_sky
sunbury,-37.5797,144.728,-37.57469,144.72,218.0,Australia/Sydney,weather_forecast_2026-08-26.json,2026-08-31T17:00:00+1000,2026-08-31T07:00:00+0000,2026-08-31,17,16.6,16.2,0,0,3.2,18.4,clear_sky
sunbury,-37.5797,144.728,-37.57469,144.72,218.0,Australia/Sydney,weather_forecast_2026-08-26.json,2026-08-31T18:00:00+1000,2026-08-31T08:00:00+0000,2026-08-31,18,14.0,13.6,0,0,3.6,14.0,clear_sky
sunbury,-37.5797,144.728,-37.57469,144.72,218.0,Australia/Sydney,weather_forecast_2026-08-26.json,2026-08-31T19:00:00+1000,2026-08-31T09:00:00+0000,2026-08-31,19,12.0,11.1,0,0,7.1,13.3,clear_sky
sunbury,-37.5797,144.728,-37.57469,144.72,218.0,Australia/Sydney,weather_forecast_2026-08-26.json,2026-08-31T20:00:00+1000,2026-08-31T10:00:00+0000,2026-08-31,20,11.4,9.7,0,0,11.0,18.7,clear_sky
sunbury,-37.5797,144.728,-37.57469,144.72,218.0,Australia/Sydney,weather_forecast_2026-08-26.json,2026-08-31T21:00:00+1000,2026-08-31T11:00:00+0000,2026-08-31,21,11.4,9.0,0,0,15.1,27.0,clear_sky
sunbury,-37.5797,144.728,-37.57469,144.72,218.0,Australia/Sydney,weather_forecast_2026-08-26.json,2026-08-31T22:00:00+1000,2026-08-31T12:00:00+0000,2026-08-31,22,11.5,8.6,0,0,18.4,33.8,clear_sky
sunbury,-37.5797,144.728,-37.57469,144.72,218.0,Australia/Sydney,weather_forecast_2026-08-26.json,2026-08-31T23:00:00+1000,2026-08-31T13:00:00+0000,2026-08-31,23,11.7,8.6,0,0,20.0,37.1,clear_sky
sunbury,-37.5797,144.728,-37.57469,144.72,218.0,Australia/Sydney,weather_forecast_2026-08-26.json,2026-09-01T00:00:00+1000,2026-08-31T14:00:00+0000,2026-09-01,0,12.0,8.9,0,1,20.7,38.9,mainly_clear
sunbury,-37.5797,144.728,-37.57469,144.72,218.0,Australia/Sydney,weather_forecast_2026-08-26.json,2026-09-01T01:00:00+1000,2026-08-31T15:00:00+0000,2026-09-01,1,12.1,9.1,0,2,20.7,40.0,partly_cloudy
sunbury,-37.5797,144.728,-37.57469,144.72,218.0,Australia/Sydney,weather_forecast_2026-08-26.json,2026-09-01T02:00:00+1000,2026-08-31T16:00:00+0000,2026-09-01,2,11.9,9.0,1,2,19.7,41.4,partly_cloudy
sunbury,-37.5797,144.728,-37.57469,144.72,218.0,Australia/Sydney,weather_forecast_2026-08-26.json,2026-09-01T03:00:00+1000,2026-08-31T17:00:00+0000,2026-09-01,3,11.5,8.7,2,3,18.1,42.1,overcast
sunbury,-37.5797,144.728,-37.57469,144.72,218.0,Australia/Sydney,weather_forecast_2026-08-26.json,2026-09-01T04:00:00+1000,2026-08-31T18:00:00+0000,2026-09-01,4,11.1,8.4,2,3,17.5,42.1,overcast
sunbury,-37.5797,144.728,-37.57469,144.72,218.0,Australia/Sydney,weather_forecast_2026-08-26.json,2026-09-01T05:00:00+1000,2026-08-31T19:00:00+0000,2026-09-01,5,10.9,8.1,1,3,17.7,40.0,overcast
sunbury,-37.5797,144.728,-37.57469,144.72,218.0,Australia/Sydney,weather_forecast_2026-08-26.json,2026-09-01T06:00:00+1000,2026-08-31T20:00:00+0000,2026-09-01,6,10.8,7.8,1,3,18.5,37.1,overcast
sunbury,-37.5797,144.728,-37.57469,144.72,218.0,Australia/Sydney,weather_forecast_2026-08-26.json,2026-09-01T07:00:00+1000,2026-08-31T21:00:00+0000,2026-09-01,7,10.9,7.6,0,3,20.4,37.4,overcast
sunbury,-37.5797,144.728,-37.57469,144.72,218.0,Australia/Sydney,weather_forecast_2026-08-26.json,2026-09-01T08:00:00+1000,2026-08-31T22:00:00+0000,2026-09-01,8,12.0,7.7,0,2,27.3,56.2,partly_cloudy
sunbury,-37.5797,144.728,-37.57469,144.72,218.0,Australia/Sydney,weather_forecast_2026-08-26.json,2026-09-01T09:00:00+1000,2026-08-31T23:00:00+0000,2026-09-01,9,12.3,7.7,0,2,29.6,59.8,partly_cloudy
sunbury,-37.5797,144.728,-37.57469,144.72,218.0,Australia/Sydney,weather_forecast_2026-08-26.json,2026-09-01T10:00:00+1000,2026-09-01T00:00:00+0000,2026-09-01,10,12.8,8.0,2,2,30.8,62.3,partly_cloudy
sunbury,-37.5797,144.728,-37.57469,144.72,218.0,Australia/Sydney,weather_forecast_2026-08-26.json,2026-09-01T11:00:00+1000,2026-09-01T01:00:00+0000,2026-09-01,11,13.5,8.7,6,2,31.1,64.4,partly_cloudy
sunbury,-37.5797,144.728,-37.57469,144.72,218.0,Australia/Sydney,weather_forecast_2026-08-26.json,2026-09-01T12:00:00+1000,2026-09-01T02:00:00+0000,2026-09-01,12,14.5,9.9,12,2,31.2,66.2,partly_cloudy
sunbury,-37.5797,144.728,-37.57469,144.72,218.0,Australia/Sydney,weather_forecast_2026-08-26.json,2026-09-01T13:00:00+1000,2026-09-01T03:00:00+0000,2026-09-01,13,15.6,11.1,18,2,30.7,67.3,partly_cloudy
sunbury,-37.5797,144.728,-37.57469,144.72,218.0,Australia/Sydney,weather_forecast_2026-08-26.json,2026-09-01T14:00:00+1000,2026-09-01T04:00:00+0000,2026-09-01,14,16.6,12.1,24,3,29.4,68.4,overcast
sunbury,-37.5797,144.728,-37.57469,144.72,218.0,Australia/Sydney,weather_forecast_2026-08-26.json,2026-09-01T15:00:00+1000,2026-09-01T05:00:00+0000,2026-09-01,15,17.3,13.1,31,3,27.4,68.4,overcast
sunbury,-37.5797,144.728,-37.57469,144.72,218.0,Australia/Sydney,weather_forecast_2026-08-26.json,2026-09-01T16:00:00+1000,2026-09-01T06:00:00+0000,2026-09-01,16,17.4,13.7,37,3,24.6,68.0,overcast
sunbury,-37.5797,144.728,-37.57469,144.72,218.0,Australia/Sydney,weather_forecast_2026-08-26.json,2026-09-01T17:00:00+1000,2026-09-01T07:00:00+0000,2026-09-01,17,17.0,14.0,43,53,20.1,66.6,moderate_drizzle
sunbury,-37.5797,144.728,-37.57469,144.72,218.0,Australia/Sydney,weather_forecast_2026-08-26.json,2026-09-01T18:00:00+1000,2026-09-01T08:00:00+0000,2026-09-01,18,16.1,14.0,49,53,14.6,64.1,moderate_drizzle
sunbury,-37.5797,144.728,-37.57469,144.72,218.0,Australia/Sydney,weather_forecast_2026-08-26.json,2026-09-01T19:00:00+1000,2026-09-01T09:00:00+0000,2026-09-01,19,14.8,13.3,54,53,11.4,60.8,moderate_drizzle
sunbury,-37.5797,144.728,-37.57469,144.72,218.0,Australia/Sydney,weather_forecast_2026-08-26.json,2026-09-01T20:00:00+1000,2026-09-01T10:00:00+0000,2026-09-01,20,13.5,11.7,59,53,13.5,57.6,moderate_drizzle
sunbury,-37.5797,144.728,-37.57469,144.72,218.0,Australia/Sydney,weather_forecast_2026-08-26.json,2026-09-01T21:00:00+1000,2026-09-01T11:00:00+0000,2026-09-01,21,12.2,9.9,62,53,17.8,54.4,moderate_drizzle
sunbury,-37.5797,144.728,-37.57469,144.72,218.0,Australia/Sydney,weather_forecast_2026-08-26.json,2026-09-01T22:00:00+1000,2026-09-01T12:00:00+0000,2026-09-01,22,11.2,8.3,63,53,20.9,51.8,moderate_drizzle
sunbury,-37.5797,144.728,-37.57469,144.72,218.0,Australia/Sydney,weather_forecast_2026-08-26.json,2026-09-01T23:00:00+1000,2026-09-01T13:00:00+0000,2026-09-01,23,10.3,7.1,60,3,21.4,49.7,overcast
werribee,-37.9,144.661,-37.85589,144.65147,24.0,Australia/Sydney,weather_forecast_2026-08-26.json,2026-08-26T00:00:00+1000,2026-08-25T14:00:00+0000,2026-08-26,0,11.2,9.4,42,51,13.3,24.1,light_drizzle
werribee,-37.9,144.661,-37.85589,144.65147,24.0,Australia/Sydney,weather_forecast_2026-08-26.json,2026-08-26T01:00:00+1000,2026-08-25T15:00:00+0000,2026-08-26,1,10.7,8.9,51,3,12.4,25.2,overcast
werribee,-37.9,144.661,-37.85589,144.65147,24.0,Australia/Sydney,weather_forecast_2026-08-26.json,2026-08-26T02:00:00+1000,2026-08-25T16:00:00+0000,2026-08-26,2,9.9,8.1,38,1,11.4,23.0,mainly_clear
werribee,-37.9,144.661,-37.85589,144.65147,24.0,Australia/Sydney,weather_forecast_2026-08-26.json,2026-08-26T03:00:00+1000,2026-08-25T17:00:00+0000,2026-08-26,3,8.9,7.0,16,0,10.2,21.2,clear_sky
werribee,-37.9,144.661,-37.85589,144.65147,24.0,Australia/Sydney,weather_forecast_2026-08-26.json,2026-08-26T04:00:00+1000,2026-08-25T18:00:00+0000,2026-08-26,4,7.9,5.7,0,0,10.2,18.4,clear_sky
werribee,-37.9,144.661,-37.85589,144.65147,24.0,Australia/Sydney,weather_forecast_2026-08-26.json,2026-08-26T05:00:00+1000,2026-08-25T19:00:00+0000,2026-08-26,5,7.5,5.4,0,0,9.0,17.3,clear_sky
werribee,-37.9,144.661,-37.85589,144.65147,24.0,Australia/Sydney,weather_forecast_2026-08-26.json,2026-08-26T06:00:00+1000,2026-08-25T20:00:00+0000,2026-08-26,6,7.3,5.0,0,0,10.2,17.6,clear_sky
werribee,-37.9,144.661,-37.85589,144.65147,24.0,Australia/Sydney,weather_forecast_2026-08-26.json,2026-08-26T07:00:00+1000,2026-08-25T21:00:00+0000,2026-08-26,7,7.1,4.6,0,0,11.1,19.1,clear_sky
werribee,-37.9,144.661,-37.85589,144.65147,24.0,Australia/Sydney,weather_forecast_2026-08-26.json,2026-08-26T08:00:00+1000,2026-08-25T22:00:00+0000,2026-08-26,8,8.4,5.9,0,0,12.5,22.7,clear_sky
werribee,-37.9,144.661,-37.85589,144.65147,24.0,Australia/Sydney,weather_forecast_2026-08-26.json,2026-08-26T09:00:00+1000,2026-08-25T23:00:00+0000,2026-08-26,9,10.6,8.8,0,0,10.3,22.0,clear_sky
werribee,-37.9,144.661,-37.85589,144.65147,24.0,Australia/Sydney,weather_forecast_2026-08-26.json,2026-08-26T10:00:00+1000,2026-08-26T00:00:00+0000,2026-08-26,10,12.9,10.6,0,0,13.4,28.8,clear_sky
werribee,-37.9,144.661,-37.85589,144.65147,24.0,Australia/Sydney,weather_forecast_2026-08-26.json,2026-08-26T11:00:00+1000,2026-08-26T01:00:00+0000,2026-08-26,11,14.0,11.1,1,1,15.3,33.8,mainly_clear
werribee,-37.9,144.661,-37.85589,144.65147,24.0,Australia/Sydney,weather_forecast_2026-08-26.json,2026-08-26T12:00:00+1000,2026-08-26T02:00:00+0000,2026-08-26,12,14.1,11.2,3,51,14.4,33.8,light_drizzle
werribee,-37.9,144.661,-37.85589,144.65147,24.0,Australia/Sydney,weather_forecast_2026-08-26.json,2026-08-26T13:00:00+1000,2026-08-26T03:00:00+0000,2026-08-26,13,14.4,11.7,4,51,13.4,32.4,light_drizzle
werribee,-37.9,144.661,-37.85589,144.65147,24.0,Australia/Sydney,weather_forecast_2026-08-26.json,2026-08-26T14:00:00+1000,2026-08-26T04:00:00+0000,2026-08-26,14,14.5,11.8,3,51,12.9,30.2,light_drizzle
werribee,-37.9,144.661,-37.85589,144.65147,24.0,Australia/Sydney,weather_forecast_2026-08-26.json,2026-08-26T15:00:00+1000,2026-08-26T05:00:00+0000,2026-08-26,15,14.2,11.7,1,2,12.9,30.2,partly_cloudy
werribee,-37.9,144.661,-37.85589,144.65147,24.0,Australia/Sydney,weather_forecast_2026-08-26.json,2026-08-26T16:00:00+1000,2026-08-26T06:00:00+0000,2026-08-26,16,13.3,10.7,0,1,12.7,29.2,mainly_clear
werribee,-37.9,144.661,-37.85589,144.65147,24.0,Australia/Sydney,weather_forecast_2026-08-26.json,2026-08-26T17:00:00+1000,2026-08-26T07:00:00+0000,2026-08-26,17,12.6,10.4,0,2,10.6,27.4,partly_cloudy
werribee,-37.9,144.661,-37.85589,144.65147,24.0,Australia/Sydney,weather_forecast_2026-08-26.json,2026-08-26T18:00:00+1000,2026-08-26T08:00:00+0000,2026-08-26,18,11.3,9.5,0,2,7.6,20.5,partly_cloudy
werribee,-37.9,144.661,-37.85589,144.65147,24.0,Australia/Sydney,weather_forecast_2026-08-26.json,2026-08-26T19:00:00+1000,2026-08-26T09:00:00+0000,2026-08-26,19,10.7,8.6,0,3,8.7,15.5,overcast
werribee,-37.9,144.661,-37.85589,144.65147,24.0,Australia/Sydney,weather_forecast_2026-08-26.json,2026-08-26T20:00:00+1000,2026-08-26T10:00:00+0000,2026-08-26,20,10.4,8.2,0,3,9.4,16.6,overcast
werribee,-37.9,144.661,-37.85589,144.65147,24.0,Australia/Sydney,weather_forecast_2026-08-26.json,2026-08-26T21:00:00+1000,2026-08-26T11:00:00+0000,2026-08-26,21,10.2,8.4,0,1,6.8,16.9,mainly_clear
werribee,-37.9,144.661,-37.85589,144.65147,24.0,Australia/Sydney,weather_forecast_2026-08-26.json,2026-08-26T22:00:00+1000,2026-08-26T12:00:00+0000,2026-08-26,22,9.1,7.3,0,1,6.6,11.5,mainly_clear
werribee,-37.9,144.661,-37.85589,144.65147,24.0,Australia/Sydney,weather_forecast_2026-08-26.json,2026-08-26T23:00:00+1000,2026-08-26T13:00:00+0000,2026-08-26,23,8.5,6.3,0,2,8.8,15.8,partly_cloudy
werribee,-37.9,144.661,-37.85589,144.65147,24.0,Australia/Sydney,weather_forecast_2026-08-26.json,2026-08-27T00:00:00+1000,2026-08-26T14:00:00+0000,2026-08-27,0,7.4,5.1,0,1,8.7,16.2,mainly_clear
werribee,-37.9,144.661,-37.85589,144.65147,24.0,Australia/Sydney,weather_forecast_2026-08-26.json,2026-08-27T01:00:00+1000,2026-08-26T15:00:00+0000,2026-08-27,1,6.8,4.4,0,0,8.4,15.1,clear_sky
werribee,-37.9,144.661,-37.85589,144.65147,24.0,Australia/Sydney,weather_forecast_2026-08-26.json,2026-08-27T02:00:00+1000,2026-08-26T16:00:00+0000,2026-08-27,2,6.1,3.6,0,0,8.2,14.8,clear_sky
werribee,-37.9,144.661,-37.85589,144.65147,24.0,Australia/Sydney,weather_forecast_2026-08-26.json,2026-08-27T03:00:00+1000,2026-08-26T17:00:00+0000,2026-08-27,3,5.6,3.2,0,0,7.3,14.0,clear_sky
werribee,-37.9,144.661,-37.85589,144.65147,24.0,Australia/Sydney,weather_forecast_2026-08-26.json,2026-08-27T04:00:00+1000,2026-08-26T18:00:00+0000,2026-08-27,4,5.3,2.8,0,1,7.4,12.6,mainly_clear
werribee,-37.9,144.661,-37.85589,144.65147,24.0,Australia/Sydney,weather_forecast_2026-08-26.json,2026-08-27T05:00:00+1000,2026-08-26T19:00:00+0000,2026-08-27,5,4.9,2.6,0,0,5.6,12.6,clear_sky
werribee,-37.9,144.661,-37.85589,144.65147,24.0,Australia/Sydney,weather_forecast_2026-08-26.json,2026-08-27T06:00:00+1000,2026-08-26T20:00:00+0000,2026-08-27,6,4.5,2.1,0,0,5.6,10.1,clear_sky
werribee,-37.9,144.661,-37.85589,144.65147,24.0,Australia/Sydney,weather_forecast_2026-08-26.json,2026-08-27T07:00:00+1000,2026-08-26T21:00:00+0000,2026-08-27,7,4.0,1.5,0,1,6.6,11.5,mainly_clear
werribee,-37.9,144.661,-37.85589,144.65147,24.0,Australia/Sydney,weather_forecast_2026-08-26.json,2026-08-27T08:00:00+1000,2026-08-26T22:00:00+0000,2026-08-27,8,6.0,3.6,0,0,7.2,14.0,clear_sky
werribee,-37.9,144.661,-37.85589,144.65147,24.0,Australia/Sydney,weather_forecast_2026-08-26.json,2026-08-27T09:00:00+1000,2026-08-26T23:00:00+0000,2026-08-27,9,9.9,8.3,0,0,4.2,14.0,clear_sky
werribee,-37.9,144.661,-37.85589,144.65147,24.0,Australia/Sydney,weather_forecast_2026-08-26.json,2026-08-27T10:00:00+1000,2026-08-27T00:00:00+0000,2026-08-27,10,12.4,10.9,0,2,3.4,13.0,partly_cloudy
werribee,-37.9,144.661,-37.85589,144.65147,24.0,Australia/Sydney,weather_forecast_2026-08-26.json,2026-08-27T11:00:00+1000,2026-08-27T01:00:00+0000,2026-08-27,11,13.7,12.4,0,3,2.9,12.6,overcast
werribee,-37.9,144.661,-37.85589,144.65147,24.0,Australia/Sydney,weather_forecast_2026-08-26.json,2026-08-27T12:00:00+1000,2026-08-27T02:00:00+0000,2026-08-27,12,14.5,13.4,0,2,4.4,15.5,partly_cloudy
werribee,-37.9,144.661,-37.85589,144.65147,24.0,Australia/Sydney,weather_forecast_2026-08-26.json,2026-08-27T13:00:00+1000,2026-08-27T03:00:00+0000,2026-08-27,13,15.2,14.3,0,1,4.6,16.2,mainly_clear
werribee,-37.9,144.661,-37.85589,144.65147,24.0,Australia/Sydney,weather_forecast_2026-08-26.json,2026-08-27T14:00:00+1000,2026-08-27T04:00:00+0000,2026-08-27,14,15.8,15.1,0,0,2.6,15.8,clear_sky
werribee,-37.9,144.661,-37.85589,144.65147,24.0,Australia/Sydney,weather_forecast_2026-08-26.json,2026-08-27T15:00:00+1000,2026-08-27T05:00:00+0000,2026-08-27,15,15.9,14.5,0,1,2.9,12.6,mainly_clear
werribee,-37.9,144.661,-37.85589,144.65147,24.0,Australia/Sydney,weather_forecast_2026-08-26.json,2026-08-27T16:00:00+1000,2026-08-27T06:00:00+0000,2026-08-27,16,14.4,12.7,0,1,8.0,20.2,mainly_clear
werribee,-37.9,144.661,-37.85589,144.65147,24.0,Australia/Sydney,weather_forecast_2026-08-26.json,2026-08-27T17:00:00+1000,2026-08-27T07:00:00+0000,2026-08-27,17,13.1,11.6,0,1,8.0,20.2,mainly_clear
werribee,-37.9,144.661,-37.85589,144.65147,24.0,Australia/Sydney,weather_forecast_2026-08-26.json,2026-08-27T18:00:00+1000,2026-08-27T08:00:00+0000,2026-08-27,18,11.4,10.1,0,1,6.5,16.6,mainly_clear
werribee,-37.9,144.661,-37.85589,144.65147,24.0,Australia/Sydney,weather_forecast_2026-08-26.json,2026-08-27T19:00:00+1000,2026-08-27T09:00:00+0000,2026-08-27,19,10.6,9.2,0,1,5.7,11.5,mainly_clear
werribee,-37.9,144.661,-37.85589,144.65147,24.0,Australia/Sydney,weather_forecast_2026-08-26.json,2026-08-27T20:00:00+1000,2026-08-27T10:00:00+0000,2026-08-27,20,9.6,8.4,0,2,3.3,9.4,partly_cloudy
werribee,-37.9,144.661,-37.85589,144.65147,24.0,Australia/Sydney,weather_forecast_2026-08-26.json,2026-08-27T21:00:00+1000,2026-08-27T11:00:00+0000,2026-08-27,21,9.3,7.9,0,3,5.1,9.7,overcast
werribee,-37.9,144.661,-37.85589,144.65147,24.0,Australia/Sydney,weather_forecast_2026-08-26.json,2026-08-27T22:00:00+1000,2026-08-27T12:00:00+0000,2026-08-27,22,9.4,7.7,0,3,7.2,12.2,overcast
werribee,-37.9,144.661,-37.85589,144.65147,24.0,Australia/Sydney,weather_forecast_2026-08-26.json,2026-08-27T23:00:00+1000,2026-08-27T13:00:00+0000,2026-08-27,23,9.5,7.3,0,3,9.5,16.9,overcast
werribee,-37.9,144.661,-37.85589,144.65147,24.0,Australia/Sydney,weather_forecast_2026-08-26.json,2026-08-28T00:00:00+1000,2026-08-27T14:00:00+0000,2026-08-28,0,8.7,6.3,0,2,9.5,17.3,partly_cloudy
werribee,-37.9,144.661,-37.85589,144.65147,24.0,Australia/Sydney,weather_forecast_2026-08-26.json,2026-08-28T01:00:00+1000,2026-08-27T15:00:00+0000,2026-08-28,1,7.9,5.4,0,1,9.3,17.3,mainly_clear
werribee,-37.9,144.661,-37.85589,144.65147,24.0,Australia/Sydney,weather_forecast_2026-08-26.json,2026-08-28T02:00:00+1000,2026-08-27T16:00:00+0000,2026-08-28,2,6.7,3.9,0,2,10.8,18.7,partly_cloudy
werribee,-37.9,144.661,-37.85589,144.65147,24.0,Australia/Sydney,weather_forecast_2026-08-26.json,2026-08-28T03:00:00+1000,2026-08-27T17:00:00+0000,2026-08-28,3,6.8,3.9,0,3,11.4,20.2,overcast
werribee,-37.9,144.661,-37.85589,144.65147,24.0,Australia/Sydney,weather_forecast_2026-08-26.json,2026-08-28T04:00:00+1000,2026-08-27T18:00:00+0000,2026-08-28,4,7.0,4.0,0,2,12.1,21.2,partly_cloudy
werribee,-37.9,144.661,-37.85589,144.65147,24.0,Australia/Sydney,weather_forecast_2026-08-26.json,2026-08-28T05:00:00+1000,2026-08-27T19:00:00+0000,2026-08-28,5,7.0,4.0,0,0,12.0,22.0,clear_sky
werribee,-37.9,144.661,-37.85589,144.65147,24.0,Australia/Sydney,weather_forecast_2026-08-26.json,2026-08-28T06:00:00+1000,2026-08-27T20:00:00+0000,2026-08-28,6,6.7,3.7,0,0,11.7,21.2,clear_sky
werribee,-37.9,144.661,-37.85589,144.65147,24.0,Australia/Sydney,weather_forecast_2026-08-26.json,2026-08-28T07:00:00+1000,2026-08-27T21:00:00+0000,2026-08-28,7,6.6,3.8,0,0,10.7,20.5,clear_sky
werribee,-37.9,144.661,-37.85589,144.65147,24.0,Australia/Sydney,weather_forecast_2026-08-26.json,2026-08-28T08:00:00+1000,2026-08-27T22:00:00+0000,2026-08-28,8,8.8,6.2,0,0,9.8,18.7,clear_sky
werribee,-37.9,144.661,-37.85589,144.65147,24.0,Australia/Sydney,weather_forecast_2026-08-26.json,2026-08-28T09:00:00+1000,2026-08-27T23:00:00+0000,2026-08-28,9,12.1,10.3,0,0,6.5,17.3,clear_sky
werribee,-37.9,144.661,-37.85589,144.65147,24.0,Australia/Sydney,weather_forecast_2026-08-26.json,2026-08-28T10:00:00+1000,2026-08-28T00:00:00+0000,2026-08-28,10,14.7,13.2,2,3,5.7,15.1,overcast
werribee,-37.9,144.661,-37.85589,144.65147,24.0,Australia/Sydney,weather_forecast_2026-08-26.json,2026-08-28T11:00:00+1000,2026-08-28T01:00:00+0000,2026-08-28,11,15.4,13.8,7,3,7.6,16.9,overcast
werribee,-37.9,144.661,-37.85589,144.65147,24.0,Australia/Sydney,weather_forecast_2026-08-26.json,2026-08-28T12:00:00+1000,2026-08-28T02:00:00+0000,2026-08-28,12,16.5,14.6,15,3,10.4,23.4,overcast
werribee,-37.9,144.661,-37.85589,144.65147,24.0,Australia/Sydney,weather_forecast_2026-08-26.json,2026-08-28T13:00:00+1000,2026-08-28T03:00:00+0000,2026-08-28,13,16.7,14.2,24,3,14.9,31.7,overcast
werribee,-37.9,144.661,-37.85589,144.65147,24.0,Australia/Sydney,weather_forecast_2026-08-26.json,2026-08-28T14:00:00+1000,2026-08-28T04:00:00+0000,2026-08-28,14,14.8,13.1,39,53,13.3,31.7,moderate_drizzle
werribee,-37.9,144.661,-37.85589,144.65147,24.0,Australia/Sydney,weather_forecast_2026-08-26.json,2026-08-28T15:00:00+1000,2026-08-28T05:00:00+0000,2026-08-28,15,14.1,13.0,56,51,11.5,27.4,light_drizzle
werribee,-37.9,144.661,-37.85589,144.65147,24.0,Australia/Sydney,weather_forecast_2026-08-26.json,2026-08-28T16:00:00+1000,2026-08-28T06:00:00+0000,2026-08-28,16,14.3,13.6,65,51,8.2,23.0,light_drizzle
werribee,-37.9,144.661,-37.85589,144.65147,24.0,Australia/Sydney,weather_forecast_2026-08-26.json,2026-08-28T17:00:00+1000,2026-08-28T07:00:00+0000,2026-08-28,17,14.0,13.5,58,51,7.2,17.3,light_drizzle
werribee,-37.9,144.661,-37.85589,144.65147,24.0,Australia/Sydney,weather_forecast_2026-08-26.json,2026-08-28T18:00:00+1000,2026-08-28T08:00:00+0000,2026-08-28,18,12.5,11.8,42,53,9.1,22.0,moderate_drizzle
werribee,-37.9,144.661,-37.85589,144.65147,24.0,Australia/Sydney,weather_forecast_2026-08-26.json,2026-08-28T19:00:00+1000,2026-08-28T09:00:00+0000,2026-08-28,19,11.6,11.5,27,0,2.5,15.5,clear_sky
werribee,-37.9,144.661,-37.85589,144.65147,24.0,Australia/Sydney,weather_forecast_2026-08-26.json,2026-08-28T20:00:00+1000,2026-08-28T10:00:00+0000,2026-08-28,20,10.5,10.1,17,1,3.4,4.3,mainly_clear
werribee,-37.9,144.661,-37.85589,144.65147,24.0,Australia/Sydney,weather_forecast_2026-08-26.json,2026-08-28T21:00:00+1000,2026-08-28T11:00:00+0000,2026-08-28,21,10.2,9.6,8,2,4.2,6.8,partly_cloudy
werribee,-37.9,144.661,-37.85589,144.65147,24.0,Australia/Sydney,weather_forecast_2026-08-26.json,2026-08-28T22:00:00+1000,2026-08-28T12:00:00+0000,2026-08-28,22,9.3,8.3,2,2,4.7,8.3,partly_cloudy
werribee,-37.9,144.661,-37.85589,144.65147,24.0,Australia/Sydney,weather_forecast_2026-08-26.json,2026-08-28T23:00:00+1000,2026-08-28T13:00:00+0000,2026-08-28,23,8.5,7.1,0,3,6.6,11.5,overcast
werribee,-37.9,144.661,-37.85589,144.65147,24.0,Australia/Sydney,weather_forecast_2026-08-26.json,2026-08-29T00:00:00+1000,2026-08-28T14:00:00+0000,2026-08-29,0,8.6,7.4,0,3,5.4,11.9,overcast
werribee,-37.9,144.661,-37.85589,144.65147,24.0,Australia/Sydney,weather_forecast_2026-08-26.json,2026-08-29T01:00:00+1000,2026-08-28T15:00:00+0000,2026-08-29,1,8.4,7.1,0,3,5.8,10.8,overcast
werribee,-37.9,144.661,-37.85589,144.65147,24.0,Australia/Sydney,weather_forecast_2026-08-26.json,2026-08-29T02:00:00+1000,2026-08-28T16:00:00+0000,2026-08-29,2,8.7,7.3,0,3,7.0,12.2,overcast
werribee,-37.9,144.661,-37.85589,144.65147,24.0,Australia/Sydney,weather_forecast_2026-08-26.json,2026-08-29T03:00:00+1000,2026-08-28T17:00:00+0000,2026-08-29,3,8.9,7.5,0,3,7.7,13.0,overcast
werribee,-37.9,144.661,-37.85589,144.65147,24.0,Australia/Sydney,weather_forecast_2026-08-26.json,2026-08-29T04:00:00+1000,2026-08-28T18:00:00+0000,2026-08-29,4,8.7,7.2,0,3,7.7,13.0,overcast
werribee,-37.9,144.661,-37.85589,144.65147,24.0,Australia/Sydney,weather_forecast_2026-08-26.json,2026-08-29T05:00:00+1000,2026-08-28T19:00:00+0000,2026-08-29,5,7.6,5.8,0,3,7.7,12.2,overcast
werribee,-37.9,144.661,-37.85589,144.65147,24.0,Australia/Sydney,weather_forecast_2026-08-26.json,2026-08-29T06:00:00+1000,2026-08-28T20:00:00+0000,2026-08-29,6,6.6,4.6,0,3,7.3,12.6,overcast
werribee,-37.9,144.661,-37.85589,144.65147,24.0,Australia/Sydney,weather_forecast_2026-08-26.json,2026-08-29T07:00:00+1000,2026-08-28T21:00:00+0000,2026-08-29,7,5.8,3.4,0,3,8.8,13.7,overcast
werribee,-37.9,144.661,-37.85589,144.65147,24.0,Australia/Sydney,weather_forecast_2026-08-26.json,2026-08-29T08:00:00+1000,2026-08-28T22:00:00+0000,2026-08-29,8,6.6,4.4,0,3,9.0,15.8,overcast
werribee,-37.9,144.661,-37.85589,144.65147,24.0,Australia/Sydney,weather_forecast_2026-08-26.json,2026-08-29T09:00:00+1000,2026-08-28T23:00:00+0000,2026-08-29,9,8.9,7.4,0,3,7.3,18.4,overcast
werribee,-37.9,144.661,-37.85589,144.65147,24.0,Australia/Sydney,weather_forecast_2026-08-26.json,2026-08-29T10:00:00+1000,2026-08-29T00:00:00+0000,2026-08-29,10,11.1,9.7,0,2,7.6,19.4,partly_cloudy
werribee,-37.9,144.661,-37.85589,144.65147,24.0,Australia/Sydney,weather_forecast_2026-08-26.json,2026-08-29T11:00:00+1000,2026-08-29T01:00:00+0000,2026-08-29,11,12.7,10.7,1,2,9.2,23.0,partly_cloudy
werribee,-37.9,144.661,-37.85589,144.65147,24.0,Australia/Sydney,weather_forecast_2026-08-26.json,2026-08-29T12:00:00+1000,2026-08-29T02:00:00+0000,2026-08-29,12,13.3,11.0,1,3,9.5,24.5,overcast
werribee,-37.9,144.661,-37.85589,144.65147,24.0,Australia/Sydney,weather_forecast_2026-08-26.json,2026-08-29T13:00:00+1000,2026-08-29T03:00:00+0000,2026-08-29,13,13.6,11.3,2,3,9.4,24.1,overcast
werribee,-37.9,144.661,-37.85589,144.65147,24.0,Australia/Sydney,weather_forecast_2026-08-26.json,2026-08-29T14:00:00+1000,2026-08-29T04:00:00+0000,2026-08-29,14,13.9,11.3,2,3,11.6,27.7,overcast
werribee,-37.9,144.661,-37.85589,144.65147,24.0,Australia/Sydney,weather_forecast_2026-08-26.json,2026-08-29T15:00:00+1000,2026-08-29T05:00:00+0000,2026-08-29,15,13.3,10.7,2,3,12.4,28.8,overcast
werribee,-37.9,144.661,-37.85589,144.65147,24.0,Australia/Sydney,weather_forecast_2026-08-26.json,2026-08-29T16:00:00+1000,2026-08-29T06:00:00+0000,2026-08-29,16,12.8,10.6,2,3,10.0,27.7,overcast
werribee,-37.9,144.661,-37.85589,144.65147,24.0,Australia/Sydney,weather_forecast_2026-08-26.json,2026-08-29T17:00:00+1000,2026-08-29T07:00:00+0000,2026-08-29,17,12.3,10.7,1,2,7.1,22.0,partly_cloudy
werribee,-37.9,144.661,-37.85589,144.65147,24.0,Australia/Sydney,weather_forecast_2026-08-26.json,2026-08-29T18:00:00+1000,2026-08-29T08:00:00+0000,2026-08-29,18,11.4,10.8,1,0,0.9,14.0,clear_sky
werribee,-37.9,144.661,-37.85589,144.65147,24.0,Australia/Sydney,weather_forecast_2026-08-26.json,2026-08-29T19:00:00+1000,2026-08-29T09:00:00+0000,2026-08-29,19,9.7,8.7,0,2,3.0,4.0,partly_cloudy
werribee,-37.9,144.661,-37.85589,144.65147,24.0,Australia/Sydney,weather_forecast_2026-08-26.json,2026-08-29T20:00:00+1000,2026-08-29T10:00:00+0000,2026-08-29,20,10.4,9.6,0,3,2.7,5.8,overcast
werribee,-37.9,144.661,-37.85589,144.65147,24.0,Australia/Sydney,weather_forecast_2026-08-26.json,2026-08-29T21:00:00+1000,2026-08-29T11:00:00+0000,2026-08-29,21,10.3,9.0,0,2,5.7,9.0,partly_cloudy
werribee,-37.9,144.661,-37.85589,144.65147,24.0,Australia/Sydney,weather_forecast_2026-08-26.json,2026-08-29T22:00:00+1000,2026-08-29T12:00:00+0000,2026-08-29,22,9.4,7.4,0,3,9.2,16.2,overcast
werribee,-37.9,144.661,-37.85589,144.65147,24.0,Australia/Sydney,weather_forecast_2026-08-26.json,2026-08-29T23:00:00+1000,2026-08-29T13:00:00+0000,2026-08-29,23,9.3,7.2,0,3,8.9,18.0,overcast
werribee,-37.9,144.661,-37.85589,144.65147,24.0,Australia/Sydney,weather_forecast_2026-08-26.json,2026-08-30T00:00:00+1000,2026-08-29T14:00:00+0000,2026-08-30,0,9.0,7.0,0,2,8.5,16.6,partly_cloudy
werribee,-37.9,144.661,-37.85589,144.65147,24.0,Australia/Sydney,weather_forecast_2026-08-26.json,2026-08-30T01:00:00+1000,2026-08-29T15:00:00+0000,2026-08-30,1,8.2,6.1,0,1,8.3,15.5,mainly_clear
werribee,-37.9,144.661,-37.85589,144.65147,24.0,Australia/Sydney,weather_forecast_2026-08-26.json,2026-08-30T02:00:00+1000,2026-08-29T16:00:00+0000,2026-08-30,2,7.8,5.7,0,0,8.3,14.8,clear_sky
werribee,-37.9,144.661,-37.85589,144.65147,24.0,Australia/Sydney,weather_forecast_2026-08-26.json,2026-08-30T03:00:00+1000,2026-08-29T17:00:00+0000,2026-08-30,3,7.2,5.1,0,0,8.0,14.4,clear_sky
werribee,-37.9,144.661,-37.85589,144.65147,24.0,Australia/Sydney,weather_forecast_2026-08-26.json,2026-08-30T04:00:00+1000,2026-08-29T18:00:00+0000,2026-08-30,4,6.7,4.6,0,0,7.8,13.3,clear_sky
werribee,-37.9,144.661,-37.85589,144.65147,24.0,Australia/Sydney,weather_forecast_2026-08-26.json,2026-08-30T05:00:00+1000,2026-08-29T19:00:00+0000,2026-08-30,5,6.3,4.1,0,0,8.3,13.7,clear_sky
werribee,-37.9,144.661,-37.85589,144.65147,24.0,Australia/Sydney,weather_forecast_2026-08-26.json,2026-08-30T06:00:00+1000,2026-08-29T20:00:00+0000,2026-08-30,6,6.1,3.7,0,0,9.0,15.1,clear_sky
werribee,-37.9,144.661,-37.85589,144.65147,24.0,Australia/Sydney,weather_forecast_2026-08-26.json,2026-08-30T07:00:00+1000,2026-08-29T21:00:00+0000,2026-08-30,7,6.5,4.2,0,0,9.2,16.6,clear_sky
werribee,-37.9,144.661,-37.85589,144.65147,24.0,Australia/Sydney,weather_forecast_2026-08-26.json,2026-08-30T08:00:00+1000,2026-08-29T22:00:00+0000,2026-08-30,8,8.4,6.3,0,0,8.8,19.1,clear_sky
werribee,-37.9,144.661,-37.85589,144.65147,24.0,Australia/Sydney,weather_forecast_2026-08-26.json,2026-08-30T09:00:00+1000,2026-08-29T23:00:00+0000,2026-08-30,9,10.9,9.0,0,1,9.3,21.6,mainly_clear
werribee,-37.9,144.661,-37.85589,144.65147,24.0,Australia/Sydney,weather_forecast_2026-08-26.json,2026-08-30T10:00:00+1000,2026-08-30T00:00:00+0000,2026-08-30,10,13.0,11.1,0,2,10.1,23.8,partly_cloudy
werribee,-37.9,144.661,-37.85589,144.65147,24.0,Australia/Sydney,weather_forecast_2026-08-26.json,2026-08-30T11:00:00+1000,2026-08-30T01:00:00+0000,2026-08-30,11,13.9,12.2,0,2,9.7,24.5,partly_cloudy
werribee,-37.9,144.661,-37.85589,144.65147,24.0,Australia/Sydney,weather_forecast_2026-08-26.json,2026-08-30T12:00:00+1000,2026-08-30T02:00:00+0000,2026-08-30,12,14.4,12.8,0,3,8.5,24.1,overcast
werribee,-37.9,144.661,-37.85589,144.65147,24.0,Australia/Sydney,weather_forecast_2026-08-26.json,2026-08-30T13:00:00+1000,2026-08-30T03:00:00+0000,2026-08-30,13,14.6,13.1,0,3,7.5,23.8,overcast
werribee,-37.9,144.661,-37.85589,144.65147,24.0,Australia/Sydney,weather_forecast_2026-08-26.json,2026-08-30T14:00:00+1000,2026-08-30T04:00:00+0000,2026-08-30,14,14.8,13.3,0,3,7.6,23.0,overcast
werribee,-37.9,144.661,-37.85589,144.65147,24.0,Australia/Sydney,weather_forecast_2026-08-26.json,2026-08-30T15:00:00+1000,2026-08-30T05:00:00+0000,2026-08-30,15,14.7,13.2,0,3,7.8,22.0,overcast
werribee,-37.9,144.661,-37.85589,144.65147,24.0,Australia/Sydney,weather_forecast_2026-08-26.json,2026-08-30T16:00:00+1000,2026-08-30T06:00:00+0000,2026-08-30,16,14.4,13.0,0,3,7.5,20.9,overcast
werribee,-37.9,144.661,-37.85589,144.65147,24.0,Australia/Sydney,weather_forecast_2026-08-26.json,2026-08-30T17:00:00+1000,2026-08-30T07:00:00+0000,2026-08-30,17,13.6,12.5,0,3,5.9,20.2,overcast
werribee,-37.9,144.661,-37.85589,144.65147,24.0,Australia/Sydney,weather_forecast_2026-08-26.json,2026-08-30T18:00:00+1000,2026-08-30T08:00:00+0000,2026-08-30,18,12.6,11.6,0,2,5.1,19.8,partly_cloudy
werribee,-37.9,144.661,-37.85589,144.65147,24.0,Australia/Sydney,weather_forecast_2026-08-26.json,2026-08-30T19:00:00+1000,2026-08-30T09:00:00+0000,2026-08-30,19,11.6,10.8,0,1,4.8,18.4,mainly_clear
werribee,-37.9,144.661,-37.85589,144.65147,24.0,Australia/Sydney,weather_forecast_2026-08-26.json,2026-08-30T20:00:00+1000,2026-08-30T10:00:00+0000,2026-08-30,20,11.0,10.5,0,2,2.9,15.1,partly_cloudy
werribee,-37.9,144.661,-37.85589,144.65147,24.0,Australia/Sydney,weather_forecast_2026-08-26.json,2026-08-30T21:00:00+1000,2026-08-30T11:00:00+0000,2026-08-30,21,10.6,10.3,0,2,0.6,11.2,partly_cloudy
werribee,-37.9,144.661,-37.85589,144.65147,24.0,Australia/Sydney,weather_forecast_2026-08-26.json,2026-08-30T22:00:00+1000,2026-08-30T12:00:00+0000,2026-08-30,22,10.2,9.6,0,3,3.0,8.6,overcast
werribee,-37.9,144.661,-37.85589,144.65147,24.0,Australia/Sydney,weather_forecast_2026-08-26.json,2026-08-30T23:00:00+1000,2026-08-30T13:00:00+0000,2026-08-30,23,10.0,9.2,0,3,4.2,8.3,overcast
werribee,-37.9,144.661,-37.85589,144.65147,24.0,Australia/Sydney,weather_forecast_2026-08-26.json,2026-08-31T00:00:00+1000,2026-08-30T14:00:00+0000,2026-08-31,0,9.8,8.8,0,3,5.0,9.4,overcast
werribee,-37.9,144.661,-37.85589,144.65147,24.0,Australia/Sydney,weather_forecast_2026-08-26.json,2026-08-31T01:00:00+1000,2026-08-30T15:00:00+0000,2026-08-31,1,9.6,8.5,0,3,5.4,10.4,overcast
werribee,-37.9,144.661,-37.85589,144.65147,24.0,Australia/Sydney,weather_forecast_2026-08-26.json,2026-08-31T02:00:00+1000,2026-08-30T16:00:00+0000,2026-08-31,2,9.2,8.0,0,3,5.6,11.2,overcast
werribee,-37.9,144.661,-37.85589,144.65147,24.0,Australia/Sydney,weather_forecast_2026-08-26.json,2026-08-31T03:00:00+1000,2026-08-30T17:00:00+0000,2026-08-31,3,8.8,7.4,0,3,6.3,11.9,overcast
werribee,-37.9,144.661,-37.85589,144.65147,24.0,Australia/Sydney,weather_forecast_2026-08-26.json,2026-08-31T04:00:00+1000,2026-08-30T18:00:00+0000,2026-08-31,4,8.5,6.9,0,3,7.2,12.6,overcast
werribee,-37.9,144.661,-37.85589,144.65147,24.0,Australia/Sydney,weather_forecast_2026-08-26.json,2026-08-31T05:00:00+1000,2026-08-30T19:00:00+0000,2026-08-31,5,8.3,6.7,0,3,7.1,12.6,overcast
werribee,-37.9,144.661,-37.85589,144.65147,24.0,Australia/Sydney,weather_forecast_2026-08-26.json,2026-08-31T06:00:00+1000,2026-08-30T20:00:00+0000,2026-08-31,6,8.2,6.6,0,3,6.4,12.6,overcast
werribee,-37.9,144.661,-37.85589,144.65147,24.0,Australia/Sydney,weather_forecast_2026-08-26.json,2026-08-31T07:00:00+1000,2026-08-30T21:00:00+0000,2026-08-31,7,8.5,7.1,0,3,5.1,12.6,overcast
werribee,-37.9,144.661,-37.85589,144.65147,24.0,Australia/Sydney,weather_forecast_2026-08-26.json,2026-08-31T08:00:00+1000,2026-08-30T22:00:00+0000,2026-08-31,8,9.5,8.4,0,3,3.4,13.3,overcast
werribee,-37.9,144.661,-37.85589,144.65147,24.0,Australia/Sydney,weather_forecast_2026-08-26.json,2026-08-31T09:00:00+1000,2026-08-30T23:00:00+0000,2026-08-31,9,10.9,9.8,0,3,3.9,14.0,overcast
werribee,-37.9,144.661,-37.85589,144.65147,24.0,Australia/Sydney,weather_forecast_2026-08-26.json,2026-08-31T10:00:00+1000,2026-08-31T00:00:00+0000,2026-08-31,10,12.4,11.1,0,3,5.2,14.8,overcast
werribee,-37.9,144.661,-37.85589,144.65147,24.0,Australia/Sydney,weather_forecast_2026-08-26.json,2026-08-31T11:00:00+1000,2026-08-31T01:00:00+0000,2026-08-31,11,14.0,13.0,0,2,4.2,15.1,partly_cloudy
werribee,-37.9,144.661,-37.85589,144.65147,24.0,Australia/Sydney,weather_forecast_2026-08-26.json,2026-08-31T12:00:00+1000,2026-08-31T02:00:00+0000,2026-08-31,12,15.6,15.3,0,1,1.8,15.8,mainly_clear
werribee,-37.9,144.661,-37.85589,144.65147,24.0,Australia/Sydney,weather_forecast_2026-08-26.json,2026-08-31T13:00:00+1000,2026-08-31T03:00:00+0000,2026-08-31,13,16.6,16.8,0,0,2.2,16.9,clear_sky
werribee,-37.9,144.661,-37.85589,144.65147,24.0,Australia/Sydney,weather_forecast_2026-08-26.json,2026-08-31T14:00:00+1000,2026-08-31T04:00:00+0000,2026-08-31,14,16.6,16.6,0,0,4.2,19.8,clear_sky
werribee,-37.9,144.661,-37.85589,144.65147,24.0,Australia/Sydney,weather_forecast_2026-08-26.json,2026-08-31T15:00:00+1000,2026-08-31T05:00:00+0000,2026-08-31,15,15.8,15.1,0,0,6.2,23.4,clear_sky
werribee,-37.9,144.661,-37.85589,144.65147,24.0,Australia/Sydney,weather_forecast_2026-08-26.json,2026-08-31T16:00:00+1000,2026-08-31T06:00:00+0000,2026-08-31,16,14.8,14.0,0,0,6.6,25.2,clear_sky
werribee,-37.9,144.661,-37.85589,144.65147,24.0,Australia/Sydney,weather_forecast_2026-08-26.json,2026-08-31T17:00:00+1000,2026-08-31T07:00:00+0000,2026-08-31,17,13.5,13.0,0,0,3.9,23.4,clear_sky
werribee,-37.9,144.661,-37.85589,144.65147,24.0,Australia/Sydney,weather_forecast_2026-08-26.json,2026-08-31T18:00:00+1000,2026-08-31T08:00:00+0000,2026-08-31,18,11.9,11.5,0,0,2.1,19.8,clear_sky
werribee,-37.9,144.661,-37.85589,144.65147,24.0,Australia/Sydney,weather_forecast_2026-08-26.json,2026-08-31T19:00:00+1000,2026-08-31T09:00:00+0000,2026-08-31,19,10.6,9.7,0,0,5.3,17.3,clear_sky
werribee,-37.9,144.661,-37.85589,144.65147,24.0,Australia/Sydney,weather_forecast_2026-08-26.json,2026-08-31T20:00:00+1000,2026-08-31T10:00:00+0000,2026-08-31,20,9.9,8.6,0,0,7.5,16.6,clear_sky
werribee,-37.9,144.661,-37.85589,144.65147,24.0,Australia/Sydney,weather_forecast_2026-08-26.json,2026-08-31T21:00:00+1000,2026-08-31T11:00:00+0000,2026-08-31,21,9.6,8.0,0,0,9.0,16.6,clear_sky
werribee,-37.9,144.661,-37.85589,144.65147,24.0,Australia/Sydney,weather_forecast_2026-08-26.json,2026-08-31T22:00:00+1000,2026-08-31T12:00:00+0000,2026-08-31,22,9.6,7.7,0,0,10.5,17.3,clear_sky
werribee,-37.9,144.661,-37.85589,144.65147,24.0,Australia/Sydney,weather_forecast_2026-08-26.json,2026-08-31T23:00:00+1000,2026-08-31T13:00:00+0000,2026-08-31,23,10.0,8.1,0,0,11.6,19.1,clear_sky
werribee,-37.9,144.661,-37.85589,144.65147,24.0,Australia/Sydney,weather_forecast_2026-08-26.json,2026-09-01T00:00:00+1000,2026-08-31T14:00:00+0000,2026-09-01,0,10.8,8.9,0,1,12.6,21.2,mainly_clear
werribee,-37.9,144.661,-37.85589,144.65147,24.0,Australia/Sydney,weather_forecast_2026-08-26.json,2026-09-01T01:00:00+1000,2026-08-31T15:00:00+0000,2026-09-01,1,11.5,9.4,0,1,13.8,24.1,mainly_clear
werribee,-37.9,144.661,-37.85589,144.65147,24.0,Australia/Sydney,weather_forecast_2026-08-26.json,2026-09-01T02:00:00+1000,2026-08-31T16:00:00+0000,2026-09-01,2,11.8,9.5,0,1,15.4,27.7,mainly_clear
werribee,-37.9,144.661,-37.85589,144.65147,24.0,Australia/Sydney,weather_forecast_2026-08-26.json,2026-09-01T03:00:00+1000,2026-08-31T17:00:00+0000,2026-09-01,3,12.0,9.5,0,2,17.3,31.7,partly_cloudy
werribee,-37.9,144.661,-37.85589,144.65147,24.0,Australia/Sydney,weather_forecast_2026-08-26.json,2026-09-01T04:00:00+1000,2026-08-31T18:00:00+0000,2026-09-01,4,12.1,9.4,0,2,18.5,34.6,partly_cloudy
werribee,-37.9,144.661,-37.85589,144.65147,24.0,Australia/Sydney,weather_forecast_2026-08-26.json,2026-09-01T05:00:00+1000,2026-08-31T19:00:00+0000,2026-09-01,5,12.0,9.3,0,1,18.2,34.9,mainly_clear
werribee,-37.9,144.661,-37.85589,144.65147,24.0,Australia/Sydney,weather_forecast_2026-08-26.json,2026-09-01T06:00:00+1000,2026-08-31T20:00:00+0000,2026-09-01,6,11.9,9.2,0,1,17.4,34.2,mainly_clear
werribee,-37.9,144.661,-37.85589,144.65147,24.0,Australia/Sydney,weather_forecast_2026-08-26.json,2026-09-01T07:00:00+1000,2026-08-31T21:00:00+0000,2026-09-01,7,12.1,9.5,0,1,17.3,34.2,mainly_clear
werribee,-37.9,144.661,-37.85589,144.65147,24.0,Australia/Sydney,weather_forecast_2026-08-26.json,2026-09-01T08:00:00+1000,2026-08-31T22:00:00+0000,2026-09-01,8,14.2,11.3,1,1,20.4,39.2,mainly_clear
werribee,-37.9,144.661,-37.85589,144.65147,24.0,Australia/Sydney,weather_forecast_2026-08-26.json,2026-09-01T09:00:00+1000,2026-08-31T23:00:00+0000,2026-09-01,9,14.8,11.9,2,1,20.7,40.7,mainly_clear
werribee,-37.9,144.661,-37.85589,144.65147,24.0,Australia/Sydney,weather_forecast_2026-08-26.json,2026-09-01T10:00:00+1000,2026-09-01T00:00:00+0000,2026-09-01,10,15.3,12.4,4,1,20.6,42.5,mainly_clear
werribee,-37.9,144.661,-37.85589,144.65147,24.0,Australia/Sydney,weather_forecast_2026-08-26.json,2026-09-01T11:00:00+1000,2026-09-01T01:00:00+0000,2026-09-01,11,15.8,12.9,7,51,20.8,45.4,light_drizzle
werribee,-37.9,144.661,-37.85589,144.65147,24.0,Australia/Sydney,weather_forecast_2026-08-26.json,2026-09-01T12:00:00+1000,2026-09-01T02:00:00+0000,2026-09-01,12,16.5,13.5,11,51,21.1,49.0,light_drizzle
werribee,-37.9,144.661,-37.85589,144.65147,24.0,Australia/Sydney,weather_forecast_2026-08-26.json,2026-09-01T13:00:00+1000,2026-09-01T03:00:00+0000,2026-09-01,13,17.1,13.9,16,51,21.8,52.9,light_drizzle
werribee,-37.9,144.661,-37.85589,144.65147,24.0,Australia/Sydney,weather_forecast_2026-08-26.json,2026-09-01T14:00:00+1000,2026-09-01T04:00:00+0000,2026-09-01,14,17.6,14.2,21,51,22.5,56.9,light_drizzle
werribee,-37.9,144.661,-37.85589,144.65147,24.0,Australia/Sydney,weather_forecast_2026-08-26.json,2026-09-01T15:00:00+1000,2026-09-01T05:00:00+0000,2026-09-01,15,17.9,14.4,26,51,22.8,59.4,light_drizzle
werribee,-37.9,144.661,-37.85589,144.65147,24.0,Australia/Sydney,weather_forecast_2026-08-26.json,2026-09-01T16:00:00+1000,2026-09-01T06:00:00+0000,2026-09-01,16,17.7,14.3,31,51,22.2,60.8,light_drizzle
werribee,-37.9,144.661,-37.85589,144.65147,24.0,Australia/Sydney,weather_forecast_2026-08-26.json,2026-09-01T17:00:00+1000,2026-09-01T07:00:00+0000,2026-09-01,17,17.1,13.9,38,53,20.6,60.5,moderate_drizzle
werribee,-37.9,144.661,-37.85589,144.65147,24.0,Australia/Sydney,weather_forecast_2026-08-26.json,2026-09-01T18:00:00+1000,2026-09-01T08:00:00+0000,2026-09-01,18,16.0,13.1,45,53,18.0,58.7,moderate_drizzle
werribee,-37.9,144.661,-37.85589,144.65147,24.0,Australia/Sydney,weather_forecast_2026-08-26.json,2026-09-01T19:00:00+1000,2026-09-01T09:00:00+0000,2026-09-01,19,14.6,12.1,51,53,16.1,55.8,moderate_drizzle
werribee,-37.9,144.661,-37.85589,144.65147,24.0,Australia/Sydney,weather_forecast_2026-08-26.json,2026-09-01T20:00:00+1000,2026-09-01T10:00:00+0000,2026-09-01,20,13.2,10.8,57,53,15.5,52.6,moderate_drizzle
werribee,-37.9,144.661,-37.85589,144.65147,24.0,Australia/Sydney,weather_forecast_2026-08-26.json,2026-09-01T21:00:00+1000,2026-09-01T11:00:00+0000,2026-09-01,21,11.9,9.3,61,53,16.3,49.7,moderate_drizzle
werribee,-37.9,144.661,-37.85589,144.65147,24.0,Australia/Sydney,weather_forecast_2026-08-26.json,2026-09-01T22:00:00+1000,2026-09-01T12:00:00+0000,2026-09-01,22,10.9,8.1,63,53,17.0,46.8,moderate_drizzle
werribee,-37.9,144.661,-37.85589,144.65147,24.0,Australia/Sydney,weather_forecast_2026-08-26.json,2026-09-01T23:00:00+1000,2026-09-01T13:00:00+0000,2026-09-01,23,10.0,7.2,60,0,16.6,44.3,clear_sky
