site_name,display_name,lga_code,timestamp_local,timestamp_utc,latitude,longitude,temperature_c,apparent_temperature_c,precipitation_probability_pct,weather_code,weather_description,wind_speed_kmh,wind_gusts_kmh,uv_index,pm2_5_ugm3,pm10_ugm3,air_quality_available
banyule,Banyule,20660,2026-08-26T00:00:00+10:00,2026-08-25T14:00:00+00:00,-37.7338437047388,145.08683445465346,11.0,9.1,74,51,light_drizzle,13.9,26.6,0.0,9.8,10.5,true
banyule,Banyule,20660,2026-08-26T01:00:00+10:00,2026-08-25T15:00:00+00:00,-37.7338437047388,145.08683445465346,10.7,8.6,100,51,light_drizzle,14.7,28.4,0.0,5.2,6.0,true
banyule,Banyule,20660,2026-08-26T02:00:00+10:00,2026-08-25T16:00:00+00:00,-37.7338437047388,145.08683445465346,10.5,8.7,89,51,light_drizzle,12.3,28.1,0.0,3.7,4.9,true
banyule,Banyule,20660,2026-08-26T03:00:00+10:00,2026-08-25T17:00:00+00:00,-37.7338437047388,145.08683445465346,10.5,8.7,62,51,light_drizzle,12.6,24.1,0.0,3.8,5.1,true
banyule,Banyule,20660,2026-08-26T04:00:00+10:00,2026-08-25T18:00:00+00:00,-37.7338437047388,145.08683445465346,10.0,8.1,37,2,partly_cloudy,11.5,23.8,0.0,4.2,5.8,true
banyule,Banyule,20660,2026-08-26T05:00:00+10:00,2026-08-25T19:00:00+00:00,-37.7338437047388,145.08683445465346,9.2,7.4,22,3,overcast,9.1,21.6,0.0,4.8,6.6,true
banyule,Banyule,20660,2026-08-26T06:00:00+10:00,2026-08-25T20:00:00+00:00,-37.7338437047388,145.08683445465346,8.5,6.7,10,1,mainly_clear,8.8,16.6,0.0,5.3,7.2,true
banyule,Banyule,20660,2026-08-26T07:00:00+10:00,2026-08-25T21:00:00+00:00,-37.7338437047388,145.08683445465346,7.9,6.0,2,1,mainly_clear,8.0,15.8,0.0,6.2,8.3,true
banyule,Banyule,20660,2026-08-26T08:00:00+10:00,2026-08-25T22:00:00+00:00,-37.7338437047388,145.08683445465346,8.8,6.8,0,2,partly_cloudy,9.7,19.4,0.2,6.7,9.1,true
banyule,Banyule,20660,2026-08-26T09:00:00+10:00,2026-08-25T23:00:00+00:00,-37.7338437047388,145.08683445465346,10.1,8.5,0,51,light_drizzle,8.2,20.9,0.7,6.1,8.6,true
banyule,Banyule,20660,2026-08-26T10:00:00+10:00,2026-08-26T00:00:00+00:00,-37.7338437047388,145.08683445465346,12.2,10.2,0,1,mainly_clear,11.6,25.2,1.75,8.3,12.2,true
banyule,Banyule,20660,2026-08-26T11:00:00+10:00,2026-08-26T01:00:00+00:00,-37.7338437047388,145.08683445465346,13.3,10.4,3,51,light_drizzle,15.5,36.0,2.5,7.3,10.9,true
banyule,Banyule,20660,2026-08-26T12:00:00+10:00,2026-08-26T02:00:00+00:00,-37.7338437047388,145.08683445465346,13.8,10.7,6,51,light_drizzle,15.2,36.4,2.55,7.3,11.0,true
banyule,Banyule,20660,2026-08-26T13:00:00+10:00,2026-08-26T03:00:00+00:00,-37.7338437047388,145.08683445465346,13.9,10.7,8,51,light_drizzle,16.6,38.5,2.45,7.2,10.9,true
banyule,Banyule,20660,2026-08-26T14:00:00+10:00,2026-08-26T04:00:00+00:00,-37.7338437047388,145.08683445465346,14.1,11.0,6,1,mainly_clear,15.4,38.5,1.7,7.5,11.2,true
banyule,Banyule,20660,2026-08-26T15:00:00+10:00,2026-08-26T05:00:00+00:00,-37.7338437047388,145.08683445465346,13.6,10.8,3,0,clear_sky,14.7,36.0,1.1,7.2,10.9,true
banyule,Banyule,20660,2026-08-26T16:00:00+10:00,2026-08-26T06:00:00+00:00,-37.7338437047388,145.08683445465346,13.0,10.3,0,0,clear_sky,13.2,33.8,0.5,7.5,11.1,true
banyule,Banyule,20660,2026-08-26T17:00:00+10:00,2026-08-26T07:00:00+00:00,-37.7338437047388,145.08683445465346,12.3,9.9,0,2,partly_cloudy,11.2,29.9,0.1,8.0,11.6,true
banyule,Banyule,20660,2026-08-26T18:00:00+10:00,2026-08-26T08:00:00+00:00,-37.7338437047388,145.08683445465346,10.8,8.9,0,1,mainly_clear,8.2,23.4,0.0,9.9,13.6,true
banyule,Banyule,20660,2026-08-26T19:00:00+10:00,2026-08-26T09:00:00+00:00,-37.7338437047388,145.08683445465346,10.0,8.2,0,2,partly_cloudy,7.5,15.8,0.0,12.1,15.9,true
banyule,Banyule,20660,2026-08-26T20:00:00+10:00,2026-08-26T10:00:00+00:00,-37.7338437047388,145.08683445465346,9.5,7.8,0,3,overcast,6.7,14.0,0.0,12.9,16.4,true
banyule,Banyule,20660,2026-08-26T21:00:00+10:00,2026-08-26T11:00:00+00:00,-37.7338437047388,145.08683445465346,9.3,7.8,0,3,overcast,5.3,12.6,0.0,11.8,14.5,true
banyule,Banyule,20660,2026-08-26T22:00:00+10:00,2026-08-26T12:00:00+00:00,-37.7338437047388,145.08683445465346,9.0,7.7,0,2,partly_cloudy,4.2,9.7,0.0,11.8,14.3,true
banyule,Banyule,20660,2026-08-26T23:00:00+10:00,2026-08-26T13:00:00+00:00,-37.7338437047388,145.08683445465346,8.6,7.4,0,2,partly_cloudy,3.4,7.6,0.0,11.8,14.4,true
banyule,Banyule,20660,2026-08-27T00:00:00+10:00,2026-08-26T14:00:00+00:00,-37.7338437047388,145.08683445465346,8.1,7.0,0,3,overcast,2.3,6.1,0.0,11.6,14.2,true
banyule,Banyule,20660,2026-08-27T01:00:00+10:00,2026-08-26T15:00:00+00:00,-37.7338437047388,145.08683445465346,7.9,6.9,0,2,partly_cloudy,1.3,4.7,0.0,11.1,13.9,true
banyule,Banyule,20660,2026-08-27T02:00:00+10:00,2026-08-26T16:00:00+00:00,-37.7338437047388,145.08683445465346,7.4,6.1,0,1,mainly_clear,2.8,5.4,0.0,10.8,13.7,true
banyule,Banyule,20660,2026-08-27T03:00:00+10:00,2026-08-26T17:00:00+00:00,-37.7338437047388,145.08683445465346,6.8,5.5,0,1,mainly_clear,2.2,5.4,0.0,10.6,13.6,true
banyule,Banyule,20660,2026-08-27T04:00:00+10:00,2026-08-26T18:00:00+00:00,-37.7338437047388,145.08683445465346,6.3,4.8,0,1,mainly_clear,2.9,4.3,0.0,10.5,13.9,true
banyule,Banyule,20660,2026-08-27T05:00:00+10:00,2026-08-26T19:00:00+00:00,-37.7338437047388,145.08683445465346,6.0,4.4,0,0,clear_sky,2.4,5.4,0.0,10.8,14.2,true
banyule,Banyule,20660,2026-08-27T06:00:00+10:00,2026-08-26T20:00:00+00:00,-37.7338437047388,145.08683445465346,5.4,3.8,0,0,clear_sky,2.0,3.6,0.0,11.4,14.8,true
banyule,Banyule,20660,2026-08-27T07:00:00+10:00,2026-08-26T21:00:00+00:00,-37.7338437047388,145.08683445465346,4.8,3.1,0,0,clear_sky,1.9,3.6,0.05,16.4,19.8,true
banyule,Banyule,20660,2026-08-27T08:00:00+10:00,2026-08-26T22:00:00+00:00,-37.7338437047388,145.08683445465346,6.7,5.1,0,0,clear_sky,3.2,8.3,0.35,21.0,23.2,true
banyule,Banyule,20660,2026-08-27T09:00:00+10:00,2026-08-26T23:00:00+00:00,-37.7338437047388,145.08683445465346,9.6,8.3,0,1,mainly_clear,1.9,9.7,1.15,13.6,17.1,true
banyule,Banyule,20660,2026-08-27T10:00:00+10:00,2026-08-27T00:00:00+00:00,-37.7338437047388,145.08683445465346,11.5,10.2,0,2,partly_cloudy,2.8,12.6,2.3,10.4,14.6,true
banyule,Banyule,20660,2026-08-27T11:00:00+10:00,2026-08-27T01:00:00+00:00,-37.7338437047388,145.08683445465346,12.8,11.6,0,3,overcast,2.6,13.3,3.4,10.0,14.0,true
banyule,Banyule,20660,2026-08-27T12:00:00+10:00,2026-08-27T02:00:00+00:00,-37.7338437047388,145.08683445465346,13.4,11.8,0,3,overcast,3.6,14.4,3.95,9.8,13.8,true
banyule,Banyule,20660,2026-08-27T13:00:00+10:00,2026-08-27T03:00:00+00:00,-37.7338437047388,145.08683445465346,14.1,13.2,0,2,partly_cloudy,3.9,15.8,3.65,10.0,14.1,true
banyule,Banyule,20660,2026-08-27T14:00:00+10:00,2026-08-27T04:00:00+00:00,-37.7338437047388,145.08683445465346,14.7,13.6,0,0,clear_sky,5.3,17.6,2.8,10.3,14.3,true
banyule,Banyule,20660,2026-08-27T15:00:00+10:00,2026-08-27T05:00:00+00:00,-37.7338437047388,145.08683445465346,15.2,13.3,0,1,mainly_clear,7.2,19.8,1.65,10.5,14.5,true
banyule,Banyule,20660,2026-08-27T16:00:00+10:00,2026-08-27T06:00:00+00:00,-37.7338437047388,145.08683445465346,15.0,13.4,0,1,mainly_clear,5.2,19.8,0.65,10.0,13.8,true
banyule,Banyule,20660,2026-08-27T17:00:00+10:00,2026-08-27T07:00:00+00:00,-37.7338437047388,145.08683445465346,13.8,12.2,0,2,partly_cloudy,6.5,14.4,0.15,11.9,15.4,true
banyule,Banyule,20660,2026-08-27T18:00:00+10:00,2026-08-27T08:00:00+00:00,-37.7338437047388,145.08683445465346,12.0,11.0,0,3,overcast,4.3,14.8,0.0,17.1,20.5,true
banyule,Banyule,20660,2026-08-27T19:00:00+10:00,2026-08-27T09:00:00+00:00,-37.7338437047388,145.08683445465346,11.7,11.1,0,3,overcast,1.9,8.3,0.0,21.2,24.4,true
banyule,Banyule,20660,2026-08-27T20:00:00+10:00,2026-08-27T10:00:00+00:00,-37.7338437047388,145.08683445465346,11.8,11.2,0,3,overcast,2.2,3.2,0.0,25.0,28.0,true
banyule,Banyule,20660,2026-08-27T21:00:00+10:00,2026-08-27T11:00:00+00:00,-37.7338437047388,145.08683445465346,11.4,10.4,0,3,overcast,3.5,6.5,0.0,28.4,31.2,true
banyule,Banyule,20660,2026-08-27T22:00:00+10:00,2026-08-27T12:00:00+00:00,-37.7338437047388,145.08683445465346,10.4,9.6,0,3,overcast,2.3,7.2,0.0,28.3,30.5,true
banyule,Banyule,20660,2026-08-27T23:00:00+10:00,2026-08-27T13:00:00+00:00,-37.7338437047388,145.08683445465346,9.6,8.6,0,3,overcast,2.9,5.0,0.0,23.4,25.1,true
banyule,Banyule,20660,2026-08-28T00:00:00+10:00,2026-08-27T14:00:00+00:00,-37.7338437047388,145.08683445465346,9.7,8.3,0,3,overcast,6.3,11.5,0.0,17.5,19.0,true
banyule,Banyule,20660,2026-08-28T01:00:00+10:00,2026-08-27T15:00:00+00:00,-37.7338437047388,145.08683445465346,8.5,6.6,0,0,clear_sky,7.9,14.8,0.0,13.2,14.6,true
banyule,Banyule,20660,2026-08-28T02:00:00+10:00,2026-08-27T16:00:00+00:00,-37.7338437047388,145.08683445465346,7.6,5.3,0,2,partly_cloudy,8.7,16.2,0.0,10.0,11.4,true
banyule,Banyule,20660,2026-08-28T03:00:00+10:00,2026-08-27T17:00:00+00:00,-37.7338437047388,145.08683445465346,7.4,5.1,0,3,overcast,7.6,16.2,0.0,7.7,9.0,true
banyule,Banyule,20660,2026-08-28T04:00:00+10:00,2026-08-27T18:00:00+00:00,-37.7338437047388,145.08683445465346,7.4,4.9,0,3,overcast,8.8,16.2,0.0,6.3,7.7,true
banyule,Banyule,20660,2026-08-28T05:00:00+10:00,2026-08-27T19:00:00+00:00,-37.7338437047388,145.08683445465346,7.5,5.0,0,1,mainly_clear,8.4,16.2,0.0,5.7,7.2,true
banyule,Banyule,20660,2026-08-28T06:00:00+10:00,2026-08-27T20:00:00+00:00,-37.7338437047388,145.08683445465346,7.3,4.7,0,0,clear_sky,8.7,15.8,0.0,5.6,7.1,true
banyule,Banyule,20660,2026-08-28T07:00:00+10:00,2026-08-27T21:00:00+00:00,-37.7338437047388,145.08683445465346,7.3,4.6,0,0,clear_sky,9.5,17.6,0.05,6.9,8.3,true
banyule,Banyule,20660,2026-08-28T08:00:00+10:00,2026-08-27T22:00:00+00:00,-37.7338437047388,145.08683445465346,8.9,6.3,2,0,clear_sky,9.9,18.7,0.2,8.2,9.5,true
banyule,Banyule,20660,2026-08-28T09:00:00+10:00,2026-08-27T23:00:00+00:00,-37.7338437047388,145.08683445465346,11.5,9.6,4,0,clear_sky,7.3,18.0,0.4,10.6,12.0,true
banyule,Banyule,20660,2026-08-28T10:00:00+10:00,2026-08-28T00:00:00+00:00,-37.7338437047388,145.08683445465346,13.6,11.7,8,1,mainly_clear,6.2,19.4,0.75,8.7,10.9,true
banyule,Banyule,20660,2026-08-28T11:00:00+10:00,2026-08-28T01:00:00+00:00,-37.7338437047388,145.08683445465346,14.9,13.4,12,3,overcast,5.1,18.0,1.25,7.4,9.5,true
banyule,Banyule,20660,2026-08-28T12:00:00+10:00,2026-08-28T02:00:00+00:00,-37.7338437047388,145.08683445465346,14.6,13.4,18,3,overcast,4.0,17.3,1.3,6.0,7.7,true
banyule,Banyule,20660,2026-08-28T13:00:00+10:00,2026-08-28T03:00:00+00:00,-37.7338437047388,145.08683445465346,14.7,13.6,24,3,overcast,3.8,12.2,2.05,5.9,7.5,true
banyule,Banyule,20660,2026-08-28T14:00:00+10:00,2026-08-28T04:00:00+00:00,-37.7338437047388,145.08683445465346,14.7,14.2,35,3,overcast,0.3,11.2,2.45,5.8,7.7,true
banyule,Banyule,20660,2026-08-28T15:00:00+10:00,2026-08-28T05:00:00+00:00,-37.7338437047388,145.08683445465346,14.2,13.3,46,51,light_drizzle,4.1,10.8,1.5,6.3,8.7,true
banyule,Banyule,20660,2026-08-28T16:00:00+10:00,2026-08-28T06:00:00+00:00,-37.7338437047388,145.08683445465346,13.1,12.9,51,53,moderate_drizzle,3.4,11.9,0.65,7.5,10.5,true
banyule,Banyule,20660,2026-08-28T17:00:00+10:00,2026-08-28T07:00:00+00:00,-37.7338437047388,145.08683445465346,12.8,12.9,43,51,light_drizzle,2.1,9.0,0.15,8.5,12.1,true
banyule,Banyule,20660,2026-08-28T18:00:00+10:00,2026-08-28T08:00:00+00:00,-37.7338437047388,145.08683445465346,12.5,12.8,27,3,overcast,1.4,6.1,0.0,11.6,15.5,true
banyule,Banyule,20660,2026-08-28T19:00:00+10:00,2026-08-28T09:00:00+00:00,-37.7338437047388,145.08683445465346,12.2,12.0,14,3,overcast,4.2,7.2,0.0,15.1,18.8,true
banyule,Banyule,20660,2026-08-28T20:00:00+10:00,2026-08-28T10:00:00+00:00,-37.7338437047388,145.08683445465346,11.9,11.6,7,2,partly_cloudy,4.6,8.6,0.0,18.9,23.2,true
banyule,Banyule,20660,2026-08-28T21:00:00+10:00,2026-08-28T11:00:00+00:00,-37.7338437047388,145.08683445465346,10.8,10.2,3,0,clear_sky,4.2,8.3,0.0,21.7,26.4,true
banyule,Banyule,20660,2026-08-28T22:00:00+10:00,2026-08-28T12:00:00+00:00,-37.7338437047388,145.08683445465346,10.1,9.4,0,0,clear_sky,4.1,7.6,0.0,26.5,31.9,true
banyule,Banyule,20660,2026-08-28T23:00:00+10:00,2026-08-28T13:00:00+00:00,-37.7338437047388,145.08683445465346,9.6,8.8,0,3,overcast,4.3,7.6,0.0,28.0,33.9,true
banyule,Banyule,20660,2026-08-29T00:00:00+10:00,2026-08-28T14:00:00+00:00,-37.7338437047388,145.08683445465346,9.5,9.0,1,3,overcast,2.2,6.8,0.0,28.8,35.2,true
banyule,Banyule,20660,2026-08-29T01:00:00+10:00,2026-08-28T15:00:00+00:00,-37.7338437047388,145.08683445465346,10.1,9.7,2,3,overcast,2.6,4.7,0.0,28.2,34.8,true
banyule,Banyule,20660,2026-08-29T02:00:00+10:00,2026-08-28T16:00:00+00:00,-37.7338437047388,145.08683445465346,10.0,9.4,3,3,overcast,4.3,7.9,0.0,25.7,32.0,true
banyule,Banyule,20660,2026-08-29T03:00:00+10:00,2026-08-28T17:00:00+00:00,-37.7338437047388,145.08683445465346,10.0,9.2,4,3,overcast,5.3,9.4,0.0,22.5,28.1,true
banyule,Banyule,20660,2026-08-29T04:00:00+10:00,2026-08-28T18:00:00+00:00,-37.7338437047388,145.08683445465346,9.9,8.8,4,3,overcast,6.9,13.0,0.0,19.4,24.8,true
banyule,Banyule,20660,2026-08-29T05:00:00+10:00,2026-08-28T19:00:00+00:00,-37.7338437047388,145.08683445465346,9.6,8.4,3,3,overcast,7.3,13.7,0.0,16.9,22.2,true
banyule,Banyule,20660,2026-08-29T06:00:00+10:00,2026-08-28T20:00:00+00:00,-37.7338437047388,145.08683445465346,9.1,7.8,1,3,overcast,6.7,14.8,0.0,15.7,20.5,true
banyule,Banyule,20660,2026-08-29T07:00:00+10:00,2026-08-28T21:00:00+00:00,-37.7338437047388,145.08683445465346,8.5,7.5,0,3,overcast,3.8,12.6,0.05,17.2,21.7,true
banyule,Banyule,20660,2026-08-29T08:00:00+10:00,2026-08-28T22:00:00+00:00,-37.7338437047388,145.08683445465346,8.7,7.7,0,2,partly_cloudy,4.0,10.8,0.35,18.5,22.8,true
banyule,Banyule,20660,2026-08-29T09:00:00+10:00,2026-08-28T23:00:00+00:00,-37.7338437047388,145.08683445465346,9.8,8.5,1,2,partly_cloudy,5.3,15.8,0.95,15.3,20.4,true
banyule,Banyule,20660,2026-08-29T10:00:00+10:00,2026-08-29T00:00:00+00:00,-37.7338437047388,145.08683445465346,11.3,9.6,2,2,partly_cloudy,7.8,21.2,1.6,13.9,20.3,true
banyule,Banyule,20660,2026-08-29T11:00:00+10:00,2026-08-29T01:00:00+00:00,-37.7338437047388,145.08683445465346,12.2,10.0,2,3,overcast,8.9,23.8,2.0,13.1,19.8,true
banyule,Banyule,20660,2026-08-29T12:00:00+10:00,2026-08-29T02:00:00+00:00,-37.7338437047388,145.08683445465346,12.7,10.3,1,3,overcast,9.5,24.8,2.2,12.1,18.1,true
banyule,Banyule,20660,2026-08-29T13:00:00+10:00,2026-08-29T03:00:00+00:00,-37.7338437047388,145.08683445465346,13.2,10.9,0,3,overcast,9.5,25.2,2.1,11.8,17.5,true
banyule,Banyule,20660,2026-08-29T14:00:00+10:00,2026-08-29T04:00:00+00:00,-37.7338437047388,145.08683445465346,13.4,10.7,0,2,partly_cloudy,12.3,30.2,1.55,11.4,16.7,true
banyule,Banyule,20660,2026-08-29T15:00:00+10:00,2026-08-29T05:00:00+00:00,-37.7338437047388,145.08683445465346,12.7,9.7,0,3,overcast,14.4,33.8,0.85,11.4,16.6,true
banyule,Banyule,20660,2026-08-29T16:00:00+10:00,2026-08-29T06:00:00+00:00,-37.7338437047388,145.08683445465346,12.1,9.4,0,3,overcast,12.5,33.8,0.35,12.2,17.9,true
banyule,Banyule,20660,2026-08-29T17:00:00+10:00,2026-08-29T07:00:00+00:00,-37.7338437047388,145.08683445465346,11.6,9.6,0,3,overcast,8.6,27.7,0.1,13.5,19.8,true
banyule,Banyule,20660,2026-08-29T18:00:00+10:00,2026-08-29T08:00:00+00:00,-37.7338437047388,145.08683445465346,10.8,10.0,0,0,clear_sky,2.0,18.0,0.0,14.1,20.1,true
banyule,Banyule,20660,2026-08-29T19:00:00+10:00,2026-08-29T09:00:00+00:00,-37.7338437047388,145.08683445465346,9.4,8.2,0,0,clear_sky,3.1,4.3,0.0,14.1,19.1,true
banyule,Banyule,20660,2026-08-29T20:00:00+10:00,2026-08-29T10:00:00+00:00,-37.7338437047388,145.08683445465346,9.0,7.9,1,3,overcast,2.3,6.1,0.0,14.8,19.7,true
banyule,Banyule,20660,2026-08-29T21:00:00+10:00,2026-08-29T11:00:00+00:00,-37.7338437047388,145.08683445465346,9.7,8.6,1,3,overcast,3.1,5.0,0.0,15.6,21.0,true
banyule,Banyule,20660,2026-08-29T22:00:00+10:00,2026-08-29T12:00:00+00:00,-37.7338437047388,145.08683445465346,10.2,9.0,2,3,overcast,4.5,7.6,0.0,14.5,19.5,true
banyule,Banyule,20660,2026-08-29T23:00:00+10:00,2026-08-29T13:00:00+00:00,-37.7338437047388,145.08683445465346,10.2,9.1,2,51,light_drizzle,5.0,9.4,0.0,13.2,17.7,true
banyule,Banyule,20660,2026-08-30T00:00:00+10:00,2026-08-29T14:00:00+00:00,-37.7338437047388,145.08683445465346,9.9,8.8,2,51,light_drizzle,5.5,10.1,0.0,12.3,16.4,true
banyule,Banyule,20660,2026-08-30T01:00:00+10:00,2026-08-29T15:00:00+00:00,-37.7338437047388,145.08683445465346,9.5,8.2,2,2,partly_cloudy,6.3,11.5,0.0,11.5,15.3,true
banyule,Banyule,20660,2026-08-30T02:00:00+10:00,2026-08-29T16:00:00+00:00,-37.7338437047388,145.08683445465346,8.7,7.3,2,2,partly_cloudy,5.9,11.5,0.0,11.2,15.1,true
banyule,Banyule,20660,2026-08-30T03:00:00+10:00,2026-08-29T17:00:00+00:00,-37.7338437047388,145.08683445465346,8.3,6.8,2,3,overcast,5.5,10.8,0.0,11.2,15.0,true
banyule,Banyule,20660,2026-08-30T04:00:00+10:00,2026-08-29T18:00:00+00:00,-37.7338437047388,145.08683445465346,8.2,6.8,2,3,overcast,4.8,10.4,0.0,11.3,15.1,true
banyule,Banyule,20660,2026-08-30T05:00:00+10:00,2026-08-29T19:00:00+00:00,-37.7338437047388,145.08683445465346,8.0,6.6,1,3,overcast,4.1,9.7,0.0,11.4,15.3,true
banyule,Banyule,20660,2026-08-30T06:00:00+10:00,2026-08-29T20:00:00+00:00,-37.7338437047388,145.08683445465346,7.9,6.6,1,3,overcast,3.7,9.4,0.0,12.2,16.2,true
banyule,Banyule,20660,2026-08-30T07:00:00+10:00,2026-08-29T21:00:00+00:00,-37.7338437047388,145.08683445465346,8.2,7.0,0,2,partly_cloudy,3.4,10.1,0.0,13.5,17.4,true
banyule,Banyule,20660,2026-08-30T08:00:00+10:00,2026-08-29T22:00:00+00:00,-37.7338437047388,145.08683445465346,9.3,8.2,0,3,overcast,3.5,13.0,0.2,15.1,19.0,true
banyule,Banyule,20660,2026-08-30T09:00:00+10:00,2026-08-29T23:00:00+00:00,-37.7338437047388,145.08683445465346,10.8,9.5,0,3,overcast,5.5,17.3,0.6,14.3,18.5,true
banyule,Banyule,20660,2026-08-30T10:00:00+10:00,2026-08-30T00:00:00+00:00,-37.7338437047388,145.08683445465346,12.1,10.5,0,3,overcast,7.6,20.9,1.5,12.6,17.6,true
banyule,Banyule,20660,2026-08-30T11:00:00+10:00,2026-08-30T01:00:00+00:00,-37.7338437047388,145.08683445465346,12.9,11.2,0,51,light_drizzle,8.6,22.7,2.25,11.8,17.0,true
banyule,Banyule,20660,2026-08-30T12:00:00+10:00,2026-08-30T02:00:00+00:00,-37.7338437047388,145.08683445465346,13.4,11.7,0,51,light_drizzle,8.9,24.1,2.95,11.3,16.4,true
banyule,Banyule,20660,2026-08-30T13:00:00+10:00,2026-08-30T03:00:00+00:00,-37.7338437047388,145.08683445465346,13.7,12.0,0,51,light_drizzle,9.0,24.8,3.15,11.2,16.2,true
banyule,Banyule,20660,2026-08-30T14:00:00+10:00,2026-08-30T04:00:00+00:00,-37.7338437047388,145.08683445465346,13.7,11.9,0,3,overcast,9.6,25.2,2.9,10.5,15.1,true
banyule,Banyule,20660,2026-08-30T15:00:00+10:00,2026-08-30T05:00:00+00:00,-37.7338437047388,145.08683445465346,13.4,11.5,0,3,overcast,10.1,25.2,1.8,10.7,15.2,true
banyule,Banyule,20660,2026-08-30T16:00:00+10:00,2026-08-30T06:00:00+00:00,-37.7338437047388,145.08683445465346,12.9,11.1,0,3,overcast,9.6,24.8,0.8,10.8,15.4,true
banyule,Banyule,20660,2026-08-30T17:00:00+10:00,2026-08-30T07:00:00+00:00,-37.7338437047388,145.08683445465346,12.3,10.8,0,3,overcast,7.5,24.8,0.15,11.1,15.7,true
banyule,Banyule,20660,2026-08-30T18:00:00+10:00,2026-08-30T08:00:00+00:00,-37.7338437047388,145.08683445465346,11.5,10.4,0,2,partly_cloudy,5.1,24.5,0.0,12.6,17.1,true
banyule,Banyule,20660,2026-08-30T19:00:00+10:00,2026-08-30T09:00:00+00:00,-37.7338437047388,145.08683445465346,10.8,9.8,0,1,mainly_clear,3.9,22.7,0.0,12.8,16.6,true
banyule,Banyule,20660,2026-08-30T20:00:00+10:00,2026-08-30T10:00:00+00:00,-37.7338437047388,145.08683445465346,10.1,9.1,0,1,mainly_clear,3.0,18.4,0.0,12.6,16.0,true
banyule,Banyule,20660,2026-08-30T21:00:00+10:00,2026-08-30T11:00:00+00:00,-37.7338437047388,145.08683445465346,9.4,8.5,0,1,mainly_clear,1.7,12.6,0.0,12.8,16.1,true
banyule,Banyule,20660,2026-08-30T22:00:00+10:00,2026-08-30T12:00:00+00:00,-37.7338437047388,145.08683445465346,8.9,8.0,0,1,mainly_clear,1.1,7.9,0.0,13.4,16.6,true
banyule,Banyule,20660,2026-08-30T23:00:00+10:00,2026-08-30T13:00:00+00:00,-37.7338437047388,145.08683445465346,8.6,7.8,0,2,partly_cloudy,0.4,5.4,,,,false
banyule,Banyule,20660,2026-08-31T00:00:00+10:00,2026-08-30T14:00:00+00:00,-37.7338437047388,145.08683445465346,8.5,7.6,0,2,partly_cloudy,1.3,4.3,,,,false
banyule,Banyule,20660,2026-08-31T01:00:00+10:00,2026-08-30T15:00:00+00:00,-37.7338437047388,145.08683445465346,8.4,7.4,0,3,overcast,2.2,4.0,,,,false
banyule,Banyule,20660,2026-08-31T02:00:00+10:00,2026-08-30T16:00:00+00:00,-37.7338437047388,145.08683445465346,8.4,7.4,0,3,overcast,2.8,4.7,,,,false
banyule,Banyule,20660,2026-08-31T03:00:00+10:00,2026-08-30T17:00:00+00:00,-37.7338437047388,145.08683445465346,8.5,7.4,0,3,overcast,3.2,6.1,,,,false
banyule,Banyule,20660,2026-08-31T04:00:00+10:00,2026-08-30T18:00:00+00:00,-37.7338437047388,145.08683445465346,8.6,7.4,0,3,overcast,3.6,7.2,,,,false
banyule,Banyule,20660,2026-08-31T05:00:00+10:00,2026-08-30T19:00:00+00:00,-37.7338437047388,145.08683445465346,8.6,7.5,0,3,overcast,3.6,7.6,,,,false
banyule,Banyule,20660,2026-08-31T06:00:00+10:00,2026-08-30T20:00:00+00:00,-37.7338437047388,145.08683445465346,8.6,7.6,0,3,overcast,3.2,7.6,,,,false
banyule,Banyule,20660,2026-08-31T07:00:00+10:00,2026-08-30T21:00:00+00:00,-37.7338437047388,145.08683445465346,8.9,7.9,0,3,overcast,3.1,7.9,,,,false
banyule,Banyule,20660,2026-08-31T08:00:00+10:00,2026-08-30T22:00:00+00:00,-37.7338437047388,145.08683445465346,9.7,8.7,0,3,overcast,3.1,9.4,,,,false
banyule,Banyule,20660,2026-08-31T09:00:00+10:00,2026-08-30T23:00:00+00:00,-37.7338437047388,145.08683445465346,10.8,9.8,0,3,overcast,3.3,11.2,,,,false
banyule,Banyule,20660,2026-08-31T10:00:00+10:00,2026-08-31T00:00:00+00:00,-37.7338437047388,145.08683445465346,12.1,11.1,0,2,partly_cloudy,3.3,13.0,,,,false
banyule,Banyule,20660,2026-08-31T11:00:00+10:00,2026-08-31T01:00:00+00:00,-37.7338437047388,145.08683445465346,13.6,12.8,0,2,partly_cloudy,2.9,14.0,,,,false
banyule,Banyule,20660,2026-08-31T12:00:00+10:00,2026-08-31T02:00:00+00:00,-37.7338437047388,145.08683445465346,15.2,15.0,0,1,mainly_clear,2.0,14.8,,,,false
banyule,Banyule,20660,2026-08-31T13:00:00+10:00,2026-08-31T03:00:00+00:00,-37.7338437047388,145.08683445465346,16.6,16.9,0,0,clear_sky,1.7,15.1,,,,false
banyule,Banyule,20660,2026-08-31T14:00:00+10:00,2026-08-31T04:00:00+00:00,-37.7338437047388,145.08683445465346,17.8,18.1,0,0,clear_sky,2.2,15.1,,,,false
banyule,Banyule,20660,2026-08-31T15:00:00+10:00,2026-08-31T05:00:00+00:00,-37.7338437047388,145.08683445465346,18.7,18.3,0,0,clear_sky,3.3,14.8,,,,false
banyule,Banyule,20660,2026-08-31T16:00:00+10:00,2026-08-31T06:00:00+00:00,-37.7338437047388,145.08683445465346,18.7,18.2,0,0,clear_sky,3.8,14.4,,,,false
banyule,Banyule,20660,2026-08-31T17:00:00+10:00,2026-08-31T07:00:00+00:00,-37.7338437047388,145.08683445465346,17.1,16.7,0,0,clear_sky,3.7,13.3,,,,false
banyule,Banyule,20660,2026-08-31T18:00:00+10:00,2026-08-31T08:00:00+00:00,-37.7338437047388,145.08683445465346,14.6,14.3,0,0,clear_sky,3.8,11.9,,,,false
banyule,Banyule,20660,2026-08-31T19:00:00+10:00,2026-08-31T09:00:00+00:00,-37.7338437047388,145.08683445465346,12.6,12.2,0,0,clear_sky,4.9,11.5,,,,false
banyule,Banyule,20660,2026-08-31T20:00:00+10:00,2026-08-31T10:00:00+00:00,-37.7338437047388,145.08683445465346,11.9,11.1,0,0,clear_sky,6.5,13.3,,,,false
banyule,Banyule,20660,2026-08-31T21:00:00+10:00,2026-08-31T11:00:00+00:00,-37.7338437047388,145.08683445465346,11.7,10.5,0,0,clear_sky,8.1,15.8,,,,false
banyule,Banyule,20660,2026-08-31T22:00:00+10:00,2026-08-31T12:00:00+00:00,-37.7338437047388,145.08683445465346,11.6,10.1,0,0,clear_sky,9.6,18.4,,,,false
banyule,Banyule,20660,2026-08-31T23:00:00+10:00,2026-08-31T13:00:00+00:00,-37.7338437047388,145.08683445465346,11.5,9.9,0,0,clear_sky,10.4,19.4,,,,false
banyule,Banyule,20660,2026-09-01T00:00:00+10:00,2026-08-31T14:00:00+00:00,-37.7338437047388,145.08683445465346,11.5,9.9,0,0,clear_sky,10.8,20.2,,,,false
banyule,Banyule,20660,2026-09-01T01:00:00+10:00,2026-08-31T15:00:00+00:00,-37.7338437047388,145.08683445465346,11.6,9.9,0,1,mainly_clear,11.7,22.0,,,,false
banyule,Banyule,20660,2026-09-01T02:00:00+10:00,2026-08-31T16:00:00+00:00,-37.7338437047388,145.08683445465346,12.0,10.1,0,2,partly_cloudy,13.2,26.3,,,,false
banyule,Banyule,20660,2026-09-01T03:00:00+10:00,2026-08-31T17:00:00+00:00,-37.7338437047388,145.08683445465346,12.4,10.3,0,2,partly_cloudy,15.3,31.7,,,,false
banyule,Banyule,20660,2026-09-01T04:00:00+10:00,2026-08-31T18:00:00+00:00,-37.7338437047388,145.08683445465346,12.7,10.3,0,3,overcast,16.9,36.0,,,,false
banyule,Banyule,20660,2026-09-01T05:00:00+10:00,2026-08-31T19:00:00+00:00,-37.7338437047388,145.08683445465346,12.5,10.0,0,3,overcast,17.6,37.4,,,,false
banyule,Banyule,20660,2026-09-01T06:00:00+10:00,2026-08-31T20:00:00+00:00,-37.7338437047388,145.08683445465346,12.2,9.6,0,3,overcast,18.0,37.4,,,,false
banyule,Banyule,20660,2026-09-01T07:00:00+10:00,2026-08-31T21:00:00+00:00,-37.7338437047388,145.08683445465346,12.1,9.4,0,3,overcast,18.5,38.5,,,,false
banyule,Banyule,20660,2026-09-01T08:00:00+10:00,2026-08-31T22:00:00+00:00,-37.7338437047388,145.08683445465346,13.6,10.6,0,2,partly_cloudy,20.3,43.6,,,,false
banyule,Banyule,20660,2026-09-01T09:00:00+10:00,2026-08-31T23:00:00+00:00,-37.7338437047388,145.08683445465346,13.9,10.8,0,2,partly_cloudy,20.9,45.7,,,,false
banyule,Banyule,20660,2026-09-01T10:00:00+10:00,2026-09-01T00:00:00+00:00,-37.7338437047388,145.08683445465346,14.3,11.1,0,2,partly_cloudy,21.4,47.9,,,,false
banyule,Banyule,20660,2026-09-01T11:00:00+10:00,2026-09-01T01:00:00+00:00,-37.7338437047388,145.08683445465346,14.9,11.6,3,2,partly_cloudy,22.1,50.8,,,,false
banyule,Banyule,20660,2026-09-01T12:00:00+10:00,2026-09-01T02:00:00+00:00,-37.7338437047388,145.08683445465346,15.7,12.6,8,3,overcast,23.1,54.4,,,,false
banyule,Banyule,20660,2026-09-01T13:00:00+10:00,2026-09-01T03:00:00+00:00,-37.7338437047388,145.08683445465346,16.5,13.3,13,3,overcast,24.1,58.3,,,,false
banyule,Banyule,20660,2026-09-01T14:00:00+10:00,2026-09-01T04:00:00+00:00,-37.7338437047388,145.08683445465346,17.2,13.7,19,3,overcast,25.1,61.9,,,,false
banyule,Banyule,20660,2026-09-01T15:00:00+10:00,2026-09-01T05:00:00+00:00,-37.7338437047388,145.08683445465346,17.7,14.2,25,3,overcast,25.2,64.4,,,,false
banyule,Banyule,20660,2026-09-01T16:00:00+10:00,2026-09-01T06:00:00+00:00,-37.7338437047388,145.08683445465346,17.8,14.5,31,3,overcast,24.2,65.5,,,,false
banyule,Banyule,20660,2026-09-01T17:00:00+10:00,2026-09-01T07:00:00+00:00,-37.7338437047388,145.08683445465346,17.4,14.6,38,53,moderate_drizzle,21.5,65.2,,,,false
banyule,Banyule,20660,2026-09-01T18:00:00+10:00,2026-09-01T08:00:00+00:00,-37.7338437047388,145.08683445465346,16.6,14.4,45,53,moderate_drizzle,18.0,63.0,,,,false
banyule,Banyule,20660,2026-09-01T19:00:00+10:00,2026-09-01T09:00:00+00:00,-37.7338437047388,145.08683445465346,15.6,13.8,52,53,moderate_drizzle,15.9,60.5,,,,false
banyule,Banyule,20660,2026-09-01T20:00:00+10:00,2026-09-01T10:00:00+00:00,-37.7338437047388,145.08683445465346,14.5,12.6,58,53,moderate_drizzle,16.2,57.2,,,,false
banyule,Banyule,20660,2026-09-01T21:00:00+10:00,2026-09-01T11:00:00+00:00,-37.7338437047388,145.08683445465346,13.4,11.2,63,53,moderate_drizzle,18.2,54.4,,,,false
banyule,Banyule,20660,2026-09-01T22:00:00+10:00,2026-09-01T12:00:00+00:00,-37.7338437047388,145.08683445465346,12.4,9.9,65,53,moderate_drizzle,19.5,51.8,,,,false
banyule,Banyule,20660,2026-09-01T23:00:00+10:00,2026-09-01T13:00:00+00:00,-37.7338437047388,145.08683445465346,11.4,8.8,63,2,partly_cloudy,18.8,50.0,,,,false
bayside,Bayside,20910,2026-08-26T00:00:00+10:00,2026-08-25T14:00:00+00:00,-37.94177121090012,145.01933040260965,11.9,9.3,74,53,moderate_drizzle,19.2,36.4,0.0,3.8,5.5,true
bayside,Bayside,20910,2026-08-26T01:00:00+10:00,2026-08-25T15:00:00+00:00,-37.94177121090012,145.01933040260965,11.8,9.3,100,53,moderate_drizzle,18.1,38.2,0.0,3.9,6.0,true
bayside,Bayside,20910,2026-08-26T02:00:00+10:00,2026-08-25T16:00:00+00:00,-37.94177121090012,145.01933040260965,11.9,9.1,89,51,light_drizzle,18.3,35.3,0.0,4.4,7.0,true
bayside,Bayside,20910,2026-08-26T03:00:00+10:00,2026-08-25T17:00:00+00:00,-37.94177121090012,145.01933040260965,11.8,9.1,62,51,light_drizzle,16.8,35.6,0.0,4.9,7.8,true
bayside,Bayside,20910,2026-08-26T04:00:00+10:00,2026-08-25T18:00:00+00:00,-37.94177121090012,145.01933040260965,11.4,8.9,37,1,mainly_clear,14.4,32.8,0.0,5.1,8.1,true
bayside,Bayside,20910,2026-08-26T05:00:00+10:00,2026-08-25T19:00:00+00:00,-37.94177121090012,145.01933040260965,10.9,8.5,22,51,light_drizzle,13.2,27.4,0.0,5.3,8.4,true
bayside,Bayside,20910,2026-08-26T06:00:00+10:00,2026-08-25T20:00:00+00:00,-37.94177121090012,145.01933040260965,10.6,8.4,10,51,light_drizzle,12.6,25.2,0.0,5.4,8.4,true
bayside,Bayside,20910,2026-08-26T07:00:00+10:00,2026-08-25T21:00:00+00:00,-37.94177121090012,145.01933040260965,10.2,8.1,2,51,light_drizzle,12.1,24.8,0.05,5.9,8.7,true
bayside,Bayside,20910,2026-08-26T08:00:00+10:00,2026-08-25T22:00:00+00:00,-37.94177121090012,145.01933040260965,10.6,8.6,0,51,light_drizzle,12.1,24.5,0.35,6.5,9.5,true
bayside,Bayside,20910,2026-08-26T09:00:00+10:00,2026-08-25T23:00:00+00:00,-37.94177121090012,145.01933040260965,11.4,9.2,0,1,mainly_clear,12.8,29.5,1.0,6.5,9.9,true
bayside,Bayside,20910,2026-08-26T10:00:00+10:00,2026-08-26T00:00:00+00:00,-37.94177121090012,145.01933040260965,12.5,10.1,0,1,mainly_clear,14.2,33.1,1.9,7.9,12.5,true
bayside,Bayside,20910,2026-08-26T11:00:00+10:00,2026-08-26T01:00:00+00:00,-37.94177121090012,145.01933040260965,12.9,10.5,3,51,light_drizzle,14.3,34.9,2.8,7.3,11.7,true
bayside,Bayside,20910,2026-08-26T12:00:00+10:00,2026-08-26T02:00:00+00:00,-37.94177121090012,145.01933040260965,13.4,10.5,6,51,light_drizzle,16.6,39.6,2.95,8.0,12.9,true
bayside,Bayside,20910,2026-08-26T13:00:00+10:00,2026-08-26T03:00:00+00:00,-37.94177121090012,145.01933040260965,13.6,10.4,8,1,mainly_clear,17.3,41.4,2.65,7.3,11.9,true
bayside,Bayside,20910,2026-08-26T14:00:00+10:00,2026-08-26T04:00:00+00:00,-37.94177121090012,145.01933040260965,13.5,10.4,6,0,clear_sky,17.3,42.1,2.0,7.1,11.5,true
bayside,Bayside,20910,2026-08-26T15:00:00+10:00,2026-08-26T05:00:00+00:00,-37.94177121090012,145.01933040260965,13.3,10.3,3,0,clear_sky,16.5,41.4,1.15,7.0,11.3,true
bayside,Bayside,20910,2026-08-26T16:00:00+10:00,2026-08-26T06:00:00+00:00,-37.94177121090012,145.01933040260965,13.2,10.3,0,0,clear_sky,15.3,38.9,0.5,7.2,11.5,true
bayside,Bayside,20910,2026-08-26T17:00:00+10:00,2026-08-26T07:00:00+00:00,-37.94177121090012,145.01933040260965,12.8,10.2,0,1,mainly_clear,13.2,35.3,0.1,7.6,11.8,true
bayside,Bayside,20910,2026-08-26T18:00:00+10:00,2026-08-26T08:00:00+00:00,-37.94177121090012,145.01933040260965,12.2,9.7,0,2,partly_cloudy,13.0,27.0,0.0,9.2,13.4,true
bayside,Bayside,20910,2026-08-26T19:00:00+10:00,2026-08-26T09:00:00+00:00,-37.94177121090012,145.01933040260965,12.0,9.7,0,3,overcast,12.1,25.9,0.0,11.3,15.5,true
bayside,Bayside,20910,2026-08-26T20:00:00+10:00,2026-08-26T10:00:00+00:00,-37.94177121090012,145.01933040260965,11.6,9.5,0,3,overcast,10.5,23.8,0.0,12.5,16.8,true
bayside,Bayside,20910,2026-08-26T21:00:00+10:00,2026-08-26T11:00:00+00:00,-37.94177121090012,145.01933040260965,11.2,9.4,0,3,overcast,8.7,20.2,0.0,12.4,16.3,true
bayside,Bayside,20910,2026-08-26T22:00:00+10:00,2026-08-26T12:00:00+00:00,-37.94177121090012,145.01933040260965,10.9,9.3,0,3,overcast,7.0,16.6,0.0,12.8,16.7,true
bayside,Bayside,20910,2026-08-26T23:00:00+10:00,2026-08-26T13:00:00+00:00,-37.94177121090012,145.01933040260965,10.5,9.3,0,3,overcast,5.1,13.3,0.0,13.3,17.2,true
bayside,Bayside,20910,2026-08-27T00:00:00+10:00,2026-08-26T14:00:00+00:00,-37.94177121090012,145.01933040260965,10.2,9.1,0,3,overcast,3.7,9.7,0.0,13.6,17.6,true
bayside,Bayside,20910,2026-08-27T01:00:00+10:00,2026-08-26T15:00:00+00:00,-37.94177121090012,145.01933040260965,10.1,9.5,0,3,overcast,0.6,7.2,0.0,13.6,17.6,true
bayside,Bayside,20910,2026-08-27T02:00:00+10:00,2026-08-26T16:00:00+00:00,-37.94177121090012,145.01933040260965,9.4,8.7,0,3,overcast,0.9,1.8,0.0,13.6,17.7,true
bayside,Bayside,20910,2026-08-27T03:00:00+10:00,2026-08-26T17:00:00+00:00,-37.94177121090012,145.01933040260965,8.7,7.5,0,2,partly_cloudy,3.2,6.8,0.0,13.5,17.7,true
bayside,Bayside,20910,2026-08-27T04:00:00+10:00,2026-08-26T18:00:00+00:00,-37.94177121090012,145.01933040260965,8.3,6.6,0,2,partly_cloudy,6.6,12.2,0.0,13.2,17.5,true
bayside,Bayside,20910,2026-08-27T05:00:00+10:00,2026-08-26T19:00:00+00:00,-37.94177121090012,145.01933040260965,7.9,6.1,0,1,mainly_clear,7.2,14.0,0.0,13.0,17.2,true
bayside,Bayside,20910,2026-08-27T06:00:00+10:00,2026-08-26T20:00:00+00:00,-37.94177121090012,145.01933040260965,7.8,6.0,0,0,clear_sky,6.2,13.3,0.0,13.4,17.5,true
bayside,Bayside,20910,2026-08-27T07:00:00+10:00,2026-08-26T21:00:00+00:00,-37.94177121090012,145.01933040260965,7.3,5.4,0,0,clear_sky,6.4,12.2,0.05,16.2,19.8,true
bayside,Bayside,20910,2026-08-27T08:00:00+10:00,2026-08-26T22:00:00+00:00,-37.94177121090012,145.01933040260965,8.1,6.1,0,1,mainly_clear,7.7,15.1,0.35,20.4,22.5,true
bayside,Bayside,20910,2026-08-27T09:00:00+10:00,2026-08-26T23:00:00+00:00,-37.94177121090012,145.01933040260965,9.7,8.0,0,0,clear_sky,5.9,16.6,1.1,15.4,18.1,true
bayside,Bayside,20910,2026-08-27T10:00:00+10:00,2026-08-27T00:00:00+00:00,-37.94177121090012,145.01933040260965,11.0,9.5,0,0,clear_sky,5.3,17.3,2.15,10.3,14.5,true
bayside,Bayside,20910,2026-08-27T11:00:00+10:00,2026-08-27T01:00:00+00:00,-37.94177121090012,145.01933040260965,12.1,10.8,0,1,mainly_clear,4.2,17.3,2.65,9.5,13.8,true
bayside,Bayside,20910,2026-08-27T12:00:00+10:00,2026-08-27T02:00:00+00:00,-37.94177121090012,145.01933040260965,13.0,12.1,0,3,overcast,3.9,16.6,3.25,9.2,13.4,true
bayside,Bayside,20910,2026-08-27T13:00:00+10:00,2026-08-27T03:00:00+00:00,-37.94177121090012,145.01933040260965,13.3,12.4,0,1,mainly_clear,4.1,16.9,3.3,9.6,13.7,true
bayside,Bayside,20910,2026-08-27T14:00:00+10:00,2026-08-27T04:00:00+00:00,-37.94177121090012,145.01933040260965,13.5,12.5,0,0,clear_sky,5.3,18.4,2.6,9.9,13.9,true
bayside,Bayside,20910,2026-08-27T15:00:00+10:00,2026-08-27T05:00:00+00:00,-37.94177121090012,145.01933040260965,13.4,11.6,0,0,clear_sky,7.3,21.2,1.5,10.1,14.2,true
bayside,Bayside,20910,2026-08-27T16:00:00+10:00,2026-08-27T06:00:00+00:00,-37.94177121090012,145.01933040260965,13.2,11.7,0,0,clear_sky,5.6,21.6,0.6,9.9,13.9,true
bayside,Bayside,20910,2026-08-27T17:00:00+10:00,2026-08-27T07:00:00+00:00,-37.94177121090012,145.01933040260965,12.9,11.7,0,3,overcast,4.2,15.8,0.15,11.4,15.3,true
bayside,Bayside,20910,2026-08-27T18:00:00+10:00,2026-08-27T08:00:00+00:00,-37.94177121090012,145.01933040260965,12.0,11.5,0,3,overcast,0.8,9.7,0.0,15.5,19.2,true
bayside,Bayside,20910,2026-08-27T19:00:00+10:00,2026-08-27T09:00:00+00:00,-37.94177121090012,145.01933040260965,12.1,11.5,0,3,overcast,1.9,3.6,0.0,19.1,22.8,true
bayside,Bayside,20910,2026-08-27T20:00:00+10:00,2026-08-27T10:00:00+00:00,-37.94177121090012,145.01933040260965,12.0,11.5,0,3,overcast,1.3,3.6,0.0,22.3,25.8,true
bayside,Bayside,20910,2026-08-27T21:00:00+10:00,2026-08-27T11:00:00+00:00,-37.94177121090012,145.01933040260965,11.1,10.5,0,3,overcast,1.1,3.6,0.0,25.4,28.8,true
bayside,Bayside,20910,2026-08-27T22:00:00+10:00,2026-08-27T12:00:00+00:00,-37.94177121090012,145.01933040260965,10.8,9.7,0,3,overcast,5.3,10.1,0.0,26.4,29.2,true
bayside,Bayside,20910,2026-08-27T23:00:00+10:00,2026-08-27T13:00:00+00:00,-37.94177121090012,145.01933040260965,10.4,8.8,0,3,overcast,7.4,14.0,0.0,23.2,25.2,true
bayside,Bayside,20910,2026-08-28T00:00:00+10:00,2026-08-27T14:00:00+00:00,-37.94177121090012,145.01933040260965,10.4,8.5,0,3,overcast,8.8,16.2,0.0,19.4,21.0,true
bayside,Bayside,20910,2026-08-28T01:00:00+10:00,2026-08-27T15:00:00+00:00,-37.94177121090012,145.01933040260965,10.4,8.2,0,1,mainly_clear,10.5,19.8,0.0,16.6,18.0,true
bayside,Bayside,20910,2026-08-28T02:00:00+10:00,2026-08-27T16:00:00+00:00,-37.94177121090012,145.01933040260965,9.5,7.2,0,2,partly_cloudy,11.1,22.0,0.0,13.8,15.0,true
bayside,Bayside,20910,2026-08-28T03:00:00+10:00,2026-08-27T17:00:00+00:00,-37.94177121090012,145.01933040260965,8.9,6.5,0,2,partly_cloudy,10.4,21.6,0.0,11.1,12.2,true
bayside,Bayside,20910,2026-08-28T04:00:00+10:00,2026-08-27T18:00:00+00:00,-37.94177121090012,145.01933040260965,8.7,6.1,0,2,partly_cloudy,10.6,21.2,0.0,8.7,9.7,true
bayside,Bayside,20910,2026-08-28T05:00:00+10:00,2026-08-27T19:00:00+00:00,-37.94177121090012,145.01933040260965,8.7,6.0,0,0,clear_sky,11.2,21.2,0.0,7.4,8.6,true
bayside,Bayside,20910,2026-08-28T06:00:00+10:00,2026-08-27T20:00:00+00:00,-37.94177121090012,145.01933040260965,8.8,6.0,0,0,clear_sky,11.1,21.6,0.0,6.6,8.0,true
bayside,Bayside,20910,2026-08-28T07:00:00+10:00,2026-08-27T21:00:00+00:00,-37.94177121090012,145.01933040260965,8.6,5.8,0,0,clear_sky,10.9,22.0,0.0,7.2,8.5,true
bayside,Bayside,20910,2026-08-28T08:00:00+10:00,2026-08-27T22:00:00+00:00,-37.94177121090012,145.01933040260965,9.5,6.8,2,0,clear_sky,11.4,22.3,0.1,8.5,10.0,true
bayside,Bayside,20910,2026-08-28T09:00:00+10:00,2026-08-27T23:00:00+00:00,-37.94177121090012,145.01933040260965,11.3,9.1,4,0,clear_sky,10.1,23.8,0.35,10.3,11.9,true
bayside,Bayside,20910,2026-08-28T10:00:00+10:00,2026-08-28T00:00:00+00:00,-37.94177121090012,145.01933040260965,13.0,10.9,8,1,mainly_clear,9.3,24.1,0.85,8.8,10.7,true
bayside,Bayside,20910,2026-08-28T11:00:00+10:00,2026-08-28T01:00:00+00:00,-37.94177121090012,145.01933040260965,14.0,12.2,12,3,overcast,7.1,23.8,1.8,7.7,9.7,true
bayside,Bayside,20910,2026-08-28T12:00:00+10:00,2026-08-28T02:00:00+00:00,-37.94177121090012,145.01933040260965,14.1,12.6,18,3,overcast,5.8,20.2,2.65,5.8,7.7,true
bayside,Bayside,20910,2026-08-28T13:00:00+10:00,2026-08-28T03:00:00+00:00,-37.94177121090012,145.01933040260965,14.0,13.0,24,51,light_drizzle,5.2,15.5,3.1,6.0,8.6,true
bayside,Bayside,20910,2026-08-28T14:00:00+10:00,2026-08-28T04:00:00+00:00,-37.94177121090012,145.01933040260965,13.8,13.0,35,53,moderate_drizzle,5.5,13.3,2.5,7.4,11.3,true
bayside,Bayside,20910,2026-08-28T15:00:00+10:00,2026-08-28T05:00:00+00:00,-37.94177121090012,145.01933040260965,13.6,13.1,46,53,moderate_drizzle,5.7,15.8,1.55,8.7,13.7,true
bayside,Bayside,20910,2026-08-28T16:00:00+10:00,2026-08-28T06:00:00+00:00,-37.94177121090012,145.01933040260965,13.5,13.4,51,53,moderate_drizzle,3.8,16.2,0.65,10.0,15.7,true
bayside,Bayside,20910,2026-08-28T17:00:00+10:00,2026-08-28T07:00:00+00:00,-37.94177121090012,145.01933040260965,13.4,13.5,43,3,overcast,1.9,11.5,0.15,11.0,17.3,true
bayside,Bayside,20910,2026-08-28T18:00:00+10:00,2026-08-28T08:00:00+00:00,-37.94177121090012,145.01933040260965,13.0,13.2,27,3,overcast,2.0,6.1,0.0,13.9,20.7,true
bayside,Bayside,20910,2026-08-28T19:00:00+10:00,2026-08-28T09:00:00+00:00,-37.94177121090012,145.01933040260965,13.0,12.8,14,51,light_drizzle,4.6,8.6,0.0,17.2,23.7,true
bayside,Bayside,20910,2026-08-28T20:00:00+10:00,2026-08-28T10:00:00+00:00,-37.94177121090012,145.01933040260965,12.7,12.2,7,51,light_drizzle,6.0,11.2,0.0,20.1,27.0,true
bayside,Bayside,20910,2026-08-28T21:00:00+10:00,2026-08-28T11:00:00+00:00,-37.94177121090012,145.01933040260965,12.1,11.5,3,1,mainly_clear,4.6,11.5,0.0,21.8,28.8,true
bayside,Bayside,20910,2026-08-28T22:00:00+10:00,2026-08-28T12:00:00+00:00,-37.94177121090012,145.01933040260965,11.6,10.7,0,3,overcast,5.8,10.8,0.0,22.8,29.9,true
bayside,Bayside,20910,2026-08-28T23:00:00+10:00,2026-08-28T13:00:00+00:00,-37.94177121090012,145.01933040260965,11.3,10.7,0,3,overcast,3.6,11.2,0.0,23.4,30.6,true
bayside,Bayside,20910,2026-08-29T00:00:00+10:00,2026-08-28T14:00:00+00:00,-37.94177121090012,145.01933040260965,11.1,10.5,1,3,overcast,2.6,6.1,0.0,23.7,31.0,true
bayside,Bayside,20910,2026-08-29T01:00:00+10:00,2026-08-28T15:00:00+00:00,-37.94177121090012,145.01933040260965,11.5,10.7,2,51,light_drizzle,5.3,9.4,0.0,23.3,30.3,true
bayside,Bayside,20910,2026-08-29T02:00:00+10:00,2026-08-28T16:00:00+00:00,-37.94177121090012,145.01933040260965,11.3,10.3,3,51,light_drizzle,6.3,11.2,0.0,21.3,27.4,true
bayside,Bayside,20910,2026-08-29T03:00:00+10:00,2026-08-28T17:00:00+00:00,-37.94177121090012,145.01933040260965,11.2,9.8,4,51,light_drizzle,8.5,15.5,0.0,17.9,23.1,true
bayside,Bayside,20910,2026-08-29T04:00:00+10:00,2026-08-28T18:00:00+00:00,-37.94177121090012,145.01933040260965,10.8,9.3,4,2,partly_cloudy,8.7,16.6,0.0,14.8,19.2,true
bayside,Bayside,20910,2026-08-29T05:00:00+10:00,2026-08-28T19:00:00+00:00,-37.94177121090012,145.01933040260965,10.3,8.8,3,1,mainly_clear,8.4,16.2,0.0,12.3,16.1,true
bayside,Bayside,20910,2026-08-29T06:00:00+10:00,2026-08-28T20:00:00+00:00,-37.94177121090012,145.01933040260965,9.6,8.0,1,0,clear_sky,8.5,15.5,0.0,11.1,14.4,true
bayside,Bayside,20910,2026-08-29T07:00:00+10:00,2026-08-28T21:00:00+00:00,-37.94177121090012,145.01933040260965,9.1,7.4,0,1,mainly_clear,8.7,16.2,0.05,12.4,15.3,true
bayside,Bayside,20910,2026-08-29T08:00:00+10:00,2026-08-28T22:00:00+00:00,-37.94177121090012,145.01933040260965,9.5,8.0,0,1,mainly_clear,8.3,19.4,0.25,14.0,16.9,true
bayside,Bayside,20910,2026-08-29T09:00:00+10:00,2026-08-28T23:00:00+00:00,-37.94177121090012,145.01933040260965,9.9,8.3,1,1,mainly_clear,8.3,20.9,0.7,12.3,16.1,true
bayside,Bayside,20910,2026-08-29T10:00:00+10:00,2026-08-29T00:00:00+00:00,-37.94177121090012,145.01933040260965,10.7,9.2,2,2,partly_cloudy,8.2,22.0,1.25,12.3,17.6,true
bayside,Bayside,20910,2026-08-29T11:00:00+10:00,2026-08-29T01:00:00+00:00,-37.94177121090012,145.01933040260965,11.3,9.7,2,2,partly_cloudy,8.9,24.5,1.5,11.9,17.9,true
bayside,Bayside,20910,2026-08-29T12:00:00+10:00,2026-08-29T02:00:00+00:00,-37.94177121090012,145.01933040260965,11.9,10.2,1,1,mainly_clear,9.3,25.6,1.55,12.0,18.6,true
bayside,Bayside,20910,2026-08-29T13:00:00+10:00,2026-08-29T03:00:00+00:00,-37.94177121090012,145.01933040260965,12.5,10.7,0,2,partly_cloudy,10.8,28.8,1.6,11.8,18.5,true
bayside,Bayside,20910,2026-08-29T14:00:00+10:00,2026-08-29T04:00:00+00:00,-37.94177121090012,145.01933040260965,12.5,9.9,0,3,overcast,12.9,33.1,1.2,11.8,18.7,true
bayside,Bayside,20910,2026-08-29T15:00:00+10:00,2026-08-29T05:00:00+00:00,-37.94177121090012,145.01933040260965,12.4,9.9,0,51,light_drizzle,13.2,33.5,0.7,12.8,20.3,true
bayside,Bayside,20910,2026-08-29T16:00:00+10:00,2026-08-29T06:00:00+00:00,-37.94177121090012,145.01933040260965,12.3,10.1,0,2,partly_cloudy,10.8,32.0,0.3,14.8,23.3,true
bayside,Bayside,20910,2026-08-29T17:00:00+10:00,2026-08-29T07:00:00+00:00,-37.94177121090012,145.01933040260965,12.2,10.2,0,3,overcast,9.8,25.2,0.1,16.6,26.0,true
bayside,Bayside,20910,2026-08-29T18:00:00+10:00,2026-08-29T08:00:00+00:00,-37.94177121090012,145.01933040260965,11.5,10.6,0,1,mainly_clear,3.4,20.2,0.0,16.3,24.9,true
bayside,Bayside,20910,2026-08-29T19:00:00+10:00,2026-08-29T09:00:00+00:00,-37.94177121090012,145.01933040260965,11.0,9.9,0,3,overcast,4.3,7.9,0.0,15.7,22.8,true
bayside,Bayside,20910,2026-08-29T20:00:00+10:00,2026-08-29T10:00:00+00:00,-37.94177121090012,145.01933040260965,11.6,10.4,1,3,overcast,6.2,11.5,0.0,16.1,23.0,true
bayside,Bayside,20910,2026-08-29T21:00:00+10:00,2026-08-29T11:00:00+00:00,-37.94177121090012,145.01933040260965,11.9,10.4,1,3,overcast,8.6,16.2,0.0,16.3,23.1,true
bayside,Bayside,20910,2026-08-29T22:00:00+10:00,2026-08-29T12:00:00+00:00,-37.94177121090012,145.01933040260965,11.7,10.1,2,51,light_drizzle,9.8,19.1,0.0,15.3,21.4,true
bayside,Bayside,20910,2026-08-29T23:00:00+10:00,2026-08-29T13:00:00+00:00,-37.94177121090012,145.01933040260965,11.6,10.1,2,51,light_drizzle,9.2,18.7,0.0,14.3,20.2,true
bayside,Bayside,20910,2026-08-30T00:00:00+10:00,2026-08-29T14:00:00+00:00,-37.94177121090012,145.01933040260965,11.4,9.9,2,51,light_drizzle,8.3,17.3,0.0,12.9,18.2,true
bayside,Bayside,20910,2026-08-30T01:00:00+10:00,2026-08-29T15:00:00+00:00,-37.94177121090012,145.01933040260965,10.8,9.5,2,3,overcast,7.3,15.8,0.0,11.4,16.2,true
bayside,Bayside,20910,2026-08-30T02:00:00+10:00,2026-08-29T16:00:00+00:00,-37.94177121090012,145.01933040260965,10.6,9.2,2,3,overcast,8.0,14.8,0.0,10.5,15.0,true
bayside,Bayside,20910,2026-08-30T03:00:00+10:00,2026-08-29T17:00:00+00:00,-37.94177121090012,145.01933040260965,10.2,8.8,2,3,overcast,7.7,15.1,0.0,9.8,14.2,true
bayside,Bayside,20910,2026-08-30T04:00:00+10:00,2026-08-29T18:00:00+00:00,-37.94177121090012,145.01933040260965,9.6,8.2,2,3,overcast,7.2,14.8,0.0,9.3,13.6,true
bayside,Bayside,20910,2026-08-30T05:00:00+10:00,2026-08-29T19:00:00+00:00,-37.94177121090012,145.01933040260965,9.4,8.0,1,3,overcast,7.3,14.4,0.0,9.0,13.3,true
bayside,Bayside,20910,2026-08-30T06:00:00+10:00,2026-08-29T20:00:00+00:00,-37.94177121090012,145.01933040260965,9.4,7.9,1,3,overcast,7.4,13.7,0.0,9.3,13.6,true
bayside,Bayside,20910,2026-08-30T07:00:00+10:00,2026-08-29T21:00:00+00:00,-37.94177121090012,145.01933040260965,9.6,8.1,0,3,overcast,7.4,14.4,0.0,10.9,15.2,true
bayside,Bayside,20910,2026-08-30T08:00:00+10:00,2026-08-29T22:00:00+00:00,-37.94177121090012,145.01933040260965,10.2,8.8,0,3,overcast,7.1,16.9,0.2,12.5,17.0,true
bayside,Bayside,20910,2026-08-30T09:00:00+10:00,2026-08-29T23:00:00+00:00,-37.94177121090012,145.01933040260965,11.0,9.6,0,3,overcast,7.4,20.2,0.55,12.6,17.5,true
bayside,Bayside,20910,2026-08-30T10:00:00+10:00,2026-08-30T00:00:00+00:00,-37.94177121090012,145.01933040260965,11.8,10.3,0,3,overcast,8.3,23.0,1.15,12.1,17.4,true
bayside,Bayside,20910,2026-08-30T11:00:00+10:00,2026-08-30T01:00:00+00:00,-37.94177121090012,145.01933040260965,12.5,10.9,0,51,light_drizzle,8.9,25.2,1.8,12.1,18.2,true
bayside,Bayside,20910,2026-08-30T12:00:00+10:00,2026-08-30T02:00:00+00:00,-37.94177121090012,145.01933040260965,13.1,11.4,0,51,light_drizzle,9.6,26.6,2.35,11.8,18.1,true
bayside,Bayside,20910,2026-08-30T13:00:00+10:00,2026-08-30T03:00:00+00:00,-37.94177121090012,145.01933040260965,13.5,11.7,0,51,light_drizzle,10.2,28.1,2.55,11.8,18.2,true
bayside,Bayside,20910,2026-08-30T14:00:00+10:00,2026-08-30T04:00:00+00:00,-37.94177121090012,145.01933040260965,13.6,11.6,0,51,light_drizzle,10.9,29.2,2.25,10.2,15.7,true
bayside,Bayside,20910,2026-08-30T15:00:00+10:00,2026-08-30T05:00:00+00:00,-37.94177121090012,145.01933040260965,13.4,11.4,0,51,light_drizzle,11.3,29.5,1.35,10.0,15.2,true
bayside,Bayside,20910,2026-08-30T16:00:00+10:00,2026-08-30T06:00:00+00:00,-37.94177121090012,145.01933040260965,13.1,11.2,0,51,light_drizzle,10.8,29.5,0.55,10.0,15.1,true
bayside,Bayside,20910,2026-08-30T17:00:00+10:00,2026-08-30T07:00:00+00:00,-37.94177121090012,145.01933040260965,12.6,11.0,0,3,overcast,8.6,29.2,0.1,10.0,15.3,true
bayside,Bayside,20910,2026-08-30T18:00:00+10:00,2026-08-30T08:00:00+00:00,-37.94177121090012,145.01933040260965,11.9,10.8,0,3,overcast,5.6,28.4,0.0,11.4,16.5,true
bayside,Bayside,20910,2026-08-30T19:00:00+10:00,2026-08-30T09:00:00+00:00,-37.94177121090012,145.01933040260965,11.5,10.8,0,3,overcast,3.3,25.9,0.0,11.4,15.7,true
bayside,Bayside,20910,2026-08-30T20:00:00+10:00,2026-08-30T10:00:00+00:00,-37.94177121090012,145.01933040260965,11.4,10.8,0,3,overcast,2.1,19.8,0.0,11.5,15.7,true
bayside,Bayside,20910,2026-08-30T21:00:00+10:00,2026-08-30T11:00:00+00:00,-37.94177121090012,145.01933040260965,11.4,11.0,0,3,overcast,1.3,11.9,0.0,12.4,16.7,true
bayside,Bayside,20910,2026-08-30T22:00:00+10:00,2026-08-30T12:00:00+00:00,-37.94177121090012,145.01933040260965,11.5,11.1,0,3,overcast,0.7,5.8,0.0,13.6,18.2,true
bayside,Bayside,20910,2026-08-30T23:00:00+10:00,2026-08-30T13:00:00+00:00,-37.94177121090012,145.01933040260965,11.4,11.0,0,3,overcast,0.4,2.9,,,,false
bayside,Bayside,20910,2026-08-31T00:00:00+10:00,2026-08-30T14:00:00+00:00,-37.94177121090012,145.01933040260965,11.3,11.0,0,3,overcast,0.0,1.8,,,,false
bayside,Bayside,20910,2026-08-31T01:00:00+10:00,2026-08-30T15:00:00+00:00,-37.94177121090012,145.01933040260965,11.1,10.8,0,3,overcast,0.2,1.4,,,,false
bayside,Bayside,20910,2026-08-31T02:00:00+10:00,2026-08-30T16:00:00+00:00,-37.94177121090012,145.01933040260965,11.0,10.7,0,3,overcast,0.6,1.8,,,,false
bayside,Bayside,20910,2026-08-31T03:00:00+10:00,2026-08-30T17:00:00+00:00,-37.94177121090012,145.01933040260965,10.8,10.4,0,3,overcast,1.2,2.9,,,,false
bayside,Bayside,20910,2026-08-31T04:00:00+10:00,2026-08-30T18:00:00+00:00,-37.94177121090012,145.01933040260965,10.6,10.2,0,3,overcast,1.7,4.0,,,,false
bayside,Bayside,20910,2026-08-31T05:00:00+10:00,2026-08-30T19:00:00+00:00,-37.94177121090012,145.01933040260965,10.4,9.9,0,51,light_drizzle,2.2,4.7,,,,false
bayside,Bayside,20910,2026-08-31T06:00:00+10:00,2026-08-30T20:00:00+00:00,-37.94177121090012,145.01933040260965,10.1,9.6,0,51,light_drizzle,2.9,5.8,,,,false
bayside,Bayside,20910,2026-08-31T07:00:00+10:00,2026-08-30T21:00:00+00:00,-37.94177121090012,145.01933040260965,10.2,9.5,0,51,light_drizzle,3.6,7.2,,,,false
bayside,Bayside,20910,2026-08-31T08:00:00+10:00,2026-08-30T22:00:00+00:00,-37.94177121090012,145.01933040260965,10.5,9.8,0,51,light_drizzle,4.1,9.7,,,,false
bayside,Bayside,20910,2026-08-31T09:00:00+10:00,2026-08-30T23:00:00+00:00,-37.94177121090012,145.01933040260965,11.1,10.3,0,51,light_drizzle,4.5,12.6,,,,false
bayside,Bayside,20910,2026-08-31T10:00:00+10:00,2026-08-31T00:00:00+00:00,-37.94177121090012,145.01933040260965,11.9,11.1,0,51,light_drizzle,4.3,15.1,,,,false
bayside,Bayside,20910,2026-08-31T11:00:00+10:00,2026-08-31T01:00:00+00:00,-37.94177121090012,145.01933040260965,12.9,12.3,0,2,partly_cloudy,3.2,15.8,,,,false
bayside,Bayside,20910,2026-08-31T12:00:00+10:00,2026-08-31T02:00:00+00:00,-37.94177121090012,145.01933040260965,14.1,13.7,0,1,mainly_clear,2.6,16.2,,,,false
bayside,Bayside,20910,2026-08-31T13:00:00+10:00,2026-08-31T03:00:00+00:00,-37.94177121090012,145.01933040260965,14.9,14.7,0,0,clear_sky,3.6,17.3,,,,false
bayside,Bayside,20910,2026-08-31T14:00:00+10:00,2026-08-31T04:00:00+00:00,-37.94177121090012,145.01933040260965,14.9,14.7,0,0,clear_sky,5.4,20.9,,,,false
bayside,Bayside,20910,2026-08-31T15:00:00+10:00,2026-08-31T05:00:00+00:00,-37.94177121090012,145.01933040260965,14.6,13.5,0,0,clear_sky,7.6,25.2,,,,false
bayside,Bayside,20910,2026-08-31T16:00:00+10:00,2026-08-31T06:00:00+00:00,-37.94177121090012,145.01933040260965,14.0,12.8,0,0,clear_sky,8.3,27.7,,,,false
bayside,Bayside,20910,2026-08-31T17:00:00+10:00,2026-08-31T07:00:00+00:00,-37.94177121090012,145.01933040260965,13.2,12.0,0,0,clear_sky,7.1,26.3,,,,false
bayside,Bayside,20910,2026-08-31T18:00:00+10:00,2026-08-31T08:00:00+00:00,-37.94177121090012,145.01933040260965,12.1,11.2,0,0,clear_sky,4.8,22.7,,,,false
bayside,Bayside,20910,2026-08-31T19:00:00+10:00,2026-08-31T09:00:00+00:00,-37.94177121090012,145.01933040260965,11.5,10.9,0,0,clear_sky,3.1,20.9,,,,false
bayside,Bayside,20910,2026-08-31T20:00:00+10:00,2026-08-31T10:00:00+00:00,-37.94177121090012,145.01933040260965,11.7,10.8,0,0,clear_sky,5.2,22.3,,,,false
bayside,Bayside,20910,2026-08-31T21:00:00+10:00,2026-08-31T11:00:00+00:00,-37.94177121090012,145.01933040260965,12.4,10.8,0,0,clear_sky,10.4,25.6,,,,false
bayside,Bayside,20910,2026-08-31T22:00:00+10:00,2026-08-31T12:00:00+00:00,-37.94177121090012,145.01933040260965,12.8,10.7,0,0,clear_sky,14.6,28.4,,,,false
bayside,Bayside,20910,2026-08-31T23:00:00+10:00,2026-08-31T13:00:00+00:00,-37.94177121090012,145.01933040260965,12.7,10.4,0,0,clear_sky,16.2,29.5,,,,false
bayside,Bayside,20910,2026-09-01T00:00:00+10:00,2026-08-31T14:00:00+00:00,-37.94177121090012,145.01933040260965,12.4,10.0,0,0,clear_sky,16.4,30.2,,,,false
bayside,Bayside,20910,2026-09-01T01:00:00+10:00,2026-08-31T15:00:00+00:00,-37.94177121090012,145.01933040260965,12.2,9.7,0,0,clear_sky,16.9,32.0,,,,false
bayside,Bayside,20910,2026-09-01T02:00:00+10:00,2026-08-31T16:00:00+00:00,-37.94177121090012,145.01933040260965,12.4,9.7,0,0,clear_sky,18.9,36.4,,,,false
bayside,Bayside,20910,2026-09-01T03:00:00+10:00,2026-08-31T17:00:00+00:00,-37.94177121090012,145.01933040260965,12.7,9.7,0,1,mainly_clear,21.4,41.8,,,,false
bayside,Bayside,20910,2026-09-01T04:00:00+10:00,2026-08-31T18:00:00+00:00,-37.94177121090012,145.01933040260965,12.9,9.7,0,1,mainly_clear,23.3,46.1,,,,false
bayside,Bayside,20910,2026-09-01T05:00:00+10:00,2026-08-31T19:00:00+00:00,-37.94177121090012,145.01933040260965,12.8,9.5,0,2,partly_cloudy,24.0,47.9,,,,false
bayside,Bayside,20910,2026-09-01T06:00:00+10:00,2026-08-31T20:00:00+00:00,-37.94177121090012,145.01933040260965,12.6,9.2,0,2,partly_cloudy,24.0,48.2,,,,false
bayside,Bayside,20910,2026-09-01T07:00:00+10:00,2026-08-31T21:00:00+00:00,-37.94177121090012,145.01933040260965,12.7,9.2,0,3,overcast,24.3,49.7,,,,false
bayside,Bayside,20910,2026-09-01T08:00:00+10:00,2026-08-31T22:00:00+00:00,-37.94177121090012,145.01933040260965,13.9,10.2,0,1,mainly_clear,26.0,55.4,,,,false
bayside,Bayside,20910,2026-09-01T09:00:00+10:00,2026-08-31T23:00:00+00:00,-37.94177121090012,145.01933040260965,14.2,10.4,0,1,mainly_clear,26.4,57.6,,,,false
bayside,Bayside,20910,2026-09-01T10:00:00+10:00,2026-09-01T00:00:00+00:00,-37.94177121090012,145.01933040260965,14.7,10.9,0,1,mainly_clear,26.6,59.4,,,,false
bayside,Bayside,20910,2026-09-01T11:00:00+10:00,2026-09-01T01:00:00+00:00,-37.94177121090012,145.01933040260965,15.3,11.5,3,1,mainly_clear,26.9,61.6,,,,false
bayside,Bayside,20910,2026-09-01T12:00:00+10:00,2026-09-01T02:00:00+00:00,-37.94177121090012,145.01933040260965,16.2,12.6,8,2,partly_cloudy,27.2,63.4,,,,false
bayside,Bayside,20910,2026-09-01T13:00:00+10:00,2026-09-01T03:00:00+00:00,-37.94177121090012,145.01933040260965,17.2,13.4,13,2,partly_cloudy,27.6,65.5,,,,false
bayside,Bayside,20910,2026-09-01T14:00:00+10:00,2026-09-01T04:00:00+00:00,-37.94177121090012,145.01933040260965,18.0,14.2,19,3,overcast,27.8,67.0,,,,false
bayside,Bayside,20910,2026-09-01T15:00:00+10:00,2026-09-01T05:00:00+00:00,-37.94177121090012,145.01933040260965,18.6,14.8,25,3,overcast,27.6,68.0,,,,false
bayside,Bayside,20910,2026-09-01T16:00:00+10:00,2026-09-01T06:00:00+00:00,-37.94177121090012,145.01933040260965,18.7,15.1,31,3,overcast,26.4,68.8,,,,false
bayside,Bayside,20910,2026-09-01T17:00:00+10:00,2026-09-01T07:00:00+00:00,-37.94177121090012,145.01933040260965,18.2,14.9,38,55,dense_drizzle,24.1,68.4,,,,false
bayside,Bayside,20910,2026-09-01T18:00:00+10:00,2026-09-01T08:00:00+00:00,-37.94177121090012,145.01933040260965,17.3,14.3,45,55,dense_drizzle,21.8,67.7,,,,false
bayside,Bayside,20910,2026-09-01T19:00:00+10:00,2026-09-01T09:00:00+00:00,-37.94177121090012,145.01933040260965,16.1,13.0,52,55,dense_drizzle,21.5,66.2,,,,false
bayside,Bayside,20910,2026-09-01T20:00:00+10:00,2026-09-01T10:00:00+00:00,-37.94177121090012,145.01933040260965,14.7,11.3,58,55,dense_drizzle,23.2,64.4,,,,false
bayside,Bayside,20910,2026-09-01T21:00:00+10:00,2026-09-01T11:00:00+00:00,-37.94177121090012,145.01933040260965,13.5,9.6,63,55,dense_drizzle,25.7,63.0,,,,false
bayside,Bayside,20910,2026-09-01T22:00:00+10:00,2026-09-01T12:00:00+00:00,-37.94177121090012,145.01933040260965,12.5,8.4,65,55,dense_drizzle,27.0,61.6,,,,false
bayside,Bayside,20910,2026-09-01T23:00:00+10:00,2026-09-01T13:00:00+00:00,-37.94177121090012,145.01933040260965,11.8,7.7,63,0,clear_sky,25.7,60.8,,,,false
boroondara,Boroondara,21110,2026-08-26T00:00:00+10:00,2026-08-25T14:00:00+00:00,-37.82638816829649,145.06120032823353,11.3,9.4,74,53,moderate_drizzle,14.0,27.4,0.0,3.8,5.5,true
boroondara,Boroondara,21110,2026-08-26T01:00:00+10:00,2026-08-25T15:00:00+00:00,-37.82638816829649,145.06120032823353,10.9,9.1,100,51,light_drizzle,13.3,28.8,0.0,3.9,6.0,true
boroondara,Boroondara,21110,2026-08-26T02:00:00+10:00,2026-08-25T16:00:00+00:00,-37.82638816829649,145.06120032823353,10.8,9.1,89,51,light_drizzle,11.6,25.6,0.0,4.4,7.0,true
boroondara,Boroondara,21110,2026-08-26T03:00:00+10:00,2026-08-25T17:00:00+00:00,-37.82638816829649,145.06120032823353,10.8,8.9,62,51,light_drizzle,12.3,23.0,0.0,4.9,7.8,true
boroondara,Boroondara,21110,2026-08-26T04:00:00+10:00,2026-08-25T18:00:00+00:00,-37.82638816829649,145.06120032823353,10.2,8.3,37,1,mainly_clear,10.6,23.0,0.0,5.1,8.1,true
boroondara,Boroondara,21110,2026-08-26T05:00:00+10:00,2026-08-25T19:00:00+00:00,-37.82638816829649,145.06120032823353,9.2,7.6,22,2,partly_cloudy,7.2,19.4,0.0,5.3,8.4,true
boroondara,Boroondara,21110,2026-08-26T06:00:00+10:00,2026-08-25T20:00:00+00:00,-37.82638816829649,145.06120032823353,8.7,7.2,10,1,mainly_clear,6.5,13.3,0.0,5.4,8.4,true
boroondara,Boroondara,21110,2026-08-26T07:00:00+10:00,2026-08-25T21:00:00+00:00,-37.82638816829649,145.06120032823353,8.0,6.5,2,1,mainly_clear,5.9,11.5,0.05,5.9,8.7,true
boroondara,Boroondara,21110,2026-08-26T08:00:00+10:00,2026-08-25T22:00:00+00:00,-37.82638816829649,145.06120032823353,9.2,7.5,0,3,overcast,8.3,15.8,0.35,6.5,9.5,true
boroondara,Boroondara,21110,2026-08-26T09:00:00+10:00,2026-08-25T23:00:00+00:00,-37.82638816829649,145.06120032823353,10.4,9.0,0,51,light_drizzle,7.0,18.0,1.0,6.5,9.9,true
boroondara,Boroondara,21110,2026-08-26T10:00:00+10:00,2026-08-26T00:00:00+00:00,-37.82638816829649,145.06120032823353,12.4,10.4,0,1,mainly_clear,11.5,23.4,1.9,7.9,12.5,true
boroondara,Boroondara,21110,2026-08-26T11:00:00+10:00,2026-08-26T01:00:00+00:00,-37.82638816829649,145.06120032823353,13.5,10.9,3,51,light_drizzle,13.9,33.8,2.8,7.3,11.7,true
boroondara,Boroondara,21110,2026-08-26T12:00:00+10:00,2026-08-26T02:00:00+00:00,-37.82638816829649,145.06120032823353,13.8,11.2,6,1,mainly_clear,14.8,35.6,2.95,8.0,12.9,true
boroondara,Boroondara,21110,2026-08-26T13:00:00+10:00,2026-08-26T03:00:00+00:00,-37.82638816829649,145.06120032823353,13.9,11.1,8,51,light_drizzle,15.4,37.8,2.65,7.3,11.9,true
boroondara,Boroondara,21110,2026-08-26T14:00:00+10:00,2026-08-26T04:00:00+00:00,-37.82638816829649,145.06120032823353,14.2,11.4,6,1,mainly_clear,14.7,37.1,2.0,7.1,11.5,true
boroondara,Boroondara,21110,2026-08-26T15:00:00+10:00,2026-08-26T05:00:00+00:00,-37.82638816829649,145.06120032823353,13.7,11.1,3,0,clear_sky,13.6,35.3,1.15,7.0,11.3,true
boroondara,Boroondara,21110,2026-08-26T16:00:00+10:00,2026-08-26T06:00:00+00:00,-37.82638816829649,145.06120032823353,13.2,10.7,0,1,mainly_clear,12.4,32.4,0.5,7.2,11.5,true
boroondara,Boroondara,21110,2026-08-26T17:00:00+10:00,2026-08-26T07:00:00+00:00,-37.82638816829649,145.06120032823353,12.6,10.3,0,2,partly_cloudy,11.0,29.2,0.1,7.6,11.8,true
boroondara,Boroondara,21110,2026-08-26T18:00:00+10:00,2026-08-26T08:00:00+00:00,-37.82638816829649,145.06120032823353,11.2,9.4,0,2,partly_cloudy,7.3,24.1,0.0,9.2,13.4,true
boroondara,Boroondara,21110,2026-08-26T19:00:00+10:00,2026-08-26T09:00:00+00:00,-37.82638816829649,145.06120032823353,10.7,9.0,0,3,overcast,7.0,14.8,0.0,11.3,15.5,true
boroondara,Boroondara,21110,2026-08-26T20:00:00+10:00,2026-08-26T10:00:00+00:00,-37.82638816829649,145.06120032823353,10.2,8.6,0,3,overcast,5.9,13.7,0.0,12.5,16.8,true
boroondara,Boroondara,21110,2026-08-26T21:00:00+10:00,2026-08-26T11:00:00+00:00,-37.82638816829649,145.06120032823353,9.9,8.5,0,3,overcast,5.0,11.9,0.0,12.4,16.3,true
boroondara,Boroondara,21110,2026-08-26T22:00:00+10:00,2026-08-26T12:00:00+00:00,-37.82638816829649,145.06120032823353,9.7,8.5,0,3,overcast,4.0,9.4,0.0,12.8,16.7,true
boroondara,Boroondara,21110,2026-08-26T23:00:00+10:00,2026-08-26T13:00:00+00:00,-37.82638816829649,145.06120032823353,9.3,8.1,0,3,overcast,3.3,7.2,0.0,13.3,17.2,true
boroondara,Boroondara,21110,2026-08-27T00:00:00+10:00,2026-08-26T14:00:00+00:00,-37.82638816829649,145.06120032823353,8.8,7.8,0,3,overcast,1.5,5.8,0.0,13.6,17.6,true
boroondara,Boroondara,21110,2026-08-27T01:00:00+10:00,2026-08-26T15:00:00+00:00,-37.82638816829649,145.06120032823353,8.5,7.5,0,2,partly_cloudy,2.1,4.7,0.0,13.6,17.6,true
boroondara,Boroondara,21110,2026-08-27T02:00:00+10:00,2026-08-26T16:00:00+00:00,-37.82638816829649,145.06120032823353,7.8,6.4,0,1,mainly_clear,3.8,7.6,0.0,13.6,17.7,true
boroondara,Boroondara,21110,2026-08-27T03:00:00+10:00,2026-08-26T17:00:00+00:00,-37.82638816829649,145.06120032823353,6.9,5.6,0,1,mainly_clear,2.1,7.2,0.0,13.5,17.7,true
boroondara,Boroondara,21110,2026-08-27T04:00:00+10:00,2026-08-26T18:00:00+00:00,-37.82638816829649,145.06120032823353,6.4,5.1,0,0,clear_sky,2.1,3.2,0.0,13.2,17.5,true
boroondara,Boroondara,21110,2026-08-27T05:00:00+10:00,2026-08-26T19:00:00+00:00,-37.82638816829649,145.06120032823353,6.3,4.9,0,0,clear_sky,1.5,3.2,0.0,13.0,17.2,true
boroondara,Boroondara,21110,2026-08-27T06:00:00+10:00,2026-08-26T20:00:00+00:00,-37.82638816829649,145.06120032823353,5.8,4.3,0,0,clear_sky,1.3,2.5,0.0,13.4,17.5,true
boroondara,Boroondara,21110,2026-08-27T07:00:00+10:00,2026-08-26T21:00:00+00:00,-37.82638816829649,145.06120032823353,5.1,3.5,0,0,clear_sky,1.5,2.5,0.05,16.2,19.8,true
boroondara,Boroondara,21110,2026-08-27T08:00:00+10:00,2026-08-26T22:00:00+00:00,-37.82638816829649,145.06120032823353,6.9,5.3,0,1,mainly_clear,2.7,7.6,0.35,20.4,22.5,true
boroondara,Boroondara,21110,2026-08-27T09:00:00+10:00,2026-08-26T23:00:00+00:00,-37.82638816829649,145.06120032823353,9.4,8.2,0,1,mainly_clear,1.4,9.0,1.1,15.4,18.1,true
boroondara,Boroondara,21110,2026-08-27T10:00:00+10:00,2026-08-27T00:00:00+00:00,-37.82638816829649,145.06120032823353,11.4,10.2,0,1,mainly_clear,1.8,11.2,2.15,10.3,14.5,true
boroondara,Boroondara,21110,2026-08-27T11:00:00+10:00,2026-08-27T01:00:00+00:00,-37.82638816829649,145.06120032823353,12.8,11.7,0,3,overcast,1.9,12.6,2.65,9.5,13.8,true
boroondara,Boroondara,21110,2026-08-27T12:00:00+10:00,2026-08-27T02:00:00+00:00,-37.82638816829649,145.06120032823353,13.7,12.3,0,3,overcast,3.1,14.0,3.25,9.2,13.4,true
boroondara,Boroondara,21110,2026-08-27T13:00:00+10:00,2026-08-27T03:00:00+00:00,-37.82638816829649,145.06120032823353,14.3,13.4,0,1,mainly_clear,3.5,15.5,3.3,9.6,13.7,true
boroondara,Boroondara,21110,2026-08-27T14:00:00+10:00,2026-08-27T04:00:00+00:00,-37.82638816829649,145.06120032823353,14.9,14.1,0,0,clear_sky,3.2,15.1,2.6,9.9,13.9,true
boroondara,Boroondara,21110,2026-08-27T15:00:00+10:00,2026-08-27T05:00:00+00:00,-37.82638816829649,145.06120032823353,15.2,13.8,0,1,mainly_clear,4.2,15.5,1.5,10.1,14.2,true
boroondara,Boroondara,21110,2026-08-27T16:00:00+10:00,2026-08-27T06:00:00+00:00,-37.82638816829649,145.06120032823353,14.4,12.7,0,0,clear_sky,7.4,19.4,0.6,9.9,13.9,true
boroondara,Boroondara,21110,2026-08-27T17:00:00+10:00,2026-08-27T07:00:00+00:00,-37.82638816829649,145.06120032823353,13.2,11.7,0,3,overcast,6.9,21.2,0.15,11.4,15.3,true
boroondara,Boroondara,21110,2026-08-27T18:00:00+10:00,2026-08-27T08:00:00+00:00,-37.82638816829649,145.06120032823353,12.1,11.4,0,3,overcast,2.3,14.4,0.0,15.5,19.2,true
boroondara,Boroondara,21110,2026-08-27T19:00:00+10:00,2026-08-27T09:00:00+00:00,-37.82638816829649,145.06120032823353,11.9,11.1,0,3,overcast,3.4,6.8,0.0,19.1,22.8,true
boroondara,Boroondara,21110,2026-08-27T20:00:00+10:00,2026-08-27T10:00:00+00:00,-37.82638816829649,145.06120032823353,11.6,10.9,0,3,overcast,2.6,6.1,0.0,22.3,25.8,true
boroondara,Boroondara,21110,2026-08-27T21:00:00+10:00,2026-08-27T11:00:00+00:00,-37.82638816829649,145.06120032823353,11.0,10.4,0,3,overcast,0.9,4.7,0.0,25.4,28.8,true
boroondara,Boroondara,21110,2026-08-27T22:00:00+10:00,2026-08-27T12:00:00+00:00,-37.82638816829649,145.06120032823353,10.3,9.5,0,3,overcast,1.8,3.2,0.0,26.4,29.2,true
boroondara,Boroondara,21110,2026-08-27T23:00:00+10:00,2026-08-27T13:00:00+00:00,-37.82638816829649,145.06120032823353,9.8,8.8,0,3,overcast,2.3,3.6,0.0,23.2,25.2,true
boroondara,Boroondara,21110,2026-08-28T00:00:00+10:00,2026-08-27T14:00:00+00:00,-37.82638816829649,145.06120032823353,10.1,8.8,0,3,overcast,4.8,8.6,0.0,19.4,21.0,true
boroondara,Boroondara,21110,2026-08-28T01:00:00+10:00,2026-08-27T15:00:00+00:00,-37.82638816829649,145.06120032823353,9.4,7.7,0,1,mainly_clear,7.5,14.4,0.0,16.6,18.0,true
boroondara,Boroondara,21110,2026-08-28T02:00:00+10:00,2026-08-27T16:00:00+00:00,-37.82638816829649,145.06120032823353,8.3,6.2,0,2,partly_cloudy,8.2,16.6,0.0,13.8,15.0,true
boroondara,Boroondara,21110,2026-08-28T03:00:00+10:00,2026-08-27T17:00:00+00:00,-37.82638816829649,145.06120032823353,7.4,5.5,0,3,overcast,5.6,16.2,0.0,11.1,12.2,true
boroondara,Boroondara,21110,2026-08-28T04:00:00+10:00,2026-08-27T18:00:00+00:00,-37.82638816829649,145.06120032823353,7.3,5.1,0,3,overcast,5.9,11.2,0.0,8.7,9.7,true
boroondara,Boroondara,21110,2026-08-28T05:00:00+10:00,2026-08-27T19:00:00+00:00,-37.82638816829649,145.06120032823353,7.3,5.1,0,0,clear_sky,6.2,11.2,0.0,7.4,8.6,true
boroondara,Boroondara,21110,2026-08-28T06:00:00+10:00,2026-08-27T20:00:00+00:00,-37.82638816829649,145.06120032823353,7.2,4.9,0,0,clear_sky,6.5,11.9,0.0,6.6,8.0,true
boroondara,Boroondara,21110,2026-08-28T07:00:00+10:00,2026-08-27T21:00:00+00:00,-37.82638816829649,145.06120032823353,7.0,4.7,0,0,clear_sky,7.0,14.0,0.0,7.2,8.5,true
boroondara,Boroondara,21110,2026-08-28T08:00:00+10:00,2026-08-27T22:00:00+00:00,-37.82638816829649,145.06120032823353,8.8,6.4,2,0,clear_sky,8.5,15.8,0.1,8.5,10.0,true
boroondara,Boroondara,21110,2026-08-28T09:00:00+10:00,2026-08-27T23:00:00+00:00,-37.82638816829649,145.06120032823353,11.2,9.5,4,0,clear_sky,6.3,17.3,0.35,10.3,11.9,true
boroondara,Boroondara,21110,2026-08-28T10:00:00+10:00,2026-08-28T00:00:00+00:00,-37.82638816829649,145.06120032823353,13.6,12.0,8,1,mainly_clear,5.1,16.6,0.85,8.8,10.7,true
boroondara,Boroondara,21110,2026-08-28T11:00:00+10:00,2026-08-28T01:00:00+00:00,-37.82638816829649,145.06120032823353,14.9,13.6,12,3,overcast,4.6,16.2,1.8,7.7,9.7,true
boroondara,Boroondara,21110,2026-08-28T12:00:00+10:00,2026-08-28T02:00:00+00:00,-37.82638816829649,145.06120032823353,14.5,13.4,18,3,overcast,3.2,15.8,2.65,5.8,7.7,true
boroondara,Boroondara,21110,2026-08-28T13:00:00+10:00,2026-08-28T03:00:00+00:00,-37.82638816829649,145.06120032823353,14.6,13.8,24,3,overcast,1.8,10.4,3.1,6.0,8.6,true
boroondara,Boroondara,21110,2026-08-28T14:00:00+10:00,2026-08-28T04:00:00+00:00,-37.82638816829649,145.06120032823353,14.5,13.7,35,3,overcast,3.1,9.7,2.5,7.4,11.3,true
boroondara,Boroondara,21110,2026-08-28T15:00:00+10:00,2026-08-28T05:00:00+00:00,-37.82638816829649,145.06120032823353,14.0,13.3,46,51,light_drizzle,5.0,13.3,1.55,8.7,13.7,true
boroondara,Boroondara,21110,2026-08-28T16:00:00+10:00,2026-08-28T06:00:00+00:00,-37.82638816829649,145.06120032823353,13.4,13.4,51,80,slight_rain_showers,2.4,13.3,0.65,10.0,15.7,true
boroondara,Boroondara,21110,2026-08-28T17:00:00+10:00,2026-08-28T07:00:00+00:00,-37.82638816829649,145.06120032823353,13.3,13.5,43,51,light_drizzle,1.8,8.6,0.15,11.0,17.3,true
boroondara,Boroondara,21110,2026-08-28T18:00:00+10:00,2026-08-28T08:00:00+00:00,-37.82638816829649,145.06120032823353,12.9,13.2,27,3,overcast,0.9,6.1,0.0,13.9,20.7,true
boroondara,Boroondara,21110,2026-08-28T19:00:00+10:00,2026-08-28T09:00:00+00:00,-37.82638816829649,145.06120032823353,12.5,12.5,14,3,overcast,3.1,5.4,0.0,17.2,23.7,true
boroondara,Boroondara,21110,2026-08-28T20:00:00+10:00,2026-08-28T10:00:00+00:00,-37.82638816829649,145.06120032823353,12.0,11.8,7,1,mainly_clear,3.0,5.4,0.0,20.1,27.0,true
boroondara,Boroondara,21110,2026-08-28T21:00:00+10:00,2026-08-28T11:00:00+00:00,-37.82638816829649,145.06120032823353,10.9,10.6,3,1,mainly_clear,3.0,4.7,0.0,21.8,28.8,true
boroondara,Boroondara,21110,2026-08-28T22:00:00+10:00,2026-08-28T12:00:00+00:00,-37.82638816829649,145.06120032823353,10.2,9.8,0,1,mainly_clear,3.0,4.3,0.0,22.8,29.9,true
boroondara,Boroondara,21110,2026-08-28T23:00:00+10:00,2026-08-28T13:00:00+00:00,-37.82638816829649,145.06120032823353,9.9,9.4,0,3,overcast,2.7,5.0,0.0,23.4,30.6,true
boroondara,Boroondara,21110,2026-08-29T00:00:00+10:00,2026-08-28T14:00:00+00:00,-37.82638816829649,145.06120032823353,9.9,9.6,1,3,overcast,1.0,4.0,0.0,23.7,31.0,true
boroondara,Boroondara,21110,2026-08-29T01:00:00+10:00,2026-08-28T15:00:00+00:00,-37.82638816829649,145.06120032823353,10.2,9.9,2,51,light_drizzle,1.6,2.5,0.0,23.3,30.3,true
boroondara,Boroondara,21110,2026-08-29T02:00:00+10:00,2026-08-28T16:00:00+00:00,-37.82638816829649,145.06120032823353,9.8,9.4,3,51,light_drizzle,2.4,3.6,0.0,21.3,27.4,true
boroondara,Boroondara,21110,2026-08-29T03:00:00+10:00,2026-08-28T17:00:00+00:00,-37.82638816829649,145.06120032823353,9.9,9.2,4,51,light_drizzle,4.2,6.1,0.0,17.9,23.1,true
boroondara,Boroondara,21110,2026-08-29T04:00:00+10:00,2026-08-28T18:00:00+00:00,-37.82638816829649,145.06120032823353,10.0,9.0,4,51,light_drizzle,6.4,11.2,0.0,14.8,19.2,true
boroondara,Boroondara,21110,2026-08-29T05:00:00+10:00,2026-08-28T19:00:00+00:00,-37.82638816829649,145.06120032823353,9.6,8.6,3,51,light_drizzle,5.2,11.5,0.0,12.3,16.1,true
boroondara,Boroondara,21110,2026-08-29T06:00:00+10:00,2026-08-28T20:00:00+00:00,-37.82638816829649,145.06120032823353,8.6,7.5,1,1,mainly_clear,4.6,9.0,0.0,11.1,14.4,true
boroondara,Boroondara,21110,2026-08-29T07:00:00+10:00,2026-08-28T21:00:00+00:00,-37.82638816829649,145.06120032823353,7.9,6.9,0,3,overcast,3.1,6.5,0.05,12.4,15.3,true
boroondara,Boroondara,21110,2026-08-29T08:00:00+10:00,2026-08-28T22:00:00+00:00,-37.82638816829649,145.06120032823353,8.7,7.8,0,0,clear_sky,3.6,9.4,0.25,14.0,16.9,true
boroondara,Boroondara,21110,2026-08-29T09:00:00+10:00,2026-08-28T23:00:00+00:00,-37.82638816829649,145.06120032823353,9.8,8.7,1,2,partly_cloudy,4.4,14.8,0.7,12.3,16.1,true
boroondara,Boroondara,21110,2026-08-29T10:00:00+10:00,2026-08-29T00:00:00+00:00,-37.82638816829649,145.06120032823353,11.3,9.9,2,1,mainly_clear,6.0,18.7,1.25,12.3,17.6,true
boroondara,Boroondara,21110,2026-08-29T11:00:00+10:00,2026-08-29T01:00:00+00:00,-37.82638816829649,145.06120032823353,12.2,10.3,2,2,partly_cloudy,8.0,22.7,1.5,11.9,17.9,true
boroondara,Boroondara,21110,2026-08-29T12:00:00+10:00,2026-08-29T02:00:00+00:00,-37.82638816829649,145.06120032823353,12.8,10.7,1,2,partly_cloudy,8.2,23.8,1.55,12.0,18.6,true
boroondara,Boroondara,21110,2026-08-29T13:00:00+10:00,2026-08-29T03:00:00+00:00,-37.82638816829649,145.06120032823353,13.3,11.3,0,3,overcast,8.7,24.8,1.6,11.8,18.5,true
boroondara,Boroondara,21110,2026-08-29T14:00:00+10:00,2026-08-29T04:00:00+00:00,-37.82638816829649,145.06120032823353,13.2,10.6,0,3,overcast,12.2,30.6,1.2,11.8,18.7,true
boroondara,Boroondara,21110,2026-08-29T15:00:00+10:00,2026-08-29T05:00:00+00:00,-37.82638816829649,145.06120032823353,12.7,10.0,0,3,overcast,13.1,32.4,0.7,12.8,20.3,true
boroondara,Boroondara,21110,2026-08-29T16:00:00+10:00,2026-08-29T06:00:00+00:00,-37.82638816829649,145.06120032823353,12.2,10.0,0,3,overcast,10.3,31.3,0.3,14.8,23.3,true
boroondara,Boroondara,21110,2026-08-29T17:00:00+10:00,2026-08-29T07:00:00+00:00,-37.82638816829649,145.06120032823353,11.9,10.0,0,3,overcast,8.0,23.8,0.1,16.6,26.0,true
boroondara,Boroondara,21110,2026-08-29T18:00:00+10:00,2026-08-29T08:00:00+00:00,-37.82638816829649,145.06120032823353,11.2,10.5,0,0,clear_sky,0.7,17.3,0.0,16.3,24.9,true
boroondara,Boroondara,21110,2026-08-29T19:00:00+10:00,2026-08-29T09:00:00+00:00,-37.82638816829649,145.06120032823353,9.9,9.0,0,1,mainly_clear,1.6,2.5,0.0,15.7,22.8,true
boroondara,Boroondara,21110,2026-08-29T20:00:00+10:00,2026-08-29T10:00:00+00:00,-37.82638816829649,145.06120032823353,9.9,9.1,1,3,overcast,1.1,3.2,0.0,16.1,23.0,true
boroondara,Boroondara,21110,2026-08-29T21:00:00+10:00,2026-08-29T11:00:00+00:00,-37.82638816829649,145.06120032823353,10.6,9.8,1,3,overcast,2.0,2.9,0.0,16.3,23.1,true
boroondara,Boroondara,21110,2026-08-29T22:00:00+10:00,2026-08-29T12:00:00+00:00,-37.82638816829649,145.06120032823353,10.8,9.8,2,3,overcast,4.2,7.2,0.0,15.3,21.4,true
boroondara,Boroondara,21110,2026-08-29T23:00:00+10:00,2026-08-29T13:00:00+00:00,-37.82638816829649,145.06120032823353,10.7,9.8,2,51,light_drizzle,4.3,7.9,0.0,14.3,20.2,true
boroondara,Boroondara,21110,2026-08-30T00:00:00+10:00,2026-08-29T14:00:00+00:00,-37.82638816829649,145.06120032823353,10.3,9.2,2,51,light_drizzle,5.6,10.8,0.0,12.9,18.2,true
boroondara,Boroondara,21110,2026-08-30T01:00:00+10:00,2026-08-29T15:00:00+00:00,-37.82638816829649,145.06120032823353,9.3,8.2,2,3,overcast,4.2,10.8,0.0,11.4,16.2,true
boroondara,Boroondara,21110,2026-08-30T02:00:00+10:00,2026-08-29T16:00:00+00:00,-37.82638816829649,145.06120032823353,8.8,7.5,2,3,overcast,4.3,7.2,0.0,10.5,15.0,true
boroondara,Boroondara,21110,2026-08-30T03:00:00+10:00,2026-08-29T17:00:00+00:00,-37.82638816829649,145.06120032823353,8.2,6.9,2,1,mainly_clear,4.0,6.8,0.0,9.8,14.2,true
boroondara,Boroondara,21110,2026-08-30T04:00:00+10:00,2026-08-29T18:00:00+00:00,-37.82638816829649,145.06120032823353,8.0,6.8,2,2,partly_cloudy,3.1,6.1,0.0,9.3,13.6,true
boroondara,Boroondara,21110,2026-08-30T05:00:00+10:00,2026-08-29T19:00:00+00:00,-37.82638816829649,145.06120032823353,7.8,6.6,1,2,partly_cloudy,2.8,5.0,0.0,9.0,13.3,true
boroondara,Boroondara,21110,2026-08-30T06:00:00+10:00,2026-08-29T20:00:00+00:00,-37.82638816829649,145.06120032823353,7.8,6.6,1,3,overcast,2.8,4.3,0.0,9.3,13.6,true
boroondara,Boroondara,21110,2026-08-30T07:00:00+10:00,2026-08-29T21:00:00+00:00,-37.82638816829649,145.06120032823353,8.1,7.0,0,3,overcast,2.4,5.0,0.0,10.9,15.2,true
boroondara,Boroondara,21110,2026-08-30T08:00:00+10:00,2026-08-29T22:00:00+00:00,-37.82638816829649,145.06120032823353,9.2,8.4,0,3,overcast,1.5,8.6,0.2,12.5,17.0,true
boroondara,Boroondara,21110,2026-08-30T09:00:00+10:00,2026-08-29T23:00:00+00:00,-37.82638816829649,145.06120032823353,10.7,9.7,0,3,overcast,3.8,14.0,0.55,12.6,17.5,true
boroondara,Boroondara,21110,2026-08-30T10:00:00+10:00,2026-08-30T00:00:00+00:00,-37.82638816829649,145.06120032823353,12.0,10.7,0,2,partly_cloudy,6.3,18.7,1.15,12.1,17.4,true
boroondara,Boroondara,21110,2026-08-30T11:00:00+10:00,2026-08-30T01:00:00+00:00,-37.82638816829649,145.06120032823353,12.8,11.4,0,51,light_drizzle,7.6,22.0,1.8,12.1,18.2,true
boroondara,Boroondara,21110,2026-08-30T12:00:00+10:00,2026-08-30T02:00:00+00:00,-37.82638816829649,145.06120032823353,13.5,11.9,0,51,light_drizzle,8.4,24.5,2.35,11.8,18.1,true
boroondara,Boroondara,21110,2026-08-30T13:00:00+10:00,2026-08-30T03:00:00+00:00,-37.82638816829649,145.06120032823353,13.8,12.2,0,51,light_drizzle,8.9,25.9,2.55,11.8,18.2,true
boroondara,Boroondara,21110,2026-08-30T14:00:00+10:00,2026-08-30T04:00:00+00:00,-37.82638816829649,145.06120032823353,13.8,12.1,0,3,overcast,9.4,26.3,2.25,10.2,15.7,true
boroondara,Boroondara,21110,2026-08-30T15:00:00+10:00,2026-08-30T05:00:00+00:00,-37.82638816829649,145.06120032823353,13.5,11.8,0,3,overcast,9.5,25.6,1.35,10.0,15.2,true
boroondara,Boroondara,21110,2026-08-30T16:00:00+10:00,2026-08-30T06:00:00+00:00,-37.82638816829649,145.06120032823353,13.1,11.4,0,3,overcast,8.8,24.8,0.55,10.0,15.1,true
boroondara,Boroondara,21110,2026-08-30T17:00:00+10:00,2026-08-30T07:00:00+00:00,-37.82638816829649,145.06120032823353,12.5,11.1,0,3,overcast,6.7,24.1,0.1,10.0,15.3,true
boroondara,Boroondara,21110,2026-08-30T18:00:00+10:00,2026-08-30T08:00:00+00:00,-37.82638816829649,145.06120032823353,11.9,10.8,0,3,overcast,4.9,23.4,0.0,11.4,16.5,true
boroondara,Boroondara,21110,2026-08-30T19:00:00+10:00,2026-08-30T09:00:00+00:00,-37.82638816829649,145.06120032823353,11.2,10.3,0,3,overcast,4.1,21.6,0.0,11.4,15.7,true
boroondara,Boroondara,21110,2026-08-30T20:00:00+10:00,2026-08-30T10:00:00+00:00,-37.82638816829649,145.06120032823353,10.6,9.8,0,2,partly_cloudy,3.1,17.6,0.0,11.5,15.7,true
boroondara,Boroondara,21110,2026-08-30T21:00:00+10:00,2026-08-30T11:00:00+00:00,-37.82638816829649,145.06120032823353,10.1,9.4,0,2,partly_cloudy,1.8,12.6,0.0,12.4,16.7,true
boroondara,Boroondara,21110,2026-08-30T22:00:00+10:00,2026-08-30T12:00:00+00:00,-37.82638816829649,145.06120032823353,9.7,9.0,0,2,partly_cloudy,1.0,8.6,0.0,13.6,18.2,true
boroondara,Boroondara,21110,2026-08-30T23:00:00+10:00,2026-08-30T13:00:00+00:00,-37.82638816829649,145.06120032823353,9.4,8.7,0,3,overcast,1.0,6.5,,,,false
boroondara,Boroondara,21110,2026-08-31T00:00:00+10:00,2026-08-30T14:00:00+00:00,-37.82638816829649,145.06120032823353,9.2,8.5,0,3,overcast,1.0,5.4,,,,false
boroondara,Boroondara,21110,2026-08-31T01:00:00+10:00,2026-08-30T15:00:00+00:00,-37.82638816829649,145.06120032823353,9.1,8.4,0,3,overcast,1.2,5.0,,,,false
boroondara,Boroondara,21110,2026-08-31T02:00:00+10:00,2026-08-30T16:00:00+00:00,-37.82638816829649,145.06120032823353,9.1,8.3,0,3,overcast,1.9,5.4,,,,false
boroondara,Boroondara,21110,2026-08-31T03:00:00+10:00,2026-08-30T17:00:00+00:00,-37.82638816829649,145.06120032823353,9.0,8.1,0,3,overcast,2.8,6.1,,,,false
boroondara,Boroondara,21110,2026-08-31T04:00:00+10:00,2026-08-30T18:00:00+00:00,-37.82638816829649,145.06120032823353,9.0,8.1,0,3,overcast,3.5,6.8,,,,false
boroondara,Boroondara,21110,2026-08-31T05:00:00+10:00,2026-08-30T19:00:00+00:00,-37.82638816829649,145.06120032823353,8.8,7.9,0,3,overcast,3.5,6.8,,,,false
boroondara,Boroondara,21110,2026-08-31T06:00:00+10:00,2026-08-30T20:00:00+00:00,-37.82638816829649,145.06120032823353,8.7,7.8,0,3,overcast,3.0,6.8,,,,false
boroondara,Boroondara,21110,2026-08-31T07:00:00+10:00,2026-08-30T21:00:00+00:00,-37.82638816829649,145.06120032823353,8.9,8.0,0,3,overcast,2.8,7.2,,,,false
boroondara,Boroondara,21110,2026-08-31T08:00:00+10:00,2026-08-30T22:00:00+00:00,-37.82638816829649,145.06120032823353,9.7,8.8,0,3,overcast,3.1,9.0,,,,false
boroondara,Boroondara,21110,2026-08-31T09:00:00+10:00,2026-08-30T23:00:00+00:00,-37.82638816829649,145.06120032823353,10.9,10.0,0,3,overcast,3.6,11.5,,,,false
boroondara,Boroondara,21110,2026-08-31T10:00:00+10:00,2026-08-31T00:00:00+00:00,-37.82638816829649,145.06120032823353,12.2,11.4,0,3,overcast,3.8,13.7,,,,false
boroondara,Boroondara,21110,2026-08-31T11:00:00+10:00,2026-08-31T01:00:00+00:00,-37.82638816829649,145.06120032823353,13.7,12.9,0,2,partly_cloudy,4.0,15.1,,,,false
boroondara,Boroondara,21110,2026-08-31T12:00:00+10:00,2026-08-31T02:00:00+00:00,-37.82638816829649,145.06120032823353,15.4,14.8,0,1,mainly_clear,3.8,16.2,,,,false
boroondara,Boroondara,21110,2026-08-31T13:00:00+10:00,2026-08-31T03:00:00+00:00,-37.82638816829649,145.06120032823353,16.5,16.5,0,0,clear_sky,2.7,17.3,,,,false
boroondara,Boroondara,21110,2026-08-31T14:00:00+10:00,2026-08-31T04:00:00+00:00,-37.82638816829649,145.06120032823353,16.9,17.5,0,0,clear_sky,1.0,18.4,,,,false
boroondara,Boroondara,21110,2026-08-31T15:00:00+10:00,2026-08-31T05:00:00+00:00,-37.82638816829649,145.06120032823353,16.7,16.5,0,0,clear_sky,4.6,19.4,,,,false
boroondara,Boroondara,21110,2026-08-31T16:00:00+10:00,2026-08-31T06:00:00+00:00,-37.82638816829649,145.06120032823353,16.1,15.7,0,0,clear_sky,6.9,20.2,,,,false
boroondara,Boroondara,21110,2026-08-31T17:00:00+10:00,2026-08-31T07:00:00+00:00,-37.82638816829649,145.06120032823353,14.8,14.4,0,0,clear_sky,5.9,20.5,,,,false
boroondara,Boroondara,21110,2026-08-31T18:00:00+10:00,2026-08-31T08:00:00+00:00,-37.82638816829649,145.06120032823353,13.0,12.7,0,0,clear_sky,3.3,20.5,,,,false
boroondara,Boroondara,21110,2026-08-31T19:00:00+10:00,2026-08-31T09:00:00+00:00,-37.82638816829649,145.06120032823353,11.7,11.7,0,0,clear_sky,0.4,20.2,,,,false
boroondara,Boroondara,21110,2026-08-31T20:00:00+10:00,2026-08-31T10:00:00+00:00,-37.82638816829649,145.06120032823353,11.4,10.9,0,0,clear_sky,3.0,19.4,,,,false
boroondara,Boroondara,21110,2026-08-31T21:00:00+10:00,2026-08-31T11:00:00+00:00,-37.82638816829649,145.06120032823353,11.6,10.6,0,0,clear_sky,6.6,18.7,,,,false
boroondara,Boroondara,21110,2026-08-31T22:00:00+10:00,2026-08-31T12:00:00+00:00,-37.82638816829649,145.06120032823353,11.7,10.3,0,0,clear_sky,9.6,18.7,,,,false
boroondara,Boroondara,21110,2026-08-31T23:00:00+10:00,2026-08-31T13:00:00+00:00,-37.82638816829649,145.06120032823353,11.6,10.0,0,0,clear_sky,10.7,19.4,,,,false
boroondara,Boroondara,21110,2026-09-01T00:00:00+10:00,2026-08-31T14:00:00+00:00,-37.82638816829649,145.06120032823353,11.6,9.9,0,0,clear_sky,11.1,20.5,,,,false
boroondara,Boroondara,21110,2026-09-01T01:00:00+10:00,2026-08-31T15:00:00+00:00,-37.82638816829649,145.06120032823353,11.6,9.8,0,0,clear_sky,11.8,23.0,,,,false
boroondara,Boroondara,21110,2026-09-01T02:00:00+10:00,2026-08-31T16:00:00+00:00,-37.82638816829649,145.06120032823353,11.9,9.9,0,0,clear_sky,13.4,27.4,,,,false
boroondara,Boroondara,21110,2026-09-01T03:00:00+10:00,2026-08-31T17:00:00+00:00,-37.82638816829649,145.06120032823353,12.3,10.1,0,1,mainly_clear,15.7,32.8,,,,false
boroondara,Boroondara,21110,2026-09-01T04:00:00+10:00,2026-08-31T18:00:00+00:00,-37.82638816829649,145.06120032823353,12.5,10.1,0,1,mainly_clear,17.5,37.1,,,,false
boroondara,Boroondara,21110,2026-09-01T05:00:00+10:00,2026-08-31T19:00:00+00:00,-37.82638816829649,145.06120032823353,12.4,9.8,0,2,partly_cloudy,18.5,39.2,,,,false
boroondara,Boroondara,21110,2026-09-01T06:00:00+10:00,2026-08-31T20:00:00+00:00,-37.82638816829649,145.06120032823353,12.1,9.4,0,2,partly_cloudy,19.1,40.7,,,,false
boroondara,Boroondara,21110,2026-09-01T07:00:00+10:00,2026-08-31T21:00:00+00:00,-37.82638816829649,145.06120032823353,12.1,9.3,0,3,overcast,19.5,42.1,,,,false
boroondara,Boroondara,21110,2026-09-01T08:00:00+10:00,2026-08-31T22:00:00+00:00,-37.82638816829649,145.06120032823353,13.6,10.7,0,1,mainly_clear,20.2,44.6,,,,false
boroondara,Boroondara,21110,2026-09-01T09:00:00+10:00,2026-08-31T23:00:00+00:00,-37.82638816829649,145.06120032823353,14.0,11.0,0,1,mainly_clear,20.5,46.4,,,,false
boroondara,Boroondara,21110,2026-09-01T10:00:00+10:00,2026-09-01T00:00:00+00:00,-37.82638816829649,145.06120032823353,14.5,11.4,0,1,mainly_clear,20.9,48.6,,,,false
boroondara,Boroondara,21110,2026-09-01T11:00:00+10:00,2026-09-01T01:00:00+00:00,-37.82638816829649,145.06120032823353,15.1,12.1,3,1,mainly_clear,21.4,51.5,,,,false
boroondara,Boroondara,21110,2026-09-01T12:00:00+10:00,2026-09-01T02:00:00+00:00,-37.82638816829649,145.06120032823353,16.0,13.1,8,2,partly_cloudy,22.2,55.1,,,,false
boroondara,Boroondara,21110,2026-09-01T13:00:00+10:00,2026-09-01T03:00:00+00:00,-37.82638816829649,145.06120032823353,16.9,13.9,13,2,partly_cloudy,23.1,59.0,,,,false
boroondara,Boroondara,21110,2026-09-01T14:00:00+10:00,2026-09-01T04:00:00+00:00,-37.82638816829649,145.06120032823353,17.7,14.5,19,3,overcast,23.8,62.6,,,,false
boroondara,Boroondara,21110,2026-09-01T15:00:00+10:00,2026-09-01T05:00:00+00:00,-37.82638816829649,145.06120032823353,18.3,15.1,25,3,overcast,23.6,64.8,,,,false
boroondara,Boroondara,21110,2026-09-01T16:00:00+10:00,2026-09-01T06:00:00+00:00,-37.82638816829649,145.06120032823353,18.4,15.4,31,3,overcast,22.2,65.9,,,,false
boroondara,Boroondara,21110,2026-09-01T17:00:00+10:00,2026-09-01T07:00:00+00:00,-37.82638816829649,145.06120032823353,17.9,15.5,38,55,dense_drizzle,19.1,64.8,,,,false
boroondara,Boroondara,21110,2026-09-01T18:00:00+10:00,2026-09-01T08:00:00+00:00,-37.82638816829649,145.06120032823353,17.1,15.1,45,55,dense_drizzle,15.5,62.3,,,,false
boroondara,Boroondara,21110,2026-09-01T19:00:00+10:00,2026-09-01T09:00:00+00:00,-37.82638816829649,145.06120032823353,15.9,14.1,52,55,dense_drizzle,14.5,58.7,,,,false
boroondara,Boroondara,21110,2026-09-01T20:00:00+10:00,2026-09-01T10:00:00+00:00,-37.82638816829649,145.06120032823353,14.7,12.5,58,55,dense_drizzle,16.8,54.7,,,,false
boroondara,Boroondara,21110,2026-09-01T21:00:00+10:00,2026-09-01T11:00:00+00:00,-37.82638816829649,145.06120032823353,13.5,10.7,63,55,dense_drizzle,20.2,51.1,,,,false
boroondara,Boroondara,21110,2026-09-01T22:00:00+10:00,2026-09-01T12:00:00+00:00,-37.82638816829649,145.06120032823353,12.4,9.3,65,55,dense_drizzle,22.1,48.6,,,,false
boroondara,Boroondara,21110,2026-09-01T23:00:00+10:00,2026-09-01T13:00:00+00:00,-37.82638816829649,145.06120032823353,11.5,8.4,63,1,mainly_clear,20.9,47.5,,,,false
brimbank,Brimbank,21180,2026-08-26T00:00:00+10:00,2026-08-25T14:00:00+00:00,-37.75777166449116,144.81644228805706,11.8,9.7,42,51,light_drizzle,15.2,30.6,0.0,3.3,4.0,true
brimbank,Brimbank,21180,2026-08-26T01:00:00+10:00,2026-08-25T15:00:00+00:00,-37.75777166449116,144.81644228805706,11.4,9.3,51,51,light_drizzle,14.6,32.0,0.0,3.1,4.0,true
brimbank,Brimbank,21180,2026-08-26T02:00:00+10:00,2026-08-25T16:00:00+00:00,-37.75777166449116,144.81644228805706,10.9,8.8,38,1,mainly_clear,13.2,29.9,0.0,3.4,4.6,true
brimbank,Brimbank,21180,2026-08-26T03:00:00+10:00,2026-08-25T17:00:00+00:00,-37.75777166449116,144.81644228805706,10.3,8.3,16,0,clear_sky,11.8,27.0,0.0,3.6,4.9,true
brimbank,Brimbank,21180,2026-08-26T04:00:00+10:00,2026-08-25T18:00:00+00:00,-37.75777166449116,144.81644228805706,9.4,7.4,0,0,clear_sky,10.7,24.5,0.0,3.9,5.5,true
brimbank,Brimbank,21180,2026-08-26T05:00:00+10:00,2026-08-25T19:00:00+00:00,-37.75777166449116,144.81644228805706,8.7,6.6,0,0,clear_sky,10.0,21.2,0.0,4.3,6.1,true
brimbank,Brimbank,21180,2026-08-26T06:00:00+10:00,2026-08-25T20:00:00+00:00,-37.75777166449116,144.81644228805706,8.3,6.2,0,0,clear_sky,9.6,19.8,0.0,4.6,6.4,true
brimbank,Brimbank,21180,2026-08-26T07:00:00+10:00,2026-08-25T21:00:00+00:00,-37.75777166449116,144.81644228805706,8.1,5.8,0,0,clear_sky,9.8,19.8,0.0,5.4,7.3,true
brimbank,Brimbank,21180,2026-08-26T08:00:00+10:00,2026-08-25T22:00:00+00:00,-37.75777166449116,144.81644228805706,8.9,6.7,0,0,clear_sky,9.4,21.2,0.25,5.8,8.1,true
brimbank,Brimbank,21180,2026-08-26T09:00:00+10:00,2026-08-25T23:00:00+00:00,-37.75777166449116,144.81644228805706,10.7,8.7,0,0,clear_sky,8.9,22.3,0.9,5.4,7.9,true
brimbank,Brimbank,21180,2026-08-26T10:00:00+10:00,2026-08-26T00:00:00+00:00,-37.75777166449116,144.81644228805706,12.8,10.4,0,1,mainly_clear,12.2,29.9,1.75,7.7,11.7,true
brimbank,Brimbank,21180,2026-08-26T11:00:00+10:00,2026-08-26T01:00:00+00:00,-37.75777166449116,144.81644228805706,14.0,11.1,1,51,light_drizzle,14.4,37.1,2.45,6.6,10.0,true
brimbank,Brimbank,21180,2026-08-26T12:00:00+10:00,2026-08-26T02:00:00+00:00,-37.75777166449116,144.81644228805706,14.5,11.4,3,2,partly_cloudy,14.0,37.1,2.35,7.1,10.9,true
brimbank,Brimbank,21180,2026-08-26T13:00:00+10:00,2026-08-26T03:00:00+00:00,-37.75777166449116,144.81644228805706,14.7,11.7,4,2,partly_cloudy,13.9,37.8,2.3,6.8,10.5,true
brimbank,Brimbank,21180,2026-08-26T14:00:00+10:00,2026-08-26T04:00:00+00:00,-37.75777166449116,144.81644228805706,14.7,11.6,3,1,mainly_clear,13.6,36.7,1.7,6.7,10.3,true
brimbank,Brimbank,21180,2026-08-26T15:00:00+10:00,2026-08-26T05:00:00+00:00,-37.75777166449116,144.81644228805706,14.5,11.4,1,2,partly_cloudy,14.1,36.4,0.95,6.7,10.2,true
brimbank,Brimbank,21180,2026-08-26T16:00:00+10:00,2026-08-26T06:00:00+00:00,-37.75777166449116,144.81644228805706,13.7,10.9,0,1,mainly_clear,12.8,36.0,0.5,7.1,10.7,true
brimbank,Brimbank,21180,2026-08-26T17:00:00+10:00,2026-08-26T07:00:00+00:00,-37.75777166449116,144.81644228805706,13.1,10.4,0,1,mainly_clear,12.3,32.4,0.15,7.4,11.0,true
brimbank,Brimbank,21180,2026-08-26T18:00:00+10:00,2026-08-26T08:00:00+00:00,-37.75777166449116,144.81644228805706,12.3,10.1,0,2,partly_cloudy,10.3,29.5,0.0,9.5,13.2,true
brimbank,Brimbank,21180,2026-08-26T19:00:00+10:00,2026-08-26T09:00:00+00:00,-37.75777166449116,144.81644228805706,12.0,9.9,0,3,overcast,9.3,21.2,0.0,11.9,15.7,true
brimbank,Brimbank,21180,2026-08-26T20:00:00+10:00,2026-08-26T10:00:00+00:00,-37.75777166449116,144.81644228805706,11.9,9.8,0,3,overcast,8.9,18.7,0.0,12.6,16.1,true
brimbank,Brimbank,21180,2026-08-26T21:00:00+10:00,2026-08-26T11:00:00+00:00,-37.75777166449116,144.81644228805706,11.9,9.5,0,3,overcast,9.6,19.8,0.0,11.6,14.0,true
brimbank,Brimbank,21180,2026-08-26T22:00:00+10:00,2026-08-26T12:00:00+00:00,-37.75777166449116,144.81644228805706,11.8,9.4,0,3,overcast,9.3,20.2,0.0,11.5,13.8,true
brimbank,Brimbank,21180,2026-08-26T23:00:00+10:00,2026-08-26T13:00:00+00:00,-37.75777166449116,144.81644228805706,11.2,9.1,0,3,overcast,7.9,19.1,0.0,11.4,13.6,true
brimbank,Brimbank,21180,2026-08-27T00:00:00+10:00,2026-08-26T14:00:00+00:00,-37.75777166449116,144.81644228805706,10.0,7.9,0,3,overcast,7.7,16.2,0.0,10.9,13.1,true
brimbank,Brimbank,21180,2026-08-27T01:00:00+10:00,2026-08-26T15:00:00+00:00,-37.75777166449116,144.81644228805706,9.2,7.2,0,3,overcast,6.5,16.2,0.0,10.0,12.3,true
brimbank,Brimbank,21180,2026-08-27T02:00:00+10:00,2026-08-26T16:00:00+00:00,-37.75777166449116,144.81644228805706,8.3,6.2,0,0,clear_sky,5.3,13.3,0.0,9.4,11.6,true
brimbank,Brimbank,21180,2026-08-27T03:00:00+10:00,2026-08-26T17:00:00+00:00,-37.75777166449116,144.81644228805706,7.5,5.5,0,0,clear_sky,4.7,10.8,0.0,8.8,11.2,true
brimbank,Brimbank,21180,2026-08-27T04:00:00+10:00,2026-08-26T18:00:00+00:00,-37.75777166449116,144.81644228805706,6.9,4.7,0,1,mainly_clear,5.6,11.2,0.0,8.6,11.1,true
brimbank,Brimbank,21180,2026-08-27T05:00:00+10:00,2026-08-26T19:00:00+00:00,-37.75777166449116,144.81644228805706,6.5,4.2,0,1,mainly_clear,5.7,11.9,0.0,8.6,11.2,true
brimbank,Brimbank,21180,2026-08-27T06:00:00+10:00,2026-08-26T20:00:00+00:00,-37.75777166449116,144.81644228805706,6.1,3.8,0,0,clear_sky,5.9,11.9,0.0,9.3,12.0,true
brimbank,Brimbank,21180,2026-08-27T07:00:00+10:00,2026-08-26T21:00:00+00:00,-37.75777166449116,144.81644228805706,5.9,3.6,0,0,clear_sky,5.9,11.9,0.05,12.7,15.4,true
brimbank,Brimbank,21180,2026-08-27T08:00:00+10:00,2026-08-26T22:00:00+00:00,-37.75777166449116,144.81644228805706,7.5,5.0,0,0,clear_sky,6.8,15.1,0.35,17.9,19.8,true
brimbank,Brimbank,21180,2026-08-27T09:00:00+10:00,2026-08-26T23:00:00+00:00,-37.75777166449116,144.81644228805706,10.2,8.3,0,1,mainly_clear,4.0,14.8,1.15,12.0,15.5,true
brimbank,Brimbank,21180,2026-08-27T10:00:00+10:00,2026-08-27T00:00:00+00:00,-37.75777166449116,144.81644228805706,12.3,10.4,0,2,partly_cloudy,3.4,15.8,2.35,8.9,13.0,true
brimbank,Brimbank,21180,2026-08-27T11:00:00+10:00,2026-08-27T01:00:00+00:00,-37.75777166449116,144.81644228805706,13.6,12.1,0,3,overcast,1.6,15.5,3.45,8.4,12.4,true
brimbank,Brimbank,21180,2026-08-27T12:00:00+10:00,2026-08-27T02:00:00+00:00,-37.75777166449116,144.81644228805706,14.5,13.2,0,3,overcast,1.9,15.1,3.95,8.3,12.2,true
brimbank,Brimbank,21180,2026-08-27T13:00:00+10:00,2026-08-27T03:00:00+00:00,-37.75777166449116,144.81644228805706,15.2,14.2,0,1,mainly_clear,1.8,15.5,3.7,8.4,12.0,true
brimbank,Brimbank,21180,2026-08-27T14:00:00+10:00,2026-08-27T04:00:00+00:00,-37.75777166449116,144.81644228805706,15.8,14.7,0,0,clear_sky,2.3,16.2,2.8,8.4,12.0,true
brimbank,Brimbank,21180,2026-08-27T15:00:00+10:00,2026-08-27T05:00:00+00:00,-37.75777166449116,144.81644228805706,16.0,14.1,0,0,clear_sky,4.4,18.0,1.65,8.6,12.1,true
brimbank,Brimbank,21180,2026-08-27T16:00:00+10:00,2026-08-27T06:00:00+00:00,-37.75777166449116,144.81644228805706,14.9,12.7,0,3,overcast,7.7,23.8,0.65,8.3,11.6,true
brimbank,Brimbank,21180,2026-08-27T17:00:00+10:00,2026-08-27T07:00:00+00:00,-37.75777166449116,144.81644228805706,13.8,11.9,0,3,overcast,6.6,24.1,0.15,10.6,13.8,true
brimbank,Brimbank,21180,2026-08-27T18:00:00+10:00,2026-08-27T08:00:00+00:00,-37.75777166449116,144.81644228805706,13.2,11.5,0,3,overcast,4.8,18.4,0.0,15.9,19.1,true
brimbank,Brimbank,21180,2026-08-27T19:00:00+10:00,2026-08-27T09:00:00+00:00,-37.75777166449116,144.81644228805706,12.9,11.3,0,2,partly_cloudy,3.8,11.9,0.0,20.5,23.6,true
brimbank,Brimbank,21180,2026-08-27T20:00:00+10:00,2026-08-27T10:00:00+00:00,-37.75777166449116,144.81644228805706,12.3,11.1,0,2,partly_cloudy,1.9,10.1,0.0,24.6,27.5,true
brimbank,Brimbank,21180,2026-08-27T21:00:00+10:00,2026-08-27T11:00:00+00:00,-37.75777166449116,144.81644228805706,11.8,10.2,0,3,overcast,3.9,8.3,0.0,28.2,31.0,true
brimbank,Brimbank,21180,2026-08-27T22:00:00+10:00,2026-08-27T12:00:00+00:00,-37.75777166449116,144.81644228805706,11.7,10.1,0,3,overcast,4.8,9.7,0.0,28.2,30.3,true
brimbank,Brimbank,21180,2026-08-27T23:00:00+10:00,2026-08-27T13:00:00+00:00,-37.75777166449116,144.81644228805706,11.5,9.6,0,3,overcast,6.9,13.7,0.0,22.9,24.3,true
brimbank,Brimbank,21180,2026-08-28T00:00:00+10:00,2026-08-27T14:00:00+00:00,-37.75777166449116,144.81644228805706,11.3,9.2,0,3,overcast,8.0,17.3,0.0,16.9,18.0,true
brimbank,Brimbank,21180,2026-08-28T01:00:00+10:00,2026-08-27T15:00:00+00:00,-37.75777166449116,144.81644228805706,10.3,8.0,0,1,mainly_clear,9.2,18.7,0.0,12.6,13.5,true
brimbank,Brimbank,21180,2026-08-28T02:00:00+10:00,2026-08-27T16:00:00+00:00,-37.75777166449116,144.81644228805706,9.1,6.6,0,2,partly_cloudy,9.1,18.4,0.0,9.5,10.4,true
brimbank,Brimbank,21180,2026-08-28T03:00:00+10:00,2026-08-27T17:00:00+00:00,-37.75777166449116,144.81644228805706,8.8,6.1,0,3,overcast,9.7,19.1,0.0,7.2,8.1,true
brimbank,Brimbank,21180,2026-08-28T04:00:00+10:00,2026-08-27T18:00:00+00:00,-37.75777166449116,144.81644228805706,8.9,6.1,0,3,overcast,10.5,20.5,0.0,5.8,6.8,true
brimbank,Brimbank,21180,2026-08-28T05:00:00+10:00,2026-08-27T19:00:00+00:00,-37.75777166449116,144.81644228805706,8.9,6.1,0,0,clear_sky,10.2,20.5,0.0,5.2,6.3,true
brimbank,Brimbank,21180,2026-08-28T06:00:00+10:00,2026-08-27T20:00:00+00:00,-37.75777166449116,144.81644228805706,8.6,5.8,0,0,clear_sky,9.9,20.2,0.0,5.1,6.2,true
brimbank,Brimbank,21180,2026-08-28T07:00:00+10:00,2026-08-27T21:00:00+00:00,-37.75777166449116,144.81644228805706,8.3,5.6,0,0,clear_sky,9.5,19.8,0.05,6.4,7.5,true
brimbank,Brimbank,21180,2026-08-28T08:00:00+10:00,2026-08-27T22:00:00+00:00,-37.75777166449116,144.81644228805706,9.7,7.0,0,0,clear_sky,9.5,19.1,0.2,8.1,9.3,true
brimbank,Brimbank,21180,2026-08-28T09:00:00+10:00,2026-08-27T23:00:00+00:00,-37.75777166449116,144.81644228805706,12.3,9.8,0,0,clear_sky,7.9,20.5,0.55,10.4,11.6,true
brimbank,Brimbank,21180,2026-08-28T10:00:00+10:00,2026-08-28T00:00:00+00:00,-37.75777166449116,144.81644228805706,14.5,12.4,2,3,overcast,6.3,20.9,1.05,8.3,10.2,true
brimbank,Brimbank,21180,2026-08-28T11:00:00+10:00,2026-08-28T01:00:00+00:00,-37.75777166449116,144.81644228805706,15.4,13.8,7,3,overcast,4.2,20.2,1.5,7.2,9.1,true
brimbank,Brimbank,21180,2026-08-28T12:00:00+10:00,2026-08-28T02:00:00+00:00,-37.75777166449116,144.81644228805706,15.9,14.5,15,3,overcast,3.5,16.6,1.45,4.9,6.1,true
brimbank,Brimbank,21180,2026-08-28T13:00:00+10:00,2026-08-28T03:00:00+00:00,-37.75777166449116,144.81644228805706,16.8,15.1,24,3,overcast,6.5,19.4,2.85,4.0,5.0,true
brimbank,Brimbank,21180,2026-08-28T14:00:00+10:00,2026-08-28T04:00:00+00:00,-37.75777166449116,144.81644228805706,15.6,14.1,39,51,light_drizzle,8.1,20.9,2.2,3.8,5.1,true
brimbank,Brimbank,21180,2026-08-28T15:00:00+10:00,2026-08-28T05:00:00+00:00,-37.75777166449116,144.81644228805706,14.3,13.5,56,53,moderate_drizzle,6.7,22.3,1.5,4.7,6.6,true
brimbank,Brimbank,21180,2026-08-28T16:00:00+10:00,2026-08-28T06:00:00+00:00,-37.75777166449116,144.81644228805706,13.9,13.7,65,51,light_drizzle,3.6,18.0,0.65,6.3,9.2,true
brimbank,Brimbank,21180,2026-08-28T17:00:00+10:00,2026-08-28T07:00:00+00:00,-37.75777166449116,144.81644228805706,13.9,13.8,58,51,light_drizzle,2.5,12.2,0.15,8.2,12.1,true
brimbank,Brimbank,21180,2026-08-28T18:00:00+10:00,2026-08-28T08:00:00+00:00,-37.75777166449116,144.81644228805706,13.2,13.0,42,51,light_drizzle,4.3,10.4,0.0,11.3,15.4,true
brimbank,Brimbank,21180,2026-08-28T19:00:00+10:00,2026-08-28T09:00:00+00:00,-37.75777166449116,144.81644228805706,13.2,13.3,27,51,light_drizzle,1.8,10.1,0.0,14.8,18.6,true
brimbank,Brimbank,21180,2026-08-28T20:00:00+10:00,2026-08-28T10:00:00+00:00,-37.75777166449116,144.81644228805706,12.5,12.5,17,1,mainly_clear,2.6,5.8,0.0,19.0,23.3,true
brimbank,Brimbank,21180,2026-08-28T21:00:00+10:00,2026-08-28T11:00:00+00:00,-37.75777166449116,144.81644228805706,11.8,11.7,8,2,partly_cloudy,2.9,6.8,0.0,22.0,26.8,true
brimbank,Brimbank,21180,2026-08-28T22:00:00+10:00,2026-08-28T12:00:00+00:00,-37.75777166449116,144.81644228805706,10.7,10.2,2,2,partly_cloudy,4.0,8.6,0.0,26.8,32.1,true
brimbank,Brimbank,21180,2026-08-28T23:00:00+10:00,2026-08-28T13:00:00+00:00,-37.75777166449116,144.81644228805706,10.1,9.4,0,3,overcast,4.7,9.7,0.0,27.9,33.6,true
brimbank,Brimbank,21180,2026-08-29T00:00:00+10:00,2026-08-28T14:00:00+00:00,-37.75777166449116,144.81644228805706,9.8,8.9,0,3,overcast,5.7,11.2,0.0,28.5,34.3,true
brimbank,Brimbank,21180,2026-08-29T01:00:00+10:00,2026-08-28T15:00:00+00:00,-37.75777166449116,144.81644228805706,10.0,9.1,0,3,overcast,5.3,11.9,0.0,27.4,33.2,true
brimbank,Brimbank,21180,2026-08-29T02:00:00+10:00,2026-08-28T16:00:00+00:00,-37.75777166449116,144.81644228805706,9.9,8.9,0,3,overcast,5.9,10.8,0.0,24.8,30.4,true
brimbank,Brimbank,21180,2026-08-29T03:00:00+10:00,2026-08-28T17:00:00+00:00,-37.75777166449116,144.81644228805706,9.9,8.6,0,3,overcast,7.9,15.8,0.0,20.9,25.7,true
brimbank,Brimbank,21180,2026-08-29T04:00:00+10:00,2026-08-28T18:00:00+00:00,-37.75777166449116,144.81644228805706,9.7,8.3,0,3,overcast,7.9,18.0,0.0,16.6,20.6,true
brimbank,Brimbank,21180,2026-08-29T05:00:00+10:00,2026-08-28T19:00:00+00:00,-37.75777166449116,144.81644228805706,9.2,7.8,0,2,partly_cloudy,6.5,16.9,0.0,12.8,16.4,true
brimbank,Brimbank,21180,2026-08-29T06:00:00+10:00,2026-08-28T20:00:00+00:00,-37.75777166449116,144.81644228805706,8.3,6.8,0,1,mainly_clear,6.1,14.0,0.0,10.6,13.8,true
brimbank,Brimbank,21180,2026-08-29T07:00:00+10:00,2026-08-28T21:00:00+00:00,-37.75777166449116,144.81644228805706,7.4,5.7,0,2,partly_cloudy,6.3,13.0,0.05,11.3,14.0,true
brimbank,Brimbank,21180,2026-08-29T08:00:00+10:00,2026-08-28T22:00:00+00:00,-37.75777166449116,144.81644228805706,8.0,6.2,0,1,mainly_clear,7.1,15.1,0.4,12.3,14.9,true
brimbank,Brimbank,21180,2026-08-29T09:00:00+10:00,2026-08-28T23:00:00+00:00,-37.75777166449116,144.81644228805706,9.9,8.3,0,1,mainly_clear,6.2,18.0,1.05,11.6,15.7,true
brimbank,Brimbank,21180,2026-08-29T10:00:00+10:00,2026-08-29T00:00:00+00:00,-37.75777166449116,144.81644228805706,11.7,9.8,0,1,mainly_clear,7.4,22.7,1.95,11.9,17.6,true
brimbank,Brimbank,21180,2026-08-29T11:00:00+10:00,2026-08-29T01:00:00+00:00,-37.75777166449116,144.81644228805706,12.9,10.5,1,2,partly_cloudy,8.4,26.3,2.55,11.5,17.9,true
brimbank,Brimbank,21180,2026-08-29T12:00:00+10:00,2026-08-29T02:00:00+00:00,-37.75777166449116,144.81644228805706,13.5,11.0,1,3,overcast,8.4,26.6,2.75,11.1,17.2,true
brimbank,Brimbank,21180,2026-08-29T13:00:00+10:00,2026-08-29T03:00:00+00:00,-37.75777166449116,144.81644228805706,13.9,11.3,2,3,overcast,9.1,26.6,2.55,11.1,17.1,true
brimbank,Brimbank,21180,2026-08-29T14:00:00+10:00,2026-08-29T04:00:00+00:00,-37.75777166449116,144.81644228805706,14.2,11.5,2,3,overcast,11.8,32.8,1.85,11.0,16.8,true
brimbank,Brimbank,21180,2026-08-29T15:00:00+10:00,2026-08-29T05:00:00+00:00,-37.75777166449116,144.81644228805706,13.6,10.8,2,3,overcast,12.2,33.8,1.05,11.3,17.0,true
brimbank,Brimbank,21180,2026-08-29T16:00:00+10:00,2026-08-29T06:00:00+00:00,-37.75777166449116,144.81644228805706,13.0,10.5,2,3,overcast,10.5,32.8,0.4,12.5,18.7,true
brimbank,Brimbank,21180,2026-08-29T17:00:00+10:00,2026-08-29T07:00:00+00:00,-37.75777166449116,144.81644228805706,12.6,10.7,1,3,overcast,7.9,27.0,0.1,13.8,20.7,true
brimbank,Brimbank,21180,2026-08-29T18:00:00+10:00,2026-08-29T08:00:00+00:00,-37.75777166449116,144.81644228805706,12.2,11.1,1,0,clear_sky,2.3,19.8,0.0,15.7,23.2,true
brimbank,Brimbank,21180,2026-08-29T19:00:00+10:00,2026-08-29T09:00:00+00:00,-37.75777166449116,144.81644228805706,11.5,10.1,0,2,partly_cloudy,4.7,9.0,0.0,14.3,19.7,true
brimbank,Brimbank,21180,2026-08-29T20:00:00+10:00,2026-08-29T10:00:00+00:00,-37.75777166449116,144.81644228805706,11.7,10.3,0,3,overcast,4.6,11.2,0.0,14.2,19.1,true
brimbank,Brimbank,21180,2026-08-29T21:00:00+10:00,2026-08-29T11:00:00+00:00,-37.75777166449116,144.81644228805706,11.8,10.3,0,3,overcast,6.0,13.0,0.0,14.4,19.3,true
brimbank,Brimbank,21180,2026-08-29T22:00:00+10:00,2026-08-29T12:00:00+00:00,-37.75777166449116,144.81644228805706,11.4,9.6,0,3,overcast,8.1,16.2,0.0,12.7,16.9,true
brimbank,Brimbank,21180,2026-08-29T23:00:00+10:00,2026-08-29T13:00:00+00:00,-37.75777166449116,144.81644228805706,10.6,8.4,0,3,overcast,10.1,22.7,0.0,11.0,14.6,true
brimbank,Brimbank,21180,2026-08-30T00:00:00+10:00,2026-08-29T14:00:00+00:00,-37.75777166449116,144.81644228805706,10.1,8.0,0,1,mainly_clear,8.8,22.7,0.0,9.6,12.7,true
brimbank,Brimbank,21180,2026-08-30T01:00:00+10:00,2026-08-29T15:00:00+00:00,-37.75777166449116,144.81644228805706,9.5,7.5,0,1,mainly_clear,8.0,18.0,0.0,8.4,11.3,true
brimbank,Brimbank,21180,2026-08-30T02:00:00+10:00,2026-08-29T16:00:00+00:00,-37.75777166449116,144.81644228805706,9.0,7.0,0,1,mainly_clear,7.6,16.6,0.0,7.5,10.3,true
brimbank,Brimbank,21180,2026-08-30T03:00:00+10:00,2026-08-29T17:00:00+00:00,-37.75777166449116,144.81644228805706,8.4,6.6,0,0,clear_sky,6.6,15.1,0.0,7.0,9.7,true
brimbank,Brimbank,21180,2026-08-30T04:00:00+10:00,2026-08-29T18:00:00+00:00,-37.75777166449116,144.81644228805706,7.9,6.2,0,0,clear_sky,5.3,13.0,0.0,6.6,9.3,true
brimbank,Brimbank,21180,2026-08-30T05:00:00+10:00,2026-08-29T19:00:00+00:00,-37.75777166449116,144.81644228805706,7.5,5.8,0,0,clear_sky,5.4,12.6,0.0,6.5,9.2,true
brimbank,Brimbank,21180,2026-08-30T06:00:00+10:00,2026-08-29T20:00:00+00:00,-37.75777166449116,144.81644228805706,7.3,5.5,0,0,clear_sky,6.3,12.6,0.0,6.9,9.6,true
brimbank,Brimbank,21180,2026-08-30T07:00:00+10:00,2026-08-29T21:00:00+00:00,-37.75777166449116,144.81644228805706,7.7,5.8,0,1,mainly_clear,6.3,13.7,0.05,8.2,11.0,true
brimbank,Brimbank,21180,2026-08-30T08:00:00+10:00,2026-08-29T22:00:00+00:00,-37.75777166449116,144.81644228805706,9.1,7.5,0,1,mainly_clear,5.3,15.8,0.25,10.3,13.8,true
brimbank,Brimbank,21180,2026-08-30T09:00:00+10:00,2026-08-29T23:00:00+00:00,-37.75777166449116,144.81644228805706,11.2,9.6,0,1,mainly_clear,5.2,18.4,0.8,10.0,14.0,true
brimbank,Brimbank,21180,2026-08-30T10:00:00+10:00,2026-08-30T00:00:00+00:00,-37.75777166449116,144.81644228805706,12.8,11.2,0,2,partly_cloudy,6.5,20.9,1.75,9.8,14.4,true
brimbank,Brimbank,21180,2026-08-30T11:00:00+10:00,2026-08-30T01:00:00+00:00,-37.75777166449116,144.81644228805706,13.7,12.0,0,2,partly_cloudy,7.2,23.0,2.75,10.2,15.3,true
brimbank,Brimbank,21180,2026-08-30T12:00:00+10:00,2026-08-30T02:00:00+00:00,-37.75777166449116,144.81644228805706,14.2,12.4,0,3,overcast,7.6,24.8,3.25,10.5,15.6,true
brimbank,Brimbank,21180,2026-08-30T13:00:00+10:00,2026-08-30T03:00:00+00:00,-37.75777166449116,144.81644228805706,14.5,12.6,0,3,overcast,8.0,25.9,3.55,10.6,15.5,true
brimbank,Brimbank,21180,2026-08-30T14:00:00+10:00,2026-08-30T04:00:00+00:00,-37.75777166449116,144.81644228805706,14.6,12.7,0,3,overcast,8.1,26.3,3.15,9.8,14.4,true
brimbank,Brimbank,21180,2026-08-30T15:00:00+10:00,2026-08-30T05:00:00+00:00,-37.75777166449116,144.81644228805706,14.4,12.6,0,3,overcast,8.0,25.9,1.9,9.8,14.3,true
brimbank,Brimbank,21180,2026-08-30T16:00:00+10:00,2026-08-30T06:00:00+00:00,-37.75777166449116,144.81644228805706,14.1,12.4,0,3,overcast,7.8,25.6,0.8,10.0,14.3,true
brimbank,Brimbank,21180,2026-08-30T17:00:00+10:00,2026-08-30T07:00:00+00:00,-37.75777166449116,144.81644228805706,13.6,12.0,0,3,overcast,7.3,25.2,0.2,10.1,14.6,true
brimbank,Brimbank,21180,2026-08-30T18:00:00+10:00,2026-08-30T08:00:00+00:00,-37.75777166449116,144.81644228805706,12.9,11.5,0,3,overcast,6.4,24.1,0.0,11.7,16.0,true
brimbank,Brimbank,21180,2026-08-30T19:00:00+10:00,2026-08-30T09:00:00+00:00,-37.75777166449116,144.81644228805706,12.3,11.1,0,3,overcast,5.3,22.7,0.0,12.2,15.8,true
brimbank,Brimbank,21180,2026-08-30T20:00:00+10:00,2026-08-30T10:00:00+00:00,-37.75777166449116,144.81644228805706,12.1,11.2,0,3,overcast,3.9,19.8,0.0,12.0,15.0,true
brimbank,Brimbank,21180,2026-08-30T21:00:00+10:00,2026-08-30T11:00:00+00:00,-37.75777166449116,144.81644228805706,12.1,11.4,0,3,overcast,2.3,16.2,0.0,12.3,15.3,true
brimbank,Brimbank,21180,2026-08-30T22:00:00+10:00,2026-08-30T12:00:00+00:00,-37.75777166449116,144.81644228805706,12.0,11.6,0,3,overcast,0.9,13.0,0.0,13.1,16.1,true
brimbank,Brimbank,21180,2026-08-30T23:00:00+10:00,2026-08-30T13:00:00+00:00,-37.75777166449116,144.81644228805706,11.7,11.3,0,3,overcast,0.8,10.8,,,,false
brimbank,Brimbank,21180,2026-08-31T00:00:00+10:00,2026-08-30T14:00:00+00:00,-37.75777166449116,144.81644228805706,11.3,10.6,0,3,overcast,2.6,9.0,,,,false
brimbank,Brimbank,21180,2026-08-31T01:00:00+10:00,2026-08-30T15:00:00+00:00,-37.75777166449116,144.81644228805706,10.9,10.1,0,3,overcast,3.6,7.9,,,,false
brimbank,Brimbank,21180,2026-08-31T02:00:00+10:00,2026-08-30T16:00:00+00:00,-37.75777166449116,144.81644228805706,10.7,9.9,0,3,overcast,3.6,7.2,,,,false
brimbank,Brimbank,21180,2026-08-31T03:00:00+10:00,2026-08-30T17:00:00+00:00,-37.75777166449116,144.81644228805706,10.6,9.8,0,3,overcast,3.7,7.2,,,,false
brimbank,Brimbank,21180,2026-08-31T04:00:00+10:00,2026-08-30T18:00:00+00:00,-37.75777166449116,144.81644228805706,10.5,9.6,0,3,overcast,4.1,7.9,,,,false
brimbank,Brimbank,21180,2026-08-31T05:00:00+10:00,2026-08-30T19:00:00+00:00,-37.75777166449116,144.81644228805706,10.1,9.0,0,3,overcast,4.6,9.4,,,,false
brimbank,Brimbank,21180,2026-08-31T06:00:00+10:00,2026-08-30T20:00:00+00:00,-37.75777166449116,144.81644228805706,9.6,8.4,0,3,overcast,4.8,11.5,,,,false
brimbank,Brimbank,21180,2026-08-31T07:00:00+10:00,2026-08-30T21:00:00+00:00,-37.75777166449116,144.81644228805706,9.5,8.3,0,3,overcast,4.3,13.3,,,,false
brimbank,Brimbank,21180,2026-08-31T08:00:00+10:00,2026-08-30T22:00:00+00:00,-37.75777166449116,144.81644228805706,10.1,9.1,0,3,overcast,2.2,14.8,,,,false
brimbank,Brimbank,21180,2026-08-31T09:00:00+10:00,2026-08-30T23:00:00+00:00,-37.75777166449116,144.81644228805706,11.1,10.0,0,3,overcast,3.1,15.8,,,,false
brimbank,Brimbank,21180,2026-08-31T10:00:00+10:00,2026-08-31T00:00:00+00:00,-37.75777166449116,144.81644228805706,12.3,10.9,0,3,overcast,4.8,16.9,,,,false
brimbank,Brimbank,21180,2026-08-31T11:00:00+10:00,2026-08-31T01:00:00+00:00,-37.75777166449116,144.81644228805706,13.9,12.6,0,2,partly_cloudy,4.2,17.3,,,,false
brimbank,Brimbank,21180,2026-08-31T12:00:00+10:00,2026-08-31T02:00:00+00:00,-37.75777166449116,144.81644228805706,15.6,14.8,0,1,mainly_clear,2.4,17.6,,,,false
brimbank,Brimbank,21180,2026-08-31T13:00:00+10:00,2026-08-31T03:00:00+00:00,-37.75777166449116,144.81644228805706,16.6,16.2,0,0,clear_sky,2.3,19.1,,,,false
brimbank,Brimbank,21180,2026-08-31T14:00:00+10:00,2026-08-31T04:00:00+00:00,-37.75777166449116,144.81644228805706,16.4,15.5,0,0,clear_sky,5.4,23.4,,,,false
brimbank,Brimbank,21180,2026-08-31T15:00:00+10:00,2026-08-31T05:00:00+00:00,-37.75777166449116,144.81644228805706,15.4,13.6,0,0,clear_sky,9.2,29.2,,,,false
brimbank,Brimbank,21180,2026-08-31T16:00:00+10:00,2026-08-31T06:00:00+00:00,-37.75777166449116,144.81644228805706,14.4,12.3,0,0,clear_sky,11.0,32.8,,,,false
brimbank,Brimbank,21180,2026-08-31T17:00:00+10:00,2026-08-31T07:00:00+00:00,-37.75777166449116,144.81644228805706,13.2,11.5,0,0,clear_sky,8.9,32.8,,,,false
brimbank,Brimbank,21180,2026-08-31T18:00:00+10:00,2026-08-31T08:00:00+00:00,-37.75777166449116,144.81644228805706,12.0,10.9,0,0,clear_sky,4.5,30.6,,,,false
brimbank,Brimbank,21180,2026-08-31T19:00:00+10:00,2026-08-31T09:00:00+00:00,-37.75777166449116,144.81644228805706,11.2,10.5,0,0,clear_sky,2.3,28.4,,,,false
brimbank,Brimbank,21180,2026-08-31T20:00:00+10:00,2026-08-31T10:00:00+00:00,-37.75777166449116,144.81644228805706,11.5,10.4,0,0,clear_sky,5.2,26.6,,,,false
brimbank,Brimbank,21180,2026-08-31T21:00:00+10:00,2026-08-31T11:00:00+00:00,-37.75777166449116,144.81644228805706,12.3,10.8,0,0,clear_sky,9.2,25.2,,,,false
brimbank,Brimbank,21180,2026-08-31T22:00:00+10:00,2026-08-31T12:00:00+00:00,-37.75777166449116,144.81644228805706,12.9,11.1,0,0,clear_sky,12.6,24.8,,,,false
brimbank,Brimbank,21180,2026-08-31T23:00:00+10:00,2026-08-31T13:00:00+00:00,-37.75777166449116,144.81644228805706,13.0,11.0,0,0,clear_sky,14.4,26.6,,,,false
brimbank,Brimbank,21180,2026-09-01T00:00:00+10:00,2026-08-31T14:00:00+00:00,-37.75777166449116,144.81644228805706,12.9,10.7,0,1,mainly_clear,15.1,30.2,,,,false
brimbank,Brimbank,21180,2026-09-01T01:00:00+10:00,2026-08-31T15:00:00+00:00,-37.75777166449116,144.81644228805706,12.7,10.4,0,1,mainly_clear,16.0,33.5,,,,false
brimbank,Brimbank,21180,2026-09-01T02:00:00+10:00,2026-08-31T16:00:00+00:00,-37.75777166449116,144.81644228805706,12.6,10.1,0,1,mainly_clear,17.5,36.7,,,,false
brimbank,Brimbank,21180,2026-09-01T03:00:00+10:00,2026-08-31T17:00:00+00:00,-37.75777166449116,144.81644228805706,12.4,9.7,0,1,mainly_clear,18.8,39.6,,,,false
brimbank,Brimbank,21180,2026-09-01T04:00:00+10:00,2026-08-31T18:00:00+00:00,-37.75777166449116,144.81644228805706,12.3,9.4,0,1,mainly_clear,19.8,42.1,,,,false
brimbank,Brimbank,21180,2026-09-01T05:00:00+10:00,2026-08-31T19:00:00+00:00,-37.75777166449116,144.81644228805706,12.1,9.1,0,2,partly_cloudy,20.2,43.2,,,,false
brimbank,Brimbank,21180,2026-09-01T06:00:00+10:00,2026-08-31T20:00:00+00:00,-37.75777166449116,144.81644228805706,12.0,8.9,0,2,partly_cloudy,20.1,43.6,,,,false
brimbank,Brimbank,21180,2026-09-01T07:00:00+10:00,2026-08-31T21:00:00+00:00,-37.75777166449116,144.81644228805706,12.1,9.0,0,2,partly_cloudy,20.4,44.6,,,,false
brimbank,Brimbank,21180,2026-09-01T08:00:00+10:00,2026-08-31T22:00:00+00:00,-37.75777166449116,144.81644228805706,13.5,10.2,1,1,mainly_clear,22.5,50.4,,,,false
brimbank,Brimbank,21180,2026-09-01T09:00:00+10:00,2026-08-31T23:00:00+00:00,-37.75777166449116,144.81644228805706,14.0,10.6,2,1,mainly_clear,22.9,52.6,,,,false
brimbank,Brimbank,21180,2026-09-01T10:00:00+10:00,2026-09-01T00:00:00+00:00,-37.75777166449116,144.81644228805706,14.6,11.0,4,1,mainly_clear,23.1,54.7,,,,false
brimbank,Brimbank,21180,2026-09-01T11:00:00+10:00,2026-09-01T01:00:00+00:00,-37.75777166449116,144.81644228805706,15.4,11.7,7,51,light_drizzle,23.5,57.6,,,,false
brimbank,Brimbank,21180,2026-09-01T12:00:00+10:00,2026-09-01T02:00:00+00:00,-37.75777166449116,144.81644228805706,16.4,12.8,11,51,light_drizzle,24.3,60.5,,,,false
brimbank,Brimbank,21180,2026-09-01T13:00:00+10:00,2026-09-01T03:00:00+00:00,-37.75777166449116,144.81644228805706,17.6,13.6,16,51,light_drizzle,25.2,64.1,,,,false
brimbank,Brimbank,21180,2026-09-01T14:00:00+10:00,2026-09-01T04:00:00+00:00,-37.75777166449116,144.81644228805706,18.6,14.3,21,51,light_drizzle,26.0,67.0,,,,false
brimbank,Brimbank,21180,2026-09-01T15:00:00+10:00,2026-09-01T05:00:00+00:00,-37.75777166449116,144.81644228805706,19.3,14.9,26,51,light_drizzle,26.1,69.1,,,,false
brimbank,Brimbank,21180,2026-09-01T16:00:00+10:00,2026-09-01T06:00:00+00:00,-37.75777166449116,144.81644228805706,19.4,15.1,31,51,light_drizzle,25.2,70.2,,,,false
brimbank,Brimbank,21180,2026-09-01T17:00:00+10:00,2026-09-01T07:00:00+00:00,-37.75777166449116,144.81644228805706,18.8,14.9,38,53,moderate_drizzle,22.7,70.2,,,,false
brimbank,Brimbank,21180,2026-09-01T18:00:00+10:00,2026-09-01T08:00:00+00:00,-37.75777166449116,144.81644228805706,17.6,14.3,45,53,moderate_drizzle,19.5,68.8,,,,false
brimbank,Brimbank,21180,2026-09-01T19:00:00+10:00,2026-09-01T09:00:00+00:00,-37.75777166449116,144.81644228805706,16.2,13.2,51,53,moderate_drizzle,17.5,67.0,,,,false
brimbank,Brimbank,21180,2026-09-01T20:00:00+10:00,2026-09-01T10:00:00+00:00,-37.75777166449116,144.81644228805706,14.5,11.6,57,53,moderate_drizzle,17.8,64.8,,,,false
brimbank,Brimbank,21180,2026-09-01T21:00:00+10:00,2026-09-01T11:00:00+00:00,-37.75777166449116,144.81644228805706,13.1,10.0,61,53,moderate_drizzle,19.8,62.3,,,,false
brimbank,Brimbank,21180,2026-09-01T22:00:00+10:00,2026-09-01T12:00:00+00:00,-37.75777166449116,144.81644228805706,11.9,8.6,63,53,moderate_drizzle,20.9,59.8,,,,false
brimbank,Brimbank,21180,2026-09-01T23:00:00+10:00,2026-09-01T13:00:00+00:00,-37.75777166449116,144.81644228805706,11.0,7.8,60,0,clear_sky,20.2,57.2,,,,false
cardinia,Cardinia,21450,2026-08-26T00:00:00+10:00,2026-08-25T14:00:00+00:00,-38.09492945016003,145.56457959542814,10.3,9.0,57,51,light_drizzle,7.3,11.2,0.0,4.7,5.9,true
cardinia,Cardinia,21450,2026-08-26T01:00:00+10:00,2026-08-25T15:00:00+00:00,-38.09492945016003,145.56457959542814,10.4,8.7,78,51,light_drizzle,10.8,16.6,0.0,3.4,4.8,true
cardinia,Cardinia,21450,2026-08-26T02:00:00+10:00,2026-08-25T16:00:00+00:00,-38.09492945016003,145.56457959542814,10.6,9.0,64,3,overcast,10.1,16.9,0.0,3.0,4.7,true
cardinia,Cardinia,21450,2026-08-26T03:00:00+10:00,2026-08-25T17:00:00+00:00,-38.09492945016003,145.56457959542814,10.5,9.0,35,3,overcast,9.1,16.2,0.0,3.4,5.5,true
cardinia,Cardinia,21450,2026-08-26T04:00:00+10:00,2026-08-25T18:00:00+00:00,-38.09492945016003,145.56457959542814,10.1,8.6,12,2,partly_cloudy,7.9,14.0,0.0,3.7,6.0,true
cardinia,Cardinia,21450,2026-08-26T05:00:00+10:00,2026-08-25T19:00:00+00:00,-38.09492945016003,145.56457959542814,9.4,7.9,4,3,overcast,6.7,12.2,0.0,4.1,6.6,true
cardinia,Cardinia,21450,2026-08-26T06:00:00+10:00,2026-08-25T20:00:00+00:00,-38.09492945016003,145.56457959542814,9.1,7.6,2,3,overcast,6.0,10.8,0.0,4.7,7.4,true
cardinia,Cardinia,21450,2026-08-26T07:00:00+10:00,2026-08-25T21:00:00+00:00,-38.09492945016003,145.56457959542814,9.1,7.8,2,1,mainly_clear,5.3,9.4,0.05,5.0,7.5,true
cardinia,Cardinia,21450,2026-08-26T08:00:00+10:00,2026-08-25T22:00:00+00:00,-38.09492945016003,145.56457959542814,10.0,8.3,5,3,overcast,9.6,13.7,0.3,5.7,8.2,true
cardinia,Cardinia,21450,2026-08-26T09:00:00+10:00,2026-08-25T23:00:00+00:00,-38.09492945016003,145.56457959542814,11.9,10.2,10,1,mainly_clear,9.3,17.3,0.95,5.5,8.4,true
cardinia,Cardinia,21450,2026-08-26T10:00:00+10:00,2026-08-26T00:00:00+00:00,-38.09492945016003,145.56457959542814,13.0,10.6,14,2,partly_cloudy,13.2,20.5,1.8,5.3,8.1,true
cardinia,Cardinia,21450,2026-08-26T11:00:00+10:00,2026-08-26T01:00:00+00:00,-38.09492945016003,145.56457959542814,13.4,10.6,15,51,light_drizzle,16.0,28.1,2.7,5.9,9.4,true
cardinia,Cardinia,21450,2026-08-26T12:00:00+10:00,2026-08-26T02:00:00+00:00,-38.09492945016003,145.56457959542814,14.1,11.1,15,51,light_drizzle,16.8,29.9,2.7,6.7,10.9,true
cardinia,Cardinia,21450,2026-08-26T13:00:00+10:00,2026-08-26T03:00:00+00:00,-38.09492945016003,145.56457959542814,14.2,11.0,14,2,partly_cloudy,17.7,31.0,2.2,6.7,10.9,true
cardinia,Cardinia,21450,2026-08-26T14:00:00+10:00,2026-08-26T04:00:00+00:00,-38.09492945016003,145.56457959542814,14.1,10.7,11,2,partly_cloudy,18.8,31.7,1.85,6.5,10.6,true
cardinia,Cardinia,21450,2026-08-26T15:00:00+10:00,2026-08-26T05:00:00+00:00,-38.09492945016003,145.56457959542814,13.8,10.4,6,1,mainly_clear,19.5,33.1,1.05,6.2,10.0,true
cardinia,Cardinia,21450,2026-08-26T16:00:00+10:00,2026-08-26T06:00:00+00:00,-38.09492945016003,145.56457959542814,13.3,10.0,2,1,mainly_clear,17.9,32.8,0.4,6.1,10.0,true
cardinia,Cardinia,21450,2026-08-26T17:00:00+10:00,2026-08-26T07:00:00+00:00,-38.09492945016003,145.56457959542814,12.5,10.0,1,1,mainly_clear,13.3,29.5,0.1,6.4,10.2,true
cardinia,Cardinia,21450,2026-08-26T18:00:00+10:00,2026-08-26T08:00:00+00:00,-38.09492945016003,145.56457959542814,10.9,8.9,0,1,mainly_clear,8.9,20.9,0.0,7.3,11.1,true
cardinia,Cardinia,21450,2026-08-26T19:00:00+10:00,2026-08-26T09:00:00+00:00,-38.09492945016003,145.56457959542814,9.3,7.5,0,1,mainly_clear,7.0,13.7,0.0,8.3,12.1,true
cardinia,Cardinia,21450,2026-08-26T20:00:00+10:00,2026-08-26T10:00:00+00:00,-38.09492945016003,145.56457959542814,8.9,7.2,0,3,overcast,4.9,9.7,0.0,9.3,13.3,true
cardinia,Cardinia,21450,2026-08-26T21:00:00+10:00,2026-08-26T11:00:00+00:00,-38.09492945016003,145.56457959542814,8.8,7.5,0,2,partly_cloudy,3.0,6.5,0.0,10.0,14.3,true
cardinia,Cardinia,21450,2026-08-26T22:00:00+10:00,2026-08-26T12:00:00+00:00,-38.09492945016003,145.56457959542814,8.6,7.4,0,1,mainly_clear,1.8,4.0,0.0,10.5,15.0,true
cardinia,Cardinia,21450,2026-08-26T23:00:00+10:00,2026-08-26T13:00:00+00:00,-38.09492945016003,145.56457959542814,8.1,6.8,0,1,mainly_clear,1.9,2.9,0.0,11.1,15.7,true
cardinia,Cardinia,21450,2026-08-27T00:00:00+10:00,2026-08-26T14:00:00+00:00,-38.09492945016003,145.56457959542814,7.6,5.9,0,1,mainly_clear,3.7,5.4,0.0,11.6,16.1,true
cardinia,Cardinia,21450,2026-08-27T01:00:00+10:00,2026-08-26T15:00:00+00:00,-38.09492945016003,145.56457959542814,7.3,5.6,0,3,overcast,4.5,7.2,0.0,11.8,16.5,true
cardinia,Cardinia,21450,2026-08-27T02:00:00+10:00,2026-08-26T16:00:00+00:00,-38.09492945016003,145.56457959542814,8.0,6.4,0,3,overcast,4.7,8.6,0.0,12.1,16.8,true
cardinia,Cardinia,21450,2026-08-27T03:00:00+10:00,2026-08-26T17:00:00+00:00,-38.09492945016003,145.56457959542814,8.0,6.6,0,3,overcast,3.7,7.6,0.0,12.3,17.0,true
cardinia,Cardinia,21450,2026-08-27T04:00:00+10:00,2026-08-26T18:00:00+00:00,-38.09492945016003,145.56457959542814,7.7,6.4,0,3,overcast,3.2,5.8,0.0,12.2,16.9,true
cardinia,Cardinia,21450,2026-08-27T05:00:00+10:00,2026-08-26T19:00:00+00:00,-38.09492945016003,145.56457959542814,7.4,5.8,0,3,overcast,4.6,7.6,0.0,11.9,16.5,true
cardinia,Cardinia,21450,2026-08-27T06:00:00+10:00,2026-08-26T20:00:00+00:00,-38.09492945016003,145.56457959542814,7.1,5.5,0,2,partly_cloudy,4.0,7.9,0.0,11.6,15.7,true
cardinia,Cardinia,21450,2026-08-27T07:00:00+10:00,2026-08-26T21:00:00+00:00,-38.09492945016003,145.56457959542814,6.7,5.2,0,1,mainly_clear,2.9,6.5,0.05,12.4,15.6,true
cardinia,Cardinia,21450,2026-08-27T08:00:00+10:00,2026-08-26T22:00:00+00:00,-38.09492945016003,145.56457959542814,8.1,6.5,0,0,clear_sky,5.1,9.4,0.35,13.3,15.0,true
cardinia,Cardinia,21450,2026-08-27T09:00:00+10:00,2026-08-26T23:00:00+00:00,-38.09492945016003,145.56457959542814,11.0,9.7,0,0,clear_sky,4.8,11.5,1.1,12.4,14.8,true
cardinia,Cardinia,21450,2026-08-27T10:00:00+10:00,2026-08-27T00:00:00+00:00,-38.09492945016003,145.56457959542814,12.5,10.9,0,0,clear_sky,5.6,14.0,2.05,8.7,12.8,true
cardinia,Cardinia,21450,2026-08-27T11:00:00+10:00,2026-08-27T01:00:00+00:00,-38.09492945016003,145.56457959542814,13.3,11.6,0,2,partly_cloudy,6.1,15.1,2.45,8.0,12.0,true
cardinia,Cardinia,21450,2026-08-27T12:00:00+10:00,2026-08-27T02:00:00+00:00,-38.09492945016003,145.56457959542814,13.9,11.9,0,1,mainly_clear,7.1,16.2,3.2,7.9,11.6,true
cardinia,Cardinia,21450,2026-08-27T13:00:00+10:00,2026-08-27T03:00:00+00:00,-38.09492945016003,145.56457959542814,14.4,12.7,0,3,overcast,9.0,19.1,3.35,8.4,11.9,true
cardinia,Cardinia,21450,2026-08-27T14:00:00+10:00,2026-08-27T04:00:00+00:00,-38.09492945016003,145.56457959542814,14.4,12.2,0,0,clear_sky,12.0,22.7,2.7,8.8,12.3,true
cardinia,Cardinia,21450,2026-08-27T15:00:00+10:00,2026-08-27T05:00:00+00:00,-38.09492945016003,145.56457959542814,13.7,10.8,0,1,mainly_clear,15.9,28.1,1.55,9.3,13.0,true
cardinia,Cardinia,21450,2026-08-27T16:00:00+10:00,2026-08-27T06:00:00+00:00,-38.09492945016003,145.56457959542814,13.1,9.9,0,0,clear_sky,16.1,28.8,0.6,9.6,13.5,true
cardinia,Cardinia,21450,2026-08-27T17:00:00+10:00,2026-08-27T07:00:00+00:00,-38.09492945016003,145.56457959542814,12.6,10.7,0,0,clear_sky,8.9,26.3,0.15,10.2,14.0,true
cardinia,Cardinia,21450,2026-08-27T18:00:00+10:00,2026-08-27T08:00:00+00:00,-38.09492945016003,145.56457959542814,10.3,8.9,0,1,mainly_clear,4.4,13.7,0.0,11.6,15.4,true
cardinia,Cardinia,21450,2026-08-27T19:00:00+10:00,2026-08-27T09:00:00+00:00,-38.09492945016003,145.56457959542814,9.8,8.7,0,3,overcast,2.2,5.8,0.0,13.1,16.8,true
cardinia,Cardinia,21450,2026-08-27T20:00:00+10:00,2026-08-27T10:00:00+00:00,-38.09492945016003,145.56457959542814,10.1,9.0,0,3,overcast,3.4,5.4,0.0,14.4,18.1,true
cardinia,Cardinia,21450,2026-08-27T21:00:00+10:00,2026-08-27T11:00:00+00:00,-38.09492945016003,145.56457959542814,10.5,9.2,0,3,overcast,4.1,6.1,0.0,15.5,19.2,true
cardinia,Cardinia,21450,2026-08-27T22:00:00+10:00,2026-08-27T12:00:00+00:00,-38.09492945016003,145.56457959542814,10.4,8.7,0,3,overcast,6.3,9.4,0.0,16.1,19.3,true
cardinia,Cardinia,21450,2026-08-27T23:00:00+10:00,2026-08-27T13:00:00+00:00,-38.09492945016003,145.56457959542814,9.6,7.5,0,3,overcast,8.4,12.6,0.0,14.1,16.6,true
cardinia,Cardinia,21450,2026-08-28T00:00:00+10:00,2026-08-27T14:00:00+00:00,-38.09492945016003,145.56457959542814,9.6,7.3,0,3,overcast,9.3,14.4,0.0,12.5,14.6,true
cardinia,Cardinia,21450,2026-08-28T01:00:00+10:00,2026-08-27T15:00:00+00:00,-38.09492945016003,145.56457959542814,10.0,7.4,0,1,mainly_clear,10.9,16.9,0.0,11.7,13.5,true
cardinia,Cardinia,21450,2026-08-28T02:00:00+10:00,2026-08-27T16:00:00+00:00,-38.09492945016003,145.56457959542814,8.6,6.0,0,2,partly_cloudy,11.2,17.3,0.0,10.6,12.3,true
cardinia,Cardinia,21450,2026-08-28T03:00:00+10:00,2026-08-27T17:00:00+00:00,-38.09492945016003,145.56457959542814,8.1,5.5,0,1,mainly_clear,11.5,17.6,0.0,9.1,10.5,true
cardinia,Cardinia,21450,2026-08-28T04:00:00+10:00,2026-08-27T18:00:00+00:00,-38.09492945016003,145.56457959542814,8.4,5.4,0,0,clear_sky,13.4,20.9,0.0,7.4,8.6,true
cardinia,Cardinia,21450,2026-08-28T05:00:00+10:00,2026-08-27T19:00:00+00:00,-38.09492945016003,145.56457959542814,8.6,5.4,0,0,clear_sky,14.7,23.0,0.0,6.3,7.7,true
cardinia,Cardinia,21450,2026-08-28T06:00:00+10:00,2026-08-27T20:00:00+00:00,-38.09492945016003,145.56457959542814,8.4,5.2,0,0,clear_sky,13.9,23.0,0.0,5.6,7.0,true
cardinia,Cardinia,21450,2026-08-28T07:00:00+10:00,2026-08-27T21:00:00+00:00,-38.09492945016003,145.56457959542814,8.0,4.9,0,0,clear_sky,13.5,22.0,0.0,5.3,6.7,true
cardinia,Cardinia,21450,2026-08-28T08:00:00+10:00,2026-08-27T22:00:00+00:00,-38.09492945016003,145.56457959542814,9.6,6.2,0,0,clear_sky,16.3,24.5,0.1,5.6,7.0,true
cardinia,Cardinia,21450,2026-08-28T09:00:00+10:00,2026-08-27T23:00:00+00:00,-38.09492945016003,145.56457959542814,12.2,9.3,0,1,mainly_clear,15.9,26.3,0.25,6.3,8.0,true
cardinia,Cardinia,21450,2026-08-28T10:00:00+10:00,2026-08-28T00:00:00+00:00,-38.09492945016003,145.56457959542814,13.7,10.1,2,3,overcast,19.5,33.1,0.5,6.6,8.6,true
cardinia,Cardinia,21450,2026-08-28T11:00:00+10:00,2026-08-28T01:00:00+00:00,-38.09492945016003,145.56457959542814,13.7,10.5,13,3,overcast,17.5,32.8,1.0,6.4,8.3,true
cardinia,Cardinia,21450,2026-08-28T12:00:00+10:00,2026-08-28T02:00:00+00:00,-38.09492945016003,145.56457959542814,13.8,10.7,28,3,overcast,17.7,28.8,2.05,5.3,7.1,true
cardinia,Cardinia,21450,2026-08-28T13:00:00+10:00,2026-08-28T03:00:00+00:00,-38.09492945016003,145.56457959542814,13.5,11.0,41,51,light_drizzle,14.9,28.4,2.35,5.3,7.5,true
cardinia,Cardinia,21450,2026-08-28T14:00:00+10:00,2026-08-28T04:00:00+00:00,-38.09492945016003,145.56457959542814,13.8,11.6,51,51,light_drizzle,15.5,26.3,2.3,6.3,9.4,true
cardinia,Cardinia,21450,2026-08-28T15:00:00+10:00,2026-08-28T05:00:00+00:00,-38.09492945016003,145.56457959542814,13.8,11.9,60,51,light_drizzle,14.3,26.3,1.5,7.0,10.7,true
cardinia,Cardinia,21450,2026-08-28T16:00:00+10:00,2026-08-28T06:00:00+00:00,-38.09492945016003,145.56457959542814,14.0,12.5,61,3,overcast,12.5,23.8,0.6,7.6,11.8,true
cardinia,Cardinia,21450,2026-08-28T17:00:00+10:00,2026-08-28T07:00:00+00:00,-38.09492945016003,145.56457959542814,13.3,12.5,50,51,light_drizzle,8.3,20.5,0.15,8.4,13.1,true
cardinia,Cardinia,21450,2026-08-28T18:00:00+10:00,2026-08-28T08:00:00+00:00,-38.09492945016003,145.56457959542814,12.3,12.0,33,51,light_drizzle,4.6,12.6,0.0,9.8,14.6,true
cardinia,Cardinia,21450,2026-08-28T19:00:00+10:00,2026-08-28T09:00:00+00:00,-38.09492945016003,145.56457959542814,11.1,10.8,18,3,overcast,3.3,6.5,0.0,12.1,17.2,true
cardinia,Cardinia,21450,2026-08-28T20:00:00+10:00,2026-08-28T10:00:00+00:00,-38.09492945016003,145.56457959542814,11.2,10.6,10,3,overcast,5.0,6.8,0.0,13.9,19.3,true
cardinia,Cardinia,21450,2026-08-28T21:00:00+10:00,2026-08-28T11:00:00+00:00,-38.09492945016003,145.56457959542814,11.2,10.3,5,3,overcast,6.7,10.1,0.0,14.8,20.5,true
cardinia,Cardinia,21450,2026-08-28T22:00:00+10:00,2026-08-28T12:00:00+00:00,-38.09492945016003,145.56457959542814,10.8,9.6,2,2,partly_cloudy,7.2,12.2,0.0,16.2,22.1,true
cardinia,Cardinia,21450,2026-08-28T23:00:00+10:00,2026-08-28T13:00:00+00:00,-38.09492945016003,145.56457959542814,9.2,8.0,1,3,overcast,4.7,11.5,0.0,17.2,23.5,true
cardinia,Cardinia,21450,2026-08-29T00:00:00+10:00,2026-08-28T14:00:00+00:00,-38.09492945016003,145.56457959542814,10.0,9.1,2,3,overcast,3.7,6.8,0.0,17.5,23.7,true
cardinia,Cardinia,21450,2026-08-29T01:00:00+10:00,2026-08-28T15:00:00+00:00,-38.09492945016003,145.56457959542814,9.8,8.9,2,3,overcast,3.7,5.4,0.0,17.3,23.5,true
cardinia,Cardinia,21450,2026-08-29T02:00:00+10:00,2026-08-28T16:00:00+00:00,-38.09492945016003,145.56457959542814,10.0,9.0,1,3,overcast,3.8,5.8,0.0,16.2,22.2,true
cardinia,Cardinia,21450,2026-08-29T03:00:00+10:00,2026-08-28T17:00:00+00:00,-38.09492945016003,145.56457959542814,9.5,8.4,1,2,partly_cloudy,4.4,6.1,0.0,14.1,19.5,true
cardinia,Cardinia,21450,2026-08-29T04:00:00+10:00,2026-08-28T18:00:00+00:00,-38.09492945016003,145.56457959542814,9.0,7.7,0,1,mainly_clear,4.7,6.8,0.0,12.6,17.5,true
cardinia,Cardinia,21450,2026-08-29T05:00:00+10:00,2026-08-28T19:00:00+00:00,-38.09492945016003,145.56457959542814,7.6,5.8,0,1,mainly_clear,5.7,8.3,0.0,11.6,16.0,true
cardinia,Cardinia,21450,2026-08-29T06:00:00+10:00,2026-08-28T20:00:00+00:00,-38.09492945016003,145.56457959542814,7.3,5.3,0,2,partly_cloudy,6.9,10.8,0.0,11.4,15.4,true
cardinia,Cardinia,21450,2026-08-29T07:00:00+10:00,2026-08-28T21:00:00+00:00,-38.09492945016003,145.56457959542814,7.7,5.7,0,3,overcast,7.4,12.2,0.05,12.5,16.3,true
cardinia,Cardinia,21450,2026-08-29T08:00:00+10:00,2026-08-28T22:00:00+00:00,-38.09492945016003,145.56457959542814,9.6,7.6,0,3,overcast,10.5,15.8,0.25,13.4,17.3,true
cardinia,Cardinia,21450,2026-08-29T09:00:00+10:00,2026-08-28T23:00:00+00:00,-38.09492945016003,145.56457959542814,10.9,8.9,0,3,overcast,11.8,19.8,0.65,12.2,16.6,true
cardinia,Cardinia,21450,2026-08-29T10:00:00+10:00,2026-08-29T00:00:00+00:00,-38.09492945016003,145.56457959542814,11.4,9.2,2,2,partly_cloudy,13.0,22.0,1.1,11.5,16.5,true
cardinia,Cardinia,21450,2026-08-29T11:00:00+10:00,2026-08-29T01:00:00+00:00,-38.09492945016003,145.56457959542814,12.5,10.2,17,51,light_drizzle,12.6,23.8,1.35,12.3,18.1,true
cardinia,Cardinia,21450,2026-08-29T12:00:00+10:00,2026-08-29T02:00:00+00:00,-38.09492945016003,145.56457959542814,12.9,10.6,37,51,light_drizzle,13.0,24.1,1.5,12.3,18.5,true
cardinia,Cardinia,21450,2026-08-29T13:00:00+10:00,2026-08-29T03:00:00+00:00,-38.09492945016003,145.56457959542814,12.8,10.5,49,3,overcast,13.3,24.1,1.5,10.2,15.7,true
cardinia,Cardinia,21450,2026-08-29T14:00:00+10:00,2026-08-29T04:00:00+00:00,-38.09492945016003,145.56457959542814,13.0,10.4,48,3,overcast,16.1,27.7,1.1,10.0,15.4,true
cardinia,Cardinia,21450,2026-08-29T15:00:00+10:00,2026-08-29T05:00:00+00:00,-38.09492945016003,145.56457959542814,12.7,10.0,39,3,overcast,15.8,28.1,0.65,9.6,15.1,true
cardinia,Cardinia,21450,2026-08-29T16:00:00+10:00,2026-08-29T06:00:00+00:00,-38.09492945016003,145.56457959542814,12.4,9.9,29,3,overcast,13.9,26.6,0.25,10.4,16.6,true
cardinia,Cardinia,21450,2026-08-29T17:00:00+10:00,2026-08-29T07:00:00+00:00,-38.09492945016003,145.56457959542814,12.2,10.8,20,1,mainly_clear,7.4,23.4,0.05,11.8,18.6,true
cardinia,Cardinia,21450,2026-08-29T18:00:00+10:00,2026-08-29T08:00:00+00:00,-38.09492945016003,145.56457959542814,10.1,8.9,9,0,clear_sky,4.9,11.2,0.0,10.8,16.5,true
cardinia,Cardinia,21450,2026-08-29T19:00:00+10:00,2026-08-29T09:00:00+00:00,-38.09492945016003,145.56457959542814,9.1,7.6,2,1,mainly_clear,5.7,7.9,0.0,10.8,16.0,true
cardinia,Cardinia,21450,2026-08-29T20:00:00+10:00,2026-08-29T10:00:00+00:00,-38.09492945016003,145.56457959542814,8.5,6.8,0,1,mainly_clear,6.2,8.6,0.0,12.0,17.8,true
cardinia,Cardinia,21450,2026-08-29T21:00:00+10:00,2026-08-29T11:00:00+00:00,-38.09492945016003,145.56457959542814,8.7,7.0,0,3,overcast,6.0,9.4,0.0,13.1,19.3,true
cardinia,Cardinia,21450,2026-08-29T22:00:00+10:00,2026-08-29T12:00:00+00:00,-38.09492945016003,145.56457959542814,9.8,8.4,0,3,overcast,5.7,10.1,0.0,13.4,19.4,true
cardinia,Cardinia,21450,2026-08-29T23:00:00+10:00,2026-08-29T13:00:00+00:00,-38.09492945016003,145.56457959542814,10.0,8.6,0,3,overcast,5.9,9.4,0.0,13.1,19.0,true
cardinia,Cardinia,21450,2026-08-30T00:00:00+10:00,2026-08-29T14:00:00+00:00,-38.09492945016003,145.56457959542814,9.8,8.3,0,3,overcast,6.3,9.7,0.0,12.7,18.5,true
cardinia,Cardinia,21450,2026-08-30T01:00:00+10:00,2026-08-29T15:00:00+00:00,-38.09492945016003,145.56457959542814,9.8,8.3,0,3,overcast,7.2,11.2,0.0,11.5,16.8,true
cardinia,Cardinia,21450,2026-08-30T02:00:00+10:00,2026-08-29T16:00:00+00:00,-38.09492945016003,145.56457959542814,9.6,8.0,0,3,overcast,7.7,11.9,0.0,10.7,15.7,true
cardinia,Cardinia,21450,2026-08-30T03:00:00+10:00,2026-08-29T17:00:00+00:00,-38.09492945016003,145.56457959542814,9.1,7.4,0,3,overcast,7.6,11.9,0.0,10.2,14.9,true
cardinia,Cardinia,21450,2026-08-30T04:00:00+10:00,2026-08-29T18:00:00+00:00,-38.09492945016003,145.56457959542814,9.4,7.8,0,3,overcast,7.6,12.6,0.0,9.7,14.3,true
cardinia,Cardinia,21450,2026-08-30T05:00:00+10:00,2026-08-29T19:00:00+00:00,-38.09492945016003,145.56457959542814,9.4,7.7,0,3,overcast,8.4,13.7,0.0,9.5,14.0,true
cardinia,Cardinia,21450,2026-08-30T06:00:00+10:00,2026-08-29T20:00:00+00:00,-38.09492945016003,145.56457959542814,9.5,7.7,0,3,overcast,9.5,14.8,0.0,9.7,14.1,true
cardinia,Cardinia,21450,2026-08-30T07:00:00+10:00,2026-08-29T21:00:00+00:00,-38.09492945016003,145.56457959542814,9.8,8.0,0,3,overcast,10.2,16.2,0.05,10.7,15.1,true
cardinia,Cardinia,21450,2026-08-30T08:00:00+10:00,2026-08-29T22:00:00+00:00,-38.09492945016003,145.56457959542814,10.7,9.0,0,3,overcast,10.2,18.0,0.2,11.7,16.1,true
cardinia,Cardinia,21450,2026-08-30T09:00:00+10:00,2026-08-29T23:00:00+00:00,-38.09492945016003,145.56457959542814,11.9,10.1,0,3,overcast,11.0,20.2,0.6,11.7,16.2,true
cardinia,Cardinia,21450,2026-08-30T10:00:00+10:00,2026-08-30T00:00:00+00:00,-38.09492945016003,145.56457959542814,12.8,11.1,0,3,overcast,11.8,21.6,1.2,10.8,15.2,true
cardinia,Cardinia,21450,2026-08-30T11:00:00+10:00,2026-08-30T01:00:00+00:00,-38.09492945016003,145.56457959542814,13.4,11.7,8,3,overcast,11.5,22.3,1.8,10.3,15.3,true
cardinia,Cardinia,21450,2026-08-30T12:00:00+10:00,2026-08-30T02:00:00+00:00,-38.09492945016003,145.56457959542814,13.7,12.2,18,3,overcast,10.5,22.7,2.4,9.7,14.7,true
cardinia,Cardinia,21450,2026-08-30T13:00:00+10:00,2026-08-30T03:00:00+00:00,-38.09492945016003,145.56457959542814,13.9,12.5,25,3,overcast,10.0,22.7,2.4,10.1,15.4,true
cardinia,Cardinia,21450,2026-08-30T14:00:00+10:00,2026-08-30T04:00:00+00:00,-38.09492945016003,145.56457959542814,13.9,12.3,25,3,overcast,10.9,22.3,1.95,9.0,13.6,true
cardinia,Cardinia,21450,2026-08-30T15:00:00+10:00,2026-08-30T05:00:00+00:00,-38.09492945016003,145.56457959542814,13.7,11.8,21,3,overcast,12.1,21.6,1.25,8.8,13.3,true
cardinia,Cardinia,21450,2026-08-30T16:00:00+10:00,2026-08-30T06:00:00+00:00,-38.09492945016003,145.56457959542814,13.4,11.5,16,3,overcast,12.0,21.2,0.55,8.8,13.3,true
cardinia,Cardinia,21450,2026-08-30T17:00:00+10:00,2026-08-30T07:00:00+00:00,-38.09492945016003,145.56457959542814,12.9,11.3,11,3,overcast,9.5,21.6,0.1,8.9,13.5,true
cardinia,Cardinia,21450,2026-08-30T18:00:00+10:00,2026-08-30T08:00:00+00:00,-38.09492945016003,145.56457959542814,12.2,11.1,4,3,overcast,5.8,22.0,0.0,9.2,13.4,true
cardinia,Cardinia,21450,2026-08-30T19:00:00+10:00,2026-08-30T09:00:00+00:00,-38.09492945016003,145.56457959542814,11.6,11.0,0,3,overcast,2.5,20.9,0.0,8.6,12.1,true
cardinia,Cardinia,21450,2026-08-30T20:00:00+10:00,2026-08-30T10:00:00+00:00,-38.09492945016003,145.56457959542814,11.1,10.7,0,3,overcast,0.5,16.6,0.0,9.0,12.6,true
cardinia,Cardinia,21450,2026-08-30T21:00:00+10:00,2026-08-30T11:00:00+00:00,-38.09492945016003,145.56457959542814,10.6,9.9,0,3,overcast,2.6,11.2,0.0,10.2,14.2,true
cardinia,Cardinia,21450,2026-08-30T22:00:00+10:00,2026-08-30T12:00:00+00:00,-38.09492945016003,145.56457959542814,10.2,9.3,0,3,overcast,4.4,7.2,0.0,11.5,15.8,true
cardinia,Cardinia,21450,2026-08-30T23:00:00+10:00,2026-08-30T13:00:00+00:00,-38.09492945016003,145.56457959542814,10.0,8.9,0,3,overcast,5.6,7.2,,,,false
cardinia,Cardinia,21450,2026-08-31T00:00:00+10:00,2026-08-30T14:00:00+00:00,-38.09492945016003,145.56457959542814,10.0,8.8,0,3,overcast,6.3,9.0,,,,false
cardinia,Cardinia,21450,2026-08-31T01:00:00+10:00,2026-08-30T15:00:00+00:00,-38.09492945016003,145.56457959542814,9.9,8.6,0,3,overcast,6.5,10.4,,,,false
cardinia,Cardinia,21450,2026-08-31T02:00:00+10:00,2026-08-30T16:00:00+00:00,-38.09492945016003,145.56457959542814,9.7,8.5,0,3,overcast,5.7,10.4,,,,false
cardinia,Cardinia,21450,2026-08-31T03:00:00+10:00,2026-08-30T17:00:00+00:00,-38.09492945016003,145.56457959542814,9.4,8.4,0,3,overcast,4.7,10.1,,,,false
cardinia,Cardinia,21450,2026-08-31T04:00:00+10:00,2026-08-30T18:00:00+00:00,-38.09492945016003,145.56457959542814,9.3,8.4,0,3,overcast,4.1,9.7,,,,false
cardinia,Cardinia,21450,2026-08-31T05:00:00+10:00,2026-08-30T19:00:00+00:00,-38.09492945016003,145.56457959542814,9.3,8.3,0,3,overcast,4.7,9.4,,,,false
cardinia,Cardinia,21450,2026-08-31T06:00:00+10:00,2026-08-30T20:00:00+00:00,-38.09492945016003,145.56457959542814,9.4,8.2,0,3,overcast,5.6,9.0,,,,false
cardinia,Cardinia,21450,2026-08-31T07:00:00+10:00,2026-08-30T21:00:00+00:00,-38.09492945016003,145.56457959542814,9.8,8.5,0,3,overcast,6.1,9.4,,,,false
cardinia,Cardinia,21450,2026-08-31T08:00:00+10:00,2026-08-30T22:00:00+00:00,-38.09492945016003,145.56457959542814,10.6,9.3,0,3,overcast,6.2,10.8,,,,false
cardinia,Cardinia,21450,2026-08-31T09:00:00+10:00,2026-08-30T23:00:00+00:00,-38.09492945016003,145.56457959542814,11.7,10.4,0,3,overcast,6.5,12.6,,,,false
cardinia,Cardinia,21450,2026-08-31T10:00:00+10:00,2026-08-31T00:00:00+00:00,-38.09492945016003,145.56457959542814,12.8,11.4,0,3,overcast,6.9,14.8,,,,false
cardinia,Cardinia,21450,2026-08-31T11:00:00+10:00,2026-08-31T01:00:00+00:00,-38.09492945016003,145.56457959542814,13.7,12.5,0,2,partly_cloudy,7.2,16.9,,,,false
cardinia,Cardinia,21450,2026-08-31T12:00:00+10:00,2026-08-31T02:00:00+00:00,-38.09492945016003,145.56457959542814,14.6,13.7,0,1,mainly_clear,8.3,18.7,,,,false
cardinia,Cardinia,21450,2026-08-31T13:00:00+10:00,2026-08-31T03:00:00+00:00,-38.09492945016003,145.56457959542814,15.3,14.5,0,0,clear_sky,9.5,20.5,,,,false
cardinia,Cardinia,21450,2026-08-31T14:00:00+10:00,2026-08-31T04:00:00+00:00,-38.09492945016003,145.56457959542814,15.6,14.8,0,0,clear_sky,10.1,22.3,,,,false
cardinia,Cardinia,21450,2026-08-31T15:00:00+10:00,2026-08-31T05:00:00+00:00,-38.09492945016003,145.56457959542814,15.7,14.2,0,0,clear_sky,10.2,23.4,,,,false
cardinia,Cardinia,21450,2026-08-31T16:00:00+10:00,2026-08-31T06:00:00+00:00,-38.09492945016003,145.56457959542814,15.3,13.8,0,0,clear_sky,9.5,23.8,,,,false
cardinia,Cardinia,21450,2026-08-31T17:00:00+10:00,2026-08-31T07:00:00+00:00,-38.09492945016003,145.56457959542814,14.2,13.1,0,0,clear_sky,6.9,22.7,,,,false
cardinia,Cardinia,21450,2026-08-31T18:00:00+10:00,2026-08-31T08:00:00+00:00,-38.09492945016003,145.56457959542814,12.7,12.0,0,0,clear_sky,3.5,20.2,,,,false
cardinia,Cardinia,21450,2026-08-31T19:00:00+10:00,2026-08-31T09:00:00+00:00,-38.09492945016003,145.56457959542814,11.4,11.0,0,0,clear_sky,1.3,17.3,,,,false
cardinia,Cardinia,21450,2026-08-31T20:00:00+10:00,2026-08-31T10:00:00+00:00,-38.09492945016003,145.56457959542814,10.3,9.7,0,0,clear_sky,1.7,13.0,,,,false
cardinia,Cardinia,21450,2026-08-31T21:00:00+10:00,2026-08-31T11:00:00+00:00,-38.09492945016003,145.56457959542814,9.4,8.5,0,0,clear_sky,2.8,8.3,,,,false
cardinia,Cardinia,21450,2026-08-31T22:00:00+10:00,2026-08-31T12:00:00+00:00,-38.09492945016003,145.56457959542814,8.8,7.6,0,0,clear_sky,4.0,5.0,,,,false
cardinia,Cardinia,21450,2026-08-31T23:00:00+10:00,2026-08-31T13:00:00+00:00,-38.09492945016003,145.56457959542814,8.4,7.1,0,0,clear_sky,4.2,4.3,,,,false
cardinia,Cardinia,21450,2026-09-01T00:00:00+10:00,2026-08-31T14:00:00+00:00,-38.09492945016003,145.56457959542814,8.4,6.9,0,0,clear_sky,4.1,5.4,,,,false
cardinia,Cardinia,21450,2026-09-01T01:00:00+10:00,2026-08-31T15:00:00+00:00,-38.09492945016003,145.56457959542814,8.7,7.1,0,0,clear_sky,4.7,7.6,,,,false
cardinia,Cardinia,21450,2026-09-01T02:00:00+10:00,2026-08-31T16:00:00+00:00,-38.09492945016003,145.56457959542814,9.4,7.7,0,0,clear_sky,6.6,10.1,,,,false
cardinia,Cardinia,21450,2026-09-01T03:00:00+10:00,2026-08-31T17:00:00+00:00,-38.09492945016003,145.56457959542814,10.5,8.7,0,1,mainly_clear,9.2,14.0,,,,false
cardinia,Cardinia,21450,2026-09-01T04:00:00+10:00,2026-08-31T18:00:00+00:00,-38.09492945016003,145.56457959542814,11.5,9.5,0,2,partly_cloudy,12.4,19.1,,,,false
cardinia,Cardinia,21450,2026-09-01T05:00:00+10:00,2026-08-31T19:00:00+00:00,-38.09492945016003,145.56457959542814,12.3,9.7,0,2,partly_cloudy,17.2,27.0,,,,false
cardinia,Cardinia,21450,2026-09-01T06:00:00+10:00,2026-08-31T20:00:00+00:00,-38.09492945016003,145.56457959542814,12.9,9.5,0,2,partly_cloudy,23.1,36.4,,,,false
cardinia,Cardinia,21450,2026-09-01T07:00:00+10:00,2026-08-31T21:00:00+00:00,-38.09492945016003,145.56457959542814,13.6,9.6,0,2,partly_cloudy,27.6,44.3,,,,false
cardinia,Cardinia,21450,2026-09-01T08:00:00+10:00,2026-08-31T22:00:00+00:00,-38.09492945016003,145.56457959542814,14.6,11.0,0,1,mainly_clear,24.6,44.3,,,,false
cardinia,Cardinia,21450,2026-09-01T09:00:00+10:00,2026-08-31T23:00:00+00:00,-38.09492945016003,145.56457959542814,15.3,11.4,0,1,mainly_clear,27.2,50.4,,,,false
cardinia,Cardinia,21450,2026-09-01T10:00:00+10:00,2026-09-01T00:00:00+00:00,-38.09492945016003,145.56457959542814,16.0,11.8,0,1,mainly_clear,29.2,55.1,,,,false
cardinia,Cardinia,21450,2026-09-01T11:00:00+10:00,2026-09-01T01:00:00+00:00,-38.09492945016003,145.56457959542814,16.6,12.4,5,1,mainly_clear,30.8,58.3,,,,false
cardinia,Cardinia,21450,2026-09-01T12:00:00+10:00,2026-09-01T02:00:00+00:00,-38.09492945016003,145.56457959542814,17.2,13.1,12,1,mainly_clear,32.1,60.5,,,,false
cardinia,Cardinia,21450,2026-09-01T13:00:00+10:00,2026-09-01T03:00:00+00:00,-38.09492945016003,145.56457959542814,17.7,13.5,19,2,partly_cloudy,33.2,62.3,,,,false
cardinia,Cardinia,21450,2026-09-01T14:00:00+10:00,2026-09-01T04:00:00+00:00,-38.09492945016003,145.56457959542814,18.1,13.6,27,2,partly_cloudy,33.5,63.0,,,,false
cardinia,Cardinia,21450,2026-09-01T15:00:00+10:00,2026-09-01T05:00:00+00:00,-38.09492945016003,145.56457959542814,18.3,13.9,35,3,overcast,33.3,63.4,,,,false
cardinia,Cardinia,21450,2026-09-01T16:00:00+10:00,2026-09-01T06:00:00+00:00,-38.09492945016003,145.56457959542814,18.2,14.0,43,3,overcast,32.0,63.4,,,,false
cardinia,Cardinia,21450,2026-09-01T17:00:00+10:00,2026-09-01T07:00:00+00:00,-38.09492945016003,145.56457959542814,17.7,13.9,51,80,slight_rain_showers,29.3,62.6,,,,false
cardinia,Cardinia,21450,2026-09-01T18:00:00+10:00,2026-09-01T08:00:00+00:00,-38.09492945016003,145.56457959542814,16.9,13.6,58,80,slight_rain_showers,26.0,60.8,,,,false
cardinia,Cardinia,21450,2026-09-01T19:00:00+10:00,2026-09-01T09:00:00+00:00,-38.09492945016003,145.56457959542814,15.8,12.9,65,80,slight_rain_showers,23.8,58.3,,,,false
cardinia,Cardinia,21450,2026-09-01T20:00:00+10:00,2026-09-01T10:00:00+00:00,-38.09492945016003,145.56457959542814,14.7,11.8,71,80,slight_rain_showers,23.8,55.8,,,,false
cardinia,Cardinia,21450,2026-09-01T21:00:00+10:00,2026-09-01T11:00:00+00:00,-38.09492945016003,145.56457959542814,13.6,10.5,76,80,slight_rain_showers,25.0,53.3,,,,false
cardinia,Cardinia,21450,2026-09-01T22:00:00+10:00,2026-09-01T12:00:00+00:00,-38.09492945016003,145.56457959542814,12.7,9.3,78,80,slight_rain_showers,26.1,51.1,,,,false
cardinia,Cardinia,21450,2026-09-01T23:00:00+10:00,2026-09-01T13:00:00+00:00,-38.09492945016003,145.56457959542814,11.9,8.5,76,1,mainly_clear,25.1,49.3,,,,false
casey,Casey,21610,2026-08-26T00:00:00+10:00,2026-08-25T14:00:00+00:00,-38.10470074086808,145.3227992170936,10.2,8.8,58,0,clear_sky,8.5,12.2,0.0,3.8,5.5,true
casey,Casey,21610,2026-08-26T01:00:00+10:00,2026-08-25T15:00:00+00:00,-38.10470074086808,145.3227992170936,9.8,8.4,80,1,mainly_clear,7.6,14.4,0.0,3.9,6.0,true
casey,Casey,21610,2026-08-26T02:00:00+10:00,2026-08-25T16:00:00+00:00,-38.10470074086808,145.3227992170936,9.8,8.4,63,2,partly_cloudy,8.4,13.0,0.0,4.4,7.0,true
casey,Casey,21610,2026-08-26T03:00:00+10:00,2026-08-25T17:00:00+00:00,-38.10470074086808,145.3227992170936,9.1,7.7,29,0,clear_sky,6.3,13.0,0.0,4.9,7.8,true
casey,Casey,21610,2026-08-26T04:00:00+10:00,2026-08-25T18:00:00+00:00,-38.10470074086808,145.3227992170936,8.6,7.1,10,1,mainly_clear,6.1,8.6,0.0,5.1,8.1,true
casey,Casey,21610,2026-08-26T05:00:00+10:00,2026-08-25T19:00:00+00:00,-38.10470074086808,145.3227992170936,8.4,7.0,25,1,mainly_clear,5.3,8.3,0.0,5.3,8.4,true
casey,Casey,21610,2026-08-26T06:00:00+10:00,2026-08-25T20:00:00+00:00,-38.10470074086808,145.3227992170936,8.7,7.4,56,1,mainly_clear,4.7,7.2,0.0,5.4,8.4,true
casey,Casey,21610,2026-08-26T07:00:00+10:00,2026-08-25T21:00:00+00:00,-38.10470074086808,145.3227992170936,8.6,7.4,75,1,mainly_clear,4.2,6.5,0.05,5.9,8.7,true
casey,Casey,21610,2026-08-26T08:00:00+10:00,2026-08-25T22:00:00+00:00,-38.10470074086808,145.3227992170936,9.9,8.6,69,1,mainly_clear,7.0,9.4,0.35,6.5,9.5,true
casey,Casey,21610,2026-08-26T09:00:00+10:00,2026-08-25T23:00:00+00:00,-38.10470074086808,145.3227992170936,11.9,10.9,52,1,mainly_clear,6.3,13.3,1.0,6.5,9.9,true
casey,Casey,21610,2026-08-26T10:00:00+10:00,2026-08-26T00:00:00+00:00,-38.10470074086808,145.3227992170936,13.0,10.9,37,2,partly_cloudy,12.3,26.6,1.9,7.9,12.5,true
casey,Casey,21610,2026-08-26T11:00:00+10:00,2026-08-26T01:00:00+00:00,-38.10470074086808,145.3227992170936,13.6,11.0,31,51,light_drizzle,14.2,27.7,2.8,7.3,11.7,true
casey,Casey,21610,2026-08-26T12:00:00+10:00,2026-08-26T02:00:00+00:00,-38.10470074086808,145.3227992170936,14.1,11.4,27,51,light_drizzle,14.5,29.5,2.95,8.0,12.9,true
casey,Casey,21610,2026-08-26T13:00:00+10:00,2026-08-26T03:00:00+00:00,-38.10470074086808,145.3227992170936,14.7,11.7,22,51,light_drizzle,15.5,31.7,2.65,7.3,11.9,true
casey,Casey,21610,2026-08-26T14:00:00+10:00,2026-08-26T04:00:00+00:00,-38.10470074086808,145.3227992170936,14.5,11.4,14,3,overcast,16.0,32.0,2.0,7.1,11.5,true
casey,Casey,21610,2026-08-26T15:00:00+10:00,2026-08-26T05:00:00+00:00,-38.10470074086808,145.3227992170936,14.4,11.2,6,1,mainly_clear,16.3,32.8,1.15,7.0,11.3,true
casey,Casey,21610,2026-08-26T16:00:00+10:00,2026-08-26T06:00:00+00:00,-38.10470074086808,145.3227992170936,13.9,10.9,0,2,partly_cloudy,14.9,32.0,0.5,7.2,11.5,true
casey,Casey,21610,2026-08-26T17:00:00+10:00,2026-08-26T07:00:00+00:00,-38.10470074086808,145.3227992170936,12.9,10.7,0,0,clear_sky,10.6,28.8,0.1,7.6,11.8,true
casey,Casey,21610,2026-08-26T18:00:00+10:00,2026-08-26T08:00:00+00:00,-38.10470074086808,145.3227992170936,10.6,8.9,0,1,mainly_clear,6.6,19.1,0.0,9.2,13.4,true
casey,Casey,21610,2026-08-26T19:00:00+10:00,2026-08-26T09:00:00+00:00,-38.10470074086808,145.3227992170936,9.2,7.7,0,2,partly_cloudy,4.6,10.1,0.0,11.3,15.5,true
casey,Casey,21610,2026-08-26T20:00:00+10:00,2026-08-26T10:00:00+00:00,-38.10470074086808,145.3227992170936,9.1,7.9,0,3,overcast,2.4,6.1,0.0,12.5,16.8,true
casey,Casey,21610,2026-08-26T21:00:00+10:00,2026-08-26T11:00:00+00:00,-38.10470074086808,145.3227992170936,8.9,7.7,0,3,overcast,1.8,4.0,0.0,12.4,16.3,true
casey,Casey,21610,2026-08-26T22:00:00+10:00,2026-08-26T12:00:00+00:00,-38.10470074086808,145.3227992170936,8.6,7.4,0,1,mainly_clear,1.9,3.2,0.0,12.8,16.7,true
casey,Casey,21610,2026-08-26T23:00:00+10:00,2026-08-26T13:00:00+00:00,-38.10470074086808,145.3227992170936,8.1,6.9,0,1,mainly_clear,1.5,3.2,0.0,13.3,17.2,true
casey,Casey,21610,2026-08-27T00:00:00+10:00,2026-08-26T14:00:00+00:00,-38.10470074086808,145.3227992170936,7.7,6.2,0,1,mainly_clear,3.6,4.7,0.0,13.6,17.6,true
casey,Casey,21610,2026-08-27T01:00:00+10:00,2026-08-26T15:00:00+00:00,-38.10470074086808,145.3227992170936,7.7,6.0,0,0,clear_sky,4.7,6.5,0.0,13.6,17.6,true
casey,Casey,21610,2026-08-27T02:00:00+10:00,2026-08-26T16:00:00+00:00,-38.10470074086808,145.3227992170936,8.1,6.4,0,1,mainly_clear,4.0,6.5,0.0,13.6,17.7,true
casey,Casey,21610,2026-08-27T03:00:00+10:00,2026-08-26T17:00:00+00:00,-38.10470074086808,145.3227992170936,8.3,6.6,0,0,clear_sky,3.6,5.4,0.0,13.5,17.7,true
casey,Casey,21610,2026-08-27T04:00:00+10:00,2026-08-26T18:00:00+00:00,-38.10470074086808,145.3227992170936,8.7,7.3,0,0,clear_sky,1.7,4.7,0.0,13.2,17.5,true
casey,Casey,21610,2026-08-27T05:00:00+10:00,2026-08-26T19:00:00+00:00,-38.10470074086808,145.3227992170936,8.4,7.1,0,1,mainly_clear,0.6,2.5,0.0,13.0,17.2,true
casey,Casey,21610,2026-08-27T06:00:00+10:00,2026-08-26T20:00:00+00:00,-38.10470074086808,145.3227992170936,7.7,6.1,0,1,mainly_clear,3.2,5.0,0.0,13.4,17.5,true
casey,Casey,21610,2026-08-27T07:00:00+10:00,2026-08-26T21:00:00+00:00,-38.10470074086808,145.3227992170936,7.0,5.0,0,3,overcast,6.6,10.4,0.05,16.2,19.8,true
casey,Casey,21610,2026-08-27T08:00:00+10:00,2026-08-26T22:00:00+00:00,-38.10470074086808,145.3227992170936,8.5,6.4,0,2,partly_cloudy,8.9,14.8,0.35,20.4,22.5,true
casey,Casey,21610,2026-08-27T09:00:00+10:00,2026-08-26T23:00:00+00:00,-38.10470074086808,145.3227992170936,11.0,9.5,0,2,partly_cloudy,7.3,16.2,1.1,15.4,18.1,true
casey,Casey,21610,2026-08-27T10:00:00+10:00,2026-08-27T00:00:00+00:00,-38.10470074086808,145.3227992170936,12.5,10.9,0,1,mainly_clear,7.6,19.1,2.15,10.3,14.5,true
casey,Casey,21610,2026-08-27T11:00:00+10:00,2026-08-27T01:00:00+00:00,-38.10470074086808,145.3227992170936,13.3,11.5,0,51,light_drizzle,8.3,20.5,2.65,9.5,13.8,true
casey,Casey,21610,2026-08-27T12:00:00+10:00,2026-08-27T02:00:00+00:00,-38.10470074086808,145.3227992170936,13.7,11.8,0,3,overcast,9.4,22.7,3.25,9.2,13.4,true
casey,Casey,21610,2026-08-27T13:00:00+10:00,2026-08-27T03:00:00+00:00,-38.10470074086808,145.3227992170936,13.8,11.9,0,0,clear_sky,11.0,25.2,3.3,9.6,13.7,true
casey,Casey,21610,2026-08-27T14:00:00+10:00,2026-08-27T04:00:00+00:00,-38.10470074086808,145.3227992170936,13.7,11.4,0,1,mainly_clear,11.8,25.9,2.6,9.9,13.9,true
casey,Casey,21610,2026-08-27T15:00:00+10:00,2026-08-27T05:00:00+00:00,-38.10470074086808,145.3227992170936,13.6,11.1,0,0,clear_sky,11.0,26.3,1.5,10.1,14.2,true
casey,Casey,21610,2026-08-27T16:00:00+10:00,2026-08-27T06:00:00+00:00,-38.10470074086808,145.3227992170936,13.6,11.3,0,0,clear_sky,9.7,24.1,0.6,9.9,13.9,true
casey,Casey,21610,2026-08-27T17:00:00+10:00,2026-08-27T07:00:00+00:00,-38.10470074086808,145.3227992170936,12.9,11.9,0,0,clear_sky,3.6,19.4,0.15,11.4,15.3,true
casey,Casey,21610,2026-08-27T18:00:00+10:00,2026-08-27T08:00:00+00:00,-38.10470074086808,145.3227992170936,10.5,9.3,0,3,overcast,2.2,6.5,0.0,15.5,19.2,true
casey,Casey,21610,2026-08-27T19:00:00+10:00,2026-08-27T09:00:00+00:00,-38.10470074086808,145.3227992170936,10.6,9.1,0,3,overcast,4.7,6.5,0.0,19.1,22.8,true
casey,Casey,21610,2026-08-27T20:00:00+10:00,2026-08-27T10:00:00+00:00,-38.10470074086808,145.3227992170936,11.2,9.7,0,3,overcast,4.7,7.2,0.0,22.3,25.8,true
casey,Casey,21610,2026-08-27T21:00:00+10:00,2026-08-27T11:00:00+00:00,-38.10470074086808,145.3227992170936,10.8,9.3,0,3,overcast,4.5,6.5,0.0,25.4,28.8,true
casey,Casey,21610,2026-08-27T22:00:00+10:00,2026-08-27T12:00:00+00:00,-38.10470074086808,145.3227992170936,9.9,8.1,0,3,overcast,6.0,9.7,0.0,26.4,29.2,true
casey,Casey,21610,2026-08-27T23:00:00+10:00,2026-08-27T13:00:00+00:00,-38.10470074086808,145.3227992170936,9.9,8.0,0,3,overcast,6.9,11.5,0.0,23.2,25.2,true
casey,Casey,21610,2026-08-28T00:00:00+10:00,2026-08-27T14:00:00+00:00,-38.10470074086808,145.3227992170936,9.8,7.6,0,2,partly_cloudy,8.4,13.7,0.0,19.4,21.0,true
casey,Casey,21610,2026-08-28T01:00:00+10:00,2026-08-27T15:00:00+00:00,-38.10470074086808,145.3227992170936,9.6,7.3,0,2,partly_cloudy,9.0,15.5,0.0,16.6,18.0,true
casey,Casey,21610,2026-08-28T02:00:00+10:00,2026-08-27T16:00:00+00:00,-38.10470074086808,145.3227992170936,8.4,6.0,0,2,partly_cloudy,8.9,15.5,0.0,13.8,15.0,true
casey,Casey,21610,2026-08-28T03:00:00+10:00,2026-08-27T17:00:00+00:00,-38.10470074086808,145.3227992170936,7.9,5.5,0,1,mainly_clear,9.4,15.1,0.0,11.1,12.2,true
casey,Casey,21610,2026-08-28T04:00:00+10:00,2026-08-27T18:00:00+00:00,-38.10470074086808,145.3227992170936,8.2,5.5,0,0,clear_sky,11.9,19.8,0.0,8.7,9.7,true
casey,Casey,21610,2026-08-28T05:00:00+10:00,2026-08-27T19:00:00+00:00,-38.10470074086808,145.3227992170936,8.3,5.4,0,0,clear_sky,12.6,22.0,0.0,7.4,8.6,true
casey,Casey,21610,2026-08-28T06:00:00+10:00,2026-08-27T20:00:00+00:00,-38.10470074086808,145.3227992170936,8.1,5.2,0,0,clear_sky,12.2,21.6,0.0,6.6,8.0,true
casey,Casey,21610,2026-08-28T07:00:00+10:00,2026-08-27T21:00:00+00:00,-38.10470074086808,145.3227992170936,8.0,5.2,0,0,clear_sky,11.5,20.9,0.0,7.2,8.5,true
casey,Casey,21610,2026-08-28T08:00:00+10:00,2026-08-27T22:00:00+00:00,-38.10470074086808,145.3227992170936,9.9,6.9,2,0,clear_sky,14.0,23.8,0.1,8.5,10.0,true
casey,Casey,21610,2026-08-28T09:00:00+10:00,2026-08-27T23:00:00+00:00,-38.10470074086808,145.3227992170936,11.9,9.0,6,0,clear_sky,14.6,27.4,0.35,10.3,11.9,true
casey,Casey,21610,2026-08-28T10:00:00+10:00,2026-08-28T00:00:00+00:00,-38.10470074086808,145.3227992170936,13.2,10.2,10,3,overcast,15.7,31.3,0.85,8.8,10.7,true
casey,Casey,21610,2026-08-28T11:00:00+10:00,2026-08-28T01:00:00+00:00,-38.10470074086808,145.3227992170936,13.5,10.6,15,3,overcast,14.6,31.3,1.8,7.7,9.7,true
casey,Casey,21610,2026-08-28T12:00:00+10:00,2026-08-28T02:00:00+00:00,-38.10470074086808,145.3227992170936,13.7,11.0,20,3,overcast,14.7,29.2,2.65,5.8,7.7,true
casey,Casey,21610,2026-08-28T13:00:00+10:00,2026-08-28T03:00:00+00:00,-38.10470074086808,145.3227992170936,13.4,11.3,24,51,light_drizzle,12.2,28.4,3.1,6.0,8.6,true
casey,Casey,21610,2026-08-28T14:00:00+10:00,2026-08-28T04:00:00+00:00,-38.10470074086808,145.3227992170936,13.6,12.1,28,51,light_drizzle,11.1,24.1,2.5,7.4,11.3,true
casey,Casey,21610,2026-08-28T15:00:00+10:00,2026-08-28T05:00:00+00:00,-38.10470074086808,145.3227992170936,13.9,12.7,31,51,light_drizzle,10.5,22.3,1.55,8.7,13.7,true
casey,Casey,21610,2026-08-28T16:00:00+10:00,2026-08-28T06:00:00+00:00,-38.10470074086808,145.3227992170936,14.3,13.3,31,3,overcast,9.3,22.0,0.65,10.0,15.7,true
casey,Casey,21610,2026-08-28T17:00:00+10:00,2026-08-28T07:00:00+00:00,-38.10470074086808,145.3227992170936,13.7,13.6,26,51,light_drizzle,4.5,18.7,0.15,11.0,17.3,true
casey,Casey,21610,2026-08-28T18:00:00+10:00,2026-08-28T08:00:00+00:00,-38.10470074086808,145.3227992170936,12.7,12.7,17,51,light_drizzle,2.0,7.6,0.0,13.9,20.7,true
casey,Casey,21610,2026-08-28T19:00:00+10:00,2026-08-28T09:00:00+00:00,-38.10470074086808,145.3227992170936,11.7,11.5,10,3,overcast,2.7,3.6,0.0,17.2,23.7,true
casey,Casey,21610,2026-08-28T20:00:00+10:00,2026-08-28T10:00:00+00:00,-38.10470074086808,145.3227992170936,11.5,11.1,5,3,overcast,4.0,5.8,0.0,20.1,27.0,true
casey,Casey,21610,2026-08-28T21:00:00+10:00,2026-08-28T11:00:00+00:00,-38.10470074086808,145.3227992170936,10.7,10.0,2,1,mainly_clear,4.7,7.2,0.0,21.8,28.8,true
casey,Casey,21610,2026-08-28T22:00:00+10:00,2026-08-28T12:00:00+00:00,-38.10470074086808,145.3227992170936,9.4,8.2,0,3,overcast,4.8,7.6,0.0,22.8,29.9,true
casey,Casey,21610,2026-08-28T23:00:00+10:00,2026-08-28T13:00:00+00:00,-38.10470074086808,145.3227992170936,9.5,8.6,1,3,overcast,2.2,6.5,0.0,23.4,30.6,true
casey,Casey,21610,2026-08-29T00:00:00+10:00,2026-08-28T14:00:00+00:00,-38.10470074086808,145.3227992170936,9.5,8.8,3,3,overcast,1.0,3.2,0.0,23.7,31.0,true
casey,Casey,21610,2026-08-29T01:00:00+10:00,2026-08-28T15:00:00+00:00,-38.10470074086808,145.3227992170936,9.5,8.8,4,3,overcast,1.3,2.2,0.0,23.3,30.3,true
casey,Casey,21610,2026-08-29T02:00:00+10:00,2026-08-28T16:00:00+00:00,-38.10470074086808,145.3227992170936,9.6,8.8,3,3,overcast,1.8,2.9,0.0,21.3,27.4,true
casey,Casey,21610,2026-08-29T03:00:00+10:00,2026-08-28T17:00:00+00:00,-38.10470074086808,145.3227992170936,9.1,8.0,1,1,mainly_clear,3.1,4.3,0.0,17.9,23.1,true
casey,Casey,21610,2026-08-29T04:00:00+10:00,2026-08-28T18:00:00+00:00,-38.10470074086808,145.3227992170936,7.8,6.3,0,0,clear_sky,3.6,5.0,0.0,14.8,19.2,true
casey,Casey,21610,2026-08-29T05:00:00+10:00,2026-08-28T19:00:00+00:00,-38.10470074086808,145.3227992170936,7.0,5.3,0,1,mainly_clear,4.2,5.8,0.0,12.3,16.1,true
casey,Casey,21610,2026-08-29T06:00:00+10:00,2026-08-28T20:00:00+00:00,-38.10470074086808,145.3227992170936,6.9,5.1,1,2,partly_cloudy,5.6,7.6,0.0,11.1,14.4,true
casey,Casey,21610,2026-08-29T07:00:00+10:00,2026-08-28T21:00:00+00:00,-38.10470074086808,145.3227992170936,7.3,5.4,2,3,overcast,6.8,9.4,0.05,12.4,15.3,true
casey,Casey,21610,2026-08-29T08:00:00+10:00,2026-08-28T22:00:00+00:00,-38.10470074086808,145.3227992170936,9.8,7.9,1,3,overcast,10.0,15.5,0.25,14.0,16.9,true
casey,Casey,21610,2026-08-29T09:00:00+10:00,2026-08-28T23:00:00+00:00,-38.10470074086808,145.3227992170936,11.0,9.2,0,3,overcast,10.5,21.2,0.7,12.3,16.1,true
casey,Casey,21610,2026-08-29T10:00:00+10:00,2026-08-29T00:00:00+00:00,-38.10470074086808,145.3227992170936,11.6,9.6,0,3,overcast,10.9,22.7,1.25,12.3,17.6,true
casey,Casey,21610,2026-08-29T11:00:00+10:00,2026-08-29T01:00:00+00:00,-38.10470074086808,145.3227992170936,12.4,10.2,6,51,light_drizzle,11.9,25.9,1.5,11.9,17.9,true
casey,Casey,21610,2026-08-29T12:00:00+10:00,2026-08-29T02:00:00+00:00,-38.10470074086808,145.3227992170936,12.8,10.5,13,51,light_drizzle,12.2,27.0,1.55,12.0,18.6,true
casey,Casey,21610,2026-08-29T13:00:00+10:00,2026-08-29T03:00:00+00:00,-38.10470074086808,145.3227992170936,13.0,10.7,18,51,light_drizzle,13.0,27.7,1.6,11.8,18.5,true
casey,Casey,21610,2026-08-29T14:00:00+10:00,2026-08-29T04:00:00+00:00,-38.10470074086808,145.3227992170936,13.0,10.4,16,51,light_drizzle,14.7,29.9,1.2,11.8,18.7,true
casey,Casey,21610,2026-08-29T15:00:00+10:00,2026-08-29T05:00:00+00:00,-38.10470074086808,145.3227992170936,12.8,10.2,11,51,light_drizzle,14.7,30.2,0.7,12.8,20.3,true
casey,Casey,21610,2026-08-29T16:00:00+10:00,2026-08-29T06:00:00+00:00,-38.10470074086808,145.3227992170936,12.6,10.4,6,3,overcast,11.8,28.8,0.3,14.8,23.3,true
casey,Casey,21610,2026-08-29T17:00:00+10:00,2026-08-29T07:00:00+00:00,-38.10470074086808,145.3227992170936,12.4,11.0,3,1,mainly_clear,6.3,22.7,0.1,16.6,26.0,true
casey,Casey,21610,2026-08-29T18:00:00+10:00,2026-08-29T08:00:00+00:00,-38.10470074086808,145.3227992170936,10.2,9.0,1,1,mainly_clear,4.1,10.8,0.0,16.3,24.9,true
casey,Casey,21610,2026-08-29T19:00:00+10:00,2026-08-29T09:00:00+00:00,-38.10470074086808,145.3227992170936,9.2,7.9,0,1,mainly_clear,4.1,6.1,0.0,15.7,22.8,true
casey,Casey,21610,2026-08-29T20:00:00+10:00,2026-08-29T10:00:00+00:00,-38.10470074086808,145.3227992170936,9.3,8.2,0,3,overcast,3.3,6.1,0.0,16.1,23.0,true
casey,Casey,21610,2026-08-29T21:00:00+10:00,2026-08-29T11:00:00+00:00,-38.10470074086808,145.3227992170936,9.6,8.6,0,3,overcast,2.9,4.7,0.0,16.3,23.1,true
casey,Casey,21610,2026-08-29T22:00:00+10:00,2026-08-29T12:00:00+00:00,-38.10470074086808,145.3227992170936,10.0,9.1,0,3,overcast,3.1,4.7,0.0,15.3,21.4,true
casey,Casey,21610,2026-08-29T23:00:00+10:00,2026-08-29T13:00:00+00:00,-38.10470074086808,145.3227992170936,10.0,8.8,1,1,mainly_clear,4.4,5.8,0.0,14.3,20.2,true
casey,Casey,21610,2026-08-30T00:00:00+10:00,2026-08-29T14:00:00+00:00,-38.10470074086808,145.3227992170936,9.6,8.3,2,3,overcast,4.9,6.5,0.0,12.9,18.2,true
casey,Casey,21610,2026-08-30T01:00:00+10:00,2026-08-29T15:00:00+00:00,-38.10470074086808,145.3227992170936,9.7,8.3,2,3,overcast,5.4,7.9,0.0,11.4,16.2,true
casey,Casey,21610,2026-08-30T02:00:00+10:00,2026-08-29T16:00:00+00:00,-38.10470074086808,145.3227992170936,9.1,7.7,2,2,partly_cloudy,5.7,8.6,0.0,10.5,15.0,true
casey,Casey,21610,2026-08-30T03:00:00+10:00,2026-08-29T17:00:00+00:00,-38.10470074086808,145.3227992170936,8.7,7.2,1,2,partly_cloudy,6.1,8.6,0.0,9.8,14.2,true
casey,Casey,21610,2026-08-30T04:00:00+10:00,2026-08-29T18:00:00+00:00,-38.10470074086808,145.3227992170936,9.1,7.7,0,3,overcast,6.3,10.1,0.0,9.3,13.6,true
casey,Casey,21610,2026-08-30T05:00:00+10:00,2026-08-29T19:00:00+00:00,-38.10470074086808,145.3227992170936,9.2,7.9,0,3,overcast,6.0,10.4,0.0,9.0,13.3,true
casey,Casey,21610,2026-08-30T06:00:00+10:00,2026-08-29T20:00:00+00:00,-38.10470074086808,145.3227992170936,9.4,8.1,0,3,overcast,6.1,10.8,0.0,9.3,13.6,true
casey,Casey,21610,2026-08-30T07:00:00+10:00,2026-08-29T21:00:00+00:00,-38.10470074086808,145.3227992170936,9.9,8.6,0,3,overcast,6.7,12.2,0.0,10.9,15.2,true
casey,Casey,21610,2026-08-30T08:00:00+10:00,2026-08-29T22:00:00+00:00,-38.10470074086808,145.3227992170936,10.9,9.6,0,3,overcast,7.5,15.8,0.2,12.5,17.0,true
casey,Casey,21610,2026-08-30T09:00:00+10:00,2026-08-29T23:00:00+00:00,-38.10470074086808,145.3227992170936,12.1,10.6,0,3,overcast,9.5,20.5,0.55,12.6,17.5,true
casey,Casey,21610,2026-08-30T10:00:00+10:00,2026-08-30T00:00:00+00:00,-38.10470074086808,145.3227992170936,13.2,11.4,0,3,overcast,11.5,24.1,1.15,12.1,17.4,true
casey,Casey,21610,2026-08-30T11:00:00+10:00,2026-08-30T01:00:00+00:00,-38.10470074086808,145.3227992170936,13.8,12.0,1,51,light_drizzle,11.7,25.2,1.8,12.1,18.2,true
casey,Casey,21610,2026-08-30T12:00:00+10:00,2026-08-30T02:00:00+00:00,-38.10470074086808,145.3227992170936,14.1,12.5,3,51,light_drizzle,11.3,25.2,2.35,11.8,18.1,true
casey,Casey,21610,2026-08-30T13:00:00+10:00,2026-08-30T03:00:00+00:00,-38.10470074086808,145.3227992170936,14.3,12.7,4,51,light_drizzle,10.8,24.8,2.55,11.8,18.2,true
casey,Casey,21610,2026-08-30T14:00:00+10:00,2026-08-30T04:00:00+00:00,-38.10470074086808,145.3227992170936,14.4,12.8,3,3,overcast,10.8,24.8,2.25,10.2,15.7,true
casey,Casey,21610,2026-08-30T15:00:00+10:00,2026-08-30T05:00:00+00:00,-38.10470074086808,145.3227992170936,14.4,12.6,1,3,overcast,10.8,24.5,1.35,10.0,15.2,true
casey,Casey,21610,2026-08-30T16:00:00+10:00,2026-08-30T06:00:00+00:00,-38.10470074086808,145.3227992170936,14.0,12.3,0,3,overcast,10.1,24.1,0.55,10.0,15.1,true
casey,Casey,21610,2026-08-30T17:00:00+10:00,2026-08-30T07:00:00+00:00,-38.10470074086808,145.3227992170936,13.2,11.8,0,3,overcast,7.5,23.8,0.1,10.0,15.3,true
casey,Casey,21610,2026-08-30T18:00:00+10:00,2026-08-30T08:00:00+00:00,-38.10470074086808,145.3227992170936,12.1,11.1,0,3,overcast,4.3,23.0,0.0,11.4,16.5,true
casey,Casey,21610,2026-08-30T19:00:00+10:00,2026-08-30T09:00:00+00:00,-38.10470074086808,145.3227992170936,11.1,10.4,0,3,overcast,2.6,20.9,0.0,11.4,15.7,true
casey,Casey,21610,2026-08-30T20:00:00+10:00,2026-08-30T10:00:00+00:00,-38.10470074086808,145.3227992170936,10.6,9.9,0,3,overcast,2.4,15.5,0.0,11.5,15.7,true
casey,Casey,21610,2026-08-30T21:00:00+10:00,2026-08-30T11:00:00+00:00,-38.10470074086808,145.3227992170936,10.2,9.5,0,3,overcast,2.3,9.0,0.0,12.4,16.7,true
casey,Casey,21610,2026-08-30T22:00:00+10:00,2026-08-30T12:00:00+00:00,-38.10470074086808,145.3227992170936,10.0,9.3,0,3,overcast,2.0,4.0,0.0,13.6,18.2,true
casey,Casey,21610,2026-08-30T23:00:00+10:00,2026-08-30T13:00:00+00:00,-38.10470074086808,145.3227992170936,9.9,9.3,0,3,overcast,1.9,2.5,,,,false
casey,Casey,21610,2026-08-31T00:00:00+10:00,2026-08-30T14:00:00+00:00,-38.10470074086808,145.3227992170936,10.0,9.4,0,3,overcast,1.6,2.9,,,,false
casey,Casey,21610,2026-08-31T01:00:00+10:00,2026-08-30T15:00:00+00:00,-38.10470074086808,145.3227992170936,10.1,9.5,0,3,overcast,1.6,3.6,,,,false
casey,Casey,21610,2026-08-31T02:00:00+10:00,2026-08-30T16:00:00+00:00,-38.10470074086808,145.3227992170936,10.0,9.5,0,3,overcast,1.8,4.0,,,,false
casey,Casey,21610,2026-08-31T03:00:00+10:00,2026-08-30T17:00:00+00:00,-38.10470074086808,145.3227992170936,10.0,9.4,0,3,overcast,2.2,4.0,,,,false
casey,Casey,21610,2026-08-31T04:00:00+10:00,2026-08-30T18:00:00+00:00,-38.10470074086808,145.3227992170936,9.9,9.3,0,3,overcast,2.5,4.3,,,,false
casey,Casey,21610,2026-08-31T05:00:00+10:00,2026-08-30T19:00:00+00:00,-38.10470074086808,145.3227992170936,9.9,9.4,0,3,overcast,2.2,4.0,,,,false
casey,Casey,21610,2026-08-31T06:00:00+10:00,2026-08-30T20:00:00+00:00,-38.10470074086808,145.3227992170936,9.9,9.5,0,3,overcast,1.8,3.2,,,,false
casey,Casey,21610,2026-08-31T07:00:00+10:00,2026-08-30T21:00:00+00:00,-38.10470074086808,145.3227992170936,10.2,9.7,0,3,overcast,2.0,4.0,,,,false
casey,Casey,21610,2026-08-31T08:00:00+10:00,2026-08-30T22:00:00+00:00,-38.10470074086808,145.3227992170936,10.9,10.2,0,3,overcast,3.3,7.2,,,,false
casey,Casey,21610,2026-08-31T09:00:00+10:00,2026-08-30T23:00:00+00:00,-38.10470074086808,145.3227992170936,11.9,10.8,0,3,overcast,5.7,12.2,,,,false
casey,Casey,21610,2026-08-31T10:00:00+10:00,2026-08-31T00:00:00+00:00,-38.10470074086808,145.3227992170936,12.8,11.4,0,3,overcast,7.2,16.2,,,,false
casey,Casey,21610,2026-08-31T11:00:00+10:00,2026-08-31T01:00:00+00:00,-38.10470074086808,145.3227992170936,13.6,12.3,0,2,partly_cloudy,7.2,18.7,,,,false
casey,Casey,21610,2026-08-31T12:00:00+10:00,2026-08-31T02:00:00+00:00,-38.10470074086808,145.3227992170936,14.3,13.1,0,1,mainly_clear,7.2,20.2,,,,false
casey,Casey,21610,2026-08-31T13:00:00+10:00,2026-08-31T03:00:00+00:00,-38.10470074086808,145.3227992170936,14.9,13.7,0,0,clear_sky,7.8,21.2,,,,false
casey,Casey,21610,2026-08-31T14:00:00+10:00,2026-08-31T04:00:00+00:00,-38.10470074086808,145.3227992170936,15.4,14.6,0,0,clear_sky,7.9,21.6,,,,false
casey,Casey,21610,2026-08-31T15:00:00+10:00,2026-08-31T05:00:00+00:00,-38.10470074086808,145.3227992170936,15.8,14.5,0,0,clear_sky,7.6,21.6,,,,false
casey,Casey,21610,2026-08-31T16:00:00+10:00,2026-08-31T06:00:00+00:00,-38.10470074086808,145.3227992170936,15.6,14.3,0,0,clear_sky,6.7,20.9,,,,false
casey,Casey,21610,2026-08-31T17:00:00+10:00,2026-08-31T07:00:00+00:00,-38.10470074086808,145.3227992170936,14.3,13.3,0,0,clear_sky,4.5,19.1,,,,false
casey,Casey,21610,2026-08-31T18:00:00+10:00,2026-08-31T08:00:00+00:00,-38.10470074086808,145.3227992170936,12.5,11.8,0,0,clear_sky,2.6,16.9,,,,false
casey,Casey,21610,2026-08-31T19:00:00+10:00,2026-08-31T09:00:00+00:00,-38.10470074086808,145.3227992170936,11.1,10.3,0,0,clear_sky,2.6,15.1,,,,false
casey,Casey,21610,2026-08-31T20:00:00+10:00,2026-08-31T10:00:00+00:00,-38.10470074086808,145.3227992170936,10.6,9.8,0,0,clear_sky,2.4,13.7,,,,false
casey,Casey,21610,2026-08-31T21:00:00+10:00,2026-08-31T11:00:00+00:00,-38.10470074086808,145.3227992170936,10.4,9.2,0,0,clear_sky,5.3,12.6,,,,false
casey,Casey,21610,2026-08-31T22:00:00+10:00,2026-08-31T12:00:00+00:00,-38.10470074086808,145.3227992170936,10.5,8.8,0,0,clear_sky,8.8,13.0,,,,false
casey,Casey,21610,2026-08-31T23:00:00+10:00,2026-08-31T13:00:00+00:00,-38.10470074086808,145.3227992170936,10.7,8.7,0,0,clear_sky,11.1,15.8,,,,false
casey,Casey,21610,2026-09-01T00:00:00+10:00,2026-08-31T14:00:00+00:00,-38.10470074086808,145.3227992170936,11.2,9.1,0,0,clear_sky,12.8,19.8,,,,false
casey,Casey,21610,2026-09-01T01:00:00+10:00,2026-08-31T15:00:00+00:00,-38.10470074086808,145.3227992170936,11.7,9.3,0,0,clear_sky,14.5,24.1,,,,false
casey,Casey,21610,2026-09-01T02:00:00+10:00,2026-08-31T16:00:00+00:00,-38.10470074086808,145.3227992170936,12.0,9.5,0,0,clear_sky,16.3,27.7,,,,false
casey,Casey,21610,2026-09-01T03:00:00+10:00,2026-08-31T17:00:00+00:00,-38.10470074086808,145.3227992170936,12.3,9.7,0,0,clear_sky,18.3,31.0,,,,false
casey,Casey,21610,2026-09-01T04:00:00+10:00,2026-08-31T18:00:00+00:00,-38.10470074086808,145.3227992170936,12.6,9.7,0,1,mainly_clear,20.4,34.9,,,,false
casey,Casey,21610,2026-09-01T05:00:00+10:00,2026-08-31T19:00:00+00:00,-38.10470074086808,145.3227992170936,12.8,9.5,0,1,mainly_clear,23.1,40.3,,,,false
casey,Casey,21610,2026-09-01T06:00:00+10:00,2026-08-31T20:00:00+00:00,-38.10470074086808,145.3227992170936,12.9,9.2,0,1,mainly_clear,26.0,46.1,,,,false
casey,Casey,21610,2026-09-01T07:00:00+10:00,2026-08-31T21:00:00+00:00,-38.10470074086808,145.3227992170936,13.3,9.2,0,1,mainly_clear,28.0,50.8,,,,false
casey,Casey,21610,2026-09-01T08:00:00+10:00,2026-08-31T22:00:00+00:00,-38.10470074086808,145.3227992170936,14.7,11.1,0,1,mainly_clear,26.1,50.0,,,,false
casey,Casey,21610,2026-09-01T09:00:00+10:00,2026-08-31T23:00:00+00:00,-38.10470074086808,145.3227992170936,15.2,11.4,0,1,mainly_clear,27.3,53.3,,,,false
casey,Casey,21610,2026-09-01T10:00:00+10:00,2026-09-01T00:00:00+00:00,-38.10470074086808,145.3227992170936,15.7,11.8,0,1,mainly_clear,28.1,55.8,,,,false
casey,Casey,21610,2026-09-01T11:00:00+10:00,2026-09-01T01:00:00+00:00,-38.10470074086808,145.3227992170936,16.3,12.4,4,2,partly_cloudy,28.8,58.0,,,,false
casey,Casey,21610,2026-09-01T12:00:00+10:00,2026-09-01T02:00:00+00:00,-38.10470074086808,145.3227992170936,17.0,13.1,10,2,partly_cloudy,29.7,59.4,,,,false
casey,Casey,21610,2026-09-01T13:00:00+10:00,2026-09-01T03:00:00+00:00,-38.10470074086808,145.3227992170936,17.7,13.6,17,2,partly_cloudy,30.6,60.5,,,,false
casey,Casey,21610,2026-09-01T14:00:00+10:00,2026-09-01T04:00:00+00:00,-38.10470074086808,145.3227992170936,18.2,13.8,24,3,overcast,31.0,61.6,,,,false
casey,Casey,21610,2026-09-01T15:00:00+10:00,2026-09-01T05:00:00+00:00,-38.10470074086808,145.3227992170936,18.5,14.1,31,3,overcast,30.9,61.9,,,,false
casey,Casey,21610,2026-09-01T16:00:00+10:00,2026-09-01T06:00:00+00:00,-38.10470074086808,145.3227992170936,18.4,14.2,39,3,overcast,29.9,61.9,,,,false
casey,Casey,21610,2026-09-01T17:00:00+10:00,2026-09-01T07:00:00+00:00,-38.10470074086808,145.3227992170936,17.9,14.0,47,80,slight_rain_showers,27.4,61.6,,,,false
casey,Casey,21610,2026-09-01T18:00:00+10:00,2026-09-01T08:00:00+00:00,-38.10470074086808,145.3227992170936,16.9,13.6,55,80,slight_rain_showers,23.9,60.8,,,,false
casey,Casey,21610,2026-09-01T19:00:00+10:00,2026-09-01T09:00:00+00:00,-38.10470074086808,145.3227992170936,15.6,12.9,62,80,slight_rain_showers,21.1,59.8,,,,false
casey,Casey,21610,2026-09-01T20:00:00+10:00,2026-09-01T10:00:00+00:00,-38.10470074086808,145.3227992170936,14.3,11.8,68,80,slight_rain_showers,19.8,58.7,,,,false
casey,Casey,21610,2026-09-01T21:00:00+10:00,2026-09-01T11:00:00+00:00,-38.10470074086808,145.3227992170936,13.1,10.6,74,80,slight_rain_showers,19.9,56.9,,,,false
casey,Casey,21610,2026-09-01T22:00:00+10:00,2026-09-01T12:00:00+00:00,-38.10470074086808,145.3227992170936,12.2,9.6,76,80,slight_rain_showers,20.2,54.7,,,,false
casey,Casey,21610,2026-09-01T23:00:00+10:00,2026-09-01T13:00:00+00:00,-38.10470074086808,145.3227992170936,11.4,8.8,75,2,partly_cloudy,19.5,51.8,,,,false
darebin,Darebin,21890,2026-08-26T00:00:00+10:00,2026-08-25T14:00:00+00:00,-37.739303059887945,145.02287482953065,11.3,9.4,74,53,moderate_drizzle,14.1,27.7,0.0,9.8,10.5,true
darebin,Darebin,21890,2026-08-26T01:00:00+10:00,2026-08-25T15:00:00+00:00,-37.739303059887945,145.02287482953065,11.0,9.1,100,51,light_drizzle,13.9,28.4,0.0,5.2,6.0,true
darebin,Darebin,21890,2026-08-26T02:00:00+10:00,2026-08-25T16:00:00+00:00,-37.739303059887945,145.02287482953065,10.7,8.9,89,51,light_drizzle,12.0,27.7,0.0,3.7,4.9,true
darebin,Darebin,21890,2026-08-26T03:00:00+10:00,2026-08-25T17:00:00+00:00,-37.739303059887945,145.02287482953065,10.6,8.8,62,51,light_drizzle,12.1,23.8,0.0,3.8,5.1,true
darebin,Darebin,21890,2026-08-26T04:00:00+10:00,2026-08-25T18:00:00+00:00,-37.739303059887945,145.02287482953065,9.9,8.0,37,1,mainly_clear,11.1,24.1,0.0,4.2,5.8,true
darebin,Darebin,21890,2026-08-26T05:00:00+10:00,2026-08-25T19:00:00+00:00,-37.739303059887945,145.02287482953065,9.1,7.3,22,1,mainly_clear,8.9,21.6,0.0,4.8,6.6,true
darebin,Darebin,21890,2026-08-26T06:00:00+10:00,2026-08-25T20:00:00+00:00,-37.739303059887945,145.02287482953065,8.6,6.8,10,0,clear_sky,8.1,17.3,0.0,5.3,7.2,true
darebin,Darebin,21890,2026-08-26T07:00:00+10:00,2026-08-25T21:00:00+00:00,-37.739303059887945,145.02287482953065,8.1,6.1,2,0,clear_sky,8.1,15.5,0.0,6.2,8.3,true
darebin,Darebin,21890,2026-08-26T08:00:00+10:00,2026-08-25T22:00:00+00:00,-37.739303059887945,145.02287482953065,8.8,6.9,0,1,mainly_clear,8.8,18.7,0.2,6.7,9.1,true
darebin,Darebin,21890,2026-08-26T09:00:00+10:00,2026-08-25T23:00:00+00:00,-37.739303059887945,145.02287482953065,10.2,8.6,0,1,mainly_clear,7.9,19.8,0.7,6.1,8.6,true
darebin,Darebin,21890,2026-08-26T10:00:00+10:00,2026-08-26T00:00:00+00:00,-37.739303059887945,145.02287482953065,12.3,10.3,0,1,mainly_clear,10.7,22.7,1.75,8.3,12.2,true
darebin,Darebin,21890,2026-08-26T11:00:00+10:00,2026-08-26T01:00:00+00:00,-37.739303059887945,145.02287482953065,13.4,10.8,3,51,light_drizzle,14.1,34.6,2.5,7.3,10.9,true
darebin,Darebin,21890,2026-08-26T12:00:00+10:00,2026-08-26T02:00:00+00:00,-37.739303059887945,145.02287482953065,13.8,11.1,6,1,mainly_clear,13.9,34.9,2.55,7.3,11.0,true
darebin,Darebin,21890,2026-08-26T13:00:00+10:00,2026-08-26T03:00:00+00:00,-37.739303059887945,145.02287482953065,14.0,11.1,8,1,mainly_clear,15.0,36.7,2.45,7.2,10.9,true
darebin,Darebin,21890,2026-08-26T14:00:00+10:00,2026-08-26T04:00:00+00:00,-37.739303059887945,145.02287482953065,14.0,11.1,6,1,mainly_clear,14.2,36.7,1.7,7.5,11.2,true
darebin,Darebin,21890,2026-08-26T15:00:00+10:00,2026-08-26T05:00:00+00:00,-37.739303059887945,145.02287482953065,13.7,10.9,3,1,mainly_clear,13.8,34.9,1.1,7.2,10.9,true
darebin,Darebin,21890,2026-08-26T16:00:00+10:00,2026-08-26T06:00:00+00:00,-37.739303059887945,145.02287482953065,13.1,10.6,0,1,mainly_clear,12.7,33.5,0.5,7.5,11.1,true
darebin,Darebin,21890,2026-08-26T17:00:00+10:00,2026-08-26T07:00:00+00:00,-37.739303059887945,145.02287482953065,12.5,10.2,0,1,mainly_clear,11.2,30.2,0.1,8.0,11.6,true
darebin,Darebin,21890,2026-08-26T18:00:00+10:00,2026-08-26T08:00:00+00:00,-37.739303059887945,145.02287482953065,11.3,9.5,0,1,mainly_clear,8.0,25.2,0.0,9.9,13.6,true
darebin,Darebin,21890,2026-08-26T19:00:00+10:00,2026-08-26T09:00:00+00:00,-37.739303059887945,145.02287482953065,10.7,9.1,0,3,overcast,6.4,16.9,0.0,12.1,15.9,true
darebin,Darebin,21890,2026-08-26T20:00:00+10:00,2026-08-26T10:00:00+00:00,-37.739303059887945,145.02287482953065,10.3,8.8,0,3,overcast,5.2,13.0,0.0,12.9,16.4,true
darebin,Darebin,21890,2026-08-26T21:00:00+10:00,2026-08-26T11:00:00+00:00,-37.739303059887945,145.02287482953065,10.1,8.7,0,3,overcast,4.5,10.1,0.0,11.8,14.5,true
darebin,Darebin,21890,2026-08-26T22:00:00+10:00,2026-08-26T12:00:00+00:00,-37.739303059887945,145.02287482953065,9.9,8.8,0,3,overcast,3.5,8.6,0.0,11.8,14.3,true
darebin,Darebin,21890,2026-08-26T23:00:00+10:00,2026-08-26T13:00:00+00:00,-37.739303059887945,145.02287482953065,9.7,8.8,0,2,partly_cloudy,1.8,6.1,0.0,11.8,14.4,true
darebin,Darebin,21890,2026-08-27T00:00:00+10:00,2026-08-26T14:00:00+00:00,-37.739303059887945,145.02287482953065,9.2,8.4,0,2,partly_cloudy,0.2,2.5,0.0,11.6,14.2,true
darebin,Darebin,21890,2026-08-27T01:00:00+10:00,2026-08-26T15:00:00+00:00,-37.739303059887945,145.02287482953065,8.8,7.7,0,1,mainly_clear,2.7,5.4,0.0,11.1,13.9,true
darebin,Darebin,21890,2026-08-27T02:00:00+10:00,2026-08-26T16:00:00+00:00,-37.739303059887945,145.02287482953065,8.1,6.8,0,0,clear_sky,2.9,5.4,0.0,10.8,13.7,true
darebin,Darebin,21890,2026-08-27T03:00:00+10:00,2026-08-26T17:00:00+00:00,-37.739303059887945,145.02287482953065,7.5,6.0,0,0,clear_sky,2.9,4.7,0.0,10.6,13.6,true
darebin,Darebin,21890,2026-08-27T04:00:00+10:00,2026-08-26T18:00:00+00:00,-37.739303059887945,145.02287482953065,6.9,5.3,0,0,clear_sky,3.1,5.4,0.0,10.5,13.9,true
darebin,Darebin,21890,2026-08-27T05:00:00+10:00,2026-08-26T19:00:00+00:00,-37.739303059887945,145.02287482953065,6.5,4.8,0,0,clear_sky,2.4,5.8,0.0,10.8,14.2,true
darebin,Darebin,21890,2026-08-27T06:00:00+10:00,2026-08-26T20:00:00+00:00,-37.739303059887945,145.02287482953065,5.9,4.0,0,0,clear_sky,3.5,5.8,0.0,11.4,14.8,true
darebin,Darebin,21890,2026-08-27T07:00:00+10:00,2026-08-26T21:00:00+00:00,-37.739303059887945,145.02287482953065,5.6,3.8,0,0,clear_sky,2.7,5.8,0.05,16.4,19.8,true
darebin,Darebin,21890,2026-08-27T08:00:00+10:00,2026-08-26T22:00:00+00:00,-37.739303059887945,145.02287482953065,7.2,5.4,0,1,mainly_clear,3.9,9.0,0.35,21.0,23.2,true
darebin,Darebin,21890,2026-08-27T09:00:00+10:00,2026-08-26T23:00:00+00:00,-37.739303059887945,145.02287482953065,9.6,8.3,0,1,mainly_clear,1.9,9.4,1.15,13.6,17.1,true
darebin,Darebin,21890,2026-08-27T10:00:00+10:00,2026-08-27T00:00:00+00:00,-37.739303059887945,145.02287482953065,11.4,10.1,0,2,partly_cloudy,2.5,12.2,2.3,10.4,14.6,true
darebin,Darebin,21890,2026-08-27T11:00:00+10:00,2026-08-27T01:00:00+00:00,-37.739303059887945,145.02287482953065,12.7,11.6,0,3,overcast,1.7,13.0,3.4,10.0,14.0,true
darebin,Darebin,21890,2026-08-27T12:00:00+10:00,2026-08-27T02:00:00+00:00,-37.739303059887945,145.02287482953065,13.4,12.1,0,3,overcast,1.5,12.2,3.95,9.8,13.8,true
darebin,Darebin,21890,2026-08-27T13:00:00+10:00,2026-08-27T03:00:00+00:00,-37.739303059887945,145.02287482953065,14.1,13.5,0,1,mainly_clear,2.2,13.0,3.65,10.0,14.1,true
darebin,Darebin,21890,2026-08-27T14:00:00+10:00,2026-08-27T04:00:00+00:00,-37.739303059887945,145.02287482953065,14.9,14.1,0,1,mainly_clear,3.7,15.1,2.8,10.3,14.3,true
darebin,Darebin,21890,2026-08-27T15:00:00+10:00,2026-08-27T05:00:00+00:00,-37.739303059887945,145.02287482953065,15.7,14.1,0,1,mainly_clear,5.0,16.9,1.65,10.5,14.5,true
darebin,Darebin,21890,2026-08-27T16:00:00+10:00,2026-08-27T06:00:00+00:00,-37.739303059887945,145.02287482953065,15.1,13.5,0,2,partly_cloudy,5.2,16.6,0.65,10.0,13.8,true
darebin,Darebin,21890,2026-08-27T17:00:00+10:00,2026-08-27T07:00:00+00:00,-37.739303059887945,145.02287482953065,13.7,12.2,0,3,overcast,6.9,17.3,0.15,11.9,15.4,true
darebin,Darebin,21890,2026-08-27T18:00:00+10:00,2026-08-27T08:00:00+00:00,-37.739303059887945,145.02287482953065,12.6,11.8,0,3,overcast,3.1,15.8,0.0,17.1,20.5,true
darebin,Darebin,21890,2026-08-27T19:00:00+10:00,2026-08-27T09:00:00+00:00,-37.739303059887945,145.02287482953065,12.3,11.9,0,3,overcast,1.5,6.5,0.0,21.2,24.4,true
darebin,Darebin,21890,2026-08-27T20:00:00+10:00,2026-08-27T10:00:00+00:00,-37.739303059887945,145.02287482953065,11.9,11.4,0,3,overcast,2.0,4.3,0.0,25.0,28.0,true
darebin,Darebin,21890,2026-08-27T21:00:00+10:00,2026-08-27T11:00:00+00:00,-37.739303059887945,145.02287482953065,11.4,10.8,0,3,overcast,2.1,4.0,0.0,28.4,31.2,true
darebin,Darebin,21890,2026-08-27T22:00:00+10:00,2026-08-27T12:00:00+00:00,-37.739303059887945,145.02287482953065,11.1,10.6,0,3,overcast,0.9,4.0,0.0,28.3,30.5,true
darebin,Darebin,21890,2026-08-27T23:00:00+10:00,2026-08-27T13:00:00+00:00,-37.739303059887945,145.02287482953065,10.5,9.5,0,3,overcast,4.0,7.6,0.0,23.4,25.1,true
darebin,Darebin,21890,2026-08-28T00:00:00+10:00,2026-08-27T14:00:00+00:00,-37.739303059887945,145.02287482953065,10.6,9.1,0,2,partly_cloudy,6.8,13.7,0.0,17.5,19.0,true
darebin,Darebin,21890,2026-08-28T01:00:00+10:00,2026-08-27T15:00:00+00:00,-37.739303059887945,145.02287482953065,9.1,7.2,0,0,clear_sky,8.1,16.6,0.0,13.2,14.6,true
darebin,Darebin,21890,2026-08-28T02:00:00+10:00,2026-08-27T16:00:00+00:00,-37.739303059887945,145.02287482953065,8.2,5.8,0,3,overcast,9.0,18.4,0.0,10.0,11.4,true
darebin,Darebin,21890,2026-08-28T03:00:00+10:00,2026-08-27T17:00:00+00:00,-37.739303059887945,145.02287482953065,7.9,5.5,0,3,overcast,8.0,18.4,0.0,7.7,9.0,true
darebin,Darebin,21890,2026-08-28T04:00:00+10:00,2026-08-27T18:00:00+00:00,-37.739303059887945,145.02287482953065,7.9,5.5,0,3,overcast,7.9,15.8,0.0,6.3,7.7,true
darebin,Darebin,21890,2026-08-28T05:00:00+10:00,2026-08-27T19:00:00+00:00,-37.739303059887945,145.02287482953065,7.9,5.5,0,1,mainly_clear,8.0,15.8,0.0,5.7,7.2,true
darebin,Darebin,21890,2026-08-28T06:00:00+10:00,2026-08-27T20:00:00+00:00,-37.739303059887945,145.02287482953065,7.6,5.0,0,0,clear_sky,8.8,17.3,0.0,5.6,7.1,true
darebin,Darebin,21890,2026-08-28T07:00:00+10:00,2026-08-27T21:00:00+00:00,-37.739303059887945,145.02287482953065,7.3,4.7,0,0,clear_sky,9.3,19.1,0.05,6.9,8.3,true
darebin,Darebin,21890,2026-08-28T08:00:00+10:00,2026-08-27T22:00:00+00:00,-37.739303059887945,145.02287482953065,8.6,6.1,2,0,clear_sky,9.4,19.1,0.2,8.2,9.5,true
darebin,Darebin,21890,2026-08-28T09:00:00+10:00,2026-08-27T23:00:00+00:00,-37.739303059887945,145.02287482953065,11.2,9.5,4,0,clear_sky,6.8,18.4,0.4,10.6,12.0,true
darebin,Darebin,21890,2026-08-28T10:00:00+10:00,2026-08-28T00:00:00+00:00,-37.739303059887945,145.02287482953065,13.7,12.2,8,1,mainly_clear,4.5,17.3,0.75,8.7,10.9,true
darebin,Darebin,21890,2026-08-28T11:00:00+10:00,2026-08-28T01:00:00+00:00,-37.739303059887945,145.02287482953065,15.0,13.7,12,3,overcast,4.2,15.1,1.25,7.4,9.5,true
darebin,Darebin,21890,2026-08-28T12:00:00+10:00,2026-08-28T02:00:00+00:00,-37.739303059887945,145.02287482953065,14.8,13.8,18,3,overcast,3.1,14.8,1.3,6.0,7.7,true
darebin,Darebin,21890,2026-08-28T13:00:00+10:00,2026-08-28T03:00:00+00:00,-37.739303059887945,145.02287482953065,15.2,14.4,24,3,overcast,1.9,10.1,2.05,5.9,7.5,true
darebin,Darebin,21890,2026-08-28T14:00:00+10:00,2026-08-28T04:00:00+00:00,-37.739303059887945,145.02287482953065,15.0,14.0,35,3,overcast,3.9,11.5,2.45,5.8,7.7,true
darebin,Darebin,21890,2026-08-28T15:00:00+10:00,2026-08-28T05:00:00+00:00,-37.739303059887945,145.02287482953065,14.2,13.3,46,51,light_drizzle,5.2,13.7,1.5,6.3,8.7,true
darebin,Darebin,21890,2026-08-28T16:00:00+10:00,2026-08-28T06:00:00+00:00,-37.739303059887945,145.02287482953065,13.4,13.0,51,53,moderate_drizzle,3.6,13.3,0.65,7.5,10.5,true
darebin,Darebin,21890,2026-08-28T17:00:00+10:00,2026-08-28T07:00:00+00:00,-37.739303059887945,145.02287482953065,13.2,13.3,43,51,light_drizzle,0.7,10.1,0.15,8.5,12.1,true
darebin,Darebin,21890,2026-08-28T18:00:00+10:00,2026-08-28T08:00:00+00:00,-37.739303059887945,145.02287482953065,13.0,13.3,27,51,light_drizzle,0.2,5.0,0.0,11.6,15.5,true
darebin,Darebin,21890,2026-08-28T19:00:00+10:00,2026-08-28T09:00:00+00:00,-37.739303059887945,145.02287482953065,12.7,12.9,14,3,overcast,1.5,2.2,0.0,15.1,18.8,true
darebin,Darebin,21890,2026-08-28T20:00:00+10:00,2026-08-28T10:00:00+00:00,-37.739303059887945,145.02287482953065,12.3,12.3,7,1,mainly_clear,2.1,2.9,0.0,18.9,23.2,true
darebin,Darebin,21890,2026-08-28T21:00:00+10:00,2026-08-28T11:00:00+00:00,-37.739303059887945,145.02287482953065,11.2,10.9,3,1,mainly_clear,2.7,4.0,0.0,21.7,26.4,true
darebin,Darebin,21890,2026-08-28T22:00:00+10:00,2026-08-28T12:00:00+00:00,-37.739303059887945,145.02287482953065,10.2,9.7,0,2,partly_cloudy,3.3,4.7,0.0,26.5,31.9,true
darebin,Darebin,21890,2026-08-28T23:00:00+10:00,2026-08-28T13:00:00+00:00,-37.739303059887945,145.02287482953065,9.8,9.3,0,51,light_drizzle,3.0,6.5,0.0,28.0,33.9,true
darebin,Darebin,21890,2026-08-29T00:00:00+10:00,2026-08-28T14:00:00+00:00,-37.739303059887945,145.02287482953065,9.8,9.3,1,3,overcast,2.7,4.3,0.0,28.8,35.2,true
darebin,Darebin,21890,2026-08-29T01:00:00+10:00,2026-08-28T15:00:00+00:00,-37.739303059887945,145.02287482953065,10.3,10.0,2,3,overcast,3.0,6.1,0.0,28.2,34.8,true
darebin,Darebin,21890,2026-08-29T02:00:00+10:00,2026-08-28T16:00:00+00:00,-37.739303059887945,145.02287482953065,10.2,9.7,3,3,overcast,3.7,6.5,0.0,25.7,32.0,true
darebin,Darebin,21890,2026-08-29T03:00:00+10:00,2026-08-28T17:00:00+00:00,-37.739303059887945,145.02287482953065,10.2,9.3,4,3,overcast,5.7,10.4,0.0,22.5,28.1,true
darebin,Darebin,21890,2026-08-29T04:00:00+10:00,2026-08-28T18:00:00+00:00,-37.739303059887945,145.02287482953065,10.0,8.9,4,3,overcast,7.2,14.4,0.0,19.4,24.8,true
darebin,Darebin,21890,2026-08-29T05:00:00+10:00,2026-08-28T19:00:00+00:00,-37.739303059887945,145.02287482953065,9.7,8.6,3,3,overcast,6.3,14.8,0.0,16.9,22.2,true
darebin,Darebin,21890,2026-08-29T06:00:00+10:00,2026-08-28T20:00:00+00:00,-37.739303059887945,145.02287482953065,9.2,8.0,1,2,partly_cloudy,5.5,13.3,0.0,15.7,20.5,true
darebin,Darebin,21890,2026-08-29T07:00:00+10:00,2026-08-28T21:00:00+00:00,-37.739303059887945,145.02287482953065,8.4,7.4,0,1,mainly_clear,3.3,11.5,0.05,17.2,21.7,true
darebin,Darebin,21890,2026-08-29T08:00:00+10:00,2026-08-28T22:00:00+00:00,-37.739303059887945,145.02287482953065,8.7,7.7,0,0,clear_sky,3.4,10.1,0.35,18.5,22.8,true
darebin,Darebin,21890,2026-08-29T09:00:00+10:00,2026-08-28T23:00:00+00:00,-37.739303059887945,145.02287482953065,9.9,8.9,1,0,clear_sky,4.2,13.7,0.95,15.3,20.4,true
darebin,Darebin,21890,2026-08-29T10:00:00+10:00,2026-08-29T00:00:00+00:00,-37.739303059887945,145.02287482953065,11.4,9.8,2,1,mainly_clear,6.9,20.9,1.6,13.9,20.3,true
darebin,Darebin,21890,2026-08-29T11:00:00+10:00,2026-08-29T01:00:00+00:00,-37.739303059887945,145.02287482953065,12.3,10.2,2,2,partly_cloudy,8.1,23.4,2.0,13.1,19.8,true
darebin,Darebin,21890,2026-08-29T12:00:00+10:00,2026-08-29T02:00:00+00:00,-37.739303059887945,145.02287482953065,12.7,10.5,1,2,partly_cloudy,8.4,24.1,2.2,12.1,18.1,true
darebin,Darebin,21890,2026-08-29T13:00:00+10:00,2026-08-29T03:00:00+00:00,-37.739303059887945,145.02287482953065,13.2,10.9,0,2,partly_cloudy,8.3,24.1,2.1,11.8,17.5,true
darebin,Darebin,21890,2026-08-29T14:00:00+10:00,2026-08-29T04:00:00+00:00,-37.739303059887945,145.02287482953065,13.4,10.8,0,2,partly_cloudy,11.2,29.2,1.55,11.4,16.7,true
darebin,Darebin,21890,2026-08-29T15:00:00+10:00,2026-08-29T05:00:00+00:00,-37.739303059887945,145.02287482953065,13.0,10.1,0,3,overcast,13.1,32.8,0.85,11.4,16.6,true
darebin,Darebin,21890,2026-08-29T16:00:00+10:00,2026-08-29T06:00:00+00:00,-37.739303059887945,145.02287482953065,12.3,9.9,0,3,overcast,10.9,32.8,0.35,12.2,17.9,true
darebin,Darebin,21890,2026-08-29T17:00:00+10:00,2026-08-29T07:00:00+00:00,-37.739303059887945,145.02287482953065,11.9,10.0,0,3,overcast,8.1,25.6,0.1,13.5,19.8,true
darebin,Darebin,21890,2026-08-29T18:00:00+10:00,2026-08-29T08:00:00+00:00,-37.739303059887945,145.02287482953065,11.5,10.7,0,0,clear_sky,1.9,18.0,0.0,14.1,20.1,true
darebin,Darebin,21890,2026-08-29T19:00:00+10:00,2026-08-29T09:00:00+00:00,-37.739303059887945,145.02287482953065,10.1,9.1,0,0,clear_sky,3.1,6.1,0.0,14.1,19.1,true
darebin,Darebin,21890,2026-08-29T20:00:00+10:00,2026-08-29T10:00:00+00:00,-37.739303059887945,145.02287482953065,10.0,9.2,1,3,overcast,1.6,6.5,0.0,14.8,19.7,true
darebin,Darebin,21890,2026-08-29T21:00:00+10:00,2026-08-29T11:00:00+00:00,-37.739303059887945,145.02287482953065,10.6,9.8,1,3,overcast,2.2,4.0,0.0,15.6,21.0,true
darebin,Darebin,21890,2026-08-29T22:00:00+10:00,2026-08-29T12:00:00+00:00,-37.739303059887945,145.02287482953065,10.9,9.8,2,3,overcast,4.8,9.0,0.0,14.5,19.5,true
darebin,Darebin,21890,2026-08-29T23:00:00+10:00,2026-08-29T13:00:00+00:00,-37.739303059887945,145.02287482953065,10.9,9.4,2,3,overcast,7.1,14.8,0.0,13.2,17.7,true
darebin,Darebin,21890,2026-08-30T00:00:00+10:00,2026-08-29T14:00:00+00:00,-37.739303059887945,145.02287482953065,10.2,8.6,2,3,overcast,7.1,16.6,0.0,12.3,16.4,true
darebin,Darebin,21890,2026-08-30T01:00:00+10:00,2026-08-29T15:00:00+00:00,-37.739303059887945,145.02287482953065,9.6,8.1,2,1,mainly_clear,5.9,15.5,0.0,11.5,15.3,true
darebin,Darebin,21890,2026-08-30T02:00:00+10:00,2026-08-29T16:00:00+00:00,-37.739303059887945,145.02287482953065,8.9,7.4,2,2,partly_cloudy,5.1,12.2,0.0,11.2,15.1,true
darebin,Darebin,21890,2026-08-30T03:00:00+10:00,2026-08-29T17:00:00+00:00,-37.739303059887945,145.02287482953065,8.3,6.9,2,2,partly_cloudy,4.2,10.1,0.0,11.2,15.0,true
darebin,Darebin,21890,2026-08-30T04:00:00+10:00,2026-08-29T18:00:00+00:00,-37.739303059887945,145.02287482953065,8.1,6.8,2,2,partly_cloudy,3.8,8.6,0.0,11.3,15.1,true
darebin,Darebin,21890,2026-08-30T05:00:00+10:00,2026-08-29T19:00:00+00:00,-37.739303059887945,145.02287482953065,7.9,6.5,1,2,partly_cloudy,3.6,7.9,0.0,11.4,15.3,true
darebin,Darebin,21890,2026-08-30T06:00:00+10:00,2026-08-29T20:00:00+00:00,-37.739303059887945,145.02287482953065,7.7,6.3,1,2,partly_cloudy,3.8,7.9,0.0,12.2,16.2,true
darebin,Darebin,21890,2026-08-30T07:00:00+10:00,2026-08-29T21:00:00+00:00,-37.739303059887945,145.02287482953065,8.1,6.7,0,2,partly_cloudy,3.7,9.0,0.0,13.5,17.4,true
darebin,Darebin,21890,2026-08-30T08:00:00+10:00,2026-08-29T22:00:00+00:00,-37.739303059887945,145.02287482953065,9.2,7.9,0,3,overcast,3.6,12.2,0.2,15.1,19.0,true
darebin,Darebin,21890,2026-08-30T09:00:00+10:00,2026-08-29T23:00:00+00:00,-37.739303059887945,145.02287482953065,10.8,9.5,0,3,overcast,5.0,16.6,0.6,14.3,18.5,true
darebin,Darebin,21890,2026-08-30T10:00:00+10:00,2026-08-30T00:00:00+00:00,-37.739303059887945,145.02287482953065,12.1,10.6,0,3,overcast,6.9,20.2,1.5,12.6,17.6,true
darebin,Darebin,21890,2026-08-30T11:00:00+10:00,2026-08-30T01:00:00+00:00,-37.739303059887945,145.02287482953065,12.9,11.3,0,3,overcast,7.9,22.7,2.25,11.8,17.0,true
darebin,Darebin,21890,2026-08-30T12:00:00+10:00,2026-08-30T02:00:00+00:00,-37.739303059887945,145.02287482953065,13.4,11.8,0,3,overcast,8.1,24.1,2.95,11.3,16.4,true
darebin,Darebin,21890,2026-08-30T13:00:00+10:00,2026-08-30T03:00:00+00:00,-37.739303059887945,145.02287482953065,13.7,12.0,0,3,overcast,8.4,25.2,3.15,11.2,16.2,true
darebin,Darebin,21890,2026-08-30T14:00:00+10:00,2026-08-30T04:00:00+00:00,-37.739303059887945,145.02287482953065,13.7,12.0,0,3,overcast,8.7,25.6,2.9,10.5,15.1,true
darebin,Darebin,21890,2026-08-30T15:00:00+10:00,2026-08-30T05:00:00+00:00,-37.739303059887945,145.02287482953065,13.5,11.8,0,3,overcast,8.5,24.8,1.8,10.7,15.2,true
darebin,Darebin,21890,2026-08-30T16:00:00+10:00,2026-08-30T06:00:00+00:00,-37.739303059887945,145.02287482953065,13.1,11.5,0,3,overcast,7.9,24.1,0.8,10.8,15.4,true
darebin,Darebin,21890,2026-08-30T17:00:00+10:00,2026-08-30T07:00:00+00:00,-37.739303059887945,145.02287482953065,12.6,11.2,0,3,overcast,6.5,23.4,0.15,11.1,15.7,true
darebin,Darebin,21890,2026-08-30T18:00:00+10:00,2026-08-30T08:00:00+00:00,-37.739303059887945,145.02287482953065,11.9,10.8,0,3,overcast,4.6,22.7,0.0,12.6,17.1,true
darebin,Darebin,21890,2026-08-30T19:00:00+10:00,2026-08-30T09:00:00+00:00,-37.739303059887945,145.02287482953065,11.3,10.5,0,3,overcast,3.3,20.5,0.0,12.8,16.6,true
darebin,Darebin,21890,2026-08-30T20:00:00+10:00,2026-08-30T10:00:00+00:00,-37.739303059887945,145.02287482953065,10.8,10.1,0,2,partly_cloudy,2.5,16.6,0.0,12.6,16.0,true
darebin,Darebin,21890,2026-08-30T21:00:00+10:00,2026-08-30T11:00:00+00:00,-37.739303059887945,145.02287482953065,10.3,9.7,0,2,partly_cloudy,1.7,11.2,0.0,12.8,16.1,true
darebin,Darebin,21890,2026-08-30T22:00:00+10:00,2026-08-30T12:00:00+00:00,-37.739303059887945,145.02287482953065,10.0,9.3,0,2,partly_cloudy,1.3,7.2,0.0,13.4,16.6,true
darebin,Darebin,21890,2026-08-30T23:00:00+10:00,2026-08-30T13:00:00+00:00,-37.739303059887945,145.02287482953065,9.8,9.2,0,2,partly_cloudy,1.0,5.0,,,,false
darebin,Darebin,21890,2026-08-31T00:00:00+10:00,2026-08-30T14:00:00+00:00,-37.739303059887945,145.02287482953065,9.8,9.2,0,3,overcast,0.6,3.6,,,,false
darebin,Darebin,21890,2026-08-31T01:00:00+10:00,2026-08-30T15:00:00+00:00,-37.739303059887945,145.02287482953065,9.7,9.2,0,3,overcast,0.4,2.9,,,,false
darebin,Darebin,21890,2026-08-31T02:00:00+10:00,2026-08-30T16:00:00+00:00,-37.739303059887945,145.02287482953065,9.7,9.1,0,3,overcast,0.6,2.2,,,,false
darebin,Darebin,21890,2026-08-31T03:00:00+10:00,2026-08-30T17:00:00+00:00,-37.739303059887945,145.02287482953065,9.7,9.1,0,3,overcast,0.8,2.2,,,,false
darebin,Darebin,21890,2026-08-31T04:00:00+10:00,2026-08-30T18:00:00+00:00,-37.739303059887945,145.02287482953065,9.7,9.1,0,3,overcast,0.9,2.2,,,,false
darebin,Darebin,21890,2026-08-31T05:00:00+10:00,2026-08-30T19:00:00+00:00,-37.739303059887945,145.02287482953065,9.5,8.9,0,3,overcast,0.9,1.8,,,,false
darebin,Darebin,21890,2026-08-31T06:00:00+10:00,2026-08-30T20:00:00+00:00,-37.739303059887945,145.02287482953065,9.4,8.8,0,3,overcast,1.3,1.4,,,,false
darebin,Darebin,21890,2026-08-31T07:00:00+10:00,2026-08-30T21:00:00+00:00,-37.739303059887945,145.02287482953065,9.5,8.9,0,3,overcast,1.5,2.5,,,,false
darebin,Darebin,21890,2026-08-31T08:00:00+10:00,2026-08-30T22:00:00+00:00,-37.739303059887945,145.02287482953065,10.1,9.5,0,3,overcast,1.4,5.8,,,,false
darebin,Darebin,21890,2026-08-31T09:00:00+10:00,2026-08-30T23:00:00+00:00,-37.739303059887945,145.02287482953065,10.9,10.1,0,3,overcast,2.7,10.4,,,,false
darebin,Darebin,21890,2026-08-31T10:00:00+10:00,2026-08-31T00:00:00+00:00,-37.739303059887945,145.02287482953065,12.0,11.0,0,3,overcast,4.1,14.0,,,,false
darebin,Darebin,21890,2026-08-31T11:00:00+10:00,2026-08-31T01:00:00+00:00,-37.739303059887945,145.02287482953065,13.5,12.6,0,2,partly_cloudy,4.3,15.8,,,,false
darebin,Darebin,21890,2026-08-31T12:00:00+10:00,2026-08-31T02:00:00+00:00,-37.739303059887945,145.02287482953065,15.2,14.7,0,1,mainly_clear,4.3,16.9,,,,false
darebin,Darebin,21890,2026-08-31T13:00:00+10:00,2026-08-31T03:00:00+00:00,-37.739303059887945,145.02287482953065,16.6,16.6,0,0,clear_sky,3.7,17.3,,,,false
darebin,Darebin,21890,2026-08-31T14:00:00+10:00,2026-08-31T04:00:00+00:00,-37.739303059887945,145.02287482953065,17.4,17.8,0,0,clear_sky,2.1,17.3,,,,false
darebin,Darebin,21890,2026-08-31T15:00:00+10:00,2026-08-31T05:00:00+00:00,-37.739303059887945,145.02287482953065,17.8,18.0,0,0,clear_sky,0.5,16.6,,,,false
darebin,Darebin,21890,2026-08-31T16:00:00+10:00,2026-08-31T06:00:00+00:00,-37.739303059887945,145.02287482953065,17.6,17.7,0,0,clear_sky,1.4,15.5,,,,false
darebin,Darebin,21890,2026-08-31T17:00:00+10:00,2026-08-31T07:00:00+00:00,-37.739303059887945,145.02287482953065,16.2,16.4,0,0,clear_sky,1.5,13.7,,,,false
darebin,Darebin,21890,2026-08-31T18:00:00+10:00,2026-08-31T08:00:00+00:00,-37.739303059887945,145.02287482953065,14.1,14.4,0,0,clear_sky,0.9,11.2,,,,false
darebin,Darebin,21890,2026-08-31T19:00:00+10:00,2026-08-31T09:00:00+00:00,-37.739303059887945,145.02287482953065,12.5,12.6,0,0,clear_sky,1.9,11.2,,,,false
darebin,Darebin,21890,2026-08-31T20:00:00+10:00,2026-08-31T10:00:00+00:00,-37.739303059887945,145.02287482953065,12.1,11.6,0,0,clear_sky,5.1,15.1,,,,false
darebin,Darebin,21890,2026-08-31T21:00:00+10:00,2026-08-31T11:00:00+00:00,-37.739303059887945,145.02287482953065,12.2,11.0,0,0,clear_sky,9.4,21.2,,,,false
darebin,Darebin,21890,2026-08-31T22:00:00+10:00,2026-08-31T12:00:00+00:00,-37.739303059887945,145.02287482953065,12.3,10.5,0,0,clear_sky,12.6,25.9,,,,false
darebin,Darebin,21890,2026-08-31T23:00:00+10:00,2026-08-31T13:00:00+00:00,-37.739303059887945,145.02287482953065,12.3,10.3,0,0,clear_sky,13.5,27.4,,,,false
darebin,Darebin,21890,2026-09-01T00:00:00+10:00,2026-08-31T14:00:00+00:00,-37.739303059887945,145.02287482953065,12.2,10.3,0,0,clear_sky,13.5,27.7,,,,false
darebin,Darebin,21890,2026-09-01T01:00:00+10:00,2026-08-31T15:00:00+00:00,-37.739303059887945,145.02287482953065,12.2,10.2,0,0,clear_sky,13.7,29.2,,,,false
darebin,Darebin,21890,2026-09-01T02:00:00+10:00,2026-08-31T16:00:00+00:00,-37.739303059887945,145.02287482953065,12.2,10.1,0,1,mainly_clear,14.9,32.8,,,,false
darebin,Darebin,21890,2026-09-01T03:00:00+10:00,2026-08-31T17:00:00+00:00,-37.739303059887945,145.02287482953065,12.2,9.9,0,2,partly_cloudy,16.7,37.4,,,,false
darebin,Darebin,21890,2026-09-01T04:00:00+10:00,2026-08-31T18:00:00+00:00,-37.739303059887945,145.02287482953065,12.2,9.7,0,3,overcast,18.2,41.4,,,,false
darebin,Darebin,21890,2026-09-01T05:00:00+10:00,2026-08-31T19:00:00+00:00,-37.739303059887945,145.02287482953065,12.0,9.2,0,3,overcast,19.3,43.2,,,,false
darebin,Darebin,21890,2026-09-01T06:00:00+10:00,2026-08-31T20:00:00+00:00,-37.739303059887945,145.02287482953065,11.6,8.7,0,3,overcast,20.0,43.9,,,,false
darebin,Darebin,21890,2026-09-01T07:00:00+10:00,2026-08-31T21:00:00+00:00,-37.739303059887945,145.02287482953065,11.6,8.5,0,3,overcast,20.7,45.4,,,,false
darebin,Darebin,21890,2026-09-01T08:00:00+10:00,2026-08-31T22:00:00+00:00,-37.739303059887945,145.02287482953065,13.0,9.8,0,2,partly_cloudy,21.5,51.1,,,,false
darebin,Darebin,21890,2026-09-01T09:00:00+10:00,2026-08-31T23:00:00+00:00,-37.739303059887945,145.02287482953065,13.3,10.0,0,2,partly_cloudy,22.1,53.6,,,,false
darebin,Darebin,21890,2026-09-01T10:00:00+10:00,2026-09-01T00:00:00+00:00,-37.739303059887945,145.02287482953065,13.8,10.4,0,2,partly_cloudy,22.6,55.8,,,,false
darebin,Darebin,21890,2026-09-01T11:00:00+10:00,2026-09-01T01:00:00+00:00,-37.739303059887945,145.02287482953065,14.5,11.0,3,2,partly_cloudy,23.3,58.3,,,,false
darebin,Darebin,21890,2026-09-01T12:00:00+10:00,2026-09-01T02:00:00+00:00,-37.739303059887945,145.02287482953065,15.5,12.2,8,2,partly_cloudy,24.1,61.6,,,,false
darebin,Darebin,21890,2026-09-01T13:00:00+10:00,2026-09-01T03:00:00+00:00,-37.739303059887945,145.02287482953065,16.5,13.2,13,3,overcast,25.0,64.4,,,,false
darebin,Darebin,21890,2026-09-01T14:00:00+10:00,2026-09-01T04:00:00+00:00,-37.739303059887945,145.02287482953065,17.5,13.9,19,3,overcast,25.5,67.0,,,,false
darebin,Darebin,21890,2026-09-01T15:00:00+10:00,2026-09-01T05:00:00+00:00,-37.739303059887945,145.02287482953065,18.1,14.6,25,3,overcast,25.2,68.8,,,,false
darebin,Darebin,21890,2026-09-01T16:00:00+10:00,2026-09-01T06:00:00+00:00,-37.739303059887945,145.02287482953065,18.3,15.1,31,3,overcast,23.6,69.1,,,,false
darebin,Darebin,21890,2026-09-01T17:00:00+10:00,2026-09-01T07:00:00+00:00,-37.739303059887945,145.02287482953065,17.9,15.2,38,53,moderate_drizzle,20.3,68.0,,,,false
darebin,Darebin,21890,2026-09-01T18:00:00+10:00,2026-09-01T08:00:00+00:00,-37.739303059887945,145.02287482953065,17.1,15.0,45,53,moderate_drizzle,16.1,65.5,,,,false
darebin,Darebin,21890,2026-09-01T19:00:00+10:00,2026-09-01T09:00:00+00:00,-37.739303059887945,145.02287482953065,15.9,14.2,52,53,moderate_drizzle,13.8,61.9,,,,false
darebin,Darebin,21890,2026-09-01T20:00:00+10:00,2026-09-01T10:00:00+00:00,-37.739303059887945,145.02287482953065,14.7,12.8,58,53,moderate_drizzle,15.0,58.3,,,,false
darebin,Darebin,21890,2026-09-01T21:00:00+10:00,2026-09-01T11:00:00+00:00,-37.739303059887945,145.02287482953065,13.4,11.0,63,53,moderate_drizzle,18.2,54.7,,,,false
darebin,Darebin,21890,2026-09-01T22:00:00+10:00,2026-09-01T12:00:00+00:00,-37.739303059887945,145.02287482953065,12.4,9.6,65,53,moderate_drizzle,20.3,52.2,,,,false
darebin,Darebin,21890,2026-09-01T23:00:00+10:00,2026-09-01T13:00:00+00:00,-37.739303059887945,145.02287482953065,11.5,8.7,63,1,mainly_clear,19.7,50.4,,,,false
frankston,Frankston,22170,2026-08-26T00:00:00+10:00,2026-08-25T14:00:00+00:00,-38.129067332252696,145.16875000632388,11.4,9.5,0,51,light_drizzle,13.4,24.8,0.0,3.8,5.5,true
frankston,Frankston,22170,2026-08-26T01:00:00+10:00,2026-08-25T15:00:00+00:00,-38.129067332252696,145.16875000632388,11.0,9.1,0,1,mainly_clear,13.0,24.5,0.0,3.9,6.0,true
frankston,Frankston,22170,2026-08-26T02:00:00+10:00,2026-08-25T16:00:00+00:00,-38.129067332252696,145.16875000632388,10.9,8.4,0,0,clear_sky,14.7,26.6,0.0,4.4,7.0,true
frankston,Frankston,22170,2026-08-26T03:00:00+10:00,2026-08-25T17:00:00+00:00,-38.129067332252696,145.16875000632388,10.4,8.1,0,0,clear_sky,12.9,26.6,0.0,4.9,7.8,true
frankston,Frankston,22170,2026-08-26T04:00:00+10:00,2026-08-25T18:00:00+00:00,-38.129067332252696,145.16875000632388,9.9,7.8,0,1,mainly_clear,11.3,22.3,0.0,5.1,8.1,true
frankston,Frankston,22170,2026-08-26T05:00:00+10:00,2026-08-25T19:00:00+00:00,-38.129067332252696,145.16875000632388,10.0,8.0,0,1,mainly_clear,10.4,19.4,0.0,5.3,8.4,true
frankston,Frankston,22170,2026-08-26T06:00:00+10:00,2026-08-25T20:00:00+00:00,-38.129067332252696,145.16875000632388,10.2,8.2,0,1,mainly_clear,10.7,18.4,0.0,5.4,8.4,true
frankston,Frankston,22170,2026-08-26T07:00:00+10:00,2026-08-25T21:00:00+00:00,-38.129067332252696,145.16875000632388,10.0,8.1,0,51,light_drizzle,9.9,18.7,0.05,5.9,8.7,true
frankston,Frankston,22170,2026-08-26T08:00:00+10:00,2026-08-25T22:00:00+00:00,-38.129067332252696,145.16875000632388,10.9,9.0,0,1,mainly_clear,10.4,18.0,0.35,6.5,9.5,true
frankston,Frankston,22170,2026-08-26T09:00:00+10:00,2026-08-25T23:00:00+00:00,-38.129067332252696,145.16875000632388,12.6,10.2,0,2,partly_cloudy,11.3,24.1,1.0,6.5,9.9,true
frankston,Frankston,22170,2026-08-26T10:00:00+10:00,2026-08-26T00:00:00+00:00,-38.129067332252696,145.16875000632388,13.5,10.5,0,2,partly_cloudy,14.6,32.0,1.9,7.9,12.5,true
frankston,Frankston,22170,2026-08-26T11:00:00+10:00,2026-08-26T01:00:00+00:00,-38.129067332252696,145.16875000632388,13.9,10.8,0,2,partly_cloudy,15.0,32.8,2.8,7.3,11.7,true
frankston,Frankston,22170,2026-08-26T12:00:00+10:00,2026-08-26T02:00:00+00:00,-38.129067332252696,145.16875000632388,14.1,10.9,0,51,light_drizzle,15.9,34.9,2.95,8.0,12.9,true
frankston,Frankston,22170,2026-08-26T13:00:00+10:00,2026-08-26T03:00:00+00:00,-38.129067332252696,145.16875000632388,14.4,11.0,0,2,partly_cloudy,17.6,38.5,2.65,7.3,11.9,true
frankston,Frankston,22170,2026-08-26T14:00:00+10:00,2026-08-26T04:00:00+00:00,-38.129067332252696,145.16875000632388,14.2,10.8,1,2,partly_cloudy,18.0,39.2,2.0,7.1,11.5,true
frankston,Frankston,22170,2026-08-26T15:00:00+10:00,2026-08-26T05:00:00+00:00,-38.129067332252696,145.16875000632388,14.1,10.9,2,0,clear_sky,16.9,38.9,1.15,7.0,11.3,true
frankston,Frankston,22170,2026-08-26T16:00:00+10:00,2026-08-26T06:00:00+00:00,-38.129067332252696,145.16875000632388,13.8,10.7,2,0,clear_sky,15.5,36.0,0.5,7.2,11.5,true
frankston,Frankston,22170,2026-08-26T17:00:00+10:00,2026-08-26T07:00:00+00:00,-38.129067332252696,145.16875000632388,13.1,10.6,2,0,clear_sky,12.3,32.4,0.1,7.6,11.8,true
frankston,Frankston,22170,2026-08-26T18:00:00+10:00,2026-08-26T08:00:00+00:00,-38.129067332252696,145.16875000632388,11.3,9.4,1,2,partly_cloudy,8.4,23.8,0.0,9.2,13.4,true
frankston,Frankston,22170,2026-08-26T19:00:00+10:00,2026-08-26T09:00:00+00:00,-38.129067332252696,145.16875000632388,9.9,8.4,0,3,overcast,5.2,14.8,0.0,11.3,15.5,true
frankston,Frankston,22170,2026-08-26T20:00:00+10:00,2026-08-26T10:00:00+00:00,-38.129067332252696,145.16875000632388,9.7,8.3,0,3,overcast,5.0,10.1,0.0,12.5,16.8,true
frankston,Frankston,22170,2026-08-26T21:00:00+10:00,2026-08-26T11:00:00+00:00,-38.129067332252696,145.16875000632388,9.1,7.8,0,3,overcast,3.6,8.6,0.0,12.4,16.3,true
frankston,Frankston,22170,2026-08-26T22:00:00+10:00,2026-08-26T12:00:00+00:00,-38.129067332252696,145.16875000632388,8.9,7.7,0,1,mainly_clear,2.3,5.4,0.0,12.8,16.7,true
frankston,Frankston,22170,2026-08-26T23:00:00+10:00,2026-08-26T13:00:00+00:00,-38.129067332252696,145.16875000632388,8.6,7.5,0,1,mainly_clear,1.1,4.0,0.0,13.3,17.2,true
frankston,Frankston,22170,2026-08-27T00:00:00+10:00,2026-08-26T14:00:00+00:00,-38.129067332252696,145.16875000632388,8.7,7.4,0,1,mainly_clear,2.2,3.6,0.0,13.6,17.6,true
frankston,Frankston,22170,2026-08-27T01:00:00+10:00,2026-08-26T15:00:00+00:00,-38.129067332252696,145.16875000632388,8.7,7.3,0,1,mainly_clear,3.1,4.7,0.0,13.6,17.6,true
frankston,Frankston,22170,2026-08-27T02:00:00+10:00,2026-08-26T16:00:00+00:00,-38.129067332252696,145.16875000632388,8.4,6.5,0,0,clear_sky,4.9,6.8,0.0,13.6,17.7,true
frankston,Frankston,22170,2026-08-27T03:00:00+10:00,2026-08-26T17:00:00+00:00,-38.129067332252696,145.16875000632388,8.3,6.5,0,1,mainly_clear,4.5,7.2,0.0,13.5,17.7,true
frankston,Frankston,22170,2026-08-27T04:00:00+10:00,2026-08-26T18:00:00+00:00,-38.129067332252696,145.16875000632388,8.7,7.2,0,1,mainly_clear,2.6,6.8,0.0,13.2,17.5,true
frankston,Frankston,22170,2026-08-27T05:00:00+10:00,2026-08-26T19:00:00+00:00,-38.129067332252696,145.16875000632388,8.8,7.6,0,3,overcast,0.4,3.6,0.0,13.0,17.2,true
frankston,Frankston,22170,2026-08-27T06:00:00+10:00,2026-08-26T20:00:00+00:00,-38.129067332252696,145.16875000632388,8.4,6.9,0,3,overcast,3.5,5.0,0.0,13.4,17.5,true
frankston,Frankston,22170,2026-08-27T07:00:00+10:00,2026-08-26T21:00:00+00:00,-38.129067332252696,145.16875000632388,8.1,6.3,0,3,overcast,7.2,12.2,0.05,16.2,19.8,true
frankston,Frankston,22170,2026-08-27T08:00:00+10:00,2026-08-26T22:00:00+00:00,-38.129067332252696,145.16875000632388,9.3,7.8,0,2,partly_cloudy,7.0,12.6,0.35,20.4,22.5,true
frankston,Frankston,22170,2026-08-27T09:00:00+10:00,2026-08-26T23:00:00+00:00,-38.129067332252696,145.16875000632388,11.3,10.0,0,2,partly_cloudy,7.0,17.3,1.1,15.4,18.1,true
frankston,Frankston,22170,2026-08-27T10:00:00+10:00,2026-08-27T00:00:00+00:00,-38.129067332252696,145.16875000632388,12.3,10.6,0,1,mainly_clear,9.2,22.7,2.15,10.3,14.5,true
frankston,Frankston,22170,2026-08-27T11:00:00+10:00,2026-08-27T01:00:00+00:00,-38.129067332252696,145.16875000632388,12.7,10.8,1,2,partly_cloudy,10.2,25.9,2.65,9.5,13.8,true
frankston,Frankston,22170,2026-08-27T12:00:00+10:00,2026-08-27T02:00:00+00:00,-38.129067332252696,145.16875000632388,13.0,11.3,2,2,partly_cloudy,10.4,26.6,3.25,9.2,13.4,true
frankston,Frankston,22170,2026-08-27T13:00:00+10:00,2026-08-27T03:00:00+00:00,-38.129067332252696,145.16875000632388,13.1,11.1,2,0,clear_sky,10.6,27.4,3.3,9.6,13.7,true
frankston,Frankston,22170,2026-08-27T14:00:00+10:00,2026-08-27T04:00:00+00:00,-38.129067332252696,145.16875000632388,13.2,11.4,2,1,mainly_clear,9.0,27.0,2.6,9.9,13.9,true
frankston,Frankston,22170,2026-08-27T15:00:00+10:00,2026-08-27T05:00:00+00:00,-38.129067332252696,145.16875000632388,13.4,11.4,1,0,clear_sky,7.5,23.8,1.5,10.1,14.2,true
frankston,Frankston,22170,2026-08-27T16:00:00+10:00,2026-08-27T06:00:00+00:00,-38.129067332252696,145.16875000632388,13.5,12.0,0,0,clear_sky,4.3,19.8,0.6,9.9,13.9,true
frankston,Frankston,22170,2026-08-27T17:00:00+10:00,2026-08-27T07:00:00+00:00,-38.129067332252696,145.16875000632388,13.1,12.0,0,0,clear_sky,1.2,12.2,0.15,11.4,15.3,true
frankston,Frankston,22170,2026-08-27T18:00:00+10:00,2026-08-27T08:00:00+00:00,-38.129067332252696,145.16875000632388,11.0,9.9,0,2,partly_cloudy,2.4,3.6,0.0,15.5,19.2,true
frankston,Frankston,22170,2026-08-27T19:00:00+10:00,2026-08-27T09:00:00+00:00,-38.129067332252696,145.16875000632388,11.5,9.8,0,3,overcast,6.0,10.4,0.0,19.1,22.8,true
frankston,Frankston,22170,2026-08-27T20:00:00+10:00,2026-08-27T10:00:00+00:00,-38.129067332252696,145.16875000632388,11.4,10.1,0,3,overcast,4.3,10.8,0.0,22.3,25.8,true
frankston,Frankston,22170,2026-08-27T21:00:00+10:00,2026-08-27T11:00:00+00:00,-38.129067332252696,145.16875000632388,10.7,9.3,0,3,overcast,4.5,7.6,0.0,25.4,28.8,true
frankston,Frankston,22170,2026-08-27T22:00:00+10:00,2026-08-27T12:00:00+00:00,-38.129067332252696,145.16875000632388,10.0,8.5,0,3,overcast,5.0,8.3,0.0,26.4,29.2,true
frankston,Frankston,22170,2026-08-27T23:00:00+10:00,2026-08-27T13:00:00+00:00,-38.129067332252696,145.16875000632388,10.6,8.9,0,3,overcast,7.0,11.9,0.0,23.2,25.2,true
frankston,Frankston,22170,2026-08-28T00:00:00+10:00,2026-08-27T14:00:00+00:00,-38.129067332252696,145.16875000632388,10.4,8.5,0,1,mainly_clear,8.7,15.5,0.0,19.4,21.0,true
frankston,Frankston,22170,2026-08-28T01:00:00+10:00,2026-08-27T15:00:00+00:00,-38.129067332252696,145.16875000632388,10.1,8.1,0,2,partly_cloudy,9.3,16.9,0.0,16.6,18.0,true
frankston,Frankston,22170,2026-08-28T02:00:00+10:00,2026-08-27T16:00:00+00:00,-38.129067332252696,145.16875000632388,9.5,7.3,0,2,partly_cloudy,10.1,17.6,0.0,13.8,15.0,true
frankston,Frankston,22170,2026-08-28T03:00:00+10:00,2026-08-27T17:00:00+00:00,-38.129067332252696,145.16875000632388,9.2,6.9,0,1,mainly_clear,10.9,19.1,0.0,11.1,12.2,true
frankston,Frankston,22170,2026-08-28T04:00:00+10:00,2026-08-27T18:00:00+00:00,-38.129067332252696,145.16875000632388,9.3,6.8,0,0,clear_sky,12.9,23.0,0.0,8.7,9.7,true
frankston,Frankston,22170,2026-08-28T05:00:00+10:00,2026-08-27T19:00:00+00:00,-38.129067332252696,145.16875000632388,9.1,6.6,0,0,clear_sky,12.3,23.4,0.0,7.4,8.6,true
frankston,Frankston,22170,2026-08-28T06:00:00+10:00,2026-08-27T20:00:00+00:00,-38.129067332252696,145.16875000632388,9.1,6.6,0,0,clear_sky,12.1,22.3,0.0,6.6,8.0,true
frankston,Frankston,22170,2026-08-28T07:00:00+10:00,2026-08-27T21:00:00+00:00,-38.129067332252696,145.16875000632388,9.2,6.7,0,0,clear_sky,12.2,22.0,0.0,7.2,8.5,true
frankston,Frankston,22170,2026-08-28T08:00:00+10:00,2026-08-27T22:00:00+00:00,-38.129067332252696,145.16875000632388,10.5,7.9,2,0,clear_sky,13.0,24.5,0.1,8.5,10.0,true
frankston,Frankston,22170,2026-08-28T09:00:00+10:00,2026-08-27T23:00:00+00:00,-38.129067332252696,145.16875000632388,11.8,9.1,4,0,clear_sky,13.4,28.4,0.35,10.3,11.9,true
frankston,Frankston,22170,2026-08-28T10:00:00+10:00,2026-08-28T00:00:00+00:00,-38.129067332252696,145.16875000632388,12.9,10.2,8,3,overcast,13.9,31.0,0.85,8.8,10.7,true
frankston,Frankston,22170,2026-08-28T11:00:00+10:00,2026-08-28T01:00:00+00:00,-38.129067332252696,145.16875000632388,13.2,10.6,15,3,overcast,13.0,31.0,1.8,7.7,9.7,true
frankston,Frankston,22170,2026-08-28T12:00:00+10:00,2026-08-28T02:00:00+00:00,-38.129067332252696,145.16875000632388,13.6,11.1,24,3,overcast,13.0,29.2,2.65,5.8,7.7,true
frankston,Frankston,22170,2026-08-28T13:00:00+10:00,2026-08-28T03:00:00+00:00,-38.129067332252696,145.16875000632388,13.3,11.4,31,51,light_drizzle,10.9,28.4,3.1,6.0,8.6,true
frankston,Frankston,22170,2026-08-28T14:00:00+10:00,2026-08-28T04:00:00+00:00,-38.129067332252696,145.16875000632388,13.4,12.0,37,53,moderate_drizzle,11.2,24.1,2.5,7.4,11.3,true
frankston,Frankston,22170,2026-08-28T15:00:00+10:00,2026-08-28T05:00:00+00:00,-38.129067332252696,145.16875000632388,14.0,13.0,42,51,light_drizzle,9.3,23.8,1.55,8.7,13.7,true
frankston,Frankston,22170,2026-08-28T16:00:00+10:00,2026-08-28T06:00:00+00:00,-38.129067332252696,145.16875000632388,14.4,13.4,41,3,overcast,9.3,22.0,0.65,10.0,15.7,true
frankston,Frankston,22170,2026-08-28T17:00:00+10:00,2026-08-28T07:00:00+00:00,-38.129067332252696,145.16875000632388,14.0,13.5,30,3,overcast,5.3,20.5,0.15,11.0,17.3,true
frankston,Frankston,22170,2026-08-28T18:00:00+10:00,2026-08-28T08:00:00+00:00,-38.129067332252696,145.16875000632388,13.0,12.7,13,3,overcast,3.9,9.7,0.0,13.9,20.7,true
frankston,Frankston,22170,2026-08-28T19:00:00+10:00,2026-08-28T09:00:00+00:00,-38.129067332252696,145.16875000632388,12.3,11.7,0,3,overcast,5.6,9.7,0.0,17.2,23.7,true
frankston,Frankston,22170,2026-08-28T20:00:00+10:00,2026-08-28T10:00:00+00:00,-38.129067332252696,145.16875000632388,11.9,11.1,0,2,partly_cloudy,6.0,10.8,0.0,20.1,27.0,true
frankston,Frankston,22170,2026-08-28T21:00:00+10:00,2026-08-28T11:00:00+00:00,-38.129067332252696,145.16875000632388,11.0,9.9,0,1,mainly_clear,6.0,10.8,0.0,21.8,28.8,true
frankston,Frankston,22170,2026-08-28T22:00:00+10:00,2026-08-28T12:00:00+00:00,-38.129067332252696,145.16875000632388,10.0,8.6,0,3,overcast,5.9,10.4,0.0,22.8,29.9,true
frankston,Frankston,22170,2026-08-28T23:00:00+10:00,2026-08-28T13:00:00+00:00,-38.129067332252696,145.16875000632388,10.3,9.3,0,3,overcast,3.7,10.4,0.0,23.4,30.6,true
frankston,Frankston,22170,2026-08-29T00:00:00+10:00,2026-08-28T14:00:00+00:00,-38.129067332252696,145.16875000632388,9.7,8.9,0,3,overcast,2.2,5.8,0.0,23.7,31.0,true
frankston,Frankston,22170,2026-08-29T01:00:00+10:00,2026-08-28T15:00:00+00:00,-38.129067332252696,145.16875000632388,9.9,8.9,0,3,overcast,3.6,5.8,0.0,23.3,30.3,true
frankston,Frankston,22170,2026-08-29T02:00:00+10:00,2026-08-28T16:00:00+00:00,-38.129067332252696,145.16875000632388,10.2,8.9,0,3,overcast,5.4,9.0,0.0,21.3,27.4,true
frankston,Frankston,22170,2026-08-29T03:00:00+10:00,2026-08-28T17:00:00+00:00,-38.129067332252696,145.16875000632388,9.9,8.2,0,0,clear_sky,7.5,13.0,0.0,17.9,23.1,true
frankston,Frankston,22170,2026-08-29T04:00:00+10:00,2026-08-28T18:00:00+00:00,-38.129067332252696,145.16875000632388,8.6,6.8,0,0,clear_sky,6.1,13.3,0.0,14.8,19.2,true
frankston,Frankston,22170,2026-08-29T05:00:00+10:00,2026-08-28T19:00:00+00:00,-38.129067332252696,145.16875000632388,8.5,6.6,0,0,clear_sky,6.9,11.2,0.0,12.3,16.1,true
frankston,Frankston,22170,2026-08-29T06:00:00+10:00,2026-08-28T20:00:00+00:00,-38.129067332252696,145.16875000632388,9.0,7.0,0,2,partly_cloudy,8.5,14.4,0.0,11.1,14.4,true
frankston,Frankston,22170,2026-08-29T07:00:00+10:00,2026-08-28T21:00:00+00:00,-38.129067332252696,145.16875000632388,9.2,7.1,0,3,overcast,10.3,17.6,0.05,12.4,15.3,true
frankston,Frankston,22170,2026-08-29T08:00:00+10:00,2026-08-28T22:00:00+00:00,-38.129067332252696,145.16875000632388,10.3,8.3,0,3,overcast,11.5,20.9,0.25,14.0,16.9,true
frankston,Frankston,22170,2026-08-29T09:00:00+10:00,2026-08-28T23:00:00+00:00,-38.129067332252696,145.16875000632388,11.0,8.9,0,2,partly_cloudy,11.7,25.2,0.7,12.3,16.1,true
frankston,Frankston,22170,2026-08-29T10:00:00+10:00,2026-08-29T00:00:00+00:00,-38.129067332252696,145.16875000632388,11.3,9.1,2,2,partly_cloudy,12.1,27.0,1.25,12.3,17.6,true
frankston,Frankston,22170,2026-08-29T11:00:00+10:00,2026-08-29T01:00:00+00:00,-38.129067332252696,145.16875000632388,11.7,9.3,11,3,overcast,13.2,30.2,1.5,11.9,17.9,true
frankston,Frankston,22170,2026-08-29T12:00:00+10:00,2026-08-29T02:00:00+00:00,-38.129067332252696,145.16875000632388,12.2,9.8,23,2,partly_cloudy,13.5,31.3,1.55,12.0,18.6,true
frankston,Frankston,22170,2026-08-29T13:00:00+10:00,2026-08-29T03:00:00+00:00,-38.129067332252696,145.16875000632388,12.6,10.0,29,3,overcast,14.4,33.5,1.6,11.8,18.5,true
frankston,Frankston,22170,2026-08-29T14:00:00+10:00,2026-08-29T04:00:00+00:00,-38.129067332252696,145.16875000632388,12.8,9.9,24,3,overcast,15.7,34.9,1.2,11.8,18.7,true
frankston,Frankston,22170,2026-08-29T15:00:00+10:00,2026-08-29T05:00:00+00:00,-38.129067332252696,145.16875000632388,12.9,10.0,13,3,overcast,15.6,34.9,0.7,12.8,20.3,true
frankston,Frankston,22170,2026-08-29T16:00:00+10:00,2026-08-29T06:00:00+00:00,-38.129067332252696,145.16875000632388,12.8,10.4,4,2,partly_cloudy,12.0,33.8,0.3,14.8,23.3,true
frankston,Frankston,22170,2026-08-29T17:00:00+10:00,2026-08-29T07:00:00+00:00,-38.129067332252696,145.16875000632388,12.6,10.9,1,1,mainly_clear,7.6,24.8,0.1,16.6,26.0,true
frankston,Frankston,22170,2026-08-29T18:00:00+10:00,2026-08-29T08:00:00+00:00,-38.129067332252696,145.16875000632388,10.9,9.7,0,0,clear_sky,5.1,14.4,0.0,16.3,24.9,true
frankston,Frankston,22170,2026-08-29T19:00:00+10:00,2026-08-29T09:00:00+00:00,-38.129067332252696,145.16875000632388,10.4,8.8,0,3,overcast,7.0,12.6,0.0,15.7,22.8,true
frankston,Frankston,22170,2026-08-29T20:00:00+10:00,2026-08-29T10:00:00+00:00,-38.129067332252696,145.16875000632388,10.7,9.3,0,3,overcast,6.4,12.6,0.0,16.1,23.0,true
frankston,Frankston,22170,2026-08-29T21:00:00+10:00,2026-08-29T11:00:00+00:00,-38.129067332252696,145.16875000632388,10.8,9.5,0,3,overcast,6.7,11.9,0.0,16.3,23.1,true
frankston,Frankston,22170,2026-08-29T22:00:00+10:00,2026-08-29T12:00:00+00:00,-38.129067332252696,145.16875000632388,10.9,9.4,0,3,overcast,7.6,13.3,0.0,15.3,21.4,true
frankston,Frankston,22170,2026-08-29T23:00:00+10:00,2026-08-29T13:00:00+00:00,-38.129067332252696,145.16875000632388,11.1,9.3,0,2,partly_cloudy,8.9,16.2,0.0,14.3,20.2,true
frankston,Frankston,22170,2026-08-30T00:00:00+10:00,2026-08-29T14:00:00+00:00,-38.129067332252696,145.16875000632388,10.8,9.2,0,3,overcast,8.2,15.8,0.0,12.9,18.2,true
frankston,Frankston,22170,2026-08-30T01:00:00+10:00,2026-08-29T15:00:00+00:00,-38.129067332252696,145.16875000632388,10.8,9.2,0,2,partly_cloudy,8.6,15.1,0.0,11.4,16.2,true
frankston,Frankston,22170,2026-08-30T02:00:00+10:00,2026-08-29T16:00:00+00:00,-38.129067332252696,145.16875000632388,10.4,8.7,0,0,clear_sky,9.3,16.2,0.0,10.5,15.0,true
frankston,Frankston,22170,2026-08-30T03:00:00+10:00,2026-08-29T17:00:00+00:00,-38.129067332252696,145.16875000632388,10.2,8.5,0,1,mainly_clear,9.7,16.9,0.0,9.8,14.2,true
frankston,Frankston,22170,2026-08-30T04:00:00+10:00,2026-08-29T18:00:00+00:00,-38.129067332252696,145.16875000632388,10.2,8.5,0,3,overcast,9.6,17.3,0.0,9.3,13.6,true
frankston,Frankston,22170,2026-08-30T05:00:00+10:00,2026-08-29T19:00:00+00:00,-38.129067332252696,145.16875000632388,10.3,8.7,0,3,overcast,8.9,16.9,0.0,9.0,13.3,true
frankston,Frankston,22170,2026-08-30T06:00:00+10:00,2026-08-29T20:00:00+00:00,-38.129067332252696,145.16875000632388,10.5,9.0,0,3,overcast,7.9,16.6,0.0,9.3,13.6,true
frankston,Frankston,22170,2026-08-30T07:00:00+10:00,2026-08-29T21:00:00+00:00,-38.129067332252696,145.16875000632388,10.8,9.4,0,3,overcast,7.8,17.3,0.0,10.9,15.2,true
frankston,Frankston,22170,2026-08-30T08:00:00+10:00,2026-08-29T22:00:00+00:00,-38.129067332252696,145.16875000632388,11.5,9.9,0,3,overcast,8.8,20.2,0.2,12.5,17.0,true
frankston,Frankston,22170,2026-08-30T09:00:00+10:00,2026-08-29T23:00:00+00:00,-38.129067332252696,145.16875000632388,12.3,10.5,0,3,overcast,10.7,24.5,0.55,12.6,17.5,true
frankston,Frankston,22170,2026-08-30T10:00:00+10:00,2026-08-30T00:00:00+00:00,-38.129067332252696,145.16875000632388,12.9,10.9,2,3,overcast,12.3,27.7,1.15,12.1,17.4,true
frankston,Frankston,22170,2026-08-30T11:00:00+10:00,2026-08-30T01:00:00+00:00,-38.129067332252696,145.16875000632388,13.3,11.3,8,51,light_drizzle,13.0,29.2,1.8,12.1,18.2,true
frankston,Frankston,22170,2026-08-30T12:00:00+10:00,2026-08-30T02:00:00+00:00,-38.129067332252696,145.16875000632388,13.6,11.6,16,51,light_drizzle,13.4,30.2,2.35,11.8,18.1,true
frankston,Frankston,22170,2026-08-30T13:00:00+10:00,2026-08-30T03:00:00+00:00,-38.129067332252696,145.16875000632388,13.8,11.8,20,51,light_drizzle,13.4,30.6,2.55,11.8,18.2,true
frankston,Frankston,22170,2026-08-30T14:00:00+10:00,2026-08-30T04:00:00+00:00,-38.129067332252696,145.16875000632388,14.0,11.9,17,3,overcast,12.7,31.3,2.25,10.2,15.7,true
frankston,Frankston,22170,2026-08-30T15:00:00+10:00,2026-08-30T05:00:00+00:00,-38.129067332252696,145.16875000632388,14.0,12.0,10,3,overcast,11.8,31.7,1.35,10.0,15.2,true
frankston,Frankston,22170,2026-08-30T16:00:00+10:00,2026-08-30T06:00:00+00:00,-38.129067332252696,145.16875000632388,13.8,11.9,4,3,overcast,10.4,31.3,0.55,10.0,15.1,true
frankston,Frankston,22170,2026-08-30T17:00:00+10:00,2026-08-30T07:00:00+00:00,-38.129067332252696,145.16875000632388,13.1,11.5,2,3,overcast,8.1,29.9,0.1,10.0,15.3,true
frankston,Frankston,22170,2026-08-30T18:00:00+10:00,2026-08-30T08:00:00+00:00,-38.129067332252696,145.16875000632388,12.2,11.1,1,2,partly_cloudy,5.2,27.0,0.0,11.4,16.5,true
frankston,Frankston,22170,2026-08-30T19:00:00+10:00,2026-08-30T09:00:00+00:00,-38.129067332252696,145.16875000632388,11.4,10.6,0,2,partly_cloudy,3.2,23.4,0.0,11.4,15.7,true
frankston,Frankston,22170,2026-08-30T20:00:00+10:00,2026-08-30T10:00:00+00:00,-38.129067332252696,145.16875000632388,11.0,10.4,0,2,partly_cloudy,2.2,17.3,0.0,11.5,15.7,true
frankston,Frankston,22170,2026-08-30T21:00:00+10:00,2026-08-30T11:00:00+00:00,-38.129067332252696,145.16875000632388,10.8,10.3,0,3,overcast,1.6,10.1,0.0,12.4,16.7,true
frankston,Frankston,22170,2026-08-30T22:00:00+10:00,2026-08-30T12:00:00+00:00,-38.129067332252696,145.16875000632388,10.7,10.2,0,3,overcast,1.3,4.7,0.0,13.6,18.2,true
frankston,Frankston,22170,2026-08-30T23:00:00+10:00,2026-08-30T13:00:00+00:00,-38.129067332252696,145.16875000632388,10.6,10.2,0,3,overcast,0.8,2.5,,,,false
frankston,Frankston,22170,2026-08-31T00:00:00+10:00,2026-08-30T14:00:00+00:00,-38.129067332252696,145.16875000632388,10.6,10.3,0,3,overcast,0.4,2.2,,,,false
frankston,Frankston,22170,2026-08-31T01:00:00+10:00,2026-08-30T15:00:00+00:00,-38.129067332252696,145.16875000632388,10.6,10.3,0,3,overcast,0.2,2.2,,,,false
frankston,Frankston,22170,2026-08-31T02:00:00+10:00,2026-08-30T16:00:00+00:00,-38.129067332252696,145.16875000632388,10.6,10.3,0,3,overcast,0.6,2.2,,,,false
frankston,Frankston,22170,2026-08-31T03:00:00+10:00,2026-08-30T17:00:00+00:00,-38.129067332252696,145.16875000632388,10.7,10.3,0,3,overcast,1.5,2.5,,,,false
frankston,Frankston,22170,2026-08-31T04:00:00+10:00,2026-08-30T18:00:00+00:00,-38.129067332252696,145.16875000632388,10.8,10.3,0,3,overcast,2.1,2.9,,,,false
frankston,Frankston,22170,2026-08-31T05:00:00+10:00,2026-08-30T19:00:00+00:00,-38.129067332252696,145.16875000632388,10.7,10.3,0,3,overcast,1.4,2.5,,,,false
frankston,Frankston,22170,2026-08-31T06:00:00+10:00,2026-08-30T20:00:00+00:00,-38.129067332252696,145.16875000632388,10.7,10.4,0,3,overcast,0.4,1.8,,,,false
frankston,Frankston,22170,2026-08-31T07:00:00+10:00,2026-08-30T21:00:00+00:00,-38.129067332252696,145.16875000632388,10.8,10.5,0,3,overcast,0.7,2.9,,,,false
frankston,Frankston,22170,2026-08-31T08:00:00+10:00,2026-08-30T22:00:00+00:00,-38.129067332252696,145.16875000632388,11.2,10.6,0,3,overcast,2.6,7.2,,,,false
frankston,Frankston,22170,2026-08-31T09:00:00+10:00,2026-08-30T23:00:00+00:00,-38.129067332252696,145.16875000632388,11.8,10.7,0,3,overcast,5.3,13.0,,,,false
frankston,Frankston,22170,2026-08-31T10:00:00+10:00,2026-08-31T00:00:00+00:00,-38.129067332252696,145.16875000632388,12.3,11.0,0,3,overcast,7.0,17.6,,,,false
frankston,Frankston,22170,2026-08-31T11:00:00+10:00,2026-08-31T01:00:00+00:00,-38.129067332252696,145.16875000632388,12.9,11.6,0,2,partly_cloudy,6.9,20.2,,,,false
frankston,Frankston,22170,2026-08-31T12:00:00+10:00,2026-08-31T02:00:00+00:00,-38.129067332252696,145.16875000632388,13.4,12.2,0,1,mainly_clear,6.8,21.2,,,,false
frankston,Frankston,22170,2026-08-31T13:00:00+10:00,2026-08-31T03:00:00+00:00,-38.129067332252696,145.16875000632388,13.8,12.6,0,0,clear_sky,7.1,22.0,,,,false
frankston,Frankston,22170,2026-08-31T14:00:00+10:00,2026-08-31T04:00:00+00:00,-38.129067332252696,145.16875000632388,14.3,13.4,0,0,clear_sky,7.4,22.3,,,,false
frankston,Frankston,22170,2026-08-31T15:00:00+10:00,2026-08-31T05:00:00+00:00,-38.129067332252696,145.16875000632388,14.7,13.3,0,0,clear_sky,7.7,22.3,,,,false
frankston,Frankston,22170,2026-08-31T16:00:00+10:00,2026-08-31T06:00:00+00:00,-38.129067332252696,145.16875000632388,14.7,13.2,0,0,clear_sky,7.5,22.0,,,,false
frankston,Frankston,22170,2026-08-31T17:00:00+10:00,2026-08-31T07:00:00+00:00,-38.129067332252696,145.16875000632388,13.8,12.5,0,0,clear_sky,6.0,20.9,,,,false
frankston,Frankston,22170,2026-08-31T18:00:00+10:00,2026-08-31T08:00:00+00:00,-38.129067332252696,145.16875000632388,12.4,11.4,0,0,clear_sky,4.2,19.1,,,,false
frankston,Frankston,22170,2026-08-31T19:00:00+10:00,2026-08-31T09:00:00+00:00,-38.129067332252696,145.16875000632388,11.4,10.7,0,0,clear_sky,2.7,18.0,,,,false
frankston,Frankston,22170,2026-08-31T20:00:00+10:00,2026-08-31T10:00:00+00:00,-38.129067332252696,145.16875000632388,11.1,10.5,0,0,clear_sky,2.4,18.0,,,,false
frankston,Frankston,22170,2026-08-31T21:00:00+10:00,2026-08-31T11:00:00+00:00,-38.129067332252696,145.16875000632388,11.2,9.8,0,0,clear_sky,8.1,18.7,,,,false
frankston,Frankston,22170,2026-08-31T22:00:00+10:00,2026-08-31T12:00:00+00:00,-38.129067332252696,145.16875000632388,11.4,9.3,0,0,clear_sky,12.7,20.2,,,,false
frankston,Frankston,22170,2026-08-31T23:00:00+10:00,2026-08-31T13:00:00+00:00,-38.129067332252696,145.16875000632388,11.5,9.3,0,0,clear_sky,14.7,22.7,,,,false
frankston,Frankston,22170,2026-09-01T00:00:00+10:00,2026-08-31T14:00:00+00:00,-38.129067332252696,145.16875000632388,11.8,9.5,0,0,clear_sky,15.3,25.9,,,,false
frankston,Frankston,22170,2026-09-01T01:00:00+10:00,2026-08-31T15:00:00+00:00,-38.129067332252696,145.16875000632388,12.0,9.6,0,0,clear_sky,16.2,29.5,,,,false
frankston,Frankston,22170,2026-09-01T02:00:00+10:00,2026-08-31T16:00:00+00:00,-38.129067332252696,145.16875000632388,12.2,9.7,0,0,clear_sky,17.9,33.1,,,,false
frankston,Frankston,22170,2026-09-01T03:00:00+10:00,2026-08-31T17:00:00+00:00,-38.129067332252696,145.16875000632388,12.4,9.6,0,1,mainly_clear,20.2,37.4,,,,false
frankston,Frankston,22170,2026-09-01T04:00:00+10:00,2026-08-31T18:00:00+00:00,-38.129067332252696,145.16875000632388,12.6,9.6,0,1,mainly_clear,22.3,41.8,,,,false
frankston,Frankston,22170,2026-09-01T05:00:00+10:00,2026-08-31T19:00:00+00:00,-38.129067332252696,145.16875000632388,12.7,9.3,0,1,mainly_clear,24.6,47.2,,,,false
frankston,Frankston,22170,2026-09-01T06:00:00+10:00,2026-08-31T20:00:00+00:00,-38.129067332252696,145.16875000632388,12.8,8.9,0,1,mainly_clear,27.2,52.9,,,,false
frankston,Frankston,22170,2026-09-01T07:00:00+10:00,2026-08-31T21:00:00+00:00,-38.129067332252696,145.16875000632388,13.0,8.9,0,1,mainly_clear,28.7,56.9,,,,false
frankston,Frankston,22170,2026-09-01T08:00:00+10:00,2026-08-31T22:00:00+00:00,-38.129067332252696,145.16875000632388,14.3,10.8,0,1,mainly_clear,25.5,52.6,,,,false
frankston,Frankston,22170,2026-09-01T09:00:00+10:00,2026-08-31T23:00:00+00:00,-38.129067332252696,145.16875000632388,14.8,11.1,0,1,mainly_clear,26.1,54.7,,,,false
frankston,Frankston,22170,2026-09-01T10:00:00+10:00,2026-09-01T00:00:00+00:00,-38.129067332252696,145.16875000632388,15.3,11.5,0,1,mainly_clear,26.7,56.9,,,,false
frankston,Frankston,22170,2026-09-01T11:00:00+10:00,2026-09-01T01:00:00+00:00,-38.129067332252696,145.16875000632388,15.8,11.9,5,1,mainly_clear,27.6,58.7,,,,false
frankston,Frankston,22170,2026-09-01T12:00:00+10:00,2026-09-01T02:00:00+00:00,-38.129067332252696,145.16875000632388,16.5,12.6,12,2,partly_cloudy,28.8,60.8,,,,false
frankston,Frankston,22170,2026-09-01T13:00:00+10:00,2026-09-01T03:00:00+00:00,-38.129067332252696,145.16875000632388,17.1,13.0,20,2,partly_cloudy,30.0,62.3,,,,false
frankston,Frankston,22170,2026-09-01T14:00:00+10:00,2026-09-01T04:00:00+00:00,-38.129067332252696,145.16875000632388,17.7,13.3,28,3,overcast,30.9,63.7,,,,false
frankston,Frankston,22170,2026-09-01T15:00:00+10:00,2026-09-01T05:00:00+00:00,-38.129067332252696,145.16875000632388,18.0,13.6,36,3,overcast,30.9,64.8,,,,false
frankston,Frankston,22170,2026-09-01T16:00:00+10:00,2026-09-01T06:00:00+00:00,-38.129067332252696,145.16875000632388,18.0,13.7,43,3,overcast,30.0,65.2,,,,false
frankston,Frankston,22170,2026-09-01T17:00:00+10:00,2026-09-01T07:00:00+00:00,-38.129067332252696,145.16875000632388,17.5,13.6,50,80,slight_rain_showers,27.2,64.8,,,,false
frankston,Frankston,22170,2026-09-01T18:00:00+10:00,2026-09-01T08:00:00+00:00,-38.129067332252696,145.16875000632388,16.6,13.3,56,80,slight_rain_showers,23.8,64.1,,,,false
frankston,Frankston,22170,2026-09-01T19:00:00+10:00,2026-09-01T09:00:00+00:00,-38.129067332252696,145.16875000632388,15.5,12.7,61,80,slight_rain_showers,20.8,63.0,,,,false
frankston,Frankston,22170,2026-09-01T20:00:00+10:00,2026-09-01T10:00:00+00:00,-38.129067332252696,145.16875000632388,14.3,11.7,65,80,slight_rain_showers,20.1,61.6,,,,false
frankston,Frankston,22170,2026-09-01T21:00:00+10:00,2026-09-01T11:00:00+00:00,-38.129067332252696,145.16875000632388,13.2,10.5,69,80,slight_rain_showers,20.9,60.1,,,,false
frankston,Frankston,22170,2026-09-01T22:00:00+10:00,2026-09-01T12:00:00+00:00,-38.129067332252696,145.16875000632388,12.4,9.5,69,80,slight_rain_showers,21.8,58.3,,,,false
frankston,Frankston,22170,2026-09-01T23:00:00+10:00,2026-09-01T13:00:00+00:00,-38.129067332252696,145.16875000632388,11.8,8.8,65,1,mainly_clear,21.5,56.5,,,,false
glen_eira,Glen Eira,22310,2026-08-26T00:00:00+10:00,2026-08-25T14:00:00+00:00,-37.89947547268133,145.04104488479757,12.0,9.3,74,53,moderate_drizzle,19.3,37.4,0.0,3.8,5.5,true
glen_eira,Glen Eira,22310,2026-08-26T01:00:00+10:00,2026-08-25T15:00:00+00:00,-37.89947547268133,145.04104488479757,11.8,9.3,100,51,light_drizzle,17.6,38.9,0.0,3.9,6.0,true
glen_eira,Glen Eira,22310,2026-08-26T02:00:00+10:00,2026-08-25T16:00:00+00:00,-37.89947547268133,145.04104488479757,11.8,9.2,89,51,light_drizzle,17.3,33.8,0.0,4.4,7.0,true
glen_eira,Glen Eira,22310,2026-08-26T03:00:00+10:00,2026-08-25T17:00:00+00:00,-37.89947547268133,145.04104488479757,11.7,9.1,62,51,light_drizzle,16.4,33.8,0.0,4.9,7.8,true
glen_eira,Glen Eira,22310,2026-08-26T04:00:00+10:00,2026-08-25T18:00:00+00:00,-37.89947547268133,145.04104488479757,11.2,8.7,37,1,mainly_clear,14.0,32.0,0.0,5.1,8.1,true
glen_eira,Glen Eira,22310,2026-08-26T05:00:00+10:00,2026-08-25T19:00:00+00:00,-37.89947547268133,145.04104488479757,10.6,8.2,22,2,partly_cloudy,13.1,27.0,0.0,5.3,8.4,true
glen_eira,Glen Eira,22310,2026-08-26T06:00:00+10:00,2026-08-25T20:00:00+00:00,-37.89947547268133,145.04104488479757,10.0,8.0,10,1,mainly_clear,11.1,25.2,0.0,5.4,8.4,true
glen_eira,Glen Eira,22310,2026-08-26T07:00:00+10:00,2026-08-25T21:00:00+00:00,-37.89947547268133,145.04104488479757,9.6,7.6,2,1,mainly_clear,10.4,21.2,0.05,5.9,8.7,true
glen_eira,Glen Eira,22310,2026-08-26T08:00:00+10:00,2026-08-25T22:00:00+00:00,-37.89947547268133,145.04104488479757,10.0,8.1,0,1,mainly_clear,9.9,21.6,0.35,6.5,9.5,true
glen_eira,Glen Eira,22310,2026-08-26T09:00:00+10:00,2026-08-25T23:00:00+00:00,-37.89947547268133,145.04104488479757,11.0,9.1,0,0,clear_sky,10.3,24.1,1.0,6.5,9.9,true
glen_eira,Glen Eira,22310,2026-08-26T10:00:00+10:00,2026-08-26T00:00:00+00:00,-37.89947547268133,145.04104488479757,12.5,10.2,0,0,clear_sky,13.2,29.5,1.9,7.9,12.5,true
glen_eira,Glen Eira,22310,2026-08-26T11:00:00+10:00,2026-08-26T01:00:00+00:00,-37.89947547268133,145.04104488479757,13.3,10.8,3,51,light_drizzle,14.1,34.6,2.8,7.3,11.7,true
glen_eira,Glen Eira,22310,2026-08-26T12:00:00+10:00,2026-08-26T02:00:00+00:00,-37.89947547268133,145.04104488479757,13.7,11.1,6,1,mainly_clear,16.0,38.9,2.95,8.0,12.9,true
glen_eira,Glen Eira,22310,2026-08-26T13:00:00+10:00,2026-08-26T03:00:00+00:00,-37.89947547268133,145.04104488479757,13.9,10.9,8,1,mainly_clear,16.5,40.7,2.65,7.3,11.9,true
glen_eira,Glen Eira,22310,2026-08-26T14:00:00+10:00,2026-08-26T04:00:00+00:00,-37.89947547268133,145.04104488479757,13.9,11.1,6,1,mainly_clear,16.5,40.3,2.0,7.1,11.5,true
glen_eira,Glen Eira,22310,2026-08-26T15:00:00+10:00,2026-08-26T05:00:00+00:00,-37.89947547268133,145.04104488479757,13.6,10.7,3,0,clear_sky,15.5,39.6,1.15,7.0,11.3,true
glen_eira,Glen Eira,22310,2026-08-26T16:00:00+10:00,2026-08-26T06:00:00+00:00,-37.89947547268133,145.04104488479757,13.3,10.5,0,1,mainly_clear,14.8,37.1,0.5,7.2,11.5,true
glen_eira,Glen Eira,22310,2026-08-26T17:00:00+10:00,2026-08-26T07:00:00+00:00,-37.89947547268133,145.04104488479757,12.9,10.2,0,1,mainly_clear,13.7,34.2,0.1,7.6,11.8,true
glen_eira,Glen Eira,22310,2026-08-26T18:00:00+10:00,2026-08-26T08:00:00+00:00,-37.89947547268133,145.04104488479757,12.1,9.7,0,2,partly_cloudy,12.1,28.8,0.0,9.2,13.4,true
glen_eira,Glen Eira,22310,2026-08-26T19:00:00+10:00,2026-08-26T09:00:00+00:00,-37.89947547268133,145.04104488479757,12.1,9.7,0,3,overcast,12.2,24.5,0.0,11.3,15.5,true
glen_eira,Glen Eira,22310,2026-08-26T20:00:00+10:00,2026-08-26T10:00:00+00:00,-37.89947547268133,145.04104488479757,11.8,9.6,0,3,overcast,11.0,23.4,0.0,12.5,16.8,true
glen_eira,Glen Eira,22310,2026-08-26T21:00:00+10:00,2026-08-26T11:00:00+00:00,-37.89947547268133,145.04104488479757,11.6,9.6,0,3,overcast,9.7,20.9,0.0,12.4,16.3,true
glen_eira,Glen Eira,22310,2026-08-26T22:00:00+10:00,2026-08-26T12:00:00+00:00,-37.89947547268133,145.04104488479757,11.5,9.7,0,3,overcast,8.2,18.4,0.0,12.8,16.7,true
glen_eira,Glen Eira,22310,2026-08-26T23:00:00+10:00,2026-08-26T13:00:00+00:00,-37.89947547268133,145.04104488479757,11.1,9.8,0,2,partly_cloudy,5.2,15.1,0.0,13.3,17.2,true
glen_eira,Glen Eira,22310,2026-08-27T00:00:00+10:00,2026-08-26T14:00:00+00:00,-37.89947547268133,145.04104488479757,10.3,9.5,0,3,overcast,1.8,9.7,0.0,13.6,17.6,true
glen_eira,Glen Eira,22310,2026-08-27T01:00:00+10:00,2026-08-26T15:00:00+00:00,-37.89947547268133,145.04104488479757,9.9,8.9,0,1,mainly_clear,2.4,4.3,0.0,13.6,17.6,true
glen_eira,Glen Eira,22310,2026-08-27T02:00:00+10:00,2026-08-26T16:00:00+00:00,-37.89947547268133,145.04104488479757,9.1,7.8,0,1,mainly_clear,4.5,8.3,0.0,13.6,17.7,true
glen_eira,Glen Eira,22310,2026-08-27T03:00:00+10:00,2026-08-26T17:00:00+00:00,-37.89947547268133,145.04104488479757,8.4,6.9,0,1,mainly_clear,4.7,9.4,0.0,13.5,17.7,true
glen_eira,Glen Eira,22310,2026-08-27T04:00:00+10:00,2026-08-26T18:00:00+00:00,-37.89947547268133,145.04104488479757,7.9,6.3,0,0,clear_sky,4.8,9.0,0.0,13.2,17.5,true
glen_eira,Glen Eira,22310,2026-08-27T05:00:00+10:00,2026-08-26T19:00:00+00:00,-37.89947547268133,145.04104488479757,7.7,6.0,0,0,clear_sky,4.6,10.1,0.0,13.0,17.2,true
glen_eira,Glen Eira,22310,2026-08-27T06:00:00+10:00,2026-08-26T20:00:00+00:00,-37.89947547268133,145.04104488479757,7.2,5.4,0,0,clear_sky,4.1,9.4,0.0,13.4,17.5,true
glen_eira,Glen Eira,22310,2026-08-27T07:00:00+10:00,2026-08-26T21:00:00+00:00,-37.89947547268133,145.04104488479757,6.5,4.7,0,0,clear_sky,4.0,7.9,0.05,16.2,19.8,true
glen_eira,Glen Eira,22310,2026-08-27T08:00:00+10:00,2026-08-26T22:00:00+00:00,-37.89947547268133,145.04104488479757,7.8,5.9,0,0,clear_sky,5.6,11.5,0.35,20.4,22.5,true
glen_eira,Glen Eira,22310,2026-08-27T09:00:00+10:00,2026-08-26T23:00:00+00:00,-37.89947547268133,145.04104488479757,9.5,8.0,0,0,clear_sky,3.7,12.6,1.1,15.4,18.1,true
glen_eira,Glen Eira,22310,2026-08-27T10:00:00+10:00,2026-08-27T00:00:00+00:00,-37.89947547268133,145.04104488479757,11.2,10.0,0,1,mainly_clear,2.7,13.0,2.15,10.3,14.5,true
glen_eira,Glen Eira,22310,2026-08-27T11:00:00+10:00,2026-08-27T01:00:00+00:00,-37.89947547268133,145.04104488479757,12.5,11.5,0,2,partly_cloudy,1.5,13.3,2.65,9.5,13.8,true
glen_eira,Glen Eira,22310,2026-08-27T12:00:00+10:00,2026-08-27T02:00:00+00:00,-37.89947547268133,145.04104488479757,13.4,12.8,0,3,overcast,1.5,12.6,3.25,9.2,13.4,true
glen_eira,Glen Eira,22310,2026-08-27T13:00:00+10:00,2026-08-27T03:00:00+00:00,-37.89947547268133,145.04104488479757,13.9,13.4,0,1,mainly_clear,1.4,13.0,3.3,9.6,13.7,true
glen_eira,Glen Eira,22310,2026-08-27T14:00:00+10:00,2026-08-27T04:00:00+00:00,-37.89947547268133,145.04104488479757,14.2,13.4,0,0,clear_sky,3.8,15.1,2.6,9.9,13.9,true
glen_eira,Glen Eira,22310,2026-08-27T15:00:00+10:00,2026-08-27T05:00:00+00:00,-37.89947547268133,145.04104488479757,13.9,12.2,0,0,clear_sky,8.1,22.3,1.5,10.1,14.2,true
glen_eira,Glen Eira,22310,2026-08-27T16:00:00+10:00,2026-08-27T06:00:00+00:00,-37.89947547268133,145.04104488479757,13.4,11.2,0,0,clear_sky,10.9,26.6,0.6,9.9,13.9,true
glen_eira,Glen Eira,22310,2026-08-27T17:00:00+10:00,2026-08-27T07:00:00+00:00,-37.89947547268133,145.04104488479757,13.0,11.7,0,3,overcast,4.9,26.3,0.15,11.4,15.3,true
glen_eira,Glen Eira,22310,2026-08-27T18:00:00+10:00,2026-08-27T08:00:00+00:00,-37.89947547268133,145.04104488479757,12.5,11.9,0,3,overcast,1.7,10.1,0.0,15.5,19.2,true
glen_eira,Glen Eira,22310,2026-08-27T19:00:00+10:00,2026-08-27T09:00:00+00:00,-37.89947547268133,145.04104488479757,12.6,11.6,0,3,overcast,4.0,8.3,0.0,19.1,22.8,true
glen_eira,Glen Eira,22310,2026-08-27T20:00:00+10:00,2026-08-27T10:00:00+00:00,-37.89947547268133,145.04104488479757,12.1,11.4,0,3,overcast,2.4,8.3,0.0,22.3,25.8,true
glen_eira,Glen Eira,22310,2026-08-27T21:00:00+10:00,2026-08-27T11:00:00+00:00,-37.89947547268133,145.04104488479757,11.2,10.6,0,3,overcast,1.1,4.0,0.0,25.4,28.8,true
glen_eira,Glen Eira,22310,2026-08-27T22:00:00+10:00,2026-08-27T12:00:00+00:00,-37.89947547268133,145.04104488479757,10.6,9.6,0,3,overcast,3.5,7.2,0.0,26.4,29.2,true
glen_eira,Glen Eira,22310,2026-08-27T23:00:00+10:00,2026-08-27T13:00:00+00:00,-37.89947547268133,145.04104488479757,10.4,9.3,0,3,overcast,3.6,7.2,0.0,23.2,25.2,true
glen_eira,Glen Eira,22310,2026-08-28T00:00:00+10:00,2026-08-27T14:00:00+00:00,-37.89947547268133,145.04104488479757,10.9,9.3,0,3,overcast,6.5,11.9,0.0,19.4,21.0,true
glen_eira,Glen Eira,22310,2026-08-28T01:00:00+10:00,2026-08-27T15:00:00+00:00,-37.89947547268133,145.04104488479757,10.6,8.7,0,1,mainly_clear,9.3,17.6,0.0,16.6,18.0,true
glen_eira,Glen Eira,22310,2026-08-28T02:00:00+10:00,2026-08-27T16:00:00+00:00,-37.89947547268133,145.04104488479757,9.5,7.4,0,2,partly_cloudy,9.4,19.4,0.0,13.8,15.0,true
glen_eira,Glen Eira,22310,2026-08-28T03:00:00+10:00,2026-08-27T17:00:00+00:00,-37.89947547268133,145.04104488479757,8.8,6.7,0,3,overcast,8.2,18.7,0.0,11.1,12.2,true
glen_eira,Glen Eira,22310,2026-08-28T04:00:00+10:00,2026-08-27T18:00:00+00:00,-37.89947547268133,145.04104488479757,8.6,6.3,0,3,overcast,8.3,16.6,0.0,8.7,9.7,true
glen_eira,Glen Eira,22310,2026-08-28T05:00:00+10:00,2026-08-27T19:00:00+00:00,-37.89947547268133,145.04104488479757,8.8,6.3,0,0,clear_sky,9.1,17.3,0.0,7.4,8.6,true
glen_eira,Glen Eira,22310,2026-08-28T06:00:00+10:00,2026-08-27T20:00:00+00:00,-37.89947547268133,145.04104488479757,8.7,6.2,0,0,clear_sky,9.1,17.6,0.0,6.6,8.0,true
glen_eira,Glen Eira,22310,2026-08-28T07:00:00+10:00,2026-08-27T21:00:00+00:00,-37.89947547268133,145.04104488479757,8.4,5.9,0,0,clear_sky,8.7,18.4,0.0,7.2,8.5,true
glen_eira,Glen Eira,22310,2026-08-28T08:00:00+10:00,2026-08-27T22:00:00+00:00,-37.89947547268133,145.04104488479757,9.5,7.1,2,0,clear_sky,9.3,18.4,0.1,8.5,10.0,true
glen_eira,Glen Eira,22310,2026-08-28T09:00:00+10:00,2026-08-27T23:00:00+00:00,-37.89947547268133,145.04104488479757,11.4,9.5,4,0,clear_sky,7.9,19.8,0.35,10.3,11.9,true
glen_eira,Glen Eira,22310,2026-08-28T10:00:00+10:00,2026-08-28T00:00:00+00:00,-37.89947547268133,145.04104488479757,13.5,11.7,8,2,partly_cloudy,6.9,19.1,0.85,8.8,10.7,true
glen_eira,Glen Eira,22310,2026-08-28T11:00:00+10:00,2026-08-28T01:00:00+00:00,-37.89947547268133,145.04104488479757,14.6,13.3,12,3,overcast,4.3,19.1,1.8,7.7,9.7,true
glen_eira,Glen Eira,22310,2026-08-28T12:00:00+10:00,2026-08-28T02:00:00+00:00,-37.89947547268133,145.04104488479757,14.6,13.6,18,3,overcast,2.7,14.8,2.65,5.8,7.7,true
glen_eira,Glen Eira,22310,2026-08-28T13:00:00+10:00,2026-08-28T03:00:00+00:00,-37.89947547268133,145.04104488479757,14.7,14.0,24,3,overcast,1.8,9.7,3.1,6.0,8.6,true
glen_eira,Glen Eira,22310,2026-08-28T14:00:00+10:00,2026-08-28T04:00:00+00:00,-37.89947547268133,145.04104488479757,14.4,13.8,35,51,light_drizzle,3.7,10.8,2.5,7.4,11.3,true
glen_eira,Glen Eira,22310,2026-08-28T15:00:00+10:00,2026-08-28T05:00:00+00:00,-37.89947547268133,145.04104488479757,13.8,13.3,46,53,moderate_drizzle,5.1,14.8,1.55,8.7,13.7,true
glen_eira,Glen Eira,22310,2026-08-28T16:00:00+10:00,2026-08-28T06:00:00+00:00,-37.89947547268133,145.04104488479757,13.5,13.9,51,80,slight_rain_showers,0.9,14.0,0.65,10.0,15.7,true
glen_eira,Glen Eira,22310,2026-08-28T17:00:00+10:00,2026-08-28T07:00:00+00:00,-37.89947547268133,145.04104488479757,13.6,13.9,43,3,overcast,0.9,7.9,0.15,11.0,17.3,true
glen_eira,Glen Eira,22310,2026-08-28T18:00:00+10:00,2026-08-28T08:00:00+00:00,-37.89947547268133,145.04104488479757,13.2,13.7,27,3,overcast,0.9,5.8,0.0,13.9,20.7,true
glen_eira,Glen Eira,22310,2026-08-28T19:00:00+10:00,2026-08-28T09:00:00+00:00,-37.89947547268133,145.04104488479757,13.0,13.1,14,51,light_drizzle,2.8,5.4,0.0,17.2,23.7,true
glen_eira,Glen Eira,22310,2026-08-28T20:00:00+10:00,2026-08-28T10:00:00+00:00,-37.89947547268133,145.04104488479757,12.6,12.3,7,51,light_drizzle,4.8,8.6,0.0,20.1,27.0,true
glen_eira,Glen Eira,22310,2026-08-28T21:00:00+10:00,2026-08-28T11:00:00+00:00,-37.89947547268133,145.04104488479757,11.8,11.4,3,1,mainly_clear,3.6,10.1,0.0,21.8,28.8,true
glen_eira,Glen Eira,22310,2026-08-28T22:00:00+10:00,2026-08-28T12:00:00+00:00,-37.89947547268133,145.04104488479757,11.1,10.5,0,1,mainly_clear,3.6,5.8,0.0,22.8,29.9,true
glen_eira,Glen Eira,22310,2026-08-28T23:00:00+10:00,2026-08-28T13:00:00+00:00,-37.89947547268133,145.04104488479757,11.0,10.5,0,2,partly_cloudy,2.4,5.8,0.0,23.4,30.6,true
glen_eira,Glen Eira,22310,2026-08-29T00:00:00+10:00,2026-08-28T14:00:00+00:00,-37.89947547268133,145.04104488479757,10.7,10.3,1,51,light_drizzle,1.7,3.2,0.0,23.7,31.0,true
glen_eira,Glen Eira,22310,2026-08-29T01:00:00+10:00,2026-08-28T15:00:00+00:00,-37.89947547268133,145.04104488479757,11.1,10.5,2,51,light_drizzle,4.4,7.9,0.0,23.3,30.3,true
glen_eira,Glen Eira,22310,2026-08-29T02:00:00+10:00,2026-08-28T16:00:00+00:00,-37.89947547268133,145.04104488479757,10.7,9.9,3,3,overcast,5.1,8.3,0.0,21.3,27.4,true
glen_eira,Glen Eira,22310,2026-08-29T03:00:00+10:00,2026-08-28T17:00:00+00:00,-37.89947547268133,145.04104488479757,10.9,9.6,4,51,light_drizzle,9.0,16.2,0.0,17.9,23.1,true
glen_eira,Glen Eira,22310,2026-08-29T04:00:00+10:00,2026-08-28T18:00:00+00:00,-37.89947547268133,145.04104488479757,10.7,9.3,4,3,overcast,9.6,18.0,0.0,14.8,19.2,true
glen_eira,Glen Eira,22310,2026-08-29T05:00:00+10:00,2026-08-28T19:00:00+00:00,-37.89947547268133,145.04104488479757,10.2,8.9,3,2,partly_cloudy,8.3,17.6,0.0,12.3,16.1,true
glen_eira,Glen Eira,22310,2026-08-29T06:00:00+10:00,2026-08-28T20:00:00+00:00,-37.89947547268133,145.04104488479757,9.4,8.0,1,1,mainly_clear,7.7,15.5,0.0,11.1,14.4,true
glen_eira,Glen Eira,22310,2026-08-29T07:00:00+10:00,2026-08-28T21:00:00+00:00,-37.89947547268133,145.04104488479757,8.8,7.3,0,0,clear_sky,6.8,14.4,0.05,12.4,15.3,true
glen_eira,Glen Eira,22310,2026-08-29T08:00:00+10:00,2026-08-28T22:00:00+00:00,-37.89947547268133,145.04104488479757,9.2,7.8,0,0,clear_sky,6.7,14.8,0.25,14.0,16.9,true
glen_eira,Glen Eira,22310,2026-08-29T09:00:00+10:00,2026-08-28T23:00:00+00:00,-37.89947547268133,145.04104488479757,9.9,8.6,1,1,mainly_clear,6.9,19.1,0.7,12.3,16.1,true
glen_eira,Glen Eira,22310,2026-08-29T10:00:00+10:00,2026-08-29T00:00:00+00:00,-37.89947547268133,145.04104488479757,11.1,9.8,2,1,mainly_clear,7.0,20.2,1.25,12.3,17.6,true
glen_eira,Glen Eira,22310,2026-08-29T11:00:00+10:00,2026-08-29T01:00:00+00:00,-37.89947547268133,145.04104488479757,12.0,10.4,2,1,mainly_clear,8.5,24.1,1.5,11.9,17.9,true
glen_eira,Glen Eira,22310,2026-08-29T12:00:00+10:00,2026-08-29T02:00:00+00:00,-37.89947547268133,145.04104488479757,12.7,10.9,1,1,mainly_clear,8.7,24.8,1.55,12.0,18.6,true
glen_eira,Glen Eira,22310,2026-08-29T13:00:00+10:00,2026-08-29T03:00:00+00:00,-37.89947547268133,145.04104488479757,13.1,11.2,0,3,overcast,10.4,27.7,1.6,11.8,18.5,true
glen_eira,Glen Eira,22310,2026-08-29T14:00:00+10:00,2026-08-29T04:00:00+00:00,-37.89947547268133,145.04104488479757,13.0,10.4,0,3,overcast,13.1,33.1,1.2,11.8,18.7,true
glen_eira,Glen Eira,22310,2026-08-29T15:00:00+10:00,2026-08-29T05:00:00+00:00,-37.89947547268133,145.04104488479757,12.8,10.2,0,51,light_drizzle,12.8,33.5,0.7,12.8,20.3,true
glen_eira,Glen Eira,22310,2026-08-29T16:00:00+10:00,2026-08-29T06:00:00+00:00,-37.89947547268133,145.04104488479757,12.5,10.5,0,3,overcast,9.8,31.0,0.3,14.8,23.3,true
glen_eira,Glen Eira,22310,2026-08-29T17:00:00+10:00,2026-08-29T07:00:00+00:00,-37.89947547268133,145.04104488479757,12.3,10.5,0,3,overcast,8.6,23.4,0.1,16.6,26.0,true
glen_eira,Glen Eira,22310,2026-08-29T18:00:00+10:00,2026-08-29T08:00:00+00:00,-37.89947547268133,145.04104488479757,11.6,11.0,0,0,clear_sky,1.5,18.0,0.0,16.3,24.9,true
glen_eira,Glen Eira,22310,2026-08-29T19:00:00+10:00,2026-08-29T09:00:00+00:00,-37.89947547268133,145.04104488479757,10.7,9.9,0,2,partly_cloudy,1.9,2.9,0.0,15.7,22.8,true
glen_eira,Glen Eira,22310,2026-08-29T20:00:00+10:00,2026-08-29T10:00:00+00:00,-37.89947547268133,145.04104488479757,11.1,10.2,1,3,overcast,3.1,4.7,0.0,16.1,23.0,true
glen_eira,Glen Eira,22310,2026-08-29T21:00:00+10:00,2026-08-29T11:00:00+00:00,-37.89947547268133,145.04104488479757,11.9,10.7,1,3,overcast,6.3,11.5,0.0,16.3,23.1,true
glen_eira,Glen Eira,22310,2026-08-29T22:00:00+10:00,2026-08-29T12:00:00+00:00,-37.89947547268133,145.04104488479757,11.9,10.4,2,3,overcast,8.3,15.8,0.0,15.3,21.4,true
glen_eira,Glen Eira,22310,2026-08-29T23:00:00+10:00,2026-08-29T13:00:00+00:00,-37.89947547268133,145.04104488479757,11.5,9.9,2,51,light_drizzle,9.3,17.3,0.0,14.3,20.2,true
glen_eira,Glen Eira,22310,2026-08-30T00:00:00+10:00,2026-08-29T14:00:00+00:00,-37.89947547268133,145.04104488479757,11.0,9.5,2,51,light_drizzle,9.0,19.1,0.0,12.9,18.2,true
glen_eira,Glen Eira,22310,2026-08-30T01:00:00+10:00,2026-08-29T15:00:00+00:00,-37.89947547268133,145.04104488479757,10.3,8.9,2,3,overcast,7.2,17.6,0.0,11.4,16.2,true
glen_eira,Glen Eira,22310,2026-08-30T02:00:00+10:00,2026-08-29T16:00:00+00:00,-37.89947547268133,145.04104488479757,10.0,8.6,2,3,overcast,7.4,14.0,0.0,10.5,15.0,true
glen_eira,Glen Eira,22310,2026-08-30T03:00:00+10:00,2026-08-29T17:00:00+00:00,-37.89947547268133,145.04104488479757,9.6,8.1,2,2,partly_cloudy,7.0,14.0,0.0,9.8,14.2,true
glen_eira,Glen Eira,22310,2026-08-30T04:00:00+10:00,2026-08-29T18:00:00+00:00,-37.89947547268133,145.04104488479757,9.0,7.6,2,3,overcast,5.6,13.3,0.0,9.3,13.6,true
glen_eira,Glen Eira,22310,2026-08-30T05:00:00+10:00,2026-08-29T19:00:00+00:00,-37.89947547268133,145.04104488479757,8.8,7.3,1,2,partly_cloudy,5.6,11.9,0.0,9.0,13.3,true
glen_eira,Glen Eira,22310,2026-08-30T06:00:00+10:00,2026-08-29T20:00:00+00:00,-37.89947547268133,145.04104488479757,8.7,7.2,1,2,partly_cloudy,5.9,11.2,0.0,9.3,13.6,true
glen_eira,Glen Eira,22310,2026-08-30T07:00:00+10:00,2026-08-29T21:00:00+00:00,-37.89947547268133,145.04104488479757,9.0,7.5,0,1,mainly_clear,5.7,11.2,0.0,10.9,15.2,true
glen_eira,Glen Eira,22310,2026-08-30T08:00:00+10:00,2026-08-29T22:00:00+00:00,-37.89947547268133,145.04104488479757,9.8,8.6,0,2,partly_cloudy,5.0,13.0,0.2,12.5,17.0,true
glen_eira,Glen Eira,22310,2026-08-30T09:00:00+10:00,2026-08-29T23:00:00+00:00,-37.89947547268133,145.04104488479757,11.0,9.9,0,3,overcast,4.9,16.2,0.55,12.6,17.5,true
glen_eira,Glen Eira,22310,2026-08-30T10:00:00+10:00,2026-08-30T00:00:00+00:00,-37.89947547268133,145.04104488479757,12.1,10.8,0,3,overcast,6.3,19.4,1.15,12.1,17.4,true
glen_eira,Glen Eira,22310,2026-08-30T11:00:00+10:00,2026-08-30T01:00:00+00:00,-37.89947547268133,145.04104488479757,12.8,11.4,0,51,light_drizzle,7.5,22.7,1.8,12.1,18.2,true
glen_eira,Glen Eira,22310,2026-08-30T12:00:00+10:00,2026-08-30T02:00:00+00:00,-37.89947547268133,145.04104488479757,13.4,11.8,0,51,light_drizzle,8.6,25.9,2.35,11.8,18.1,true
glen_eira,Glen Eira,22310,2026-08-30T13:00:00+10:00,2026-08-30T03:00:00+00:00,-37.89947547268133,145.04104488479757,13.8,12.0,0,51,light_drizzle,9.5,28.1,2.55,11.8,18.2,true
glen_eira,Glen Eira,22310,2026-08-30T14:00:00+10:00,2026-08-30T04:00:00+00:00,-37.89947547268133,145.04104488479757,13.8,12.0,0,3,overcast,9.8,28.4,2.25,10.2,15.7,true
glen_eira,Glen Eira,22310,2026-08-30T15:00:00+10:00,2026-08-30T05:00:00+00:00,-37.89947547268133,145.04104488479757,13.5,11.7,0,3,overcast,9.8,27.7,1.35,10.0,15.2,true
glen_eira,Glen Eira,22310,2026-08-30T16:00:00+10:00,2026-08-30T06:00:00+00:00,-37.89947547268133,145.04104488479757,13.2,11.5,0,3,overcast,9.4,26.6,0.55,10.0,15.1,true
glen_eira,Glen Eira,22310,2026-08-30T17:00:00+10:00,2026-08-30T07:00:00+00:00,-37.89947547268133,145.04104488479757,12.8,11.3,0,3,overcast,8.5,25.9,0.1,10.0,15.3,true
glen_eira,Glen Eira,22310,2026-08-30T18:00:00+10:00,2026-08-30T08:00:00+00:00,-37.89947547268133,145.04104488479757,12.4,11.2,0,3,overcast,7.2,24.8,0.0,11.4,16.5,true
glen_eira,Glen Eira,22310,2026-08-30T19:00:00+10:00,2026-08-30T09:00:00+00:00,-37.89947547268133,145.04104488479757,12.1,11.1,0,3,overcast,5.9,23.0,0.0,11.4,15.7,true
glen_eira,Glen Eira,22310,2026-08-30T20:00:00+10:00,2026-08-30T10:00:00+00:00,-37.89947547268133,145.04104488479757,11.8,11.0,0,3,overcast,4.0,19.8,0.0,11.5,15.7,true
glen_eira,Glen Eira,22310,2026-08-30T21:00:00+10:00,2026-08-30T11:00:00+00:00,-37.89947547268133,145.04104488479757,11.5,11.0,0,3,overcast,1.9,15.5,0.0,12.4,16.7,true
glen_eira,Glen Eira,22310,2026-08-30T22:00:00+10:00,2026-08-30T12:00:00+00:00,-37.89947547268133,145.04104488479757,11.2,10.9,0,3,overcast,0.8,11.5,0.0,13.6,18.2,true
glen_eira,Glen Eira,22310,2026-08-30T23:00:00+10:00,2026-08-30T13:00:00+00:00,-37.89947547268133,145.04104488479757,11.0,10.6,0,3,overcast,1.1,8.3,,,,false
glen_eira,Glen Eira,22310,2026-08-31T00:00:00+10:00,2026-08-30T14:00:00+00:00,-37.89947547268133,145.04104488479757,10.8,10.4,0,3,overcast,1.1,5.0,,,,false
glen_eira,Glen Eira,22310,2026-08-31T01:00:00+10:00,2026-08-30T15:00:00+00:00,-37.89947547268133,145.04104488479757,10.6,10.2,0,3,overcast,1.1,3.2,,,,false
glen_eira,Glen Eira,22310,2026-08-31T02:00:00+10:00,2026-08-30T16:00:00+00:00,-37.89947547268133,145.04104488479757,10.6,10.2,0,3,overcast,1.4,3.2,,,,false
glen_eira,Glen Eira,22310,2026-08-31T03:00:00+10:00,2026-08-30T17:00:00+00:00,-37.89947547268133,145.04104488479757,10.5,10.1,0,3,overcast,2.1,4.3,,,,false
glen_eira,Glen Eira,22310,2026-08-31T04:00:00+10:00,2026-08-30T18:00:00+00:00,-37.89947547268133,145.04104488479757,10.5,10.0,0,3,overcast,2.7,5.8,,,,false
glen_eira,Glen Eira,22310,2026-08-31T05:00:00+10:00,2026-08-30T19:00:00+00:00,-37.89947547268133,145.04104488479757,10.2,9.6,0,3,overcast,3.7,7.2,,,,false
glen_eira,Glen Eira,22310,2026-08-31T06:00:00+10:00,2026-08-30T20:00:00+00:00,-37.89947547268133,145.04104488479757,9.9,9.1,0,3,overcast,4.7,8.6,,,,false
glen_eira,Glen Eira,22310,2026-08-31T07:00:00+10:00,2026-08-30T21:00:00+00:00,-37.89947547268133,145.04104488479757,9.9,9.0,0,3,overcast,5.1,10.1,,,,false
glen_eira,Glen Eira,22310,2026-08-31T08:00:00+10:00,2026-08-30T22:00:00+00:00,-37.89947547268133,145.04104488479757,10.3,9.5,0,3,overcast,4.2,11.5,,,,false
glen_eira,Glen Eira,22310,2026-08-31T09:00:00+10:00,2026-08-30T23:00:00+00:00,-37.89947547268133,145.04104488479757,11.1,10.4,0,3,overcast,3.6,12.6,,,,false
glen_eira,Glen Eira,22310,2026-08-31T10:00:00+10:00,2026-08-31T00:00:00+00:00,-37.89947547268133,145.04104488479757,12.1,11.3,0,3,overcast,3.8,14.0,,,,false
glen_eira,Glen Eira,22310,2026-08-31T11:00:00+10:00,2026-08-31T01:00:00+00:00,-37.89947547268133,145.04104488479757,13.4,12.9,0,2,partly_cloudy,2.9,15.1,,,,false
glen_eira,Glen Eira,22310,2026-08-31T12:00:00+10:00,2026-08-31T02:00:00+00:00,-37.89947547268133,145.04104488479757,14.9,14.8,0,1,mainly_clear,1.3,16.2,,,,false
glen_eira,Glen Eira,22310,2026-08-31T13:00:00+10:00,2026-08-31T03:00:00+00:00,-37.89947547268133,145.04104488479757,15.8,16.1,0,0,clear_sky,1.0,18.0,,,,false
glen_eira,Glen Eira,22310,2026-08-31T14:00:00+10:00,2026-08-31T04:00:00+00:00,-37.89947547268133,145.04104488479757,15.6,15.5,0,0,clear_sky,4.3,22.0,,,,false
glen_eira,Glen Eira,22310,2026-08-31T15:00:00+10:00,2026-08-31T05:00:00+00:00,-37.89947547268133,145.04104488479757,14.7,13.5,0,0,clear_sky,8.3,27.0,,,,false
glen_eira,Glen Eira,22310,2026-08-31T16:00:00+10:00,2026-08-31T06:00:00+00:00,-37.89947547268133,145.04104488479757,13.8,12.3,0,0,clear_sky,10.3,30.2,,,,false
glen_eira,Glen Eira,22310,2026-08-31T17:00:00+10:00,2026-08-31T07:00:00+00:00,-37.89947547268133,145.04104488479757,12.9,11.5,0,0,clear_sky,8.6,29.5,,,,false
glen_eira,Glen Eira,22310,2026-08-31T18:00:00+10:00,2026-08-31T08:00:00+00:00,-37.89947547268133,145.04104488479757,11.8,10.9,0,0,clear_sky,5.1,27.0,,,,false
glen_eira,Glen Eira,22310,2026-08-31T19:00:00+10:00,2026-08-31T09:00:00+00:00,-37.89947547268133,145.04104488479757,11.3,10.9,0,0,clear_sky,1.4,24.8,,,,false
glen_eira,Glen Eira,22310,2026-08-31T20:00:00+10:00,2026-08-31T10:00:00+00:00,-37.89947547268133,145.04104488479757,11.6,10.9,0,0,clear_sky,3.9,24.5,,,,false
glen_eira,Glen Eira,22310,2026-08-31T21:00:00+10:00,2026-08-31T11:00:00+00:00,-37.89947547268133,145.04104488479757,12.3,10.9,0,0,clear_sky,9.0,24.5,,,,false
glen_eira,Glen Eira,22310,2026-08-31T22:00:00+10:00,2026-08-31T12:00:00+00:00,-37.89947547268133,145.04104488479757,12.8,11.0,0,0,clear_sky,13.0,25.2,,,,false
glen_eira,Glen Eira,22310,2026-08-31T23:00:00+10:00,2026-08-31T13:00:00+00:00,-37.89947547268133,145.04104488479757,12.8,10.7,0,0,clear_sky,14.9,26.6,,,,false
glen_eira,Glen Eira,22310,2026-09-01T00:00:00+10:00,2026-08-31T14:00:00+00:00,-37.89947547268133,145.04104488479757,12.6,10.4,0,0,clear_sky,15.8,29.2,,,,false
glen_eira,Glen Eira,22310,2026-09-01T01:00:00+10:00,2026-08-31T15:00:00+00:00,-37.89947547268133,145.04104488479757,12.5,10.1,0,0,clear_sky,16.7,31.7,,,,false
glen_eira,Glen Eira,22310,2026-09-01T02:00:00+10:00,2026-08-31T16:00:00+00:00,-37.89947547268133,145.04104488479757,12.5,10.0,0,1,mainly_clear,18.2,34.9,,,,false
glen_eira,Glen Eira,22310,2026-09-01T03:00:00+10:00,2026-08-31T17:00:00+00:00,-37.89947547268133,145.04104488479757,12.7,10.0,0,2,partly_cloudy,19.4,38.2,,,,false
glen_eira,Glen Eira,22310,2026-09-01T04:00:00+10:00,2026-08-31T18:00:00+00:00,-37.89947547268133,145.04104488479757,12.8,9.9,0,3,overcast,20.7,41.4,,,,false
glen_eira,Glen Eira,22310,2026-09-01T05:00:00+10:00,2026-08-31T19:00:00+00:00,-37.89947547268133,145.04104488479757,12.6,9.6,0,3,overcast,21.6,43.6,,,,false
glen_eira,Glen Eira,22310,2026-09-01T06:00:00+10:00,2026-08-31T20:00:00+00:00,-37.89947547268133,145.04104488479757,12.5,9.3,0,2,partly_cloudy,22.3,45.7,,,,false
glen_eira,Glen Eira,22310,2026-09-01T07:00:00+10:00,2026-08-31T21:00:00+00:00,-37.89947547268133,145.04104488479757,12.5,9.2,0,2,partly_cloudy,22.9,47.9,,,,false
glen_eira,Glen Eira,22310,2026-09-01T08:00:00+10:00,2026-08-31T22:00:00+00:00,-37.89947547268133,145.04104488479757,13.7,10.2,0,2,partly_cloudy,24.3,51.8,,,,false
glen_eira,Glen Eira,22310,2026-09-01T09:00:00+10:00,2026-08-31T23:00:00+00:00,-37.89947547268133,145.04104488479757,14.1,10.5,0,1,mainly_clear,24.9,54.7,,,,false
glen_eira,Glen Eira,22310,2026-09-01T10:00:00+10:00,2026-09-01T00:00:00+00:00,-37.89947547268133,145.04104488479757,14.5,10.9,0,1,mainly_clear,25.2,57.2,,,,false
glen_eira,Glen Eira,22310,2026-09-01T11:00:00+10:00,2026-09-01T01:00:00+00:00,-37.89947547268133,145.04104488479757,15.2,11.6,3,2,partly_cloudy,25.3,60.5,,,,false
glen_eira,Glen Eira,22310,2026-09-01T12:00:00+10:00,2026-09-01T02:00:00+00:00,-37.89947547268133,145.04104488479757,16.2,12.8,8,2,partly_cloudy,25.6,64.1,,,,false
glen_eira,Glen Eira,22310,2026-09-01T13:00:00+10:00,2026-09-01T03:00:00+00:00,-37.89947547268133,145.04104488479757,17.3,13.7,13,2,partly_cloudy,25.9,67.7,,,,false
glen_eira,Glen Eira,22310,2026-09-01T14:00:00+10:00,2026-09-01T04:00:00+00:00,-37.89947547268133,145.04104488479757,18.2,14.5,19,3,overcast,26.0,70.6,,,,false
glen_eira,Glen Eira,22310,2026-09-01T15:00:00+10:00,2026-09-01T05:00:00+00:00,-37.89947547268133,145.04104488479757,18.8,15.3,25,3,overcast,25.6,73.1,,,,false
glen_eira,Glen Eira,22310,2026-09-01T16:00:00+10:00,2026-09-01T06:00:00+00:00,-37.89947547268133,145.04104488479757,19.0,15.6,31,3,overcast,24.3,73.8,,,,false
glen_eira,Glen Eira,22310,2026-09-01T17:00:00+10:00,2026-09-01T07:00:00+00:00,-37.89947547268133,145.04104488479757,18.5,15.4,38,53,moderate_drizzle,21.9,72.7,,,,false
glen_eira,Glen Eira,22310,2026-09-01T18:00:00+10:00,2026-09-01T08:00:00+00:00,-37.89947547268133,145.04104488479757,17.5,14.8,45,53,moderate_drizzle,19.5,70.2,,,,false
glen_eira,Glen Eira,22310,2026-09-01T19:00:00+10:00,2026-09-01T09:00:00+00:00,-37.89947547268133,145.04104488479757,16.3,13.5,52,53,moderate_drizzle,19.3,67.0,,,,false
glen_eira,Glen Eira,22310,2026-09-01T20:00:00+10:00,2026-09-01T10:00:00+00:00,-37.89947547268133,145.04104488479757,14.9,11.7,58,53,moderate_drizzle,21.5,63.4,,,,false
glen_eira,Glen Eira,22310,2026-09-01T21:00:00+10:00,2026-09-01T11:00:00+00:00,-37.89947547268133,145.04104488479757,13.6,9.9,63,53,moderate_drizzle,24.4,60.1,,,,false
glen_eira,Glen Eira,22310,2026-09-01T22:00:00+10:00,2026-09-01T12:00:00+00:00,-37.89947547268133,145.04104488479757,12.6,8.6,65,53,moderate_drizzle,25.9,57.6,,,,false
glen_eira,Glen Eira,22310,2026-09-01T23:00:00+10:00,2026-09-01T13:00:00+00:00,-37.89947547268133,145.04104488479757,11.8,7.9,63,0,clear_sky,24.6,56.5,,,,false
greater_dandenong,Greater Dandenong,22670,2026-08-26T00:00:00+10:00,2026-08-25T14:00:00+00:00,-38.00450592423965,145.19073159088342,12.0,9.8,58,51,light_drizzle,15.4,28.8,0.0,3.8,5.5,true
greater_dandenong,Greater Dandenong,22670,2026-08-26T01:00:00+10:00,2026-08-25T15:00:00+00:00,-38.00450592423965,145.19073159088342,11.7,9.5,80,51,light_drizzle,14.8,29.5,0.0,3.9,6.0,true
greater_dandenong,Greater Dandenong,22670,2026-08-26T02:00:00+10:00,2026-08-25T16:00:00+00:00,-38.00450592423965,145.19073159088342,11.7,9.2,63,3,overcast,15.5,28.8,0.0,4.4,7.0,true
greater_dandenong,Greater Dandenong,22670,2026-08-26T03:00:00+10:00,2026-08-25T17:00:00+00:00,-38.00450592423965,145.19073159088342,11.6,9.1,29,0,clear_sky,14.4,29.2,0.0,4.9,7.8,true
greater_dandenong,Greater Dandenong,22670,2026-08-26T04:00:00+10:00,2026-08-25T18:00:00+00:00,-38.00450592423965,145.19073159088342,11.1,8.9,10,1,mainly_clear,11.8,27.0,0.0,5.1,8.1,true
greater_dandenong,Greater Dandenong,22670,2026-08-26T05:00:00+10:00,2026-08-25T19:00:00+00:00,-38.00450592423965,145.19073159088342,10.9,8.9,25,2,partly_cloudy,10.5,21.2,0.0,5.3,8.4,true
greater_dandenong,Greater Dandenong,22670,2026-08-26T06:00:00+10:00,2026-08-25T20:00:00+00:00,-38.00450592423965,145.19073159088342,10.9,8.8,56,51,light_drizzle,12.0,22.3,0.0,5.4,8.4,true
greater_dandenong,Greater Dandenong,22670,2026-08-26T07:00:00+10:00,2026-08-25T21:00:00+00:00,-38.00450592423965,145.19073159088342,10.6,8.5,75,51,light_drizzle,12.3,24.8,0.05,5.9,8.7,true
greater_dandenong,Greater Dandenong,22670,2026-08-26T08:00:00+10:00,2026-08-25T22:00:00+00:00,-38.00450592423965,145.19073159088342,11.3,9.4,69,51,light_drizzle,11.0,23.0,0.35,6.5,9.5,true
greater_dandenong,Greater Dandenong,22670,2026-08-26T09:00:00+10:00,2026-08-25T23:00:00+00:00,-38.00450592423965,145.19073159088342,12.3,10.1,52,51,light_drizzle,11.9,27.0,1.0,6.5,9.9,true
greater_dandenong,Greater Dandenong,22670,2026-08-26T10:00:00+10:00,2026-08-26T00:00:00+00:00,-38.00450592423965,145.19073159088342,13.2,10.7,37,2,partly_cloudy,13.2,29.2,1.9,7.9,12.5,true
greater_dandenong,Greater Dandenong,22670,2026-08-26T11:00:00+10:00,2026-08-26T01:00:00+00:00,-38.00450592423965,145.19073159088342,13.4,11.0,31,51,light_drizzle,13.4,31.7,2.8,7.3,11.7,true
greater_dandenong,Greater Dandenong,22670,2026-08-26T12:00:00+10:00,2026-08-26T02:00:00+00:00,-38.00450592423965,145.19073159088342,13.8,10.9,27,1,mainly_clear,15.3,35.6,2.95,8.0,12.9,true
greater_dandenong,Greater Dandenong,22670,2026-08-26T13:00:00+10:00,2026-08-26T03:00:00+00:00,-38.00450592423965,145.19073159088342,14.0,10.8,22,1,mainly_clear,17.0,39.2,2.65,7.3,11.9,true
greater_dandenong,Greater Dandenong,22670,2026-08-26T14:00:00+10:00,2026-08-26T04:00:00+00:00,-38.00450592423965,145.19073159088342,13.9,10.7,14,1,mainly_clear,17.2,40.3,2.0,7.1,11.5,true
greater_dandenong,Greater Dandenong,22670,2026-08-26T15:00:00+10:00,2026-08-26T05:00:00+00:00,-38.00450592423965,145.19073159088342,13.9,10.8,6,0,clear_sky,16.2,40.0,1.15,7.0,11.3,true
greater_dandenong,Greater Dandenong,22670,2026-08-26T16:00:00+10:00,2026-08-26T06:00:00+00:00,-38.00450592423965,145.19073159088342,13.6,10.8,0,0,clear_sky,14.1,37.1,0.5,7.2,11.5,true
greater_dandenong,Greater Dandenong,22670,2026-08-26T17:00:00+10:00,2026-08-26T07:00:00+00:00,-38.00450592423965,145.19073159088342,13.1,10.8,0,0,clear_sky,11.3,31.7,0.1,7.6,11.8,true
greater_dandenong,Greater Dandenong,22670,2026-08-26T18:00:00+10:00,2026-08-26T08:00:00+00:00,-38.00450592423965,145.19073159088342,12.1,10.1,0,2,partly_cloudy,9.7,22.7,0.0,9.2,13.4,true
greater_dandenong,Greater Dandenong,22670,2026-08-26T19:00:00+10:00,2026-08-26T09:00:00+00:00,-38.00450592423965,145.19073159088342,11.6,10.0,0,3,overcast,7.0,18.7,0.0,11.3,15.5,true
greater_dandenong,Greater Dandenong,22670,2026-08-26T20:00:00+10:00,2026-08-26T10:00:00+00:00,-38.00450592423965,145.19073159088342,11.1,9.7,0,3,overcast,6.1,13.7,0.0,12.5,16.8,true
greater_dandenong,Greater Dandenong,22670,2026-08-26T21:00:00+10:00,2026-08-26T11:00:00+00:00,-38.00450592423965,145.19073159088342,10.5,9.2,0,3,overcast,4.8,11.5,0.0,12.4,16.3,true
greater_dandenong,Greater Dandenong,22670,2026-08-26T22:00:00+10:00,2026-08-26T12:00:00+00:00,-38.00450592423965,145.19073159088342,10.3,9.0,0,3,overcast,4.3,9.7,0.0,12.8,16.7,true
greater_dandenong,Greater Dandenong,22670,2026-08-26T23:00:00+10:00,2026-08-26T13:00:00+00:00,-38.00450592423965,145.19073159088342,10.0,8.9,0,3,overcast,3.3,9.0,0.0,13.3,17.2,true
greater_dandenong,Greater Dandenong,22670,2026-08-27T00:00:00+10:00,2026-08-26T14:00:00+00:00,-38.00450592423965,145.19073159088342,10.1,9.0,0,3,overcast,2.8,7.2,0.0,13.6,17.6,true
greater_dandenong,Greater Dandenong,22670,2026-08-27T01:00:00+10:00,2026-08-26T15:00:00+00:00,-38.00450592423965,145.19073159088342,10.1,9.0,0,3,overcast,2.9,6.5,0.0,13.6,17.6,true
greater_dandenong,Greater Dandenong,22670,2026-08-27T02:00:00+10:00,2026-08-26T16:00:00+00:00,-38.00450592423965,145.19073159088342,10.0,8.9,0,3,overcast,1.8,5.0,0.0,13.6,17.7,true
greater_dandenong,Greater Dandenong,22670,2026-08-27T03:00:00+10:00,2026-08-26T17:00:00+00:00,-38.00450592423965,145.19073159088342,9.5,8.4,0,3,overcast,1.3,3.2,0.0,13.5,17.7,true
greater_dandenong,Greater Dandenong,22670,2026-08-27T04:00:00+10:00,2026-08-26T18:00:00+00:00,-38.00450592423965,145.19073159088342,9.1,7.6,0,3,overcast,3.6,7.2,0.0,13.2,17.5,true
greater_dandenong,Greater Dandenong,22670,2026-08-27T05:00:00+10:00,2026-08-26T19:00:00+00:00,-38.00450592423965,145.19073159088342,8.5,6.5,0,2,partly_cloudy,7.1,13.3,0.0,13.0,17.2,true
greater_dandenong,Greater Dandenong,22670,2026-08-27T06:00:00+10:00,2026-08-26T20:00:00+00:00,-38.00450592423965,145.19073159088342,8.3,6.1,0,1,mainly_clear,8.5,15.8,0.0,13.4,17.5,true
greater_dandenong,Greater Dandenong,22670,2026-08-27T07:00:00+10:00,2026-08-26T21:00:00+00:00,-38.00450592423965,145.19073159088342,8.0,6.0,0,0,clear_sky,7.3,15.8,0.05,16.2,19.8,true
greater_dandenong,Greater Dandenong,22670,2026-08-27T08:00:00+10:00,2026-08-26T22:00:00+00:00,-38.00450592423965,145.19073159088342,9.1,7.2,0,0,clear_sky,8.0,14.8,0.35,20.4,22.5,true
greater_dandenong,Greater Dandenong,22670,2026-08-27T09:00:00+10:00,2026-08-26T23:00:00+00:00,-38.00450592423965,145.19073159088342,10.5,8.9,0,0,clear_sky,7.1,18.7,1.1,15.4,18.1,true
greater_dandenong,Greater Dandenong,22670,2026-08-27T10:00:00+10:00,2026-08-27T00:00:00+00:00,-38.00450592423965,145.19073159088342,11.5,9.9,0,0,clear_sky,7.4,20.9,2.15,10.3,14.5,true
greater_dandenong,Greater Dandenong,22670,2026-08-27T11:00:00+10:00,2026-08-27T01:00:00+00:00,-38.00450592423965,145.19073159088342,12.3,10.7,0,1,mainly_clear,7.3,21.6,2.65,9.5,13.8,true
greater_dandenong,Greater Dandenong,22670,2026-08-27T12:00:00+10:00,2026-08-27T02:00:00+00:00,-38.00450592423965,145.19073159088342,13.1,11.8,0,3,overcast,7.0,21.6,3.25,9.2,13.4,true
greater_dandenong,Greater Dandenong,22670,2026-08-27T13:00:00+10:00,2026-08-27T03:00:00+00:00,-38.00450592423965,145.19073159088342,13.4,12.1,0,1,mainly_clear,7.4,22.0,3.3,9.6,13.7,true
greater_dandenong,Greater Dandenong,22670,2026-08-27T14:00:00+10:00,2026-08-27T04:00:00+00:00,-38.00450592423965,145.19073159088342,13.5,12.2,0,0,clear_sky,7.5,22.0,2.6,9.9,13.9,true
greater_dandenong,Greater Dandenong,22670,2026-08-27T15:00:00+10:00,2026-08-27T05:00:00+00:00,-38.00450592423965,145.19073159088342,13.5,11.7,0,0,clear_sky,6.9,22.3,1.5,10.1,14.2,true
greater_dandenong,Greater Dandenong,22670,2026-08-27T16:00:00+10:00,2026-08-27T06:00:00+00:00,-38.00450592423965,145.19073159088342,13.4,12.2,0,0,clear_sky,1.9,19.8,0.6,9.9,13.9,true
greater_dandenong,Greater Dandenong,22670,2026-08-27T17:00:00+10:00,2026-08-27T07:00:00+00:00,-38.00450592423965,145.19073159088342,12.8,11.2,0,2,partly_cloudy,5.8,12.6,0.15,11.4,15.3,true
greater_dandenong,Greater Dandenong,22670,2026-08-27T18:00:00+10:00,2026-08-27T08:00:00+00:00,-38.00450592423965,145.19073159088342,11.3,10.3,0,3,overcast,3.3,13.0,0.0,15.5,19.2,true
greater_dandenong,Greater Dandenong,22670,2026-08-27T19:00:00+10:00,2026-08-27T09:00:00+00:00,-38.00450592423965,145.19073159088342,12.1,11.6,0,3,overcast,1.1,6.5,0.0,19.1,22.8,true
greater_dandenong,Greater Dandenong,22670,2026-08-27T20:00:00+10:00,2026-08-27T10:00:00+00:00,-38.00450592423965,145.19073159088342,12.2,11.8,0,3,overcast,0.6,2.2,0.0,22.3,25.8,true
greater_dandenong,Greater Dandenong,22670,2026-08-27T21:00:00+10:00,2026-08-27T11:00:00+00:00,-38.00450592423965,145.19073159088342,11.5,10.8,0,3,overcast,1.3,3.6,0.0,25.4,28.8,true
greater_dandenong,Greater Dandenong,22670,2026-08-27T22:00:00+10:00,2026-08-27T12:00:00+00:00,-38.00450592423965,145.19073159088342,11.3,10.0,0,3,overcast,5.1,9.4,0.0,26.4,29.2,true
greater_dandenong,Greater Dandenong,22670,2026-08-27T23:00:00+10:00,2026-08-27T13:00:00+00:00,-38.00450592423965,145.19073159088342,10.8,8.9,0,3,overcast,8.5,15.8,0.0,23.2,25.2,true
greater_dandenong,Greater Dandenong,22670,2026-08-28T00:00:00+10:00,2026-08-27T14:00:00+00:00,-38.00450592423965,145.19073159088342,10.7,8.6,0,3,overcast,9.0,16.9,0.0,19.4,21.0,true
greater_dandenong,Greater Dandenong,22670,2026-08-28T01:00:00+10:00,2026-08-27T15:00:00+00:00,-38.00450592423965,145.19073159088342,10.7,8.4,0,1,mainly_clear,9.9,19.1,0.0,16.6,18.0,true
greater_dandenong,Greater Dandenong,22670,2026-08-28T02:00:00+10:00,2026-08-27T16:00:00+00:00,-38.00450592423965,145.19073159088342,9.8,7.4,0,2,partly_cloudy,10.9,20.9,0.0,13.8,15.0,true
greater_dandenong,Greater Dandenong,22670,2026-08-28T03:00:00+10:00,2026-08-27T17:00:00+00:00,-38.00450592423965,145.19073159088342,9.4,6.9,0,2,partly_cloudy,11.4,21.6,0.0,11.1,12.2,true
greater_dandenong,Greater Dandenong,22670,2026-08-28T04:00:00+10:00,2026-08-27T18:00:00+00:00,-38.00450592423965,145.19073159088342,9.2,6.6,0,0,clear_sky,11.6,23.4,0.0,8.7,9.7,true
greater_dandenong,Greater Dandenong,22670,2026-08-28T05:00:00+10:00,2026-08-27T19:00:00+00:00,-38.00450592423965,145.19073159088342,9.0,6.3,0,0,clear_sky,11.5,22.3,0.0,7.4,8.6,true
greater_dandenong,Greater Dandenong,22670,2026-08-28T06:00:00+10:00,2026-08-27T20:00:00+00:00,-38.00450592423965,145.19073159088342,9.1,6.2,0,0,clear_sky,11.4,22.0,0.0,6.6,8.0,true
greater_dandenong,Greater Dandenong,22670,2026-08-28T07:00:00+10:00,2026-08-27T21:00:00+00:00,-38.00450592423965,145.19073159088342,9.1,6.3,0,0,clear_sky,11.6,22.7,0.0,7.2,8.5,true
greater_dandenong,Greater Dandenong,22670,2026-08-28T08:00:00+10:00,2026-08-27T22:00:00+00:00,-38.00450592423965,145.19073159088342,10.1,7.3,2,0,clear_sky,12.2,24.1,0.1,8.5,10.0,true
greater_dandenong,Greater Dandenong,22670,2026-08-28T09:00:00+10:00,2026-08-27T23:00:00+00:00,-38.00450592423965,145.19073159088342,11.7,9.3,6,0,clear_sky,11.1,24.8,0.35,10.3,11.9,true
greater_dandenong,Greater Dandenong,22670,2026-08-28T10:00:00+10:00,2026-08-28T00:00:00+00:00,-38.00450592423965,145.19073159088342,13.2,10.8,10,2,partly_cloudy,10.9,27.0,0.85,8.8,10.7,true
greater_dandenong,Greater Dandenong,22670,2026-08-28T11:00:00+10:00,2026-08-28T01:00:00+00:00,-38.00450592423965,145.19073159088342,13.9,11.7,15,3,overcast,10.1,26.6,1.8,7.7,9.7,true
greater_dandenong,Greater Dandenong,22670,2026-08-28T12:00:00+10:00,2026-08-28T02:00:00+00:00,-38.00450592423965,145.19073159088342,14.0,12.1,20,3,overcast,8.7,24.8,2.65,5.8,7.7,true
greater_dandenong,Greater Dandenong,22670,2026-08-28T13:00:00+10:00,2026-08-28T03:00:00+00:00,-38.00450592423965,145.19073159088342,13.9,12.5,24,51,light_drizzle,7.5,20.9,3.1,6.0,8.6,true
greater_dandenong,Greater Dandenong,22670,2026-08-28T14:00:00+10:00,2026-08-28T04:00:00+00:00,-38.00450592423965,145.19073159088342,13.7,12.6,28,53,moderate_drizzle,8.3,19.1,2.5,7.4,11.3,true
greater_dandenong,Greater Dandenong,22670,2026-08-28T15:00:00+10:00,2026-08-28T05:00:00+00:00,-38.00450592423965,145.19073159088342,13.8,13.3,31,53,moderate_drizzle,6.2,19.8,1.55,8.7,13.7,true
greater_dandenong,Greater Dandenong,22670,2026-08-28T16:00:00+10:00,2026-08-28T06:00:00+00:00,-38.00450592423965,145.19073159088342,14.0,13.5,31,51,light_drizzle,6.3,17.3,0.65,10.0,15.7,true
greater_dandenong,Greater Dandenong,22670,2026-08-28T17:00:00+10:00,2026-08-28T07:00:00+00:00,-38.00450592423965,145.19073159088342,13.6,13.4,26,3,overcast,4.0,16.2,0.15,11.0,17.3,true
greater_dandenong,Greater Dandenong,22670,2026-08-28T18:00:00+10:00,2026-08-28T08:00:00+00:00,-38.00450592423965,145.19073159088342,13.2,13.2,17,3,overcast,3.5,9.0,0.0,13.9,20.7,true
greater_dandenong,Greater Dandenong,22670,2026-08-28T19:00:00+10:00,2026-08-28T09:00:00+00:00,-38.00450592423965,145.19073159088342,13.0,12.7,10,51,light_drizzle,5.1,9.7,0.0,17.2,23.7,true
greater_dandenong,Greater Dandenong,22670,2026-08-28T20:00:00+10:00,2026-08-28T10:00:00+00:00,-38.00450592423965,145.19073159088342,12.9,12.4,5,51,light_drizzle,5.2,9.7,0.0,20.1,27.0,true
greater_dandenong,Greater Dandenong,22670,2026-08-28T21:00:00+10:00,2026-08-28T11:00:00+00:00,-38.00450592423965,145.19073159088342,12.1,11.7,2,2,partly_cloudy,3.6,10.1,0.0,21.8,28.8,true
greater_dandenong,Greater Dandenong,22670,2026-08-28T22:00:00+10:00,2026-08-28T12:00:00+00:00,-38.00450592423965,145.19073159088342,11.1,10.2,0,3,overcast,4.4,7.2,0.0,22.8,29.9,true
greater_dandenong,Greater Dandenong,22670,2026-08-28T23:00:00+10:00,2026-08-28T13:00:00+00:00,-38.00450592423965,145.19073159088342,11.3,10.7,1,3,overcast,2.5,7.9,0.0,23.4,30.6,true
greater_dandenong,Greater Dandenong,22670,2026-08-29T00:00:00+10:00,2026-08-28T14:00:00+00:00,-38.00450592423965,145.19073159088342,11.0,10.6,3,3,overcast,1.5,3.2,0.0,23.7,31.0,true
greater_dandenong,Greater Dandenong,22670,2026-08-29T01:00:00+10:00,2026-08-28T15:00:00+00:00,-38.00450592423965,145.19073159088342,11.2,10.6,4,51,light_drizzle,3.2,4.7,0.0,23.3,30.3,true
greater_dandenong,Greater Dandenong,22670,2026-08-29T02:00:00+10:00,2026-08-28T16:00:00+00:00,-38.00450592423965,145.19073159088342,11.2,10.5,3,51,light_drizzle,3.8,7.2,0.0,21.3,27.4,true
greater_dandenong,Greater Dandenong,22670,2026-08-29T03:00:00+10:00,2026-08-28T17:00:00+00:00,-38.00450592423965,145.19073159088342,11.0,10.0,1,51,light_drizzle,5.0,9.0,0.0,17.9,23.1,true
greater_dandenong,Greater Dandenong,22670,2026-08-29T04:00:00+10:00,2026-08-28T18:00:00+00:00,-38.00450592423965,145.19073159088342,10.3,9.1,0,1,mainly_clear,4.7,9.4,0.0,14.8,19.2,true
greater_dandenong,Greater Dandenong,22670,2026-08-29T05:00:00+10:00,2026-08-28T19:00:00+00:00,-38.00450592423965,145.19073159088342,9.6,8.2,0,0,clear_sky,4.6,8.6,0.0,12.3,16.1,true
greater_dandenong,Greater Dandenong,22670,2026-08-29T06:00:00+10:00,2026-08-28T20:00:00+00:00,-38.00450592423965,145.19073159088342,8.9,7.3,1,0,clear_sky,5.6,7.9,0.0,11.1,14.4,true
greater_dandenong,Greater Dandenong,22670,2026-08-29T07:00:00+10:00,2026-08-28T21:00:00+00:00,-38.00450592423965,145.19073159088342,9.1,7.4,2,0,clear_sky,7.5,13.3,0.05,12.4,15.3,true
greater_dandenong,Greater Dandenong,22670,2026-08-29T08:00:00+10:00,2026-08-28T22:00:00+00:00,-38.00450592423965,145.19073159088342,10.0,8.5,1,1,mainly_clear,9.0,18.0,0.25,14.0,16.9,true
greater_dandenong,Greater Dandenong,22670,2026-08-29T09:00:00+10:00,2026-08-28T23:00:00+00:00,-38.00450592423965,145.19073159088342,10.4,8.9,0,2,partly_cloudy,9.2,22.3,0.7,12.3,16.1,true
greater_dandenong,Greater Dandenong,22670,2026-08-29T10:00:00+10:00,2026-08-29T00:00:00+00:00,-38.00450592423965,145.19073159088342,11.0,9.3,0,2,partly_cloudy,9.7,24.5,1.25,12.3,17.6,true
greater_dandenong,Greater Dandenong,22670,2026-08-29T11:00:00+10:00,2026-08-29T01:00:00+00:00,-38.00450592423965,145.19073159088342,11.4,9.6,6,2,partly_cloudy,10.1,25.9,1.5,11.9,17.9,true
greater_dandenong,Greater Dandenong,22670,2026-08-29T12:00:00+10:00,2026-08-29T02:00:00+00:00,-38.00450592423965,145.19073159088342,12.0,10.1,13,1,mainly_clear,9.9,26.3,1.55,12.0,18.6,true
greater_dandenong,Greater Dandenong,22670,2026-08-29T13:00:00+10:00,2026-08-29T03:00:00+00:00,-38.00450592423965,145.19073159088342,12.6,10.6,18,1,mainly_clear,11.1,28.8,1.6,11.8,18.5,true
greater_dandenong,Greater Dandenong,22670,2026-08-29T14:00:00+10:00,2026-08-29T04:00:00+00:00,-38.00450592423965,145.19073159088342,12.7,10.1,16,3,overcast,12.9,31.7,1.2,11.8,18.7,true
greater_dandenong,Greater Dandenong,22670,2026-08-29T15:00:00+10:00,2026-08-29T05:00:00+00:00,-38.00450592423965,145.19073159088342,12.7,10.0,11,3,overcast,13.9,33.1,0.7,12.8,20.3,true
greater_dandenong,Greater Dandenong,22670,2026-08-29T16:00:00+10:00,2026-08-29T06:00:00+00:00,-38.00450592423965,145.19073159088342,12.6,10.3,6,2,partly_cloudy,11.2,32.8,0.3,14.8,23.3,true
greater_dandenong,Greater Dandenong,22670,2026-08-29T17:00:00+10:00,2026-08-29T07:00:00+00:00,-38.00450592423965,145.19073159088342,12.6,10.6,3,2,partly_cloudy,9.0,24.8,0.1,16.6,26.0,true
greater_dandenong,Greater Dandenong,22670,2026-08-29T18:00:00+10:00,2026-08-29T08:00:00+00:00,-38.00450592423965,145.19073159088342,11.5,10.4,1,1,mainly_clear,4.0,18.4,0.0,16.3,24.9,true
greater_dandenong,Greater Dandenong,22670,2026-08-29T19:00:00+10:00,2026-08-29T09:00:00+00:00,-38.00450592423965,145.19073159088342,11.3,9.9,0,3,overcast,5.9,10.8,0.0,15.7,22.8,true
greater_dandenong,Greater Dandenong,22670,2026-08-29T20:00:00+10:00,2026-08-29T10:00:00+00:00,-38.00450592423965,145.19073159088342,11.8,10.5,0,3,overcast,6.2,13.0,0.0,16.1,23.0,true
greater_dandenong,Greater Dandenong,22670,2026-08-29T21:00:00+10:00,2026-08-29T11:00:00+00:00,-38.00450592423965,145.19073159088342,12.0,10.6,0,3,overcast,7.4,14.4,0.0,16.3,23.1,true
greater_dandenong,Greater Dandenong,22670,2026-08-29T22:00:00+10:00,2026-08-29T12:00:00+00:00,-38.00450592423965,145.19073159088342,11.8,10.3,0,51,light_drizzle,8.4,16.2,0.0,15.3,21.4,true
greater_dandenong,Greater Dandenong,22670,2026-08-29T23:00:00+10:00,2026-08-29T13:00:00+00:00,-38.00450592423965,145.19073159088342,11.7,10.2,1,51,light_drizzle,8.5,16.2,0.0,14.3,20.2,true
greater_dandenong,Greater Dandenong,22670,2026-08-30T00:00:00+10:00,2026-08-29T14:00:00+00:00,-38.00450592423965,145.19073159088342,11.6,10.2,2,3,overcast,7.2,15.8,0.0,12.9,18.2,true
greater_dandenong,Greater Dandenong,22670,2026-08-30T01:00:00+10:00,2026-08-29T15:00:00+00:00,-38.00450592423965,145.19073159088342,11.2,9.8,2,3,overcast,6.7,13.3,0.0,11.4,16.2,true
greater_dandenong,Greater Dandenong,22670,2026-08-30T02:00:00+10:00,2026-08-29T16:00:00+00:00,-38.00450592423965,145.19073159088342,11.0,9.5,2,3,overcast,7.6,13.7,0.0,10.5,15.0,true
greater_dandenong,Greater Dandenong,22670,2026-08-30T03:00:00+10:00,2026-08-29T17:00:00+00:00,-38.00450592423965,145.19073159088342,10.7,9.3,1,3,overcast,7.8,14.4,0.0,9.8,14.2,true
greater_dandenong,Greater Dandenong,22670,2026-08-30T04:00:00+10:00,2026-08-29T18:00:00+00:00,-38.00450592423965,145.19073159088342,10.4,8.9,0,3,overcast,7.6,14.8,0.0,9.3,13.6,true
greater_dandenong,Greater Dandenong,22670,2026-08-30T05:00:00+10:00,2026-08-29T19:00:00+00:00,-38.00450592423965,145.19073159088342,10.2,8.9,0,3,overcast,7.4,14.4,0.0,9.0,13.3,true
greater_dandenong,Greater Dandenong,22670,2026-08-30T06:00:00+10:00,2026-08-29T20:00:00+00:00,-38.00450592423965,145.19073159088342,10.2,8.9,0,3,overcast,7.3,13.7,0.0,9.3,13.6,true
greater_dandenong,Greater Dandenong,22670,2026-08-30T07:00:00+10:00,2026-08-29T21:00:00+00:00,-38.00450592423965,145.19073159088342,10.4,9.1,0,3,overcast,7.3,14.4,0.0,10.9,15.2,true
greater_dandenong,Greater Dandenong,22670,2026-08-30T08:00:00+10:00,2026-08-29T22:00:00+00:00,-38.00450592423965,145.19073159088342,11.0,9.7,0,51,light_drizzle,7.4,17.3,0.2,12.5,17.0,true
greater_dandenong,Greater Dandenong,22670,2026-08-30T09:00:00+10:00,2026-08-29T23:00:00+00:00,-38.00450592423965,145.19073159088342,11.8,10.3,0,51,light_drizzle,8.3,21.2,0.55,12.6,17.5,true
greater_dandenong,Greater Dandenong,22670,2026-08-30T10:00:00+10:00,2026-08-30T00:00:00+00:00,-38.00450592423965,145.19073159088342,12.5,10.8,0,51,light_drizzle,9.6,24.5,1.15,12.1,17.4,true
greater_dandenong,Greater Dandenong,22670,2026-08-30T11:00:00+10:00,2026-08-30T01:00:00+00:00,-38.00450592423965,145.19073159088342,13.0,11.3,1,51,light_drizzle,10.2,25.9,1.8,12.1,18.2,true
greater_dandenong,Greater Dandenong,22670,2026-08-30T12:00:00+10:00,2026-08-30T02:00:00+00:00,-38.00450592423965,145.19073159088342,13.4,11.7,3,51,light_drizzle,10.3,26.6,2.35,11.8,18.1,true
greater_dandenong,Greater Dandenong,22670,2026-08-30T13:00:00+10:00,2026-08-30T03:00:00+00:00,-38.00450592423965,145.19073159088342,13.7,11.9,4,51,light_drizzle,10.5,27.4,2.55,11.8,18.2,true
greater_dandenong,Greater Dandenong,22670,2026-08-30T14:00:00+10:00,2026-08-30T04:00:00+00:00,-38.00450592423965,145.19073159088342,13.8,11.9,3,3,overcast,10.8,28.8,2.25,10.2,15.7,true
greater_dandenong,Greater Dandenong,22670,2026-08-30T15:00:00+10:00,2026-08-30T05:00:00+00:00,-38.00450592423965,145.19073159088342,13.8,11.8,1,3,overcast,11.0,29.9,1.35,10.0,15.2,true
greater_dandenong,Greater Dandenong,22670,2026-08-30T16:00:00+10:00,2026-08-30T06:00:00+00:00,-38.00450592423965,145.19073159088342,13.5,11.6,0,3,overcast,10.3,30.2,0.55,10.0,15.1,true
greater_dandenong,Greater Dandenong,22670,2026-08-30T17:00:00+10:00,2026-08-30T07:00:00+00:00,-38.00450592423965,145.19073159088342,12.9,11.4,0,3,overcast,7.7,29.5,0.1,10.0,15.3,true
greater_dandenong,Greater Dandenong,22670,2026-08-30T18:00:00+10:00,2026-08-30T08:00:00+00:00,-38.00450592423965,145.19073159088342,12.1,11.2,0,3,overcast,4.1,27.7,0.0,11.4,16.5,true
greater_dandenong,Greater Dandenong,22670,2026-08-30T19:00:00+10:00,2026-08-30T09:00:00+00:00,-38.00450592423965,145.19073159088342,11.5,10.9,0,3,overcast,1.8,24.5,0.0,11.4,15.7,true
greater_dandenong,Greater Dandenong,22670,2026-08-30T20:00:00+10:00,2026-08-30T10:00:00+00:00,-38.00450592423965,145.19073159088342,11.4,10.8,0,3,overcast,1.3,17.6,0.0,11.5,15.7,true
greater_dandenong,Greater Dandenong,22670,2026-08-30T21:00:00+10:00,2026-08-30T11:00:00+00:00,-38.00450592423965,145.19073159088342,11.5,10.9,0,3,overcast,1.1,9.0,0.0,12.4,16.7,true
greater_dandenong,Greater Dandenong,22670,2026-08-30T22:00:00+10:00,2026-08-30T12:00:00+00:00,-38.00450592423965,145.19073159088342,11.6,11.1,0,3,overcast,0.9,2.9,0.0,13.6,18.2,true
greater_dandenong,Greater Dandenong,22670,2026-08-30T23:00:00+10:00,2026-08-30T13:00:00+00:00,-38.00450592423965,145.19073159088342,11.6,11.2,0,3,overcast,0.4,0.7,,,,false
greater_dandenong,Greater Dandenong,22670,2026-08-31T00:00:00+10:00,2026-08-30T14:00:00+00:00,-38.00450592423965,145.19073159088342,11.5,11.1,0,3,overcast,0.7,1.1,,,,false
greater_dandenong,Greater Dandenong,22670,2026-08-31T01:00:00+10:00,2026-08-30T15:00:00+00:00,-38.00450592423965,145.19073159088342,11.4,11.0,0,3,overcast,1.1,1.8,,,,false
greater_dandenong,Greater Dandenong,22670,2026-08-31T02:00:00+10:00,2026-08-30T16:00:00+00:00,-38.00450592423965,145.19073159088342,11.3,10.9,0,3,overcast,1.3,2.5,,,,false
greater_dandenong,Greater Dandenong,22670,2026-08-31T03:00:00+10:00,2026-08-30T17:00:00+00:00,-38.00450592423965,145.19073159088342,11.1,10.7,0,3,overcast,1.3,4.0,,,,false
greater_dandenong,Greater Dandenong,22670,2026-08-31T04:00:00+10:00,2026-08-30T18:00:00+00:00,-38.00450592423965,145.19073159088342,10.9,10.5,0,3,overcast,1.5,5.0,,,,false
greater_dandenong,Greater Dandenong,22670,2026-08-31T05:00:00+10:00,2026-08-30T19:00:00+00:00,-38.00450592423965,145.19073159088342,10.8,10.3,0,3,overcast,1.8,4.7,,,,false
greater_dandenong,Greater Dandenong,22670,2026-08-31T06:00:00+10:00,2026-08-30T20:00:00+00:00,-38.00450592423965,145.19073159088342,10.6,10.1,0,3,overcast,2.2,4.0,,,,false
greater_dandenong,Greater Dandenong,22670,2026-08-31T07:00:00+10:00,2026-08-30T21:00:00+00:00,-38.00450592423965,145.19073159088342,10.7,10.1,0,3,overcast,2.6,4.7,,,,false
greater_dandenong,Greater Dandenong,22670,2026-08-31T08:00:00+10:00,2026-08-30T22:00:00+00:00,-38.00450592423965,145.19073159088342,11.0,10.2,0,3,overcast,3.6,8.3,,,,false
greater_dandenong,Greater Dandenong,22670,2026-08-31T09:00:00+10:00,2026-08-30T23:00:00+00:00,-38.00450592423965,145.19073159088342,11.5,10.5,0,3,overcast,5.2,13.0,,,,false
greater_dandenong,Greater Dandenong,22670,2026-08-31T10:00:00+10:00,2026-08-31T00:00:00+00:00,-38.00450592423965,145.19073159088342,12.1,11.1,0,3,overcast,5.9,16.9,,,,false
greater_dandenong,Greater Dandenong,22670,2026-08-31T11:00:00+10:00,2026-08-31T01:00:00+00:00,-38.00450592423965,145.19073159088342,13.0,12.0,0,2,partly_cloudy,5.4,18.4,,,,false
greater_dandenong,Greater Dandenong,22670,2026-08-31T12:00:00+10:00,2026-08-31T02:00:00+00:00,-38.00450592423965,145.19073159088342,13.9,13.1,0,1,mainly_clear,5.4,18.4,,,,false
greater_dandenong,Greater Dandenong,22670,2026-08-31T13:00:00+10:00,2026-08-31T03:00:00+00:00,-38.00450592423965,145.19073159088342,14.6,13.8,0,0,clear_sky,6.0,19.1,,,,false
greater_dandenong,Greater Dandenong,22670,2026-08-31T14:00:00+10:00,2026-08-31T04:00:00+00:00,-38.00450592423965,145.19073159088342,14.9,14.4,0,0,clear_sky,6.7,21.2,,,,false
greater_dandenong,Greater Dandenong,22670,2026-08-31T15:00:00+10:00,2026-08-31T05:00:00+00:00,-38.00450592423965,145.19073159088342,14.9,13.8,0,0,clear_sky,7.2,23.4,,,,false
greater_dandenong,Greater Dandenong,22670,2026-08-31T16:00:00+10:00,2026-08-31T06:00:00+00:00,-38.00450592423965,145.19073159088342,14.6,13.4,0,0,clear_sky,7.0,24.5,,,,false
greater_dandenong,Greater Dandenong,22670,2026-08-31T17:00:00+10:00,2026-08-31T07:00:00+00:00,-38.00450592423965,145.19073159088342,13.8,12.7,0,0,clear_sky,5.4,22.7,,,,false
greater_dandenong,Greater Dandenong,22670,2026-08-31T18:00:00+10:00,2026-08-31T08:00:00+00:00,-38.00450592423965,145.19073159088342,12.6,11.8,0,0,clear_sky,3.7,19.4,,,,false
greater_dandenong,Greater Dandenong,22670,2026-08-31T19:00:00+10:00,2026-08-31T09:00:00+00:00,-38.00450592423965,145.19073159088342,11.9,11.2,0,0,clear_sky,2.9,18.0,,,,false
greater_dandenong,Greater Dandenong,22670,2026-08-31T20:00:00+10:00,2026-08-31T10:00:00+00:00,-38.00450592423965,145.19073159088342,12.0,11.1,0,0,clear_sky,4.9,19.8,,,,false
greater_dandenong,Greater Dandenong,22670,2026-08-31T21:00:00+10:00,2026-08-31T11:00:00+00:00,-38.00450592423965,145.19073159088342,12.5,11.0,0,0,clear_sky,9.5,23.0,,,,false
greater_dandenong,Greater Dandenong,22670,2026-08-31T22:00:00+10:00,2026-08-31T12:00:00+00:00,-38.00450592423965,145.19073159088342,12.8,10.9,0,0,clear_sky,13.4,25.9,,,,false
greater_dandenong,Greater Dandenong,22670,2026-08-31T23:00:00+10:00,2026-08-31T13:00:00+00:00,-38.00450592423965,145.19073159088342,12.8,10.6,0,0,clear_sky,14.8,27.4,,,,false
greater_dandenong,Greater Dandenong,22670,2026-09-01T00:00:00+10:00,2026-08-31T14:00:00+00:00,-38.00450592423965,145.19073159088342,12.6,10.3,0,0,clear_sky,14.8,28.1,,,,false
greater_dandenong,Greater Dandenong,22670,2026-09-01T01:00:00+10:00,2026-08-31T15:00:00+00:00,-38.00450592423965,145.19073159088342,12.5,10.1,0,0,clear_sky,15.5,30.2,,,,false
greater_dandenong,Greater Dandenong,22670,2026-09-01T02:00:00+10:00,2026-08-31T16:00:00+00:00,-38.00450592423965,145.19073159088342,12.7,10.1,0,1,mainly_clear,17.8,34.9,,,,false
greater_dandenong,Greater Dandenong,22670,2026-09-01T03:00:00+10:00,2026-08-31T17:00:00+00:00,-38.00450592423965,145.19073159088342,13.1,10.2,0,2,partly_cloudy,20.6,40.7,,,,false
greater_dandenong,Greater Dandenong,22670,2026-09-01T04:00:00+10:00,2026-08-31T18:00:00+00:00,-38.00450592423965,145.19073159088342,13.3,10.1,0,2,partly_cloudy,22.9,45.7,,,,false
greater_dandenong,Greater Dandenong,22670,2026-09-01T05:00:00+10:00,2026-08-31T19:00:00+00:00,-38.00450592423965,145.19073159088342,13.2,9.9,0,2,partly_cloudy,24.1,48.6,,,,false
greater_dandenong,Greater Dandenong,22670,2026-09-01T06:00:00+10:00,2026-08-31T20:00:00+00:00,-38.00450592423965,145.19073159088342,13.1,9.5,0,1,mainly_clear,24.7,50.4,,,,false
greater_dandenong,Greater Dandenong,22670,2026-09-01T07:00:00+10:00,2026-08-31T21:00:00+00:00,-38.00450592423965,145.19073159088342,13.1,9.5,0,1,mainly_clear,25.1,51.8,,,,false
greater_dandenong,Greater Dandenong,22670,2026-09-01T08:00:00+10:00,2026-08-31T22:00:00+00:00,-38.00450592423965,145.19073159088342,14.5,10.9,0,1,mainly_clear,25.4,53.3,,,,false
greater_dandenong,Greater Dandenong,22670,2026-09-01T09:00:00+10:00,2026-08-31T23:00:00+00:00,-38.00450592423965,145.19073159088342,14.8,11.2,0,1,mainly_clear,25.7,54.7,,,,false
greater_dandenong,Greater Dandenong,22670,2026-09-01T10:00:00+10:00,2026-09-01T00:00:00+00:00,-38.00450592423965,145.19073159088342,15.3,11.6,0,1,mainly_clear,26.1,56.5,,,,false
greater_dandenong,Greater Dandenong,22670,2026-09-01T11:00:00+10:00,2026-09-01T01:00:00+00:00,-38.00450592423965,145.19073159088342,15.9,12.1,4,1,mainly_clear,26.6,58.7,,,,false
greater_dandenong,Greater Dandenong,22670,2026-09-01T12:00:00+10:00,2026-09-01T02:00:00+00:00,-38.00450592423965,145.19073159088342,16.7,13.0,10,2,partly_cloudy,27.5,61.6,,,,false
greater_dandenong,Greater Dandenong,22670,2026-09-01T13:00:00+10:00,2026-09-01T03:00:00+00:00,-38.00450592423965,145.19073159088342,17.5,13.7,17,2,partly_cloudy,28.3,64.1,,,,false
greater_dandenong,Greater Dandenong,22670,2026-09-01T14:00:00+10:00,2026-09-01T04:00:00+00:00,-38.00450592423965,145.19073159088342,18.2,14.2,24,3,overcast,28.9,66.6,,,,false
greater_dandenong,Greater Dandenong,22670,2026-09-01T15:00:00+10:00,2026-09-01T05:00:00+00:00,-38.00450592423965,145.19073159088342,18.7,14.6,31,3,overcast,29.0,68.4,,,,false
greater_dandenong,Greater Dandenong,22670,2026-09-01T16:00:00+10:00,2026-09-01T06:00:00+00:00,-38.00450592423965,145.19073159088342,18.7,14.8,39,3,overcast,28.1,69.1,,,,false
greater_dandenong,Greater Dandenong,22670,2026-09-01T17:00:00+10:00,2026-09-01T07:00:00+00:00,-38.00450592423965,145.19073159088342,18.3,14.7,47,55,dense_drizzle,25.9,68.8,,,,false
greater_dandenong,Greater Dandenong,22670,2026-09-01T18:00:00+10:00,2026-09-01T08:00:00+00:00,-38.00450592423965,145.19073159088342,17.4,14.1,55,55,dense_drizzle,23.3,67.0,,,,false
greater_dandenong,Greater Dandenong,22670,2026-09-01T19:00:00+10:00,2026-09-01T09:00:00+00:00,-38.00450592423965,145.19073159088342,16.2,13.2,62,55,dense_drizzle,21.9,65.2,,,,false
greater_dandenong,Greater Dandenong,22670,2026-09-01T20:00:00+10:00,2026-09-01T10:00:00+00:00,-38.00450592423965,145.19073159088342,15.0,11.8,68,55,dense_drizzle,22.3,62.6,,,,false
greater_dandenong,Greater Dandenong,22670,2026-09-01T21:00:00+10:00,2026-09-01T11:00:00+00:00,-38.00450592423965,145.19073159088342,13.8,10.4,74,55,dense_drizzle,23.8,60.1,,,,false
greater_dandenong,Greater Dandenong,22670,2026-09-01T22:00:00+10:00,2026-09-01T12:00:00+00:00,-38.00450592423965,145.19073159088342,12.9,9.3,76,55,dense_drizzle,24.7,58.3,,,,false
greater_dandenong,Greater Dandenong,22670,2026-09-01T23:00:00+10:00,2026-09-01T13:00:00+00:00,-38.00450592423965,145.19073159088342,12.2,8.5,75,0,clear_sky,23.7,56.9,,,,false
hobsons_bay,Hobsons Bay,23110,2026-08-26T00:00:00+10:00,2026-08-25T14:00:00+00:00,-37.85692420807772,144.8365925742649,12.5,9.9,42,53,moderate_drizzle,19.5,26.3,0.0,3.6,5.3,true
hobsons_bay,Hobsons Bay,23110,2026-08-26T01:00:00+10:00,2026-08-25T15:00:00+00:00,-37.85692420807772,144.8365925742649,12.3,9.8,51,51,light_drizzle,18.3,26.6,0.0,3.8,5.9,true
hobsons_bay,Hobsons Bay,23110,2026-08-26T02:00:00+10:00,2026-08-25T16:00:00+00:00,-37.85692420807772,144.8365925742649,12.3,9.4,38,51,light_drizzle,19.0,26.3,0.0,4.2,6.6,true
hobsons_bay,Hobsons Bay,23110,2026-08-26T03:00:00+10:00,2026-08-25T17:00:00+00:00,-37.85692420807772,144.8365925742649,11.9,9.2,16,0,clear_sky,16.5,25.9,0.0,4.3,6.9,true
hobsons_bay,Hobsons Bay,23110,2026-08-26T04:00:00+10:00,2026-08-25T18:00:00+00:00,-37.85692420807772,144.8365925742649,11.4,8.8,0,1,mainly_clear,14.2,23.0,0.0,4.4,7.0,true
hobsons_bay,Hobsons Bay,23110,2026-08-26T05:00:00+10:00,2026-08-25T19:00:00+00:00,-37.85692420807772,144.8365925742649,10.8,8.3,0,1,mainly_clear,13.8,20.5,0.0,4.5,7.0,true
hobsons_bay,Hobsons Bay,23110,2026-08-26T06:00:00+10:00,2026-08-25T20:00:00+00:00,-37.85692420807772,144.8365925742649,10.0,7.9,0,0,clear_sky,11.4,20.2,0.0,4.4,6.9,true
hobsons_bay,Hobsons Bay,23110,2026-08-26T07:00:00+10:00,2026-08-25T21:00:00+00:00,-37.85692420807772,144.8365925742649,9.6,7.6,0,0,clear_sky,10.5,17.6,0.05,4.8,7.3,true
hobsons_bay,Hobsons Bay,23110,2026-08-26T08:00:00+10:00,2026-08-25T22:00:00+00:00,-37.85692420807772,144.8365925742649,10.0,8.1,0,0,clear_sky,9.9,16.6,0.3,5.3,7.9,true
hobsons_bay,Hobsons Bay,23110,2026-08-26T09:00:00+10:00,2026-08-25T23:00:00+00:00,-37.85692420807772,144.8365925742649,11.0,8.8,0,0,clear_sky,11.6,16.9,0.95,5.9,9.3,true
hobsons_bay,Hobsons Bay,23110,2026-08-26T10:00:00+10:00,2026-08-26T00:00:00+00:00,-37.85692420807772,144.8365925742649,12.3,10.0,0,0,clear_sky,13.3,18.7,1.9,8.3,13.3,true
hobsons_bay,Hobsons Bay,23110,2026-08-26T11:00:00+10:00,2026-08-26T01:00:00+00:00,-37.85692420807772,144.8365925742649,13.0,10.4,1,0,clear_sky,14.1,19.8,2.6,7.3,11.8,true
hobsons_bay,Hobsons Bay,23110,2026-08-26T12:00:00+10:00,2026-08-26T02:00:00+00:00,-37.85692420807772,144.8365925742649,13.3,10.9,3,1,mainly_clear,15.0,19.8,2.9,7.5,12.1,true
hobsons_bay,Hobsons Bay,23110,2026-08-26T13:00:00+10:00,2026-08-26T03:00:00+00:00,-37.85692420807772,144.8365925742649,13.5,10.8,4,0,clear_sky,15.9,21.6,2.7,7.1,11.5,true
hobsons_bay,Hobsons Bay,23110,2026-08-26T14:00:00+10:00,2026-08-26T04:00:00+00:00,-37.85692420807772,144.8365925742649,13.5,10.6,3,1,mainly_clear,16.8,22.0,2.0,6.9,11.2,true
hobsons_bay,Hobsons Bay,23110,2026-08-26T15:00:00+10:00,2026-08-26T05:00:00+00:00,-37.85692420807772,144.8365925742649,13.3,10.4,1,1,mainly_clear,16.3,22.3,1.15,7.0,11.3,true
hobsons_bay,Hobsons Bay,23110,2026-08-26T16:00:00+10:00,2026-08-26T06:00:00+00:00,-37.85692420807772,144.8365925742649,13.2,10.5,0,1,mainly_clear,14.9,21.6,0.5,7.1,11.5,true
hobsons_bay,Hobsons Bay,23110,2026-08-26T17:00:00+10:00,2026-08-26T07:00:00+00:00,-37.85692420807772,144.8365925742649,13.2,10.5,0,1,mainly_clear,15.1,20.5,0.1,7.4,11.8,true
hobsons_bay,Hobsons Bay,23110,2026-08-26T18:00:00+10:00,2026-08-26T08:00:00+00:00,-37.85692420807772,144.8365925742649,12.9,10.3,0,3,overcast,13.2,20.2,0.0,8.5,12.6,true
hobsons_bay,Hobsons Bay,23110,2026-08-26T19:00:00+10:00,2026-08-26T09:00:00+00:00,-37.85692420807772,144.8365925742649,12.9,10.4,0,3,overcast,12.6,18.4,0.0,9.7,13.7,true
hobsons_bay,Hobsons Bay,23110,2026-08-26T20:00:00+10:00,2026-08-26T10:00:00+00:00,-37.85692420807772,144.8365925742649,12.9,10.4,0,3,overcast,12.2,17.3,0.0,10.4,14.3,true
hobsons_bay,Hobsons Bay,23110,2026-08-26T21:00:00+10:00,2026-08-26T11:00:00+00:00,-37.85692420807772,144.8365925742649,13.0,10.2,0,3,overcast,13.0,18.0,0.0,9.8,13.1,true
hobsons_bay,Hobsons Bay,23110,2026-08-26T22:00:00+10:00,2026-08-26T12:00:00+00:00,-37.85692420807772,144.8365925742649,13.1,10.3,0,3,overcast,12.7,18.0,0.0,9.9,13.1,true
hobsons_bay,Hobsons Bay,23110,2026-08-26T23:00:00+10:00,2026-08-26T13:00:00+00:00,-37.85692420807772,144.8365925742649,12.7,10.4,0,3,overcast,9.9,17.3,0.0,9.9,13.1,true
hobsons_bay,Hobsons Bay,23110,2026-08-27T00:00:00+10:00,2026-08-26T14:00:00+00:00,-37.85692420807772,144.8365925742649,11.8,9.9,0,3,overcast,8.4,14.0,0.0,9.2,12.0,true
hobsons_bay,Hobsons Bay,23110,2026-08-27T01:00:00+10:00,2026-08-26T15:00:00+00:00,-37.85692420807772,144.8365925742649,10.8,9.0,0,2,partly_cloudy,8.0,13.3,0.0,8.4,11.1,true
hobsons_bay,Hobsons Bay,23110,2026-08-27T02:00:00+10:00,2026-08-26T16:00:00+00:00,-37.85692420807772,144.8365925742649,9.9,8.1,0,1,mainly_clear,7.2,13.3,0.0,8.0,10.6,true
hobsons_bay,Hobsons Bay,23110,2026-08-27T03:00:00+10:00,2026-08-26T17:00:00+00:00,-37.85692420807772,144.8365925742649,9.3,7.6,0,1,mainly_clear,6.2,12.6,0.0,7.7,10.3,true
hobsons_bay,Hobsons Bay,23110,2026-08-27T04:00:00+10:00,2026-08-26T18:00:00+00:00,-37.85692420807772,144.8365925742649,8.9,7.1,0,1,mainly_clear,6.3,11.9,0.0,7.5,10.0,true
hobsons_bay,Hobsons Bay,23110,2026-08-27T05:00:00+10:00,2026-08-26T19:00:00+00:00,-37.85692420807772,144.8365925742649,8.5,6.6,0,1,mainly_clear,6.9,12.6,0.0,7.4,9.9,true
hobsons_bay,Hobsons Bay,23110,2026-08-27T06:00:00+10:00,2026-08-26T20:00:00+00:00,-37.85692420807772,144.8365925742649,8.0,6.1,0,0,clear_sky,6.9,13.0,0.0,7.7,10.1,true
hobsons_bay,Hobsons Bay,23110,2026-08-27T07:00:00+10:00,2026-08-26T21:00:00+00:00,-37.85692420807772,144.8365925742649,7.8,5.9,0,0,clear_sky,6.7,13.0,0.05,9.8,12.0,true
hobsons_bay,Hobsons Bay,23110,2026-08-27T08:00:00+10:00,2026-08-26T22:00:00+00:00,-37.85692420807772,144.8365925742649,8.2,6.4,0,0,clear_sky,6.0,12.6,0.35,13.2,14.9,true
hobsons_bay,Hobsons Bay,23110,2026-08-27T09:00:00+10:00,2026-08-26T23:00:00+00:00,-37.85692420807772,144.8365925742649,9.6,8.0,0,0,clear_sky,4.2,11.9,1.1,9.6,12.1,true
hobsons_bay,Hobsons Bay,23110,2026-08-27T10:00:00+10:00,2026-08-27T00:00:00+00:00,-37.85692420807772,144.8365925742649,11.1,9.7,0,0,clear_sky,2.7,9.4,2.25,8.7,12.8,true
hobsons_bay,Hobsons Bay,23110,2026-08-27T11:00:00+10:00,2026-08-27T01:00:00+00:00,-37.85692420807772,144.8365925742649,12.1,11.1,0,3,overcast,0.3,6.8,3.0,8.5,13.0,true
hobsons_bay,Hobsons Bay,23110,2026-08-27T12:00:00+10:00,2026-08-27T02:00:00+00:00,-37.85692420807772,144.8365925742649,12.9,12.0,0,2,partly_cloudy,1.8,4.7,3.3,8.3,12.7,true
hobsons_bay,Hobsons Bay,23110,2026-08-27T13:00:00+10:00,2026-08-27T03:00:00+00:00,-37.85692420807772,144.8365925742649,13.3,12.0,0,1,mainly_clear,4.6,7.2,3.1,8.4,12.5,true
hobsons_bay,Hobsons Bay,23110,2026-08-27T14:00:00+10:00,2026-08-27T04:00:00+00:00,-37.85692420807772,144.8365925742649,13.4,11.9,0,0,clear_sky,8.1,11.2,2.3,8.5,12.5,true
hobsons_bay,Hobsons Bay,23110,2026-08-27T15:00:00+10:00,2026-08-27T05:00:00+00:00,-37.85692420807772,144.8365925742649,13.1,10.6,0,0,clear_sky,12.7,16.9,1.4,8.5,12.3,true
hobsons_bay,Hobsons Bay,23110,2026-08-27T16:00:00+10:00,2026-08-27T06:00:00+00:00,-37.85692420807772,144.8365925742649,12.7,10.0,0,1,mainly_clear,13.2,19.8,0.55,8.1,11.7,true
hobsons_bay,Hobsons Bay,23110,2026-08-27T17:00:00+10:00,2026-08-27T07:00:00+00:00,-37.85692420807772,144.8365925742649,12.7,11.3,0,3,overcast,4.1,18.7,0.15,9.3,12.6,true
hobsons_bay,Hobsons Bay,23110,2026-08-27T18:00:00+10:00,2026-08-27T08:00:00+00:00,-37.85692420807772,144.8365925742649,13.0,11.8,0,3,overcast,3.1,7.6,0.0,12.4,15.5,true
hobsons_bay,Hobsons Bay,23110,2026-08-27T19:00:00+10:00,2026-08-27T09:00:00+00:00,-37.85692420807772,144.8365925742649,13.3,11.7,0,3,overcast,5.6,8.6,0.0,14.8,17.6,true
hobsons_bay,Hobsons Bay,23110,2026-08-27T20:00:00+10:00,2026-08-27T10:00:00+00:00,-37.85692420807772,144.8365925742649,13.1,11.8,0,2,partly_cloudy,4.4,8.6,0.0,16.7,19.3,true
hobsons_bay,Hobsons Bay,23110,2026-08-27T21:00:00+10:00,2026-08-27T11:00:00+00:00,-37.85692420807772,144.8365925742649,12.6,11.6,0,3,overcast,3.5,7.6,0.0,18.8,21.1,true
hobsons_bay,Hobsons Bay,23110,2026-08-27T22:00:00+10:00,2026-08-27T12:00:00+00:00,-37.85692420807772,144.8365925742649,12.2,11.2,0,3,overcast,4.3,7.9,0.0,19.3,21.3,true
hobsons_bay,Hobsons Bay,23110,2026-08-27T23:00:00+10:00,2026-08-27T13:00:00+00:00,-37.85692420807772,144.8365925742649,12.1,10.9,0,3,overcast,5.3,9.0,0.0,17.3,18.9,true
hobsons_bay,Hobsons Bay,23110,2026-08-28T00:00:00+10:00,2026-08-27T14:00:00+00:00,-37.85692420807772,144.8365925742649,12.2,10.6,0,3,overcast,7.2,10.8,0.0,14.3,15.8,true
hobsons_bay,Hobsons Bay,23110,2026-08-28T01:00:00+10:00,2026-08-27T15:00:00+00:00,-37.85692420807772,144.8365925742649,11.7,10.0,0,0,clear_sky,8.5,13.0,0.0,11.8,13.2,true
hobsons_bay,Hobsons Bay,23110,2026-08-28T02:00:00+10:00,2026-08-27T16:00:00+00:00,-37.85692420807772,144.8365925742649,10.7,8.8,0,2,partly_cloudy,8.8,13.7,0.0,9.6,10.9,true
hobsons_bay,Hobsons Bay,23110,2026-08-28T03:00:00+10:00,2026-08-27T17:00:00+00:00,-37.85692420807772,144.8365925742649,9.9,7.9,0,3,overcast,8.4,14.0,0.0,7.5,8.6,true
hobsons_bay,Hobsons Bay,23110,2026-08-28T04:00:00+10:00,2026-08-27T18:00:00+00:00,-37.85692420807772,144.8365925742649,9.8,7.8,0,3,overcast,8.4,14.0,0.0,5.8,6.9,true
hobsons_bay,Hobsons Bay,23110,2026-08-28T05:00:00+10:00,2026-08-27T19:00:00+00:00,-37.85692420807772,144.8365925742649,10.0,7.9,0,0,clear_sky,8.9,14.4,0.0,4.9,6.0,true
hobsons_bay,Hobsons Bay,23110,2026-08-28T06:00:00+10:00,2026-08-27T20:00:00+00:00,-37.85692420807772,144.8365925742649,9.9,7.8,0,0,clear_sky,8.6,14.8,0.0,4.5,5.7,true
hobsons_bay,Hobsons Bay,23110,2026-08-28T07:00:00+10:00,2026-08-27T21:00:00+00:00,-37.85692420807772,144.8365925742649,9.6,7.6,0,0,clear_sky,8.1,14.4,0.0,5.4,6.7,true
hobsons_bay,Hobsons Bay,23110,2026-08-28T08:00:00+10:00,2026-08-27T22:00:00+00:00,-37.85692420807772,144.8365925742649,10.1,8.2,0,0,clear_sky,7.5,13.7,0.15,6.9,8.5,true
hobsons_bay,Hobsons Bay,23110,2026-08-28T09:00:00+10:00,2026-08-27T23:00:00+00:00,-37.85692420807772,144.8365925742649,11.6,9.6,0,0,clear_sky,7.3,13.0,0.5,8.7,10.4,true
hobsons_bay,Hobsons Bay,23110,2026-08-28T10:00:00+10:00,2026-08-28T00:00:00+00:00,-37.85692420807772,144.8365925742649,13.3,11.5,2,3,overcast,6.2,11.9,1.25,6.8,8.5,true
hobsons_bay,Hobsons Bay,23110,2026-08-28T11:00:00+10:00,2026-08-28T01:00:00+00:00,-37.85692420807772,144.8365925742649,14.3,13.1,7,3,overcast,2.9,9.4,2.3,5.4,7.1,true
hobsons_bay,Hobsons Bay,23110,2026-08-28T12:00:00+10:00,2026-08-28T02:00:00+00:00,-37.85692420807772,144.8365925742649,14.6,14.1,15,3,overcast,0.9,4.3,2.7,5.1,7.1,true
hobsons_bay,Hobsons Bay,23110,2026-08-28T13:00:00+10:00,2026-08-28T03:00:00+00:00,-37.85692420807772,144.8365925742649,14.9,14.4,24,3,overcast,1.3,1.1,3.05,6.3,9.4,true
hobsons_bay,Hobsons Bay,23110,2026-08-28T14:00:00+10:00,2026-08-28T04:00:00+00:00,-37.85692420807772,144.8365925742649,14.4,13.4,39,51,light_drizzle,6.5,7.6,2.4,7.9,12.3,true
hobsons_bay,Hobsons Bay,23110,2026-08-28T15:00:00+10:00,2026-08-28T05:00:00+00:00,-37.85692420807772,144.8365925742649,13.5,13.0,56,55,dense_drizzle,4.2,7.9,1.55,10.0,15.8,true
hobsons_bay,Hobsons Bay,23110,2026-08-28T16:00:00+10:00,2026-08-28T06:00:00+00:00,-37.85692420807772,144.8365925742649,13.5,13.5,65,53,moderate_drizzle,2.1,6.5,0.65,11.0,17.6,true
hobsons_bay,Hobsons Bay,23110,2026-08-28T17:00:00+10:00,2026-08-28T07:00:00+00:00,-37.85692420807772,144.8365925742649,13.6,13.5,58,3,overcast,2.6,4.7,0.15,12.2,19.4,true
hobsons_bay,Hobsons Bay,23110,2026-08-28T18:00:00+10:00,2026-08-28T08:00:00+00:00,-37.85692420807772,144.8365925742649,13.6,13.8,42,51,light_drizzle,0.7,4.7,0.0,14.2,21.7,true
hobsons_bay,Hobsons Bay,23110,2026-08-28T19:00:00+10:00,2026-08-28T09:00:00+00:00,-37.85692420807772,144.8365925742649,13.6,13.4,27,51,light_drizzle,3.6,5.4,0.0,15.5,22.2,true
hobsons_bay,Hobsons Bay,23110,2026-08-28T20:00:00+10:00,2026-08-28T10:00:00+00:00,-37.85692420807772,144.8365925742649,13.2,12.5,17,1,mainly_clear,7.1,9.7,0.0,17.2,24.0,true
hobsons_bay,Hobsons Bay,23110,2026-08-28T21:00:00+10:00,2026-08-28T11:00:00+00:00,-37.85692420807772,144.8365925742649,12.9,12.4,8,1,mainly_clear,4.9,10.1,0.0,18.0,24.6,true
hobsons_bay,Hobsons Bay,23110,2026-08-28T22:00:00+10:00,2026-08-28T12:00:00+00:00,-37.85692420807772,144.8365925742649,12.5,12.0,2,1,mainly_clear,5.0,8.3,0.0,18.1,24.2,true
hobsons_bay,Hobsons Bay,23110,2026-08-28T23:00:00+10:00,2026-08-28T13:00:00+00:00,-37.85692420807772,144.8365925742649,11.8,11.4,0,2,partly_cloudy,4.5,8.3,0.0,17.6,23.3,true
hobsons_bay,Hobsons Bay,23110,2026-08-29T00:00:00+10:00,2026-08-28T14:00:00+00:00,-37.85692420807772,144.8365925742649,11.2,10.6,0,51,light_drizzle,5.9,9.7,0.0,17.2,22.5,true
hobsons_bay,Hobsons Bay,23110,2026-08-29T01:00:00+10:00,2026-08-28T15:00:00+00:00,-37.85692420807772,144.8365925742649,11.1,10.5,0,2,partly_cloudy,6.1,10.8,0.0,16.4,21.2,true
hobsons_bay,Hobsons Bay,23110,2026-08-29T02:00:00+10:00,2026-08-28T16:00:00+00:00,-37.85692420807772,144.8365925742649,11.0,10.0,0,3,overcast,8.1,12.2,0.0,14.8,19.2,true
hobsons_bay,Hobsons Bay,23110,2026-08-29T03:00:00+10:00,2026-08-28T17:00:00+00:00,-37.85692420807772,144.8365925742649,11.0,9.5,0,3,overcast,10.4,15.5,0.0,12.9,16.6,true
hobsons_bay,Hobsons Bay,23110,2026-08-29T04:00:00+10:00,2026-08-28T18:00:00+00:00,-37.85692420807772,144.8365925742649,10.7,9.1,0,3,overcast,10.4,16.6,0.0,10.6,13.9,true
hobsons_bay,Hobsons Bay,23110,2026-08-29T05:00:00+10:00,2026-08-28T19:00:00+00:00,-37.85692420807772,144.8365925742649,10.2,8.7,0,1,mainly_clear,9.0,16.2,0.0,9.1,12.2,true
hobsons_bay,Hobsons Bay,23110,2026-08-29T06:00:00+10:00,2026-08-28T20:00:00+00:00,-37.85692420807772,144.8365925742649,9.3,7.8,0,1,mainly_clear,8.8,14.8,0.0,8.3,11.2,true
hobsons_bay,Hobsons Bay,23110,2026-08-29T07:00:00+10:00,2026-08-28T21:00:00+00:00,-37.85692420807772,144.8365925742649,8.7,6.9,0,0,clear_sky,8.6,15.1,0.05,8.6,11.2,true
hobsons_bay,Hobsons Bay,23110,2026-08-29T08:00:00+10:00,2026-08-28T22:00:00+00:00,-37.85692420807772,144.8365925742649,8.7,7.0,0,1,mainly_clear,8.4,14.8,0.3,9.5,12.0,true
hobsons_bay,Hobsons Bay,23110,2026-08-29T09:00:00+10:00,2026-08-28T23:00:00+00:00,-37.85692420807772,144.8365925742649,9.5,7.7,0,1,mainly_clear,8.9,15.1,0.8,9.2,12.7,true
hobsons_bay,Hobsons Bay,23110,2026-08-29T10:00:00+10:00,2026-08-29T00:00:00+00:00,-37.85692420807772,144.8365925742649,10.7,9.0,0,2,partly_cloudy,8.6,14.8,1.45,10.8,16.5,true
hobsons_bay,Hobsons Bay,23110,2026-08-29T11:00:00+10:00,2026-08-29T01:00:00+00:00,-37.85692420807772,144.8365925742649,11.6,9.7,1,1,mainly_clear,9.3,14.4,1.75,11.2,17.9,true
hobsons_bay,Hobsons Bay,23110,2026-08-29T12:00:00+10:00,2026-08-29T02:00:00+00:00,-37.85692420807772,144.8365925742649,12.3,10.4,1,0,clear_sky,9.4,14.4,1.65,11.4,18.3,true
hobsons_bay,Hobsons Bay,23110,2026-08-29T13:00:00+10:00,2026-08-29T03:00:00+00:00,-37.85692420807772,144.8365925742649,12.6,10.5,2,0,clear_sky,11.3,15.5,1.65,13.7,21.9,true
hobsons_bay,Hobsons Bay,23110,2026-08-29T14:00:00+10:00,2026-08-29T04:00:00+00:00,-37.85692420807772,144.8365925742649,12.7,10.2,2,2,partly_cloudy,13.5,18.7,1.25,13.4,21.2,true
hobsons_bay,Hobsons Bay,23110,2026-08-29T15:00:00+10:00,2026-08-29T05:00:00+00:00,-37.85692420807772,144.8365925742649,12.7,10.2,2,3,overcast,12.2,18.7,0.75,16.3,25.8,true
hobsons_bay,Hobsons Bay,23110,2026-08-29T16:00:00+10:00,2026-08-29T06:00:00+00:00,-37.85692420807772,144.8365925742649,12.6,10.5,2,3,overcast,9.6,17.3,0.35,15.7,24.7,true
hobsons_bay,Hobsons Bay,23110,2026-08-29T17:00:00+10:00,2026-08-29T07:00:00+00:00,-37.85692420807772,144.8365925742649,12.6,10.9,1,3,overcast,7.5,14.0,0.1,15.9,25.0,true
hobsons_bay,Hobsons Bay,23110,2026-08-29T18:00:00+10:00,2026-08-29T08:00:00+00:00,-37.85692420807772,144.8365925742649,12.4,11.4,1,0,clear_sky,2.7,11.5,0.0,16.1,24.9,true
hobsons_bay,Hobsons Bay,23110,2026-08-29T19:00:00+10:00,2026-08-29T09:00:00+00:00,-37.85692420807772,144.8365925742649,12.4,11.2,0,3,overcast,4.8,7.6,0.0,15.1,22.5,true
hobsons_bay,Hobsons Bay,23110,2026-08-29T20:00:00+10:00,2026-08-29T10:00:00+00:00,-37.85692420807772,144.8365925742649,12.6,11.2,0,3,overcast,6.3,9.4,0.0,14.1,20.5,true
hobsons_bay,Hobsons Bay,23110,2026-08-29T21:00:00+10:00,2026-08-29T11:00:00+00:00,-37.85692420807772,144.8365925742649,12.6,11.0,0,3,overcast,8.3,11.9,0.0,12.7,18.2,true
hobsons_bay,Hobsons Bay,23110,2026-08-29T22:00:00+10:00,2026-08-29T12:00:00+00:00,-37.85692420807772,144.8365925742649,12.3,10.6,0,3,overcast,9.4,14.0,0.0,11.0,15.5,true
hobsons_bay,Hobsons Bay,23110,2026-08-29T23:00:00+10:00,2026-08-29T13:00:00+00:00,-37.85692420807772,144.8365925742649,11.5,9.3,0,3,overcast,11.9,17.3,0.0,10.1,14.3,true
hobsons_bay,Hobsons Bay,23110,2026-08-30T00:00:00+10:00,2026-08-29T14:00:00+00:00,-37.85692420807772,144.8365925742649,11.0,9.2,0,1,mainly_clear,9.9,17.6,0.0,9.0,12.8,true
hobsons_bay,Hobsons Bay,23110,2026-08-30T01:00:00+10:00,2026-08-29T15:00:00+00:00,-37.85692420807772,144.8365925742649,10.6,8.9,0,1,mainly_clear,8.6,15.1,0.0,8.6,12.5,true
hobsons_bay,Hobsons Bay,23110,2026-08-30T02:00:00+10:00,2026-08-29T16:00:00+00:00,-37.85692420807772,144.8365925742649,10.2,8.4,0,2,partly_cloudy,8.8,14.4,0.0,8.3,12.3,true
hobsons_bay,Hobsons Bay,23110,2026-08-30T03:00:00+10:00,2026-08-29T17:00:00+00:00,-37.85692420807772,144.8365925742649,9.7,8.1,0,1,mainly_clear,7.8,14.4,0.0,7.8,11.6,true
hobsons_bay,Hobsons Bay,23110,2026-08-30T04:00:00+10:00,2026-08-29T18:00:00+00:00,-37.85692420807772,144.8365925742649,9.3,7.8,0,1,mainly_clear,6.5,13.3,0.0,7.3,10.9,true
hobsons_bay,Hobsons Bay,23110,2026-08-30T05:00:00+10:00,2026-08-29T19:00:00+00:00,-37.85692420807772,144.8365925742649,9.1,7.6,0,1,mainly_clear,6.5,13.0,0.0,6.9,10.4,true
hobsons_bay,Hobsons Bay,23110,2026-08-30T06:00:00+10:00,2026-08-29T20:00:00+00:00,-37.85692420807772,144.8365925742649,9.0,7.4,0,1,mainly_clear,6.9,13.0,0.0,7.0,10.4,true
hobsons_bay,Hobsons Bay,23110,2026-08-30T07:00:00+10:00,2026-08-29T21:00:00+00:00,-37.85692420807772,144.8365925742649,9.2,7.6,0,1,mainly_clear,6.8,13.0,0.0,7.7,11.2,true
hobsons_bay,Hobsons Bay,23110,2026-08-30T08:00:00+10:00,2026-08-29T22:00:00+00:00,-37.85692420807772,144.8365925742649,9.9,8.5,0,1,mainly_clear,6.1,12.6,0.2,8.8,12.3,true
hobsons_bay,Hobsons Bay,23110,2026-08-30T09:00:00+10:00,2026-08-29T23:00:00+00:00,-37.85692420807772,144.8365925742649,10.9,9.7,0,2,partly_cloudy,5.8,12.6,0.65,9.9,14.6,true
hobsons_bay,Hobsons Bay,23110,2026-08-30T10:00:00+10:00,2026-08-30T00:00:00+00:00,-37.85692420807772,144.8365925742649,11.8,10.5,0,3,overcast,6.6,12.6,1.4,11.1,17.2,true
hobsons_bay,Hobsons Bay,23110,2026-08-30T11:00:00+10:00,2026-08-30T01:00:00+00:00,-37.85692420807772,144.8365925742649,12.4,11.0,0,3,overcast,7.4,13.3,2.1,11.1,17.5,true
hobsons_bay,Hobsons Bay,23110,2026-08-30T12:00:00+10:00,2026-08-30T02:00:00+00:00,-37.85692420807772,144.8365925742649,12.8,11.2,0,3,overcast,8.1,14.4,2.5,11.2,17.5,true
hobsons_bay,Hobsons Bay,23110,2026-08-30T13:00:00+10:00,2026-08-30T03:00:00+00:00,-37.85692420807772,144.8365925742649,13.1,11.4,0,3,overcast,8.6,15.1,2.55,10.3,16.0,true
hobsons_bay,Hobsons Bay,23110,2026-08-30T14:00:00+10:00,2026-08-30T04:00:00+00:00,-37.85692420807772,144.8365925742649,13.2,11.5,0,2,partly_cloudy,8.7,14.8,2.2,9.7,15.0,true
hobsons_bay,Hobsons Bay,23110,2026-08-30T15:00:00+10:00,2026-08-30T05:00:00+00:00,-37.85692420807772,144.8365925742649,13.1,11.4,0,2,partly_cloudy,8.9,13.7,1.25,9.8,15.1,true
hobsons_bay,Hobsons Bay,23110,2026-08-30T16:00:00+10:00,2026-08-30T06:00:00+00:00,-37.85692420807772,144.8365925742649,13.0,11.4,0,2,partly_cloudy,9.1,13.0,0.55,10.1,15.5,true
hobsons_bay,Hobsons Bay,23110,2026-08-30T17:00:00+10:00,2026-08-30T07:00:00+00:00,-37.85692420807772,144.8365925742649,12.9,11.4,0,2,partly_cloudy,8.5,13.0,0.1,10.4,15.9,true
hobsons_bay,Hobsons Bay,23110,2026-08-30T18:00:00+10:00,2026-08-30T08:00:00+00:00,-37.85692420807772,144.8365925742649,12.9,11.5,0,2,partly_cloudy,7.3,13.0,0.0,11.6,17.2,true
hobsons_bay,Hobsons Bay,23110,2026-08-30T19:00:00+10:00,2026-08-30T09:00:00+00:00,-37.85692420807772,144.8365925742649,12.8,11.7,0,3,overcast,6.2,13.0,0.0,11.2,16.0,true
hobsons_bay,Hobsons Bay,23110,2026-08-30T20:00:00+10:00,2026-08-30T10:00:00+00:00,-37.85692420807772,144.8365925742649,12.8,11.9,0,3,overcast,4.4,12.2,0.0,10.6,14.9,true
hobsons_bay,Hobsons Bay,23110,2026-08-30T21:00:00+10:00,2026-08-30T11:00:00+00:00,-37.85692420807772,144.8365925742649,12.7,12.1,0,3,overcast,2.5,10.8,0.0,10.9,15.2,true
hobsons_bay,Hobsons Bay,23110,2026-08-30T22:00:00+10:00,2026-08-30T12:00:00+00:00,-37.85692420807772,144.8365925742649,12.6,12.2,0,3,overcast,1.0,9.7,0.0,11.8,16.4,true
hobsons_bay,Hobsons Bay,23110,2026-08-30T23:00:00+10:00,2026-08-30T13:00:00+00:00,-37.85692420807772,144.8365925742649,12.3,12.1,0,3,overcast,0.4,8.6,,,,false
hobsons_bay,Hobsons Bay,23110,2026-08-31T00:00:00+10:00,2026-08-30T14:00:00+00:00,-37.85692420807772,144.8365925742649,12.0,11.7,0,3,overcast,1.9,7.2,,,,false
hobsons_bay,Hobsons Bay,23110,2026-08-31T01:00:00+10:00,2026-08-30T15:00:00+00:00,-37.85692420807772,144.8365925742649,11.7,11.3,0,3,overcast,3.1,6.8,,,,false
hobsons_bay,Hobsons Bay,23110,2026-08-31T02:00:00+10:00,2026-08-30T16:00:00+00:00,-37.85692420807772,144.8365925742649,11.5,11.1,0,51,light_drizzle,3.8,7.2,,,,false
hobsons_bay,Hobsons Bay,23110,2026-08-31T03:00:00+10:00,2026-08-30T17:00:00+00:00,-37.85692420807772,144.8365925742649,11.4,10.8,0,51,light_drizzle,4.6,8.6,,,,false
hobsons_bay,Hobsons Bay,23110,2026-08-31T04:00:00+10:00,2026-08-30T18:00:00+00:00,-37.85692420807772,144.8365925742649,11.2,10.5,0,51,light_drizzle,5.6,9.7,,,,false
hobsons_bay,Hobsons Bay,23110,2026-08-31T05:00:00+10:00,2026-08-30T19:00:00+00:00,-37.85692420807772,144.8365925742649,10.9,9.9,0,3,overcast,6.4,10.8,,,,false
hobsons_bay,Hobsons Bay,23110,2026-08-31T06:00:00+10:00,2026-08-30T20:00:00+00:00,-37.85692420807772,144.8365925742649,10.5,9.2,0,2,partly_cloudy,7.2,11.9,,,,false
hobsons_bay,Hobsons Bay,23110,2026-08-31T07:00:00+10:00,2026-08-30T21:00:00+00:00,-37.85692420807772,144.8365925742649,10.4,9.0,0,1,mainly_clear,6.9,12.6,,,,false
hobsons_bay,Hobsons Bay,23110,2026-08-31T08:00:00+10:00,2026-08-30T22:00:00+00:00,-37.85692420807772,144.8365925742649,10.6,9.4,0,2,partly_cloudy,4.9,12.6,,,,false
hobsons_bay,Hobsons Bay,23110,2026-08-31T09:00:00+10:00,2026-08-30T23:00:00+00:00,-37.85692420807772,144.8365925742649,11.1,10.1,0,3,overcast,3.7,12.2,,,,false
hobsons_bay,Hobsons Bay,23110,2026-08-31T10:00:00+10:00,2026-08-31T00:00:00+00:00,-37.85692420807772,144.8365925742649,11.7,10.6,0,3,overcast,4.2,11.9,,,,false
hobsons_bay,Hobsons Bay,23110,2026-08-31T11:00:00+10:00,2026-08-31T01:00:00+00:00,-37.85692420807772,144.8365925742649,12.6,11.8,0,2,partly_cloudy,2.8,10.8,,,,false
hobsons_bay,Hobsons Bay,23110,2026-08-31T12:00:00+10:00,2026-08-31T02:00:00+00:00,-37.85692420807772,144.8365925742649,13.7,13.3,0,1,mainly_clear,1.3,9.7,,,,false
hobsons_bay,Hobsons Bay,23110,2026-08-31T13:00:00+10:00,2026-08-31T03:00:00+00:00,-37.85692420807772,144.8365925742649,14.2,14.0,0,0,clear_sky,3.5,10.1,,,,false
hobsons_bay,Hobsons Bay,23110,2026-08-31T14:00:00+10:00,2026-08-31T04:00:00+00:00,-37.85692420807772,144.8365925742649,13.9,13.3,0,0,clear_sky,6.1,13.3,,,,false
hobsons_bay,Hobsons Bay,23110,2026-08-31T15:00:00+10:00,2026-08-31T05:00:00+00:00,-37.85692420807772,144.8365925742649,13.1,11.5,0,0,clear_sky,8.7,18.0,,,,false
hobsons_bay,Hobsons Bay,23110,2026-08-31T16:00:00+10:00,2026-08-31T06:00:00+00:00,-37.85692420807772,144.8365925742649,12.4,10.7,0,0,clear_sky,9.4,20.5,,,,false
hobsons_bay,Hobsons Bay,23110,2026-08-31T17:00:00+10:00,2026-08-31T07:00:00+00:00,-37.85692420807772,144.8365925742649,12.1,10.7,0,0,clear_sky,7.3,19.4,,,,false
hobsons_bay,Hobsons Bay,23110,2026-08-31T18:00:00+10:00,2026-08-31T08:00:00+00:00,-37.85692420807772,144.8365925742649,11.9,11.1,0,0,clear_sky,3.6,16.2,,,,false
hobsons_bay,Hobsons Bay,23110,2026-08-31T19:00:00+10:00,2026-08-31T09:00:00+00:00,-37.85692420807772,144.8365925742649,11.9,11.5,0,0,clear_sky,2.0,14.0,,,,false
hobsons_bay,Hobsons Bay,23110,2026-08-31T20:00:00+10:00,2026-08-31T10:00:00+00:00,-37.85692420807772,144.8365925742649,12.4,11.7,0,0,clear_sky,5.0,13.7,,,,false
hobsons_bay,Hobsons Bay,23110,2026-08-31T21:00:00+10:00,2026-08-31T11:00:00+00:00,-37.85692420807772,144.8365925742649,13.2,12.0,0,0,clear_sky,8.8,14.0,,,,false
hobsons_bay,Hobsons Bay,23110,2026-08-31T22:00:00+10:00,2026-08-31T12:00:00+00:00,-37.85692420807772,144.8365925742649,13.7,12.2,0,0,clear_sky,12.1,15.1,,,,false
hobsons_bay,Hobsons Bay,23110,2026-08-31T23:00:00+10:00,2026-08-31T13:00:00+00:00,-37.85692420807772,144.8365925742649,13.8,12.0,0,0,clear_sky,14.2,16.9,,,,false
hobsons_bay,Hobsons Bay,23110,2026-09-01T00:00:00+10:00,2026-08-31T14:00:00+00:00,-37.85692420807772,144.8365925742649,13.6,11.6,0,0,clear_sky,15.7,19.1,,,,false
hobsons_bay,Hobsons Bay,23110,2026-09-01T01:00:00+10:00,2026-08-31T15:00:00+00:00,-37.85692420807772,144.8365925742649,13.4,11.2,0,0,clear_sky,16.7,21.2,,,,false
hobsons_bay,Hobsons Bay,23110,2026-09-01T02:00:00+10:00,2026-08-31T16:00:00+00:00,-37.85692420807772,144.8365925742649,13.3,11.0,0,1,mainly_clear,17.6,22.7,,,,false
hobsons_bay,Hobsons Bay,23110,2026-09-01T03:00:00+10:00,2026-08-31T17:00:00+00:00,-37.85692420807772,144.8365925742649,13.2,10.7,0,2,partly_cloudy,18.4,24.1,,,,false
hobsons_bay,Hobsons Bay,23110,2026-09-01T04:00:00+10:00,2026-08-31T18:00:00+00:00,-37.85692420807772,144.8365925742649,13.1,10.5,0,2,partly_cloudy,19.1,25.2,,,,false
hobsons_bay,Hobsons Bay,23110,2026-09-01T05:00:00+10:00,2026-08-31T19:00:00+00:00,-37.85692420807772,144.8365925742649,12.9,10.2,0,2,partly_cloudy,19.7,26.3,,,,false
hobsons_bay,Hobsons Bay,23110,2026-09-01T06:00:00+10:00,2026-08-31T20:00:00+00:00,-37.85692420807772,144.8365925742649,12.8,9.9,0,2,partly_cloudy,20.4,27.0,,,,false
hobsons_bay,Hobsons Bay,23110,2026-09-01T07:00:00+10:00,2026-08-31T21:00:00+00:00,-37.85692420807772,144.8365925742649,12.8,9.8,0,2,partly_cloudy,21.2,28.4,,,,false
hobsons_bay,Hobsons Bay,23110,2026-09-01T08:00:00+10:00,2026-08-31T22:00:00+00:00,-37.85692420807772,144.8365925742649,13.4,10.0,1,1,mainly_clear,24.2,31.7,,,,false
hobsons_bay,Hobsons Bay,23110,2026-09-01T09:00:00+10:00,2026-08-31T23:00:00+00:00,-37.85692420807772,144.8365925742649,13.7,10.1,2,1,mainly_clear,24.9,33.1,,,,false
hobsons_bay,Hobsons Bay,23110,2026-09-01T10:00:00+10:00,2026-09-01T00:00:00+00:00,-37.85692420807772,144.8365925742649,14.0,10.4,4,1,mainly_clear,25.2,34.6,,,,false
hobsons_bay,Hobsons Bay,23110,2026-09-01T11:00:00+10:00,2026-09-01T01:00:00+00:00,-37.85692420807772,144.8365925742649,14.6,11.0,7,1,mainly_clear,25.3,36.0,,,,false
hobsons_bay,Hobsons Bay,23110,2026-09-01T12:00:00+10:00,2026-09-01T02:00:00+00:00,-37.85692420807772,144.8365925742649,15.5,11.9,11,2,partly_cloudy,25.2,37.8,,,,false
hobsons_bay,Hobsons Bay,23110,2026-09-01T13:00:00+10:00,2026-09-01T03:00:00+00:00,-37.85692420807772,144.8365925742649,16.4,12.7,16,2,partly_cloudy,25.4,39.6,,,,false
hobsons_bay,Hobsons Bay,23110,2026-09-01T14:00:00+10:00,2026-09-01T04:00:00+00:00,-37.85692420807772,144.8365925742649,17.3,13.6,21,3,overcast,25.3,41.0,,,,false
hobsons_bay,Hobsons Bay,23110,2026-09-01T15:00:00+10:00,2026-09-01T05:00:00+00:00,-37.85692420807772,144.8365925742649,17.9,14.2,26,3,overcast,25.0,42.1,,,,false
hobsons_bay,Hobsons Bay,23110,2026-09-01T16:00:00+10:00,2026-09-01T06:00:00+00:00,-37.85692420807772,144.8365925742649,18.0,14.5,31,3,overcast,24.0,42.5,,,,false
hobsons_bay,Hobsons Bay,23110,2026-09-01T17:00:00+10:00,2026-09-01T07:00:00+00:00,-37.85692420807772,144.8365925742649,17.6,14.4,38,55,dense_drizzle,21.9,42.5,,,,false
hobsons_bay,Hobsons Bay,23110,2026-09-01T18:00:00+10:00,2026-09-01T08:00:00+00:00,-37.85692420807772,144.8365925742649,16.8,13.9,45,55,dense_drizzle,19.8,41.4,,,,false
hobsons_bay,Hobsons Bay,23110,2026-09-01T19:00:00+10:00,2026-09-01T09:00:00+00:00,-37.85692420807772,144.8365925742649,15.7,12.9,51,55,dense_drizzle,19.2,40.3,,,,false
hobsons_bay,Hobsons Bay,23110,2026-09-01T20:00:00+10:00,2026-09-01T10:00:00+00:00,-37.85692420807772,144.8365925742649,14.5,11.5,57,55,dense_drizzle,20.5,39.2,,,,false
hobsons_bay,Hobsons Bay,23110,2026-09-01T21:00:00+10:00,2026-09-01T11:00:00+00:00,-37.85692420807772,144.8365925742649,13.4,10.1,61,55,dense_drizzle,22.6,37.8,,,,false
hobsons_bay,Hobsons Bay,23110,2026-09-01T22:00:00+10:00,2026-09-01T12:00:00+00:00,-37.85692420807772,144.8365925742649,12.6,9.0,63,55,dense_drizzle,23.7,36.7,,,,false
hobsons_bay,Hobsons Bay,23110,2026-09-01T23:00:00+10:00,2026-09-01T13:00:00+00:00,-37.85692420807772,144.8365925742649,11.9,8.4,60,0,clear_sky,22.6,36.0,,,,false
hume,Hume,23270,2026-08-26T00:00:00+10:00,2026-08-25T14:00:00+00:00,-37.5971521009482,144.823570879774,10.3,8.0,83,51,light_drizzle,15.9,27.7,0.0,3.3,4.0,true
hume,Hume,23270,2026-08-26T01:00:00+10:00,2026-08-25T15:00:00+00:00,-37.5971521009482,144.823570879774,10.1,7.6,92,51,light_drizzle,16.9,29.2,0.0,3.1,4.0,true
hume,Hume,23270,2026-08-26T02:00:00+10:00,2026-08-25T16:00:00+00:00,-37.5971521009482,144.823570879774,9.6,7.0,77,51,light_drizzle,16.3,29.9,0.0,3.4,4.6,true
hume,Hume,23270,2026-08-26T03:00:00+10:00,2026-08-25T17:00:00+00:00,-37.5971521009482,144.823570879774,9.2,6.6,51,3,overcast,15.4,28.4,0.0,3.6,4.9,true
hume,Hume,23270,2026-08-26T04:00:00+10:00,2026-08-25T18:00:00+00:00,-37.5971521009482,144.823570879774,8.4,5.8,29,1,mainly_clear,14.3,27.0,0.0,3.9,5.5,true
hume,Hume,23270,2026-08-26T05:00:00+10:00,2026-08-25T19:00:00+00:00,-37.5971521009482,144.823570879774,7.5,4.9,16,0,clear_sky,12.4,24.8,0.0,4.3,6.1,true
hume,Hume,23270,2026-08-26T06:00:00+10:00,2026-08-25T20:00:00+00:00,-37.5971521009482,144.823570879774,7.0,4.5,6,0,clear_sky,11.5,21.2,0.0,4.6,6.4,true
hume,Hume,23270,2026-08-26T07:00:00+10:00,2026-08-25T21:00:00+00:00,-37.5971521009482,144.823570879774,6.8,4.1,0,0,clear_sky,12.2,20.5,0.0,5.4,7.3,true
hume,Hume,23270,2026-08-26T08:00:00+10:00,2026-08-25T22:00:00+00:00,-37.5971521009482,144.823570879774,7.8,4.9,0,0,clear_sky,14.9,24.8,0.25,5.8,8.1,true
hume,Hume,23270,2026-08-26T09:00:00+10:00,2026-08-25T23:00:00+00:00,-37.5971521009482,144.823570879774,9.5,6.6,0,0,clear_sky,15.8,31.0,0.9,5.4,7.9,true
hume,Hume,23270,2026-08-26T10:00:00+10:00,2026-08-26T00:00:00+00:00,-37.5971521009482,144.823570879774,11.4,8.4,0,1,mainly_clear,17.3,31.0,1.75,7.7,11.7,true
hume,Hume,23270,2026-08-26T11:00:00+10:00,2026-08-26T01:00:00+00:00,-37.5971521009482,144.823570879774,12.2,8.8,2,51,light_drizzle,17.9,34.6,2.45,6.6,10.0,true
hume,Hume,23270,2026-08-26T12:00:00+10:00,2026-08-26T02:00:00+00:00,-37.5971521009482,144.823570879774,12.7,9.3,5,2,partly_cloudy,17.0,34.6,2.35,7.1,10.9,true
hume,Hume,23270,2026-08-26T13:00:00+10:00,2026-08-26T03:00:00+00:00,-37.5971521009482,144.823570879774,13.3,9.9,6,3,overcast,16.2,33.1,2.3,6.8,10.5,true
hume,Hume,23270,2026-08-26T14:00:00+10:00,2026-08-26T04:00:00+00:00,-37.5971521009482,144.823570879774,12.9,9.6,5,51,light_drizzle,16.1,32.0,1.7,6.7,10.3,true
hume,Hume,23270,2026-08-26T15:00:00+10:00,2026-08-26T05:00:00+00:00,-37.5971521009482,144.823570879774,13.2,10.0,2,51,light_drizzle,14.8,30.6,0.95,6.7,10.2,true
hume,Hume,23270,2026-08-26T16:00:00+10:00,2026-08-26T06:00:00+00:00,-37.5971521009482,144.823570879774,12.7,9.5,0,2,partly_cloudy,15.3,28.8,0.5,7.1,10.7,true
hume,Hume,23270,2026-08-26T17:00:00+10:00,2026-08-26T07:00:00+00:00,-37.5971521009482,144.823570879774,11.6,8.8,0,3,overcast,13.4,28.8,0.15,7.4,11.0,true
hume,Hume,23270,2026-08-26T18:00:00+10:00,2026-08-26T08:00:00+00:00,-37.5971521009482,144.823570879774,9.7,7.8,0,2,partly_cloudy,7.2,23.8,0.0,9.5,13.2,true
hume,Hume,23270,2026-08-26T19:00:00+10:00,2026-08-26T09:00:00+00:00,-37.5971521009482,144.823570879774,8.5,6.7,0,3,overcast,6.3,12.2,0.0,11.9,15.7,true
hume,Hume,23270,2026-08-26T20:00:00+10:00,2026-08-26T10:00:00+00:00,-37.5971521009482,144.823570879774,8.4,6.6,0,3,overcast,6.3,10.4,0.0,12.6,16.1,true
hume,Hume,23270,2026-08-26T21:00:00+10:00,2026-08-26T11:00:00+00:00,-37.5971521009482,144.823570879774,8.3,6.5,0,2,partly_cloudy,6.2,10.1,0.0,11.6,14.0,true
hume,Hume,23270,2026-08-26T22:00:00+10:00,2026-08-26T12:00:00+00:00,-37.5971521009482,144.823570879774,8.1,6.3,0,3,overcast,6.1,9.7,0.0,11.5,13.8,true
hume,Hume,23270,2026-08-26T23:00:00+10:00,2026-08-26T13:00:00+00:00,-37.5971521009482,144.823570879774,8.3,6.6,0,2,partly_cloudy,4.9,9.7,0.0,11.4,13.6,true
hume,Hume,23270,2026-08-27T00:00:00+10:00,2026-08-26T14:00:00+00:00,-37.5971521009482,144.823570879774,8.1,6.3,0,3,overcast,5.7,9.0,0.0,10.9,13.1,true
hume,Hume,23270,2026-08-27T01:00:00+10:00,2026-08-26T15:00:00+00:00,-37.5971521009482,144.823570879774,8.1,6.2,0,2,partly_cloudy,5.8,10.1,0.0,10.0,12.3,true
hume,Hume,23270,2026-08-27T02:00:00+10:00,2026-08-26T16:00:00+00:00,-37.5971521009482,144.823570879774,6.6,4.6,0,0,clear_sky,5.6,9.7,0.0,9.4,11.6,true
hume,Hume,23270,2026-08-27T03:00:00+10:00,2026-08-26T17:00:00+00:00,-37.5971521009482,144.823570879774,5.6,3.3,0,0,clear_sky,6.0,8.6,0.0,8.8,11.2,true
hume,Hume,23270,2026-08-27T04:00:00+10:00,2026-08-26T18:00:00+00:00,-37.5971521009482,144.823570879774,5.1,2.7,0,1,mainly_clear,6.2,9.7,0.0,8.6,11.1,true
hume,Hume,23270,2026-08-27T05:00:00+10:00,2026-08-26T19:00:00+00:00,-37.5971521009482,144.823570879774,5.1,2.6,0,1,mainly_clear,6.4,9.7,0.0,8.6,11.2,true
hume,Hume,23270,2026-08-27T06:00:00+10:00,2026-08-26T20:00:00+00:00,-37.5971521009482,144.823570879774,4.9,2.5,0,1,mainly_clear,5.8,9.7,0.0,9.3,12.0,true
hume,Hume,23270,2026-08-27T07:00:00+10:00,2026-08-26T21:00:00+00:00,-37.5971521009482,144.823570879774,4.8,2.4,0,0,clear_sky,5.3,8.6,0.05,12.7,15.4,true
hume,Hume,23270,2026-08-27T08:00:00+10:00,2026-08-26T22:00:00+00:00,-37.5971521009482,144.823570879774,7.3,5.0,0,1,mainly_clear,7.3,10.4,0.35,17.9,19.8,true
hume,Hume,23270,2026-08-27T09:00:00+10:00,2026-08-26T23:00:00+00:00,-37.5971521009482,144.823570879774,9.8,8.0,0,2,partly_cloudy,5.0,12.6,1.15,12.0,15.5,true
hume,Hume,23270,2026-08-27T10:00:00+10:00,2026-08-27T00:00:00+00:00,-37.5971521009482,144.823570879774,11.2,9.5,0,3,overcast,4.0,13.7,2.35,8.9,13.0,true
hume,Hume,23270,2026-08-27T11:00:00+10:00,2026-08-27T01:00:00+00:00,-37.5971521009482,144.823570879774,12.1,10.8,0,3,overcast,1.8,13.3,3.45,8.4,12.4,true
hume,Hume,23270,2026-08-27T12:00:00+10:00,2026-08-27T02:00:00+00:00,-37.5971521009482,144.823570879774,12.7,11.8,0,2,partly_cloudy,1.3,11.5,3.95,8.3,12.2,true
hume,Hume,23270,2026-08-27T13:00:00+10:00,2026-08-27T03:00:00+00:00,-37.5971521009482,144.823570879774,13.4,13.0,0,1,mainly_clear,2.1,12.2,3.7,8.4,12.0,true
hume,Hume,23270,2026-08-27T14:00:00+10:00,2026-08-27T04:00:00+00:00,-37.5971521009482,144.823570879774,14.3,13.9,0,1,mainly_clear,1.9,12.6,2.8,8.4,12.0,true
hume,Hume,23270,2026-08-27T15:00:00+10:00,2026-08-27T05:00:00+00:00,-37.5971521009482,144.823570879774,15.0,14.0,0,2,partly_cloudy,2.6,11.5,1.65,8.6,12.1,true
hume,Hume,23270,2026-08-27T16:00:00+10:00,2026-08-27T06:00:00+00:00,-37.5971521009482,144.823570879774,14.6,12.8,0,2,partly_cloudy,8.3,17.3,0.65,8.3,11.6,true
hume,Hume,23270,2026-08-27T17:00:00+10:00,2026-08-27T07:00:00+00:00,-37.5971521009482,144.823570879774,13.4,11.1,0,3,overcast,10.6,19.4,0.15,10.6,13.8,true
hume,Hume,23270,2026-08-27T18:00:00+10:00,2026-08-27T08:00:00+00:00,-37.5971521009482,144.823570879774,11.8,10.0,0,3,overcast,6.9,18.4,0.0,15.9,19.1,true
hume,Hume,23270,2026-08-27T19:00:00+10:00,2026-08-27T09:00:00+00:00,-37.5971521009482,144.823570879774,11.6,10.7,0,3,overcast,2.2,11.2,0.0,20.5,23.6,true
hume,Hume,23270,2026-08-27T20:00:00+10:00,2026-08-27T10:00:00+00:00,-37.5971521009482,144.823570879774,10.9,10.0,0,2,partly_cloudy,1.2,3.2,0.0,24.6,27.5,true
hume,Hume,23270,2026-08-27T21:00:00+10:00,2026-08-27T11:00:00+00:00,-37.5971521009482,144.823570879774,9.0,7.8,0,3,overcast,2.3,3.6,0.0,28.2,31.0,true
hume,Hume,23270,2026-08-27T22:00:00+10:00,2026-08-27T12:00:00+00:00,-37.5971521009482,144.823570879774,8.6,7.2,0,3,overcast,3.8,5.4,0.0,28.2,30.3,true
hume,Hume,23270,2026-08-27T23:00:00+10:00,2026-08-27T13:00:00+00:00,-37.5971521009482,144.823570879774,7.9,6.5,0,3,overcast,2.6,5.4,0.0,22.9,24.3,true
hume,Hume,23270,2026-08-28T00:00:00+10:00,2026-08-27T14:00:00+00:00,-37.5971521009482,144.823570879774,7.9,6.0,0,1,mainly_clear,5.1,8.3,0.0,16.9,18.0,true
hume,Hume,23270,2026-08-28T01:00:00+10:00,2026-08-27T15:00:00+00:00,-37.5971521009482,144.823570879774,6.4,4.0,0,1,mainly_clear,7.1,11.5,0.0,12.6,13.5,true
hume,Hume,23270,2026-08-28T02:00:00+10:00,2026-08-27T16:00:00+00:00,-37.5971521009482,144.823570879774,6.0,3.3,0,3,overcast,8.6,14.4,0.0,9.5,10.4,true
hume,Hume,23270,2026-08-28T03:00:00+10:00,2026-08-27T17:00:00+00:00,-37.5971521009482,144.823570879774,6.5,3.7,0,3,overcast,9.2,15.5,0.0,7.2,8.1,true
hume,Hume,23270,2026-08-28T04:00:00+10:00,2026-08-27T18:00:00+00:00,-37.5971521009482,144.823570879774,6.7,3.9,0,3,overcast,9.2,15.5,0.0,5.8,6.8,true
hume,Hume,23270,2026-08-28T05:00:00+10:00,2026-08-27T19:00:00+00:00,-37.5971521009482,144.823570879774,6.4,3.5,0,3,overcast,10.2,16.9,0.0,5.2,6.3,true
hume,Hume,23270,2026-08-28T06:00:00+10:00,2026-08-27T20:00:00+00:00,-37.5971521009482,144.823570879774,6.2,3.3,0,0,clear_sky,9.6,17.3,0.0,5.1,6.2,true
hume,Hume,23270,2026-08-28T07:00:00+10:00,2026-08-27T21:00:00+00:00,-37.5971521009482,144.823570879774,6.0,3.1,0,0,clear_sky,9.7,16.6,0.05,6.4,7.5,true
hume,Hume,23270,2026-08-28T08:00:00+10:00,2026-08-27T22:00:00+00:00,-37.5971521009482,144.823570879774,8.0,5.2,0,0,clear_sky,10.4,16.9,0.2,8.1,9.3,true
hume,Hume,23270,2026-08-28T09:00:00+10:00,2026-08-27T23:00:00+00:00,-37.5971521009482,144.823570879774,11.2,9.3,0,0,clear_sky,6.3,17.6,0.55,10.4,11.6,true
hume,Hume,23270,2026-08-28T10:00:00+10:00,2026-08-28T00:00:00+00:00,-37.5971521009482,144.823570879774,13.4,11.9,0,1,mainly_clear,4.6,14.0,1.05,8.3,10.2,true
hume,Hume,23270,2026-08-28T11:00:00+10:00,2026-08-28T01:00:00+00:00,-37.5971521009482,144.823570879774,14.7,12.8,3,3,overcast,8.2,18.0,1.5,7.2,9.1,true
hume,Hume,23270,2026-08-28T12:00:00+10:00,2026-08-28T02:00:00+00:00,-37.5971521009482,144.823570879774,14.7,12.7,7,3,overcast,9.7,19.8,1.45,4.9,6.1,true
hume,Hume,23270,2026-08-28T13:00:00+10:00,2026-08-28T03:00:00+00:00,-37.5971521009482,144.823570879774,15.6,12.8,14,3,overcast,14.6,27.7,2.85,4.0,5.0,true
hume,Hume,23270,2026-08-28T14:00:00+10:00,2026-08-28T04:00:00+00:00,-37.5971521009482,144.823570879774,15.2,13.1,28,3,overcast,11.5,27.4,2.2,3.8,5.1,true
hume,Hume,23270,2026-08-28T15:00:00+10:00,2026-08-28T05:00:00+00:00,-37.5971521009482,144.823570879774,13.6,12.0,46,53,moderate_drizzle,11.8,20.5,1.5,4.7,6.6,true
hume,Hume,23270,2026-08-28T16:00:00+10:00,2026-08-28T06:00:00+00:00,-37.5971521009482,144.823570879774,12.6,12.3,57,53,moderate_drizzle,5.6,20.9,0.65,6.3,9.2,true
hume,Hume,23270,2026-08-28T17:00:00+10:00,2026-08-28T07:00:00+00:00,-37.5971521009482,144.823570879774,12.4,12.2,58,53,moderate_drizzle,4.5,10.4,0.15,8.2,12.1,true
hume,Hume,23270,2026-08-28T18:00:00+10:00,2026-08-28T08:00:00+00:00,-37.5971521009482,144.823570879774,11.8,11.9,53,51,light_drizzle,1.9,7.6,0.0,11.3,15.4,true
hume,Hume,23270,2026-08-28T19:00:00+10:00,2026-08-28T09:00:00+00:00,-37.5971521009482,144.823570879774,11.4,11.2,45,51,light_drizzle,3.1,5.0,0.0,14.8,18.6,true
hume,Hume,23270,2026-08-28T20:00:00+10:00,2026-08-28T10:00:00+00:00,-37.5971521009482,144.823570879774,11.2,11.0,32,51,light_drizzle,3.1,6.1,0.0,19.0,23.3,true
hume,Hume,23270,2026-08-28T21:00:00+10:00,2026-08-28T11:00:00+00:00,-37.5971521009482,144.823570879774,10.6,10.4,15,0,clear_sky,2.3,5.0,0.0,22.0,26.8,true
hume,Hume,23270,2026-08-28T22:00:00+10:00,2026-08-28T12:00:00+00:00,-37.5971521009482,144.823570879774,9.9,9.3,4,1,mainly_clear,3.2,4.7,0.0,26.8,32.1,true
hume,Hume,23270,2026-08-28T23:00:00+10:00,2026-08-28T13:00:00+00:00,-37.5971521009482,144.823570879774,9.3,8.4,4,3,overcast,4.6,6.8,0.0,27.9,33.6,true
hume,Hume,23270,2026-08-29T00:00:00+10:00,2026-08-28T14:00:00+00:00,-37.5971521009482,144.823570879774,9.9,9.3,9,3,overcast,3.9,7.9,0.0,28.5,34.3,true
hume,Hume,23270,2026-08-29T01:00:00+10:00,2026-08-28T15:00:00+00:00,-37.5971521009482,144.823570879774,10.2,9.8,12,3,overcast,3.0,6.1,0.0,27.4,33.2,true
hume,Hume,23270,2026-08-29T02:00:00+10:00,2026-08-28T16:00:00+00:00,-37.5971521009482,144.823570879774,10.3,9.6,11,3,overcast,5.0,8.3,0.0,24.8,30.4,true
hume,Hume,23270,2026-08-29T03:00:00+10:00,2026-08-28T17:00:00+00:00,-37.5971521009482,144.823570879774,9.8,8.2,8,3,overcast,10.8,19.1,0.0,20.9,25.7,true
hume,Hume,23270,2026-08-29T04:00:00+10:00,2026-08-28T18:00:00+00:00,-37.5971521009482,144.823570879774,9.2,7.1,6,3,overcast,12.2,22.3,0.0,16.6,20.6,true
hume,Hume,23270,2026-08-29T05:00:00+10:00,2026-08-28T19:00:00+00:00,-37.5971521009482,144.823570879774,9.0,7.3,5,3,overcast,9.2,21.6,0.0,12.8,16.4,true
hume,Hume,23270,2026-08-29T06:00:00+10:00,2026-08-28T20:00:00+00:00,-37.5971521009482,144.823570879774,8.7,7.0,5,3,overcast,8.7,16.2,0.0,10.6,13.8,true
hume,Hume,23270,2026-08-29T07:00:00+10:00,2026-08-28T21:00:00+00:00,-37.5971521009482,144.823570879774,7.9,6.5,4,0,clear_sky,5.1,15.1,0.05,11.3,14.0,true
hume,Hume,23270,2026-08-29T08:00:00+10:00,2026-08-28T22:00:00+00:00,-37.5971521009482,144.823570879774,8.3,6.6,3,0,clear_sky,7.2,12.6,0.4,12.3,14.9,true
hume,Hume,23270,2026-08-29T09:00:00+10:00,2026-08-28T23:00:00+00:00,-37.5971521009482,144.823570879774,9.5,7.4,3,0,clear_sky,10.6,21.6,1.05,11.6,15.7,true
hume,Hume,23270,2026-08-29T10:00:00+10:00,2026-08-29T00:00:00+00:00,-37.5971521009482,144.823570879774,10.6,8.0,2,1,mainly_clear,12.5,25.6,1.95,11.9,17.6,true
hume,Hume,23270,2026-08-29T11:00:00+10:00,2026-08-29T01:00:00+00:00,-37.5971521009482,144.823570879774,11.4,8.6,2,2,partly_cloudy,12.6,26.6,2.55,11.5,17.9,true
hume,Hume,23270,2026-08-29T12:00:00+10:00,2026-08-29T02:00:00+00:00,-37.5971521009482,144.823570879774,11.8,8.9,2,3,overcast,12.5,26.6,2.75,11.1,17.2,true
hume,Hume,23270,2026-08-29T13:00:00+10:00,2026-08-29T03:00:00+00:00,-37.5971521009482,144.823570879774,12.3,9.6,2,2,partly_cloudy,11.7,26.3,2.55,11.1,17.1,true
hume,Hume,23270,2026-08-29T14:00:00+10:00,2026-08-29T04:00:00+00:00,-37.5971521009482,144.823570879774,13.2,10.2,2,2,partly_cloudy,13.4,27.4,1.85,11.0,16.8,true
hume,Hume,23270,2026-08-29T15:00:00+10:00,2026-08-29T05:00:00+00:00,-37.5971521009482,144.823570879774,13.1,9.8,2,2,partly_cloudy,15.7,31.0,1.05,11.3,17.0,true
hume,Hume,23270,2026-08-29T16:00:00+10:00,2026-08-29T06:00:00+00:00,-37.5971521009482,144.823570879774,12.2,9.1,2,3,overcast,14.2,31.0,0.4,12.5,18.7,true
hume,Hume,23270,2026-08-29T17:00:00+10:00,2026-08-29T07:00:00+00:00,-37.5971521009482,144.823570879774,11.4,8.6,1,3,overcast,12.7,27.0,0.1,13.8,20.7,true
hume,Hume,23270,2026-08-29T18:00:00+10:00,2026-08-29T08:00:00+00:00,-37.5971521009482,144.823570879774,10.9,9.2,1,1,mainly_clear,5.2,23.0,0.0,15.7,23.2,true
hume,Hume,23270,2026-08-29T19:00:00+10:00,2026-08-29T09:00:00+00:00,-37.5971521009482,144.823570879774,9.0,7.7,0,0,clear_sky,3.0,8.6,0.0,14.3,19.7,true
hume,Hume,23270,2026-08-29T20:00:00+10:00,2026-08-29T10:00:00+00:00,-37.5971521009482,144.823570879774,8.1,6.6,0,3,overcast,4.2,6.8,0.0,14.2,19.1,true
hume,Hume,23270,2026-08-29T21:00:00+10:00,2026-08-29T11:00:00+00:00,-37.5971521009482,144.823570879774,8.7,7.3,0,3,overcast,4.3,6.5,0.0,14.4,19.3,true
hume,Hume,23270,2026-08-29T22:00:00+10:00,2026-08-29T12:00:00+00:00,-37.5971521009482,144.823570879774,9.6,7.9,0,3,overcast,6.6,10.8,0.0,12.7,16.9,true
hume,Hume,23270,2026-08-29T23:00:00+10:00,2026-08-29T13:00:00+00:00,-37.5971521009482,144.823570879774,9.6,7.1,0,3,overcast,12.1,20.5,0.0,11.0,14.6,true
hume,Hume,23270,2026-08-30T00:00:00+10:00,2026-08-29T14:00:00+00:00,-37.5971521009482,144.823570879774,8.9,6.3,0,3,overcast,12.1,22.7,0.0,9.6,12.7,true
hume,Hume,23270,2026-08-30T01:00:00+10:00,2026-08-29T15:00:00+00:00,-37.5971521009482,144.823570879774,8.6,6.2,0,2,partly_cloudy,10.2,22.0,0.0,8.4,11.3,true
hume,Hume,23270,2026-08-30T02:00:00+10:00,2026-08-29T16:00:00+00:00,-37.5971521009482,144.823570879774,7.7,5.6,0,1,mainly_clear,8.1,18.4,0.0,7.5,10.3,true
hume,Hume,23270,2026-08-30T03:00:00+10:00,2026-08-29T17:00:00+00:00,-37.5971521009482,144.823570879774,6.8,4.8,0,0,clear_sky,6.6,14.0,0.0,7.0,9.7,true
hume,Hume,23270,2026-08-30T04:00:00+10:00,2026-08-29T18:00:00+00:00,-37.5971521009482,144.823570879774,6.3,4.3,0,0,clear_sky,6.0,10.8,0.0,6.6,9.3,true
hume,Hume,23270,2026-08-30T05:00:00+10:00,2026-08-29T19:00:00+00:00,-37.5971521009482,144.823570879774,6.3,4.3,0,1,mainly_clear,6.0,10.1,0.0,6.5,9.2,true
hume,Hume,23270,2026-08-30T06:00:00+10:00,2026-08-29T20:00:00+00:00,-37.5971521009482,144.823570879774,6.5,4.6,0,2,partly_cloudy,6.3,11.2,0.0,6.9,9.6,true
hume,Hume,23270,2026-08-30T07:00:00+10:00,2026-08-29T21:00:00+00:00,-37.5971521009482,144.823570879774,7.2,5.2,0,3,overcast,6.7,13.0,0.05,8.2,11.0,true
hume,Hume,23270,2026-08-30T08:00:00+10:00,2026-08-29T22:00:00+00:00,-37.5971521009482,144.823570879774,8.4,6.5,0,3,overcast,7.5,15.8,0.25,10.3,13.8,true
hume,Hume,23270,2026-08-30T09:00:00+10:00,2026-08-29T23:00:00+00:00,-37.5971521009482,144.823570879774,10.1,8.1,0,3,overcast,9.0,19.8,0.8,10.0,14.0,true
hume,Hume,23270,2026-08-30T10:00:00+10:00,2026-08-30T00:00:00+00:00,-37.5971521009482,144.823570879774,11.4,9.3,0,3,overcast,10.6,22.7,1.75,9.8,14.4,true
hume,Hume,23270,2026-08-30T11:00:00+10:00,2026-08-30T01:00:00+00:00,-37.5971521009482,144.823570879774,12.3,10.2,0,3,overcast,10.9,24.1,2.75,10.2,15.3,true
hume,Hume,23270,2026-08-30T12:00:00+10:00,2026-08-30T02:00:00+00:00,-37.5971521009482,144.823570879774,12.9,10.9,0,3,overcast,10.6,24.5,3.25,10.5,15.6,true
hume,Hume,23270,2026-08-30T13:00:00+10:00,2026-08-30T03:00:00+00:00,-37.5971521009482,144.823570879774,13.3,11.3,0,3,overcast,10.3,24.5,3.55,10.6,15.5,true
hume,Hume,23270,2026-08-30T14:00:00+10:00,2026-08-30T04:00:00+00:00,-37.5971521009482,144.823570879774,13.5,11.5,0,3,overcast,10.6,24.1,3.15,9.8,14.4,true
hume,Hume,23270,2026-08-30T15:00:00+10:00,2026-08-30T05:00:00+00:00,-37.5971521009482,144.823570879774,13.6,11.5,0,2,partly_cloudy,11.0,23.8,1.9,9.8,14.3,true
hume,Hume,23270,2026-08-30T16:00:00+10:00,2026-08-30T06:00:00+00:00,-37.5971521009482,144.823570879774,13.2,11.2,0,2,partly_cloudy,10.5,23.0,0.8,10.0,14.3,true
hume,Hume,23270,2026-08-30T17:00:00+10:00,2026-08-30T07:00:00+00:00,-37.5971521009482,144.823570879774,12.2,10.4,0,2,partly_cloudy,8.8,22.7,0.2,10.1,14.6,true
hume,Hume,23270,2026-08-30T18:00:00+10:00,2026-08-30T08:00:00+00:00,-37.5971521009482,144.823570879774,10.7,9.2,0,3,overcast,6.9,22.3,0.0,11.7,16.0,true
hume,Hume,23270,2026-08-30T19:00:00+10:00,2026-08-30T09:00:00+00:00,-37.5971521009482,144.823570879774,9.7,8.3,0,3,overcast,5.9,20.9,0.0,12.2,15.8,true
hume,Hume,23270,2026-08-30T20:00:00+10:00,2026-08-30T10:00:00+00:00,-37.5971521009482,144.823570879774,9.3,8.1,0,3,overcast,5.0,17.6,0.0,12.0,15.0,true
hume,Hume,23270,2026-08-30T21:00:00+10:00,2026-08-30T11:00:00+00:00,-37.5971521009482,144.823570879774,9.3,8.2,0,3,overcast,4.0,13.7,0.0,12.3,15.3,true
hume,Hume,23270,2026-08-30T22:00:00+10:00,2026-08-30T12:00:00+00:00,-37.5971521009482,144.823570879774,9.4,8.5,0,3,overcast,2.8,10.1,0.0,13.1,16.1,true
hume,Hume,23270,2026-08-30T23:00:00+10:00,2026-08-30T13:00:00+00:00,-37.5971521009482,144.823570879774,9.3,8.5,0,3,overcast,1.8,7.6,,,,false
hume,Hume,23270,2026-08-31T00:00:00+10:00,2026-08-30T14:00:00+00:00,-37.5971521009482,144.823570879774,9.4,8.6,0,3,overcast,1.1,5.4,,,,false
hume,Hume,23270,2026-08-31T01:00:00+10:00,2026-08-30T15:00:00+00:00,-37.5971521009482,144.823570879774,9.4,8.6,0,3,overcast,1.4,4.0,,,,false
hume,Hume,23270,2026-08-31T02:00:00+10:00,2026-08-30T16:00:00+00:00,-37.5971521009482,144.823570879774,9.4,8.6,0,3,overcast,1.9,4.0,,,,false
hume,Hume,23270,2026-08-31T03:00:00+10:00,2026-08-30T17:00:00+00:00,-37.5971521009482,144.823570879774,9.5,8.7,0,3,overcast,2.3,4.7,,,,false
hume,Hume,23270,2026-08-31T04:00:00+10:00,2026-08-30T18:00:00+00:00,-37.5971521009482,144.823570879774,9.5,8.8,0,3,overcast,2.2,5.0,,,,false
hume,Hume,23270,2026-08-31T05:00:00+10:00,2026-08-30T19:00:00+00:00,-37.5971521009482,144.823570879774,9.4,8.7,0,3,overcast,1.9,4.7,,,,false
hume,Hume,23270,2026-08-31T06:00:00+10:00,2026-08-30T20:00:00+00:00,-37.5971521009482,144.823570879774,9.3,8.5,0,3,overcast,2.6,4.0,,,,false
hume,Hume,23270,2026-08-31T07:00:00+10:00,2026-08-30T21:00:00+00:00,-37.5971521009482,144.823570879774,9.3,8.5,0,3,overcast,3.1,4.7,,,,false
hume,Hume,23270,2026-08-31T08:00:00+10:00,2026-08-30T22:00:00+00:00,-37.5971521009482,144.823570879774,9.6,8.7,0,3,overcast,2.8,7.6,,,,false
hume,Hume,23270,2026-08-31T09:00:00+10:00,2026-08-30T23:00:00+00:00,-37.5971521009482,144.823570879774,10.0,8.9,0,3,overcast,3.8,11.5,,,,false
hume,Hume,23270,2026-08-31T10:00:00+10:00,2026-08-31T00:00:00+00:00,-37.5971521009482,144.823570879774,11.0,9.6,0,3,overcast,6.2,15.5,,,,false
hume,Hume,23270,2026-08-31T11:00:00+10:00,2026-08-31T01:00:00+00:00,-37.5971521009482,144.823570879774,12.9,11.2,0,2,partly_cloudy,8.9,19.4,,,,false
hume,Hume,23270,2026-08-31T12:00:00+10:00,2026-08-31T02:00:00+00:00,-37.5971521009482,144.823570879774,15.3,13.9,0,1,mainly_clear,11.7,23.8,,,,false
hume,Hume,23270,2026-08-31T13:00:00+10:00,2026-08-31T03:00:00+00:00,-37.5971521009482,144.823570879774,17.2,16.1,0,0,clear_sky,13.1,27.0,,,,false
hume,Hume,23270,2026-08-31T14:00:00+10:00,2026-08-31T04:00:00+00:00,-37.5971521009482,144.823570879774,18.4,17.4,0,0,clear_sky,12.3,29.2,,,,false
hume,Hume,23270,2026-08-31T15:00:00+10:00,2026-08-31T05:00:00+00:00,-37.5971521009482,144.823570879774,19.0,17.8,0,0,clear_sky,10.3,30.2,,,,false
hume,Hume,23270,2026-08-31T16:00:00+10:00,2026-08-31T06:00:00+00:00,-37.5971521009482,144.823570879774,18.7,17.6,0,0,clear_sky,9.2,29.9,,,,false
hume,Hume,23270,2026-08-31T17:00:00+10:00,2026-08-31T07:00:00+00:00,-37.5971521009482,144.823570879774,17.0,15.8,0,0,clear_sky,9.1,25.9,,,,false
hume,Hume,23270,2026-08-31T18:00:00+10:00,2026-08-31T08:00:00+00:00,-37.5971521009482,144.823570879774,14.4,13.0,0,0,clear_sky,9.3,19.8,,,,false
hume,Hume,23270,2026-08-31T19:00:00+10:00,2026-08-31T09:00:00+00:00,-37.5971521009482,144.823570879774,12.4,10.8,0,0,clear_sky,10.4,17.3,,,,false
hume,Hume,23270,2026-08-31T20:00:00+10:00,2026-08-31T10:00:00+00:00,-37.5971521009482,144.823570879774,11.6,9.6,0,0,clear_sky,12.8,20.5,,,,false
hume,Hume,23270,2026-08-31T21:00:00+10:00,2026-08-31T11:00:00+00:00,-37.5971521009482,144.823570879774,11.3,8.9,0,0,clear_sky,16.2,27.4,,,,false
hume,Hume,23270,2026-08-31T22:00:00+10:00,2026-08-31T12:00:00+00:00,-37.5971521009482,144.823570879774,11.2,8.3,0,0,clear_sky,19.1,32.8,,,,false
hume,Hume,23270,2026-08-31T23:00:00+10:00,2026-08-31T13:00:00+00:00,-37.5971521009482,144.823570879774,11.1,8.0,0,0,clear_sky,20.9,35.6,,,,false
hume,Hume,23270,2026-09-01T00:00:00+10:00,2026-08-31T14:00:00+00:00,-37.5971521009482,144.823570879774,11.1,7.9,0,1,mainly_clear,22.0,37.8,,,,false
hume,Hume,23270,2026-09-01T01:00:00+10:00,2026-08-31T15:00:00+00:00,-37.5971521009482,144.823570879774,11.1,7.7,0,1,mainly_clear,22.5,39.6,,,,false
hume,Hume,23270,2026-09-01T02:00:00+10:00,2026-08-31T16:00:00+00:00,-37.5971521009482,144.823570879774,11.0,7.7,1,2,partly_cloudy,22.0,41.4,,,,false
hume,Hume,23270,2026-09-01T03:00:00+10:00,2026-08-31T17:00:00+00:00,-37.5971521009482,144.823570879774,10.9,7.7,2,2,partly_cloudy,21.1,43.2,,,,false
hume,Hume,23270,2026-09-01T04:00:00+10:00,2026-08-31T18:00:00+00:00,-37.5971521009482,144.823570879774,10.7,7.6,2,3,overcast,20.8,43.9,,,,false
hume,Hume,23270,2026-09-01T05:00:00+10:00,2026-08-31T19:00:00+00:00,-37.5971521009482,144.823570879774,10.5,7.2,1,3,overcast,21.4,42.5,,,,false
hume,Hume,23270,2026-09-01T06:00:00+10:00,2026-08-31T20:00:00+00:00,-37.5971521009482,144.823570879774,10.2,6.7,1,3,overcast,22.3,40.7,,,,false
hume,Hume,23270,2026-09-01T07:00:00+10:00,2026-08-31T21:00:00+00:00,-37.5971521009482,144.823570879774,10.2,6.4,0,3,overcast,24.3,41.4,,,,false
hume,Hume,23270,2026-09-01T08:00:00+10:00,2026-08-31T22:00:00+00:00,-37.5971521009482,144.823570879774,11.4,6.5,0,3,overcast,32.6,59.0,,,,false
hume,Hume,23270,2026-09-01T09:00:00+10:00,2026-08-31T23:00:00+00:00,-37.5971521009482,144.823570879774,11.8,6.5,0,2,partly_cloudy,35.1,62.6,,,,false
hume,Hume,23270,2026-09-01T10:00:00+10:00,2026-09-01T00:00:00+00:00,-37.5971521009482,144.823570879774,12.3,6.8,2,2,partly_cloudy,36.3,65.2,,,,false
hume,Hume,23270,2026-09-01T11:00:00+10:00,2026-09-01T01:00:00+00:00,-37.5971521009482,144.823570879774,13.1,7.7,6,2,partly_cloudy,36.0,67.0,,,,false
hume,Hume,23270,2026-09-01T12:00:00+10:00,2026-09-01T02:00:00+00:00,-37.5971521009482,144.823570879774,14.1,9.1,12,3,overcast,34.9,68.4,,,,false
hume,Hume,23270,2026-09-01T13:00:00+10:00,2026-09-01T03:00:00+00:00,-37.5971521009482,144.823570879774,15.3,10.6,18,3,overcast,33.1,69.1,,,,false
hume,Hume,23270,2026-09-01T14:00:00+10:00,2026-09-01T04:00:00+00:00,-37.5971521009482,144.823570879774,16.4,12.0,24,3,overcast,30.6,69.1,,,,false
hume,Hume,23270,2026-09-01T15:00:00+10:00,2026-09-01T05:00:00+00:00,-37.5971521009482,144.823570879774,17.2,13.3,31,3,overcast,27.5,68.8,,,,false
hume,Hume,23270,2026-09-01T16:00:00+10:00,2026-09-01T06:00:00+00:00,-37.5971521009482,144.823570879774,17.5,14.1,37,3,overcast,24.1,67.3,,,,false
hume,Hume,23270,2026-09-01T17:00:00+10:00,2026-09-01T07:00:00+00:00,-37.5971521009482,144.823570879774,17.1,14.5,43,53,moderate_drizzle,19.5,64.8,,,,false
hume,Hume,23270,2026-09-01T18:00:00+10:00,2026-09-01T08:00:00+00:00,-37.5971521009482,144.823570879774,16.3,14.5,49,53,moderate_drizzle,14.2,60.8,,,,false
hume,Hume,23270,2026-09-01T19:00:00+10:00,2026-09-01T09:00:00+00:00,-37.5971521009482,144.823570879774,15.2,14.0,54,53,moderate_drizzle,10.7,56.2,,,,false
hume,Hume,23270,2026-09-01T20:00:00+10:00,2026-09-01T10:00:00+00:00,-37.5971521009482,144.823570879774,13.9,12.6,59,53,moderate_drizzle,11.5,51.5,,,,false
hume,Hume,23270,2026-09-01T21:00:00+10:00,2026-09-01T11:00:00+00:00,-37.5971521009482,144.823570879774,12.7,10.8,62,53,moderate_drizzle,14.9,47.2,,,,false
hume,Hume,23270,2026-09-01T22:00:00+10:00,2026-09-01T12:00:00+00:00,-37.5971521009482,144.823570879774,11.6,9.3,63,53,moderate_drizzle,17.5,43.9,,,,false
hume,Hume,23270,2026-09-01T23:00:00+10:00,2026-09-01T13:00:00+00:00,-37.5971521009482,144.823570879774,10.6,8.1,60,3,overcast,17.7,42.1,,,,false
kingston,Kingston,23430,2026-08-26T00:00:00+10:00,2026-08-25T14:00:00+00:00,-37.97317532432438,145.09531946112688,12.1,9.4,58,53,moderate_drizzle,19.2,36.4,0.0,3.8,5.5,true
kingston,Kingston,23430,2026-08-26T01:00:00+10:00,2026-08-25T15:00:00+00:00,-37.97317532432438,145.09531946112688,12.0,9.5,80,53,moderate_drizzle,18.1,38.2,0.0,3.9,6.0,true
kingston,Kingston,23430,2026-08-26T02:00:00+10:00,2026-08-25T16:00:00+00:00,-37.97317532432438,145.09531946112688,12.0,9.2,63,51,light_drizzle,18.3,35.3,0.0,4.4,7.0,true
kingston,Kingston,23430,2026-08-26T03:00:00+10:00,2026-08-25T17:00:00+00:00,-37.97317532432438,145.09531946112688,11.9,9.2,29,51,light_drizzle,16.8,35.6,0.0,4.9,7.8,true
kingston,Kingston,23430,2026-08-26T04:00:00+10:00,2026-08-25T18:00:00+00:00,-37.97317532432438,145.09531946112688,11.6,9.0,10,1,mainly_clear,14.4,32.8,0.0,5.1,8.1,true
kingston,Kingston,23430,2026-08-26T05:00:00+10:00,2026-08-25T19:00:00+00:00,-37.97317532432438,145.09531946112688,11.1,8.6,25,51,light_drizzle,13.2,27.4,0.0,5.3,8.4,true
kingston,Kingston,23430,2026-08-26T06:00:00+10:00,2026-08-25T20:00:00+00:00,-37.97317532432438,145.09531946112688,10.7,8.5,56,51,light_drizzle,12.6,25.2,0.0,5.4,8.4,true
kingston,Kingston,23430,2026-08-26T07:00:00+10:00,2026-08-25T21:00:00+00:00,-37.97317532432438,145.09531946112688,10.4,8.3,75,51,light_drizzle,12.1,24.8,0.05,5.9,8.7,true
kingston,Kingston,23430,2026-08-26T08:00:00+10:00,2026-08-25T22:00:00+00:00,-37.97317532432438,145.09531946112688,10.8,8.7,69,51,light_drizzle,12.1,24.5,0.35,6.5,9.5,true
kingston,Kingston,23430,2026-08-26T09:00:00+10:00,2026-08-25T23:00:00+00:00,-37.97317532432438,145.09531946112688,11.6,9.4,52,1,mainly_clear,12.8,29.5,1.0,6.5,9.9,true
kingston,Kingston,23430,2026-08-26T10:00:00+10:00,2026-08-26T00:00:00+00:00,-37.97317532432438,145.09531946112688,12.6,10.2,37,1,mainly_clear,14.2,33.1,1.9,7.9,12.5,true
kingston,Kingston,23430,2026-08-26T11:00:00+10:00,2026-08-26T01:00:00+00:00,-37.97317532432438,145.09531946112688,13.1,10.6,31,51,light_drizzle,14.3,34.9,2.8,7.3,11.7,true
kingston,Kingston,23430,2026-08-26T12:00:00+10:00,2026-08-26T02:00:00+00:00,-37.97317532432438,145.09531946112688,13.6,10.6,27,51,light_drizzle,16.6,39.6,2.95,8.0,12.9,true
kingston,Kingston,23430,2026-08-26T13:00:00+10:00,2026-08-26T03:00:00+00:00,-37.97317532432438,145.09531946112688,13.7,10.5,22,1,mainly_clear,17.3,41.4,2.65,7.3,11.9,true
kingston,Kingston,23430,2026-08-26T14:00:00+10:00,2026-08-26T04:00:00+00:00,-37.97317532432438,145.09531946112688,13.7,10.6,14,0,clear_sky,17.3,42.1,2.0,7.1,11.5,true
kingston,Kingston,23430,2026-08-26T15:00:00+10:00,2026-08-26T05:00:00+00:00,-37.97317532432438,145.09531946112688,13.5,10.4,6,0,clear_sky,16.5,41.4,1.15,7.0,11.3,true
kingston,Kingston,23430,2026-08-26T16:00:00+10:00,2026-08-26T06:00:00+00:00,-37.97317532432438,145.09531946112688,13.4,10.4,0,0,clear_sky,15.3,38.9,0.5,7.2,11.5,true
kingston,Kingston,23430,2026-08-26T17:00:00+10:00,2026-08-26T07:00:00+00:00,-37.97317532432438,145.09531946112688,12.9,10.3,0,1,mainly_clear,13.2,35.3,0.1,7.6,11.8,true
kingston,Kingston,23430,2026-08-26T18:00:00+10:00,2026-08-26T08:00:00+00:00,-37.97317532432438,145.09531946112688,12.3,9.8,0,2,partly_cloudy,13.0,27.0,0.0,9.2,13.4,true
kingston,Kingston,23430,2026-08-26T19:00:00+10:00,2026-08-26T09:00:00+00:00,-37.97317532432438,145.09531946112688,12.2,9.8,0,3,overcast,12.1,25.9,0.0,11.3,15.5,true
kingston,Kingston,23430,2026-08-26T20:00:00+10:00,2026-08-26T10:00:00+00:00,-37.97317532432438,145.09531946112688,11.8,9.7,0,3,overcast,10.5,23.8,0.0,12.5,16.8,true
kingston,Kingston,23430,2026-08-26T21:00:00+10:00,2026-08-26T11:00:00+00:00,-37.97317532432438,145.09531946112688,11.4,9.5,0,3,overcast,8.7,20.2,0.0,12.4,16.3,true
kingston,Kingston,23430,2026-08-26T22:00:00+10:00,2026-08-26T12:00:00+00:00,-37.97317532432438,145.09531946112688,11.0,9.5,0,3,overcast,7.0,16.6,0.0,12.8,16.7,true
kingston,Kingston,23430,2026-08-26T23:00:00+10:00,2026-08-26T13:00:00+00:00,-37.97317532432438,145.09531946112688,10.7,9.4,0,3,overcast,5.1,13.3,0.0,13.3,17.2,true
kingston,Kingston,23430,2026-08-27T00:00:00+10:00,2026-08-26T14:00:00+00:00,-37.97317532432438,145.09531946112688,10.3,9.3,0,3,overcast,3.7,9.7,0.0,13.6,17.6,true
kingston,Kingston,23430,2026-08-27T01:00:00+10:00,2026-08-26T15:00:00+00:00,-37.97317532432438,145.09531946112688,10.3,9.6,0,3,overcast,0.6,7.2,0.0,13.6,17.6,true
kingston,Kingston,23430,2026-08-27T02:00:00+10:00,2026-08-26T16:00:00+00:00,-37.97317532432438,145.09531946112688,9.6,8.8,0,3,overcast,0.9,1.8,0.0,13.6,17.7,true
kingston,Kingston,23430,2026-08-27T03:00:00+10:00,2026-08-26T17:00:00+00:00,-37.97317532432438,145.09531946112688,8.8,7.7,0,2,partly_cloudy,3.2,6.8,0.0,13.5,17.7,true
kingston,Kingston,23430,2026-08-27T04:00:00+10:00,2026-08-26T18:00:00+00:00,-37.97317532432438,145.09531946112688,8.5,6.8,0,2,partly_cloudy,6.6,12.2,0.0,13.2,17.5,true
kingston,Kingston,23430,2026-08-27T05:00:00+10:00,2026-08-26T19:00:00+00:00,-37.97317532432438,145.09531946112688,8.1,6.2,0,1,mainly_clear,7.2,14.0,0.0,13.0,17.2,true
kingston,Kingston,23430,2026-08-27T06:00:00+10:00,2026-08-26T20:00:00+00:00,-37.97317532432438,145.09531946112688,7.9,6.1,0,0,clear_sky,6.2,13.3,0.0,13.4,17.5,true
kingston,Kingston,23430,2026-08-27T07:00:00+10:00,2026-08-26T21:00:00+00:00,-37.97317532432438,145.09531946112688,7.5,5.5,0,0,clear_sky,6.4,12.2,0.05,16.2,19.8,true
kingston,Kingston,23430,2026-08-27T08:00:00+10:00,2026-08-26T22:00:00+00:00,-37.97317532432438,145.09531946112688,8.3,6.2,0,1,mainly_clear,7.7,15.1,0.35,20.4,22.5,true
kingston,Kingston,23430,2026-08-27T09:00:00+10:00,2026-08-26T23:00:00+00:00,-37.97317532432438,145.09531946112688,9.8,8.1,0,0,clear_sky,5.9,16.6,1.1,15.4,18.1,true
kingston,Kingston,23430,2026-08-27T10:00:00+10:00,2026-08-27T00:00:00+00:00,-37.97317532432438,145.09531946112688,11.1,9.6,0,0,clear_sky,5.3,17.3,2.15,10.3,14.5,true
kingston,Kingston,23430,2026-08-27T11:00:00+10:00,2026-08-27T01:00:00+00:00,-37.97317532432438,145.09531946112688,12.2,10.9,0,1,mainly_clear,4.2,17.3,2.65,9.5,13.8,true
kingston,Kingston,23430,2026-08-27T12:00:00+10:00,2026-08-27T02:00:00+00:00,-37.97317532432438,145.09531946112688,13.1,12.2,0,3,overcast,3.9,16.6,3.25,9.2,13.4,true
kingston,Kingston,23430,2026-08-27T13:00:00+10:00,2026-08-27T03:00:00+00:00,-37.97317532432438,145.09531946112688,13.5,12.6,0,1,mainly_clear,4.1,16.9,3.3,9.6,13.7,true
kingston,Kingston,23430,2026-08-27T14:00:00+10:00,2026-08-27T04:00:00+00:00,-37.97317532432438,145.09531946112688,13.6,12.6,0,0,clear_sky,5.3,18.4,2.6,9.9,13.9,true
kingston,Kingston,23430,2026-08-27T15:00:00+10:00,2026-08-27T05:00:00+00:00,-37.97317532432438,145.09531946112688,13.5,11.8,0,0,clear_sky,7.3,21.2,1.5,10.1,14.2,true
kingston,Kingston,23430,2026-08-27T16:00:00+10:00,2026-08-27T06:00:00+00:00,-37.97317532432438,145.09531946112688,13.4,11.8,0,0,clear_sky,5.6,21.6,0.6,9.9,13.9,true
kingston,Kingston,23430,2026-08-27T17:00:00+10:00,2026-08-27T07:00:00+00:00,-37.97317532432438,145.09531946112688,13.1,11.8,0,3,overcast,4.2,15.8,0.15,11.4,15.3,true
kingston,Kingston,23430,2026-08-27T18:00:00+10:00,2026-08-27T08:00:00+00:00,-37.97317532432438,145.09531946112688,12.2,11.6,0,3,overcast,0.8,9.7,0.0,15.5,19.2,true
kingston,Kingston,23430,2026-08-27T19:00:00+10:00,2026-08-27T09:00:00+00:00,-37.97317532432438,145.09531946112688,12.3,11.6,0,3,overcast,1.9,3.6,0.0,19.1,22.8,true
kingston,Kingston,23430,2026-08-27T20:00:00+10:00,2026-08-27T10:00:00+00:00,-37.97317532432438,145.09531946112688,12.2,11.7,0,3,overcast,1.3,3.6,0.0,22.3,25.8,true
kingston,Kingston,23430,2026-08-27T21:00:00+10:00,2026-08-27T11:00:00+00:00,-37.97317532432438,145.09531946112688,11.3,10.7,0,3,overcast,1.1,3.6,0.0,25.4,28.8,true
kingston,Kingston,23430,2026-08-27T22:00:00+10:00,2026-08-27T12:00:00+00:00,-37.97317532432438,145.09531946112688,11.0,9.8,0,3,overcast,5.3,10.1,0.0,26.4,29.2,true
kingston,Kingston,23430,2026-08-27T23:00:00+10:00,2026-08-27T13:00:00+00:00,-37.97317532432438,145.09531946112688,10.5,8.9,0,3,overcast,7.4,14.0,0.0,23.2,25.2,true
kingston,Kingston,23430,2026-08-28T00:00:00+10:00,2026-08-27T14:00:00+00:00,-37.97317532432438,145.09531946112688,10.6,8.6,0,3,overcast,8.8,16.2,0.0,19.4,21.0,true
kingston,Kingston,23430,2026-08-28T01:00:00+10:00,2026-08-27T15:00:00+00:00,-37.97317532432438,145.09531946112688,10.6,8.4,0,1,mainly_clear,10.5,19.8,0.0,16.6,18.0,true
kingston,Kingston,23430,2026-08-28T02:00:00+10:00,2026-08-27T16:00:00+00:00,-37.97317532432438,145.09531946112688,9.7,7.3,0,2,partly_cloudy,11.1,22.0,0.0,13.8,15.0,true
kingston,Kingston,23430,2026-08-28T03:00:00+10:00,2026-08-27T17:00:00+00:00,-37.97317532432438,145.09531946112688,9.0,6.7,0,2,partly_cloudy,10.4,21.6,0.0,11.1,12.2,true
kingston,Kingston,23430,2026-08-28T04:00:00+10:00,2026-08-27T18:00:00+00:00,-37.97317532432438,145.09531946112688,8.8,6.3,0,2,partly_cloudy,10.6,21.2,0.0,8.7,9.7,true
kingston,Kingston,23430,2026-08-28T05:00:00+10:00,2026-08-27T19:00:00+00:00,-37.97317532432438,145.09531946112688,8.9,6.1,0,0,clear_sky,11.2,21.2,0.0,7.4,8.6,true
kingston,Kingston,23430,2026-08-28T06:00:00+10:00,2026-08-27T20:00:00+00:00,-37.97317532432438,145.09531946112688,9.0,6.2,0,0,clear_sky,11.1,21.6,0.0,6.6,8.0,true
kingston,Kingston,23430,2026-08-28T07:00:00+10:00,2026-08-27T21:00:00+00:00,-37.97317532432438,145.09531946112688,8.7,5.9,0,0,clear_sky,10.9,22.0,0.0,7.2,8.5,true
kingston,Kingston,23430,2026-08-28T08:00:00+10:00,2026-08-27T22:00:00+00:00,-37.97317532432438,145.09531946112688,9.7,7.0,2,0,clear_sky,11.4,22.3,0.1,8.5,10.0,true
kingston,Kingston,23430,2026-08-28T09:00:00+10:00,2026-08-27T23:00:00+00:00,-37.97317532432438,145.09531946112688,11.4,9.2,6,0,clear_sky,10.1,23.8,0.35,10.3,11.9,true
kingston,Kingston,23430,2026-08-28T10:00:00+10:00,2026-08-28T00:00:00+00:00,-37.97317532432438,145.09531946112688,13.2,11.0,10,1,mainly_clear,9.3,24.1,0.85,8.8,10.7,true
kingston,Kingston,23430,2026-08-28T11:00:00+10:00,2026-08-28T01:00:00+00:00,-37.97317532432438,145.09531946112688,14.1,12.4,15,3,overcast,7.1,23.8,1.8,7.7,9.7,true
kingston,Kingston,23430,2026-08-28T12:00:00+10:00,2026-08-28T02:00:00+00:00,-37.97317532432438,145.09531946112688,14.2,12.8,20,3,overcast,5.8,20.2,2.65,5.8,7.7,true
kingston,Kingston,23430,2026-08-28T13:00:00+10:00,2026-08-28T03:00:00+00:00,-37.97317532432438,145.09531946112688,14.2,13.1,24,51,light_drizzle,5.2,15.5,3.1,6.0,8.6,true
kingston,Kingston,23430,2026-08-28T14:00:00+10:00,2026-08-28T04:00:00+00:00,-37.97317532432438,145.09531946112688,14.0,13.2,28,53,moderate_drizzle,5.5,13.3,2.5,7.4,11.3,true
kingston,Kingston,23430,2026-08-28T15:00:00+10:00,2026-08-28T05:00:00+00:00,-37.97317532432438,145.09531946112688,13.7,13.2,31,53,moderate_drizzle,5.7,15.8,1.55,8.7,13.7,true
kingston,Kingston,23430,2026-08-28T16:00:00+10:00,2026-08-28T06:00:00+00:00,-37.97317532432438,145.09531946112688,13.7,13.6,31,53,moderate_drizzle,3.8,16.2,0.65,10.0,15.7,true
kingston,Kingston,23430,2026-08-28T17:00:00+10:00,2026-08-28T07:00:00+00:00,-37.97317532432438,145.09531946112688,13.5,13.6,26,3,overcast,1.9,11.5,0.15,11.0,17.3,true
kingston,Kingston,23430,2026-08-28T18:00:00+10:00,2026-08-28T08:00:00+00:00,-37.97317532432438,145.09531946112688,13.2,13.4,17,3,overcast,2.0,6.1,0.0,13.9,20.7,true
kingston,Kingston,23430,2026-08-28T19:00:00+10:00,2026-08-28T09:00:00+00:00,-37.97317532432438,145.09531946112688,13.1,12.9,10,51,light_drizzle,4.6,8.6,0.0,17.2,23.7,true
kingston,Kingston,23430,2026-08-28T20:00:00+10:00,2026-08-28T10:00:00+00:00,-37.97317532432438,145.09531946112688,12.8,12.3,5,51,light_drizzle,6.0,11.2,0.0,20.1,27.0,true
kingston,Kingston,23430,2026-08-28T21:00:00+10:00,2026-08-28T11:00:00+00:00,-37.97317532432438,145.09531946112688,12.2,11.7,2,1,mainly_clear,4.6,11.5,0.0,21.8,28.8,true
kingston,Kingston,23430,2026-08-28T22:00:00+10:00,2026-08-28T12:00:00+00:00,-37.97317532432438,145.09531946112688,11.8,10.8,0,3,overcast,5.8,10.8,0.0,22.8,29.9,true
kingston,Kingston,23430,2026-08-28T23:00:00+10:00,2026-08-28T13:00:00+00:00,-37.97317532432438,145.09531946112688,11.5,10.8,1,3,overcast,3.6,11.2,0.0,23.4,30.6,true
kingston,Kingston,23430,2026-08-29T00:00:00+10:00,2026-08-28T14:00:00+00:00,-37.97317532432438,145.09531946112688,11.2,10.6,3,3,overcast,2.6,6.1,0.0,23.7,31.0,true
kingston,Kingston,23430,2026-08-29T01:00:00+10:00,2026-08-28T15:00:00+00:00,-37.97317532432438,145.09531946112688,11.6,10.8,4,51,light_drizzle,5.3,9.4,0.0,23.3,30.3,true
kingston,Kingston,23430,2026-08-29T02:00:00+10:00,2026-08-28T16:00:00+00:00,-37.97317532432438,145.09531946112688,11.4,10.4,3,51,light_drizzle,6.3,11.2,0.0,21.3,27.4,true
kingston,Kingston,23430,2026-08-29T03:00:00+10:00,2026-08-28T17:00:00+00:00,-37.97317532432438,145.09531946112688,11.3,10.0,1,51,light_drizzle,8.5,15.5,0.0,17.9,23.1,true
kingston,Kingston,23430,2026-08-29T04:00:00+10:00,2026-08-28T18:00:00+00:00,-37.97317532432438,145.09531946112688,11.0,9.5,0,2,partly_cloudy,8.7,16.6,0.0,14.8,19.2,true
kingston,Kingston,23430,2026-08-29T05:00:00+10:00,2026-08-28T19:00:00+00:00,-37.97317532432438,145.09531946112688,10.5,8.9,0,1,mainly_clear,8.4,16.2,0.0,12.3,16.1,true
kingston,Kingston,23430,2026-08-29T06:00:00+10:00,2026-08-28T20:00:00+00:00,-37.97317532432438,145.09531946112688,9.8,8.2,1,0,clear_sky,8.5,15.5,0.0,11.1,14.4,true
kingston,Kingston,23430,2026-08-29T07:00:00+10:00,2026-08-28T21:00:00+00:00,-37.97317532432438,145.09531946112688,9.3,7.6,2,1,mainly_clear,8.7,16.2,0.05,12.4,15.3,true
kingston,Kingston,23430,2026-08-29T08:00:00+10:00,2026-08-28T22:00:00+00:00,-37.97317532432438,145.09531946112688,9.7,8.2,1,1,mainly_clear,8.3,19.4,0.25,14.0,16.9,true
kingston,Kingston,23430,2026-08-29T09:00:00+10:00,2026-08-28T23:00:00+00:00,-37.97317532432438,145.09531946112688,10.0,8.5,0,1,mainly_clear,8.3,20.9,0.7,12.3,16.1,true
kingston,Kingston,23430,2026-08-29T10:00:00+10:00,2026-08-29T00:00:00+00:00,-37.97317532432438,145.09531946112688,10.8,9.3,0,2,partly_cloudy,8.2,22.0,1.25,12.3,17.6,true
kingston,Kingston,23430,2026-08-29T11:00:00+10:00,2026-08-29T01:00:00+00:00,-37.97317532432438,145.09531946112688,11.4,9.9,6,2,partly_cloudy,8.9,24.5,1.5,11.9,17.9,true
kingston,Kingston,23430,2026-08-29T12:00:00+10:00,2026-08-29T02:00:00+00:00,-37.97317532432438,145.09531946112688,12.1,10.3,13,1,mainly_clear,9.3,25.6,1.55,12.0,18.6,true
kingston,Kingston,23430,2026-08-29T13:00:00+10:00,2026-08-29T03:00:00+00:00,-37.97317532432438,145.09531946112688,12.7,10.8,18,2,partly_cloudy,10.8,28.8,1.6,11.8,18.5,true
kingston,Kingston,23430,2026-08-29T14:00:00+10:00,2026-08-29T04:00:00+00:00,-37.97317532432438,145.09531946112688,12.7,10.0,16,3,overcast,12.9,33.1,1.2,11.8,18.7,true
kingston,Kingston,23430,2026-08-29T15:00:00+10:00,2026-08-29T05:00:00+00:00,-37.97317532432438,145.09531946112688,12.6,10.0,11,51,light_drizzle,13.2,33.5,0.7,12.8,20.3,true
kingston,Kingston,23430,2026-08-29T16:00:00+10:00,2026-08-29T06:00:00+00:00,-37.97317532432438,145.09531946112688,12.5,10.2,6,2,partly_cloudy,10.8,32.0,0.3,14.8,23.3,true
kingston,Kingston,23430,2026-08-29T17:00:00+10:00,2026-08-29T07:00:00+00:00,-37.97317532432438,145.09531946112688,12.4,10.3,3,3,overcast,9.8,25.2,0.1,16.6,26.0,true
kingston,Kingston,23430,2026-08-29T18:00:00+10:00,2026-08-29T08:00:00+00:00,-37.97317532432438,145.09531946112688,11.6,10.7,1,1,mainly_clear,3.4,20.2,0.0,16.3,24.9,true
kingston,Kingston,23430,2026-08-29T19:00:00+10:00,2026-08-29T09:00:00+00:00,-37.97317532432438,145.09531946112688,11.2,10.1,0,3,overcast,4.3,7.9,0.0,15.7,22.8,true
kingston,Kingston,23430,2026-08-29T20:00:00+10:00,2026-08-29T10:00:00+00:00,-37.97317532432438,145.09531946112688,11.8,10.5,0,3,overcast,6.2,11.5,0.0,16.1,23.0,true
kingston,Kingston,23430,2026-08-29T21:00:00+10:00,2026-08-29T11:00:00+00:00,-37.97317532432438,145.09531946112688,12.1,10.5,0,3,overcast,8.6,16.2,0.0,16.3,23.1,true
kingston,Kingston,23430,2026-08-29T22:00:00+10:00,2026-08-29T12:00:00+00:00,-37.97317532432438,145.09531946112688,11.9,10.2,0,51,light_drizzle,9.8,19.1,0.0,15.3,21.4,true
kingston,Kingston,23430,2026-08-29T23:00:00+10:00,2026-08-29T13:00:00+00:00,-37.97317532432438,145.09531946112688,11.8,10.2,1,51,light_drizzle,9.2,18.7,0.0,14.3,20.2,true
kingston,Kingston,23430,2026-08-30T00:00:00+10:00,2026-08-29T14:00:00+00:00,-37.97317532432438,145.09531946112688,11.5,10.1,2,51,light_drizzle,8.3,17.3,0.0,12.9,18.2,true
kingston,Kingston,23430,2026-08-30T01:00:00+10:00,2026-08-29T15:00:00+00:00,-37.97317532432438,145.09531946112688,11.0,9.6,2,3,overcast,7.3,15.8,0.0,11.4,16.2,true
kingston,Kingston,23430,2026-08-30T02:00:00+10:00,2026-08-29T16:00:00+00:00,-37.97317532432438,145.09531946112688,10.8,9.3,2,3,overcast,8.0,14.8,0.0,10.5,15.0,true
kingston,Kingston,23430,2026-08-30T03:00:00+10:00,2026-08-29T17:00:00+00:00,-37.97317532432438,145.09531946112688,10.3,8.9,1,3,overcast,7.7,15.1,0.0,9.8,14.2,true
kingston,Kingston,23430,2026-08-30T04:00:00+10:00,2026-08-29T18:00:00+00:00,-37.97317532432438,145.09531946112688,9.8,8.4,0,3,overcast,7.2,14.8,0.0,9.3,13.6,true
kingston,Kingston,23430,2026-08-30T05:00:00+10:00,2026-08-29T19:00:00+00:00,-37.97317532432438,145.09531946112688,9.6,8.1,0,3,overcast,7.3,14.4,0.0,9.0,13.3,true
kingston,Kingston,23430,2026-08-30T06:00:00+10:00,2026-08-29T20:00:00+00:00,-37.97317532432438,145.09531946112688,9.5,8.1,0,3,overcast,7.4,13.7,0.0,9.3,13.6,true
kingston,Kingston,23430,2026-08-30T07:00:00+10:00,2026-08-29T21:00:00+00:00,-37.97317532432438,145.09531946112688,9.7,8.2,0,3,overcast,7.4,14.4,0.0,10.9,15.2,true
kingston,Kingston,23430,2026-08-30T08:00:00+10:00,2026-08-29T22:00:00+00:00,-37.97317532432438,145.09531946112688,10.3,8.9,0,3,overcast,7.1,16.9,0.2,12.5,17.0,true
kingston,Kingston,23430,2026-08-30T09:00:00+10:00,2026-08-29T23:00:00+00:00,-37.97317532432438,145.09531946112688,11.1,9.8,0,3,overcast,7.4,20.2,0.55,12.6,17.5,true
kingston,Kingston,23430,2026-08-30T10:00:00+10:00,2026-08-30T00:00:00+00:00,-37.97317532432438,145.09531946112688,11.9,10.5,0,3,overcast,8.3,23.0,1.15,12.1,17.4,true
kingston,Kingston,23430,2026-08-30T11:00:00+10:00,2026-08-30T01:00:00+00:00,-37.97317532432438,145.09531946112688,12.6,11.1,1,51,light_drizzle,8.9,25.2,1.8,12.1,18.2,true
kingston,Kingston,23430,2026-08-30T12:00:00+10:00,2026-08-30T02:00:00+00:00,-37.97317532432438,145.09531946112688,13.3,11.6,3,51,light_drizzle,9.6,26.6,2.35,11.8,18.1,true
kingston,Kingston,23430,2026-08-30T13:00:00+10:00,2026-08-30T03:00:00+00:00,-37.97317532432438,145.09531946112688,13.7,11.9,4,51,light_drizzle,10.2,28.1,2.55,11.8,18.2,true
kingston,Kingston,23430,2026-08-30T14:00:00+10:00,2026-08-30T04:00:00+00:00,-37.97317532432438,145.09531946112688,13.7,11.8,3,51,light_drizzle,10.9,29.2,2.25,10.2,15.7,true
kingston,Kingston,23430,2026-08-30T15:00:00+10:00,2026-08-30T05:00:00+00:00,-37.97317532432438,145.09531946112688,13.6,11.6,1,51,light_drizzle,11.3,29.5,1.35,10.0,15.2,true
kingston,Kingston,23430,2026-08-30T16:00:00+10:00,2026-08-30T06:00:00+00:00,-37.97317532432438,145.09531946112688,13.3,11.3,0,51,light_drizzle,10.8,29.5,0.55,10.0,15.1,true
kingston,Kingston,23430,2026-08-30T17:00:00+10:00,2026-08-30T07:00:00+00:00,-37.97317532432438,145.09531946112688,12.8,11.2,0,3,overcast,8.6,29.2,0.1,10.0,15.3,true
kingston,Kingston,23430,2026-08-30T18:00:00+10:00,2026-08-30T08:00:00+00:00,-37.97317532432438,145.09531946112688,12.1,11.0,0,3,overcast,5.6,28.4,0.0,11.4,16.5,true
kingston,Kingston,23430,2026-08-30T19:00:00+10:00,2026-08-30T09:00:00+00:00,-37.97317532432438,145.09531946112688,11.6,10.9,0,3,overcast,3.3,25.9,0.0,11.4,15.7,true
kingston,Kingston,23430,2026-08-30T20:00:00+10:00,2026-08-30T10:00:00+00:00,-37.97317532432438,145.09531946112688,11.5,11.0,0,3,overcast,2.1,19.8,0.0,11.5,15.7,true
kingston,Kingston,23430,2026-08-30T21:00:00+10:00,2026-08-30T11:00:00+00:00,-37.97317532432438,145.09531946112688,11.6,11.1,0,3,overcast,1.3,11.9,0.0,12.4,16.7,true
kingston,Kingston,23430,2026-08-30T22:00:00+10:00,2026-08-30T12:00:00+00:00,-37.97317532432438,145.09531946112688,11.6,11.2,0,3,overcast,0.7,5.8,0.0,13.6,18.2,true
kingston,Kingston,23430,2026-08-30T23:00:00+10:00,2026-08-30T13:00:00+00:00,-37.97317532432438,145.09531946112688,11.5,11.2,0,3,overcast,0.4,2.9,,,,false
kingston,Kingston,23430,2026-08-31T00:00:00+10:00,2026-08-30T14:00:00+00:00,-37.97317532432438,145.09531946112688,11.4,11.1,0,3,overcast,0.0,1.8,,,,false
kingston,Kingston,23430,2026-08-31T01:00:00+10:00,2026-08-30T15:00:00+00:00,-37.97317532432438,145.09531946112688,11.3,11.0,0,3,overcast,0.2,1.4,,,,false
kingston,Kingston,23430,2026-08-31T02:00:00+10:00,2026-08-30T16:00:00+00:00,-37.97317532432438,145.09531946112688,11.1,10.8,0,3,overcast,0.6,1.8,,,,false
kingston,Kingston,23430,2026-08-31T03:00:00+10:00,2026-08-30T17:00:00+00:00,-37.97317532432438,145.09531946112688,10.9,10.6,0,3,overcast,1.2,2.9,,,,false
kingston,Kingston,23430,2026-08-31T04:00:00+10:00,2026-08-30T18:00:00+00:00,-37.97317532432438,145.09531946112688,10.7,10.3,0,3,overcast,1.7,4.0,,,,false
kingston,Kingston,23430,2026-08-31T05:00:00+10:00,2026-08-30T19:00:00+00:00,-37.97317532432438,145.09531946112688,10.5,10.1,0,51,light_drizzle,2.2,4.7,,,,false
kingston,Kingston,23430,2026-08-31T06:00:00+10:00,2026-08-30T20:00:00+00:00,-37.97317532432438,145.09531946112688,10.3,9.7,0,51,light_drizzle,2.9,5.8,,,,false
kingston,Kingston,23430,2026-08-31T07:00:00+10:00,2026-08-30T21:00:00+00:00,-37.97317532432438,145.09531946112688,10.3,9.7,0,51,light_drizzle,3.6,7.2,,,,false
kingston,Kingston,23430,2026-08-31T08:00:00+10:00,2026-08-30T22:00:00+00:00,-37.97317532432438,145.09531946112688,10.7,9.9,0,51,light_drizzle,4.1,9.7,,,,false
kingston,Kingston,23430,2026-08-31T09:00:00+10:00,2026-08-30T23:00:00+00:00,-37.97317532432438,145.09531946112688,11.3,10.4,0,51,light_drizzle,4.5,12.6,,,,false
kingston,Kingston,23430,2026-08-31T10:00:00+10:00,2026-08-31T00:00:00+00:00,-37.97317532432438,145.09531946112688,12.0,11.2,0,51,light_drizzle,4.3,15.1,,,,false
kingston,Kingston,23430,2026-08-31T11:00:00+10:00,2026-08-31T01:00:00+00:00,-37.97317532432438,145.09531946112688,13.1,12.5,0,2,partly_cloudy,3.2,15.8,,,,false
kingston,Kingston,23430,2026-08-31T12:00:00+10:00,2026-08-31T02:00:00+00:00,-37.97317532432438,145.09531946112688,14.3,13.8,0,1,mainly_clear,2.6,16.2,,,,false
kingston,Kingston,23430,2026-08-31T13:00:00+10:00,2026-08-31T03:00:00+00:00,-37.97317532432438,145.09531946112688,15.0,14.8,0,0,clear_sky,3.6,17.3,,,,false
kingston,Kingston,23430,2026-08-31T14:00:00+10:00,2026-08-31T04:00:00+00:00,-37.97317532432438,145.09531946112688,15.1,14.8,0,0,clear_sky,5.4,20.9,,,,false
kingston,Kingston,23430,2026-08-31T15:00:00+10:00,2026-08-31T05:00:00+00:00,-37.97317532432438,145.09531946112688,14.7,13.6,0,0,clear_sky,7.6,25.2,,,,false
kingston,Kingston,23430,2026-08-31T16:00:00+10:00,2026-08-31T06:00:00+00:00,-37.97317532432438,145.09531946112688,14.2,12.9,0,0,clear_sky,8.3,27.7,,,,false
kingston,Kingston,23430,2026-08-31T17:00:00+10:00,2026-08-31T07:00:00+00:00,-37.97317532432438,145.09531946112688,13.3,12.2,0,0,clear_sky,7.1,26.3,,,,false
kingston,Kingston,23430,2026-08-31T18:00:00+10:00,2026-08-31T08:00:00+00:00,-37.97317532432438,145.09531946112688,12.3,11.4,0,0,clear_sky,4.8,22.7,,,,false
kingston,Kingston,23430,2026-08-31T19:00:00+10:00,2026-08-31T09:00:00+00:00,-37.97317532432438,145.09531946112688,11.7,11.0,0,0,clear_sky,3.1,20.9,,,,false
kingston,Kingston,23430,2026-08-31T20:00:00+10:00,2026-08-31T10:00:00+00:00,-37.97317532432438,145.09531946112688,11.9,11.0,0,0,clear_sky,5.2,22.3,,,,false
kingston,Kingston,23430,2026-08-31T21:00:00+10:00,2026-08-31T11:00:00+00:00,-37.97317532432438,145.09531946112688,12.5,11.0,0,0,clear_sky,10.4,25.6,,,,false
kingston,Kingston,23430,2026-08-31T22:00:00+10:00,2026-08-31T12:00:00+00:00,-37.97317532432438,145.09531946112688,12.9,10.8,0,0,clear_sky,14.6,28.4,,,,false
kingston,Kingston,23430,2026-08-31T23:00:00+10:00,2026-08-31T13:00:00+00:00,-37.97317532432438,145.09531946112688,12.8,10.5,0,0,clear_sky,16.2,29.5,,,,false
kingston,Kingston,23430,2026-09-01T00:00:00+10:00,2026-08-31T14:00:00+00:00,-37.97317532432438,145.09531946112688,12.5,10.1,0,0,clear_sky,16.4,30.2,,,,false
kingston,Kingston,23430,2026-09-01T01:00:00+10:00,2026-08-31T15:00:00+00:00,-37.97317532432438,145.09531946112688,12.4,9.9,0,0,clear_sky,16.9,32.0,,,,false
kingston,Kingston,23430,2026-09-01T02:00:00+10:00,2026-08-31T16:00:00+00:00,-37.97317532432438,145.09531946112688,12.6,9.8,0,0,clear_sky,18.9,36.4,,,,false
kingston,Kingston,23430,2026-09-01T03:00:00+10:00,2026-08-31T17:00:00+00:00,-37.97317532432438,145.09531946112688,12.9,9.9,0,1,mainly_clear,21.4,41.8,,,,false
kingston,Kingston,23430,2026-09-01T04:00:00+10:00,2026-08-31T18:00:00+00:00,-37.97317532432438,145.09531946112688,13.1,9.9,0,1,mainly_clear,23.3,46.1,,,,false
kingston,Kingston,23430,2026-09-01T05:00:00+10:00,2026-08-31T19:00:00+00:00,-37.97317532432438,145.09531946112688,13.0,9.6,0,2,partly_cloudy,24.0,47.9,,,,false
kingston,Kingston,23430,2026-09-01T06:00:00+10:00,2026-08-31T20:00:00+00:00,-37.97317532432438,145.09531946112688,12.8,9.3,0,2,partly_cloudy,24.0,48.2,,,,false
kingston,Kingston,23430,2026-09-01T07:00:00+10:00,2026-08-31T21:00:00+00:00,-37.97317532432438,145.09531946112688,12.8,9.3,0,3,overcast,24.3,49.7,,,,false
kingston,Kingston,23430,2026-09-01T08:00:00+10:00,2026-08-31T22:00:00+00:00,-37.97317532432438,145.09531946112688,14.0,10.3,0,1,mainly_clear,26.0,55.4,,,,false
kingston,Kingston,23430,2026-09-01T09:00:00+10:00,2026-08-31T23:00:00+00:00,-37.97317532432438,145.09531946112688,14.4,10.6,0,1,mainly_clear,26.4,57.6,,,,false
kingston,Kingston,23430,2026-09-01T10:00:00+10:00,2026-09-01T00:00:00+00:00,-37.97317532432438,145.09531946112688,14.8,11.0,0,1,mainly_clear,26.6,59.4,,,,false
kingston,Kingston,23430,2026-09-01T11:00:00+10:00,2026-09-01T01:00:00+00:00,-37.97317532432438,145.09531946112688,15.5,11.6,4,1,mainly_clear,26.9,61.6,,,,false
kingston,Kingston,23430,2026-09-01T12:00:00+10:00,2026-09-01T02:00:00+00:00,-37.97317532432438,145.09531946112688,16.4,12.7,10,2,partly_cloudy,27.2,63.4,,,,false
kingston,Kingston,23430,2026-09-01T13:00:00+10:00,2026-09-01T03:00:00+00:00,-37.97317532432438,145.09531946112688,17.3,13.6,17,2,partly_cloudy,27.6,65.5,,,,false
kingston,Kingston,23430,2026-09-01T14:00:00+10:00,2026-09-01T04:00:00+00:00,-37.97317532432438,145.09531946112688,18.2,14.3,24,3,overcast,27.8,67.0,,,,false
kingston,Kingston,23430,2026-09-01T15:00:00+10:00,2026-09-01T05:00:00+00:00,-37.97317532432438,145.09531946112688,18.8,14.9,31,3,overcast,27.6,68.0,,,,false
kingston,Kingston,23430,2026-09-01T16:00:00+10:00,2026-09-01T06:00:00+00:00,-37.97317532432438,145.09531946112688,18.9,15.2,39,3,overcast,26.4,68.8,,,,false
kingston,Kingston,23430,2026-09-01T17:00:00+10:00,2026-09-01T07:00:00+00:00,-37.97317532432438,145.09531946112688,18.4,15.0,47,55,dense_drizzle,24.1,68.4,,,,false
kingston,Kingston,23430,2026-09-01T18:00:00+10:00,2026-09-01T08:00:00+00:00,-37.97317532432438,145.09531946112688,17.5,14.4,55,55,dense_drizzle,21.8,67.7,,,,false
kingston,Kingston,23430,2026-09-01T19:00:00+10:00,2026-09-01T09:00:00+00:00,-37.97317532432438,145.09531946112688,16.2,13.1,62,55,dense_drizzle,21.5,66.2,,,,false
kingston,Kingston,23430,2026-09-01T20:00:00+10:00,2026-09-01T10:00:00+00:00,-37.97317532432438,145.09531946112688,14.9,11.5,68,55,dense_drizzle,23.2,64.4,,,,false
kingston,Kingston,23430,2026-09-01T21:00:00+10:00,2026-09-01T11:00:00+00:00,-37.97317532432438,145.09531946112688,13.6,9.8,74,55,dense_drizzle,25.7,63.0,,,,false
kingston,Kingston,23430,2026-09-01T22:00:00+10:00,2026-09-01T12:00:00+00:00,-37.97317532432438,145.09531946112688,12.7,8.5,76,55,dense_drizzle,27.0,61.6,,,,false
kingston,Kingston,23430,2026-09-01T23:00:00+10:00,2026-09-01T13:00:00+00:00,-37.97317532432438,145.09531946112688,11.9,7.9,75,0,clear_sky,25.7,60.8,,,,false
knox,Knox,23670,2026-08-26T00:00:00+10:00,2026-08-25T14:00:00+00:00,-37.89893753264437,145.26577056061342,10.9,9.5,58,51,light_drizzle,9.7,17.3,0.0,3.8,5.5,true
knox,Knox,23670,2026-08-26T01:00:00+10:00,2026-08-25T15:00:00+00:00,-37.89893753264437,145.26577056061342,10.6,9.2,80,51,light_drizzle,10.5,23.0,0.0,3.9,6.0,true
knox,Knox,23670,2026-08-26T02:00:00+10:00,2026-08-25T16:00:00+00:00,-37.89893753264437,145.26577056061342,10.6,9.1,63,51,light_drizzle,10.3,21.2,0.0,4.4,7.0,true
knox,Knox,23670,2026-08-26T03:00:00+10:00,2026-08-25T17:00:00+00:00,-37.89893753264437,145.26577056061342,10.4,8.7,29,51,light_drizzle,10.4,20.2,0.0,4.9,7.8,true
knox,Knox,23670,2026-08-26T04:00:00+10:00,2026-08-25T18:00:00+00:00,-37.89893753264437,145.26577056061342,9.9,8.3,10,1,mainly_clear,8.8,19.8,0.0,5.1,8.1,true
knox,Knox,23670,2026-08-26T05:00:00+10:00,2026-08-25T19:00:00+00:00,-37.89893753264437,145.26577056061342,8.7,7.2,25,2,partly_cloudy,5.9,15.8,0.0,5.3,8.4,true
knox,Knox,23670,2026-08-26T06:00:00+10:00,2026-08-25T20:00:00+00:00,-37.89893753264437,145.26577056061342,8.8,7.3,56,51,light_drizzle,6.2,9.0,0.0,5.4,8.4,true
knox,Knox,23670,2026-08-26T07:00:00+10:00,2026-08-25T21:00:00+00:00,-37.89893753264437,145.26577056061342,9.0,7.5,75,51,light_drizzle,7.2,13.7,0.05,5.9,8.7,true
knox,Knox,23670,2026-08-26T08:00:00+10:00,2026-08-25T22:00:00+00:00,-37.89893753264437,145.26577056061342,9.8,8.2,69,51,light_drizzle,9.7,18.7,0.35,6.5,9.5,true
knox,Knox,23670,2026-08-26T09:00:00+10:00,2026-08-25T23:00:00+00:00,-37.89893753264437,145.26577056061342,10.8,9.1,52,51,light_drizzle,10.7,23.8,1.0,6.5,9.9,true
knox,Knox,23670,2026-08-26T10:00:00+10:00,2026-08-26T00:00:00+00:00,-37.89893753264437,145.26577056061342,12.3,10.3,37,51,light_drizzle,12.0,27.4,1.9,7.9,12.5,true
knox,Knox,23670,2026-08-26T11:00:00+10:00,2026-08-26T01:00:00+00:00,-37.89893753264437,145.26577056061342,12.8,10.4,31,51,light_drizzle,12.7,32.0,2.8,7.3,11.7,true
knox,Knox,23670,2026-08-26T12:00:00+10:00,2026-08-26T02:00:00+00:00,-37.89893753264437,145.26577056061342,13.1,10.5,27,51,light_drizzle,14.1,34.6,2.95,8.0,12.9,true
knox,Knox,23670,2026-08-26T13:00:00+10:00,2026-08-26T03:00:00+00:00,-37.89893753264437,145.26577056061342,13.5,10.7,22,51,light_drizzle,14.5,35.6,2.65,7.3,11.9,true
knox,Knox,23670,2026-08-26T14:00:00+10:00,2026-08-26T04:00:00+00:00,-37.89893753264437,145.26577056061342,13.6,10.8,14,0,clear_sky,14.9,36.4,2.0,7.1,11.5,true
knox,Knox,23670,2026-08-26T15:00:00+10:00,2026-08-26T05:00:00+00:00,-37.89893753264437,145.26577056061342,13.3,10.7,6,0,clear_sky,13.6,36.4,1.15,7.0,11.3,true
knox,Knox,23670,2026-08-26T16:00:00+10:00,2026-08-26T06:00:00+00:00,-37.89893753264437,145.26577056061342,13.1,10.5,0,0,clear_sky,12.3,33.1,0.5,7.2,11.5,true
knox,Knox,23670,2026-08-26T17:00:00+10:00,2026-08-26T07:00:00+00:00,-37.89893753264437,145.26577056061342,12.4,10.3,0,0,clear_sky,9.3,28.8,0.1,7.6,11.8,true
knox,Knox,23670,2026-08-26T18:00:00+10:00,2026-08-26T08:00:00+00:00,-37.89893753264437,145.26577056061342,10.7,9.2,0,2,partly_cloudy,6.0,20.2,0.0,9.2,13.4,true
knox,Knox,23670,2026-08-26T19:00:00+10:00,2026-08-26T09:00:00+00:00,-37.89893753264437,145.26577056061342,10.3,8.9,0,3,overcast,5.1,12.2,0.0,11.3,15.5,true
knox,Knox,23670,2026-08-26T20:00:00+10:00,2026-08-26T10:00:00+00:00,-37.89893753264437,145.26577056061342,9.6,8.2,0,3,overcast,4.6,9.7,0.0,12.5,16.8,true
knox,Knox,23670,2026-08-26T21:00:00+10:00,2026-08-26T11:00:00+00:00,-37.89893753264437,145.26577056061342,9.2,7.8,0,3,overcast,4.3,8.3,0.0,12.4,16.3,true
knox,Knox,23670,2026-08-26T22:00:00+10:00,2026-08-26T12:00:00+00:00,-37.89893753264437,145.26577056061342,9.2,7.7,0,3,overcast,5.0,9.7,0.0,12.8,16.7,true
knox,Knox,23670,2026-08-26T23:00:00+10:00,2026-08-26T13:00:00+00:00,-37.89893753264437,145.26577056061342,9.1,7.7,0,3,overcast,3.8,9.7,0.0,13.3,17.2,true
knox,Knox,23670,2026-08-27T00:00:00+10:00,2026-08-26T14:00:00+00:00,-37.89893753264437,145.26577056061342,9.1,7.7,0,3,overcast,3.6,7.6,0.0,13.6,17.6,true
knox,Knox,23670,2026-08-27T01:00:00+10:00,2026-08-26T15:00:00+00:00,-37.89893753264437,145.26577056061342,9.4,8.0,0,3,overcast,3.3,7.2,0.0,13.6,17.6,true
knox,Knox,23670,2026-08-27T02:00:00+10:00,2026-08-26T16:00:00+00:00,-37.89893753264437,145.26577056061342,9.2,7.8,0,3,overcast,2.6,6.1,0.0,13.6,17.7,true
knox,Knox,23670,2026-08-27T03:00:00+10:00,2026-08-26T17:00:00+00:00,-37.89893753264437,145.26577056061342,8.5,7.3,0,3,overcast,1.3,4.7,0.0,13.5,17.7,true
knox,Knox,23670,2026-08-27T04:00:00+10:00,2026-08-26T18:00:00+00:00,-37.89893753264437,145.26577056061342,7.8,6.4,0,2,partly_cloudy,2.2,5.8,0.0,13.2,17.5,true
knox,Knox,23670,2026-08-27T05:00:00+10:00,2026-08-26T19:00:00+00:00,-37.89893753264437,145.26577056061342,7.0,5.4,0,2,partly_cloudy,3.7,7.9,0.0,13.0,17.2,true
knox,Knox,23670,2026-08-27T06:00:00+10:00,2026-08-26T20:00:00+00:00,-37.89893753264437,145.26577056061342,6.8,5.3,0,0,clear_sky,2.9,7.9,0.0,13.4,17.5,true
knox,Knox,23670,2026-08-27T07:00:00+10:00,2026-08-26T21:00:00+00:00,-37.89893753264437,145.26577056061342,6.2,4.7,0,0,clear_sky,2.2,5.4,0.05,16.2,19.8,true
knox,Knox,23670,2026-08-27T08:00:00+10:00,2026-08-26T22:00:00+00:00,-37.89893753264437,145.26577056061342,7.9,6.3,0,0,clear_sky,4.6,10.1,0.35,20.4,22.5,true
knox,Knox,23670,2026-08-27T09:00:00+10:00,2026-08-26T23:00:00+00:00,-37.89893753264437,145.26577056061342,9.9,8.7,0,0,clear_sky,3.3,12.2,1.1,15.4,18.1,true
knox,Knox,23670,2026-08-27T10:00:00+10:00,2026-08-27T00:00:00+00:00,-37.89893753264437,145.26577056061342,11.5,10.3,0,0,clear_sky,3.6,14.8,2.15,10.3,14.5,true
knox,Knox,23670,2026-08-27T11:00:00+10:00,2026-08-27T01:00:00+00:00,-37.89893753264437,145.26577056061342,12.6,11.2,0,1,mainly_clear,4.3,16.6,2.65,9.5,13.8,true
knox,Knox,23670,2026-08-27T12:00:00+10:00,2026-08-27T02:00:00+00:00,-37.89893753264437,145.26577056061342,13.4,12.3,0,3,overcast,4.4,17.3,3.25,9.2,13.4,true
knox,Knox,23670,2026-08-27T13:00:00+10:00,2026-08-27T03:00:00+00:00,-37.89893753264437,145.26577056061342,13.9,12.7,0,1,mainly_clear,5.4,19.1,3.3,9.6,13.7,true
knox,Knox,23670,2026-08-27T14:00:00+10:00,2026-08-27T04:00:00+00:00,-37.89893753264437,145.26577056061342,14.1,12.9,0,1,mainly_clear,6.4,20.9,2.6,9.9,13.9,true
knox,Knox,23670,2026-08-27T15:00:00+10:00,2026-08-27T05:00:00+00:00,-37.89893753264437,145.26577056061342,13.8,12.1,0,0,clear_sky,7.5,22.0,1.5,10.1,14.2,true
knox,Knox,23670,2026-08-27T16:00:00+10:00,2026-08-27T06:00:00+00:00,-37.89893753264437,145.26577056061342,13.1,11.3,0,0,clear_sky,7.7,22.3,0.6,9.9,13.9,true
knox,Knox,23670,2026-08-27T17:00:00+10:00,2026-08-27T07:00:00+00:00,-37.89893753264437,145.26577056061342,12.3,10.8,0,2,partly_cloudy,4.9,20.2,0.15,11.4,15.3,true
knox,Knox,23670,2026-08-27T18:00:00+10:00,2026-08-27T08:00:00+00:00,-37.89893753264437,145.26577056061342,10.9,10.1,0,3,overcast,1.9,11.2,0.0,15.5,19.2,true
knox,Knox,23670,2026-08-27T19:00:00+10:00,2026-08-27T09:00:00+00:00,-37.89893753264437,145.26577056061342,11.3,10.5,0,3,overcast,1.6,3.6,0.0,19.1,22.8,true
knox,Knox,23670,2026-08-27T20:00:00+10:00,2026-08-27T10:00:00+00:00,-37.89893753264437,145.26577056061342,11.5,10.6,0,3,overcast,1.4,3.2,0.0,22.3,25.8,true
knox,Knox,23670,2026-08-27T21:00:00+10:00,2026-08-27T11:00:00+00:00,-37.89893753264437,145.26577056061342,11.0,10.1,0,3,overcast,1.3,5.4,0.0,25.4,28.8,true
knox,Knox,23670,2026-08-27T22:00:00+10:00,2026-08-27T12:00:00+00:00,-37.89893753264437,145.26577056061342,10.6,9.5,0,2,partly_cloudy,2.6,4.7,0.0,26.4,29.2,true
knox,Knox,23670,2026-08-27T23:00:00+10:00,2026-08-27T13:00:00+00:00,-37.89893753264437,145.26577056061342,9.6,8.0,0,3,overcast,4.9,9.0,0.0,23.2,25.2,true
knox,Knox,23670,2026-08-28T00:00:00+10:00,2026-08-27T14:00:00+00:00,-37.89893753264437,145.26577056061342,9.5,7.6,0,3,overcast,6.8,13.0,0.0,19.4,21.0,true
knox,Knox,23670,2026-08-28T01:00:00+10:00,2026-08-27T15:00:00+00:00,-37.89893753264437,145.26577056061342,9.5,7.3,0,2,partly_cloudy,9.3,17.6,0.0,16.6,18.0,true
knox,Knox,23670,2026-08-28T02:00:00+10:00,2026-08-27T16:00:00+00:00,-37.89893753264437,145.26577056061342,8.6,6.1,0,2,partly_cloudy,11.3,22.0,0.0,13.8,15.0,true
knox,Knox,23670,2026-08-28T03:00:00+10:00,2026-08-27T17:00:00+00:00,-37.89893753264437,145.26577056061342,8.1,5.7,0,2,partly_cloudy,10.5,22.3,0.0,11.1,12.2,true
knox,Knox,23670,2026-08-28T04:00:00+10:00,2026-08-27T18:00:00+00:00,-37.89893753264437,145.26577056061342,7.9,5.3,0,2,partly_cloudy,10.4,21.2,0.0,8.7,9.7,true
knox,Knox,23670,2026-08-28T05:00:00+10:00,2026-08-27T19:00:00+00:00,-37.89893753264437,145.26577056061342,7.6,5.0,0,0,clear_sky,9.9,20.5,0.0,7.4,8.6,true
knox,Knox,23670,2026-08-28T06:00:00+10:00,2026-08-27T20:00:00+00:00,-37.89893753264437,145.26577056061342,7.5,4.8,0,0,clear_sky,10.1,19.4,0.0,6.6,8.0,true
knox,Knox,23670,2026-08-28T07:00:00+10:00,2026-08-27T21:00:00+00:00,-37.89893753264437,145.26577056061342,7.4,4.6,0,0,clear_sky,10.6,20.9,0.0,7.2,8.5,true
knox,Knox,23670,2026-08-28T08:00:00+10:00,2026-08-27T22:00:00+00:00,-37.89893753264437,145.26577056061342,9.0,6.3,2,0,clear_sky,11.0,22.3,0.1,8.5,10.0,true
knox,Knox,23670,2026-08-28T09:00:00+10:00,2026-08-27T23:00:00+00:00,-37.89893753264437,145.26577056061342,11.2,9.1,6,0,clear_sky,9.2,21.6,0.35,10.3,11.9,true
knox,Knox,23670,2026-08-28T10:00:00+10:00,2026-08-28T00:00:00+00:00,-37.89893753264437,145.26577056061342,13.1,10.9,10,1,mainly_clear,8.8,23.0,0.85,8.8,10.7,true
knox,Knox,23670,2026-08-28T11:00:00+10:00,2026-08-28T01:00:00+00:00,-37.89893753264437,145.26577056061342,14.0,12.0,15,3,overcast,8.6,23.4,1.8,7.7,9.7,true
knox,Knox,23670,2026-08-28T12:00:00+10:00,2026-08-28T02:00:00+00:00,-37.89893753264437,145.26577056061342,13.6,11.9,20,3,overcast,7.2,23.4,2.65,5.8,7.7,true
knox,Knox,23670,2026-08-28T13:00:00+10:00,2026-08-28T03:00:00+00:00,-37.89893753264437,145.26577056061342,13.6,12.3,24,51,light_drizzle,6.2,18.4,3.1,6.0,8.6,true
knox,Knox,23670,2026-08-28T14:00:00+10:00,2026-08-28T04:00:00+00:00,-37.89893753264437,145.26577056061342,13.4,12.6,28,53,moderate_drizzle,5.6,15.8,2.5,7.4,11.3,true
knox,Knox,23670,2026-08-28T15:00:00+10:00,2026-08-28T05:00:00+00:00,-37.89893753264437,145.26577056061342,13.2,12.9,31,80,slight_rain_showers,5.2,15.8,1.55,8.7,13.7,true
knox,Knox,23670,2026-08-28T16:00:00+10:00,2026-08-28T06:00:00+00:00,-37.89893753264437,145.26577056061342,13.5,13.0,31,51,light_drizzle,6.4,17.3,0.65,10.0,15.7,true
knox,Knox,23670,2026-08-28T17:00:00+10:00,2026-08-28T07:00:00+00:00,-37.89893753264437,145.26577056061342,13.0,12.8,26,3,overcast,3.7,16.6,0.15,11.0,17.3,true
knox,Knox,23670,2026-08-28T18:00:00+10:00,2026-08-28T08:00:00+00:00,-37.89893753264437,145.26577056061342,12.4,12.5,17,3,overcast,2.2,9.0,0.0,13.9,20.7,true
knox,Knox,23670,2026-08-28T19:00:00+10:00,2026-08-28T09:00:00+00:00,-37.89893753264437,145.26577056061342,12.2,12.0,10,3,overcast,3.6,6.5,0.0,17.2,23.7,true
knox,Knox,23670,2026-08-28T20:00:00+10:00,2026-08-28T10:00:00+00:00,-37.89893753264437,145.26577056061342,12.0,11.8,5,51,light_drizzle,3.8,7.6,0.0,20.1,27.0,true
knox,Knox,23670,2026-08-28T21:00:00+10:00,2026-08-28T11:00:00+00:00,-37.89893753264437,145.26577056061342,11.5,11.2,2,3,overcast,3.8,7.6,0.0,21.8,28.8,true
knox,Knox,23670,2026-08-28T22:00:00+10:00,2026-08-28T12:00:00+00:00,-37.89893753264437,145.26577056061342,10.7,10.0,0,3,overcast,4.3,7.6,0.0,22.8,29.9,true
knox,Knox,23670,2026-08-28T23:00:00+10:00,2026-08-28T13:00:00+00:00,-37.89893753264437,145.26577056061342,10.5,9.8,1,3,overcast,3.6,7.9,0.0,23.4,30.6,true
knox,Knox,23670,2026-08-29T00:00:00+10:00,2026-08-28T14:00:00+00:00,-37.89893753264437,145.26577056061342,10.5,10.0,3,3,overcast,2.2,5.8,0.0,23.7,31.0,true
knox,Knox,23670,2026-08-29T01:00:00+10:00,2026-08-28T15:00:00+00:00,-37.89893753264437,145.26577056061342,10.6,10.0,4,3,overcast,2.7,4.3,0.0,23.3,30.3,true
knox,Knox,23670,2026-08-29T02:00:00+10:00,2026-08-28T16:00:00+00:00,-37.89893753264437,145.26577056061342,10.3,9.7,3,51,light_drizzle,3.1,4.7,0.0,21.3,27.4,true
knox,Knox,23670,2026-08-29T03:00:00+10:00,2026-08-28T17:00:00+00:00,-37.89893753264437,145.26577056061342,10.1,9.4,1,51,light_drizzle,3.1,4.7,0.0,17.9,23.1,true
knox,Knox,23670,2026-08-29T04:00:00+10:00,2026-08-28T18:00:00+00:00,-37.89893753264437,145.26577056061342,9.6,8.8,0,51,light_drizzle,2.9,4.7,0.0,14.8,19.2,true
knox,Knox,23670,2026-08-29T05:00:00+10:00,2026-08-28T19:00:00+00:00,-37.89893753264437,145.26577056061342,8.9,8.0,0,1,mainly_clear,2.3,4.7,0.0,12.3,16.1,true
knox,Knox,23670,2026-08-29T06:00:00+10:00,2026-08-28T20:00:00+00:00,-37.89893753264437,145.26577056061342,8.0,6.9,1,1,mainly_clear,2.9,4.7,0.0,11.1,14.4,true
knox,Knox,23670,2026-08-29T07:00:00+10:00,2026-08-28T21:00:00+00:00,-37.89893753264437,145.26577056061342,7.3,6.0,2,1,mainly_clear,4.4,6.1,0.05,12.4,15.3,true
knox,Knox,23670,2026-08-29T08:00:00+10:00,2026-08-28T22:00:00+00:00,-37.89893753264437,145.26577056061342,8.9,7.8,1,3,overcast,5.6,13.3,0.25,14.0,16.9,true
knox,Knox,23670,2026-08-29T09:00:00+10:00,2026-08-28T23:00:00+00:00,-37.89893753264437,145.26577056061342,9.5,8.3,0,2,partly_cloudy,5.5,16.2,0.7,12.3,16.1,true
knox,Knox,23670,2026-08-29T10:00:00+10:00,2026-08-29T00:00:00+00:00,-37.89893753264437,145.26577056061342,10.8,9.3,0,51,light_drizzle,6.4,19.1,1.25,12.3,17.6,true
knox,Knox,23670,2026-08-29T11:00:00+10:00,2026-08-29T01:00:00+00:00,-37.89893753264437,145.26577056061342,11.4,9.7,6,51,light_drizzle,7.4,22.0,1.5,11.9,17.9,true
knox,Knox,23670,2026-08-29T12:00:00+10:00,2026-08-29T02:00:00+00:00,-37.89893753264437,145.26577056061342,11.9,10.1,13,51,light_drizzle,7.9,23.4,1.55,12.0,18.6,true
knox,Knox,23670,2026-08-29T13:00:00+10:00,2026-08-29T03:00:00+00:00,-37.89893753264437,145.26577056061342,12.5,10.5,18,3,overcast,8.8,25.2,1.6,11.8,18.5,true
knox,Knox,23670,2026-08-29T14:00:00+10:00,2026-08-29T04:00:00+00:00,-37.89893753264437,145.26577056061342,12.3,9.8,16,3,overcast,11.8,30.2,1.2,11.8,18.7,true
knox,Knox,23670,2026-08-29T15:00:00+10:00,2026-08-29T05:00:00+00:00,-37.89893753264437,145.26577056061342,12.1,9.4,11,51,light_drizzle,12.8,31.3,0.7,12.8,20.3,true
knox,Knox,23670,2026-08-29T16:00:00+10:00,2026-08-29T06:00:00+00:00,-37.89893753264437,145.26577056061342,11.9,9.6,6,2,partly_cloudy,10.8,30.6,0.3,14.8,23.3,true
knox,Knox,23670,2026-08-29T17:00:00+10:00,2026-08-29T07:00:00+00:00,-37.89893753264437,145.26577056061342,11.7,9.8,3,2,partly_cloudy,8.5,24.1,0.1,16.6,26.0,true
knox,Knox,23670,2026-08-29T18:00:00+10:00,2026-08-29T08:00:00+00:00,-37.89893753264437,145.26577056061342,10.5,9.5,1,1,mainly_clear,2.7,18.7,0.0,16.3,24.9,true
knox,Knox,23670,2026-08-29T19:00:00+10:00,2026-08-29T09:00:00+00:00,-37.89893753264437,145.26577056061342,9.8,8.9,0,3,overcast,2.3,4.7,0.0,15.7,22.8,true
knox,Knox,23670,2026-08-29T20:00:00+10:00,2026-08-29T10:00:00+00:00,-37.89893753264437,145.26577056061342,10.3,9.3,0,3,overcast,3.4,5.4,0.0,16.1,23.0,true
knox,Knox,23670,2026-08-29T21:00:00+10:00,2026-08-29T11:00:00+00:00,-37.89893753264437,145.26577056061342,10.8,9.7,0,3,overcast,4.6,8.6,0.0,16.3,23.1,true
knox,Knox,23670,2026-08-29T22:00:00+10:00,2026-08-29T12:00:00+00:00,-37.89893753264437,145.26577056061342,10.6,9.5,0,51,light_drizzle,5.4,10.4,0.0,15.3,21.4,true
knox,Knox,23670,2026-08-29T23:00:00+10:00,2026-08-29T13:00:00+00:00,-37.89893753264437,145.26577056061342,10.5,9.4,1,51,light_drizzle,5.8,11.5,0.0,14.3,20.2,true
knox,Knox,23670,2026-08-30T00:00:00+10:00,2026-08-29T14:00:00+00:00,-37.89893753264437,145.26577056061342,10.4,9.4,2,51,light_drizzle,4.2,11.2,0.0,12.9,18.2,true
knox,Knox,23670,2026-08-30T01:00:00+10:00,2026-08-29T15:00:00+00:00,-37.89893753264437,145.26577056061342,9.6,8.7,2,2,partly_cloudy,2.8,7.6,0.0,11.4,16.2,true
knox,Knox,23670,2026-08-30T02:00:00+10:00,2026-08-29T16:00:00+00:00,-37.89893753264437,145.26577056061342,9.3,8.4,2,3,overcast,2.7,4.7,0.0,10.5,15.0,true
knox,Knox,23670,2026-08-30T03:00:00+10:00,2026-08-29T17:00:00+00:00,-37.89893753264437,145.26577056061342,8.8,7.8,1,3,overcast,3.4,5.0,0.0,9.8,14.2,true
knox,Knox,23670,2026-08-30T04:00:00+10:00,2026-08-29T18:00:00+00:00,-37.89893753264437,145.26577056061342,8.6,7.6,0,3,overcast,3.1,6.1,0.0,9.3,13.6,true
knox,Knox,23670,2026-08-30T05:00:00+10:00,2026-08-29T19:00:00+00:00,-37.89893753264437,145.26577056061342,8.4,7.4,0,3,overcast,3.6,6.8,0.0,9.0,13.3,true
knox,Knox,23670,2026-08-30T06:00:00+10:00,2026-08-29T20:00:00+00:00,-37.89893753264437,145.26577056061342,8.4,7.3,0,3,overcast,4.7,7.9,0.0,9.3,13.6,true
knox,Knox,23670,2026-08-30T07:00:00+10:00,2026-08-29T21:00:00+00:00,-37.89893753264437,145.26577056061342,8.7,7.5,0,3,overcast,5.0,9.7,0.0,10.9,15.2,true
knox,Knox,23670,2026-08-30T08:00:00+10:00,2026-08-29T22:00:00+00:00,-37.89893753264437,145.26577056061342,9.6,8.6,0,3,overcast,3.7,13.0,0.2,12.5,17.0,true
knox,Knox,23670,2026-08-30T09:00:00+10:00,2026-08-29T23:00:00+00:00,-37.89893753264437,145.26577056061342,10.8,9.8,0,3,overcast,4.7,17.3,0.55,12.6,17.5,true
knox,Knox,23670,2026-08-30T10:00:00+10:00,2026-08-30T00:00:00+00:00,-37.89893753264437,145.26577056061342,11.8,10.6,0,3,overcast,7.1,20.5,1.15,12.1,17.4,true
knox,Knox,23670,2026-08-30T11:00:00+10:00,2026-08-30T01:00:00+00:00,-37.89893753264437,145.26577056061342,12.6,11.2,1,51,light_drizzle,7.9,22.3,1.8,12.1,18.2,true
knox,Knox,23670,2026-08-30T12:00:00+10:00,2026-08-30T02:00:00+00:00,-37.89893753264437,145.26577056061342,13.1,11.7,3,51,light_drizzle,8.1,23.0,2.35,11.8,18.1,true
knox,Knox,23670,2026-08-30T13:00:00+10:00,2026-08-30T03:00:00+00:00,-37.89893753264437,145.26577056061342,13.5,12.0,4,51,light_drizzle,8.2,23.8,2.55,11.8,18.2,true
knox,Knox,23670,2026-08-30T14:00:00+10:00,2026-08-30T04:00:00+00:00,-37.89893753264437,145.26577056061342,13.5,12.0,3,3,overcast,8.9,24.8,2.25,10.2,15.7,true
knox,Knox,23670,2026-08-30T15:00:00+10:00,2026-08-30T05:00:00+00:00,-37.89893753264437,145.26577056061342,13.4,11.7,1,3,overcast,9.4,25.6,1.35,10.0,15.2,true
knox,Knox,23670,2026-08-30T16:00:00+10:00,2026-08-30T06:00:00+00:00,-37.89893753264437,145.26577056061342,13.0,11.3,0,3,overcast,9.0,25.9,0.55,10.0,15.1,true
knox,Knox,23670,2026-08-30T17:00:00+10:00,2026-08-30T07:00:00+00:00,-37.89893753264437,145.26577056061342,12.2,10.9,0,2,partly_cloudy,6.6,25.9,0.1,10.0,15.3,true
knox,Knox,23670,2026-08-30T18:00:00+10:00,2026-08-30T08:00:00+00:00,-37.89893753264437,145.26577056061342,11.2,10.3,0,2,partly_cloudy,3.1,24.8,0.0,11.4,16.5,true
knox,Knox,23670,2026-08-30T19:00:00+10:00,2026-08-30T09:00:00+00:00,-37.89893753264437,145.26577056061342,10.5,9.9,0,2,partly_cloudy,0.9,22.3,0.0,11.4,15.7,true
knox,Knox,23670,2026-08-30T20:00:00+10:00,2026-08-30T10:00:00+00:00,-37.89893753264437,145.26577056061342,10.3,9.7,0,2,partly_cloudy,0.6,15.8,0.0,11.5,15.7,true
knox,Knox,23670,2026-08-30T21:00:00+10:00,2026-08-30T11:00:00+00:00,-37.89893753264437,145.26577056061342,10.3,9.7,0,3,overcast,0.8,7.6,0.0,12.4,16.7,true
knox,Knox,23670,2026-08-30T22:00:00+10:00,2026-08-30T12:00:00+00:00,-37.89893753264437,145.26577056061342,10.4,9.7,0,3,overcast,1.0,1.8,0.0,13.6,18.2,true
knox,Knox,23670,2026-08-30T23:00:00+10:00,2026-08-30T13:00:00+00:00,-37.89893753264437,145.26577056061342,10.4,9.8,0,3,overcast,0.5,0.4,,,,false
knox,Knox,23670,2026-08-31T00:00:00+10:00,2026-08-30T14:00:00+00:00,-37.89893753264437,145.26577056061342,10.4,9.8,0,3,overcast,1.1,1.1,,,,false
knox,Knox,23670,2026-08-31T01:00:00+10:00,2026-08-30T15:00:00+00:00,-37.89893753264437,145.26577056061342,10.3,9.7,0,3,overcast,1.6,2.2,,,,false
knox,Knox,23670,2026-08-31T02:00:00+10:00,2026-08-30T16:00:00+00:00,-37.89893753264437,145.26577056061342,10.2,9.6,0,3,overcast,1.4,2.5,,,,false
knox,Knox,23670,2026-08-31T03:00:00+10:00,2026-08-30T17:00:00+00:00,-37.89893753264437,145.26577056061342,10.0,9.5,0,3,overcast,0.7,2.9,,,,false
knox,Knox,23670,2026-08-31T04:00:00+10:00,2026-08-30T18:00:00+00:00,-37.89893753264437,145.26577056061342,9.8,9.4,0,3,overcast,0.5,3.6,,,,false
knox,Knox,23670,2026-08-31T05:00:00+10:00,2026-08-30T19:00:00+00:00,-37.89893753264437,145.26577056061342,9.5,9.0,0,3,overcast,1.4,4.7,,,,false
knox,Knox,23670,2026-08-31T06:00:00+10:00,2026-08-30T20:00:00+00:00,-37.89893753264437,145.26577056061342,9.3,8.5,0,3,overcast,2.5,5.8,,,,false
knox,Knox,23670,2026-08-31T07:00:00+10:00,2026-08-30T21:00:00+00:00,-37.89893753264437,145.26577056061342,9.3,8.5,0,3,overcast,3.4,7.6,,,,false
knox,Knox,23670,2026-08-31T08:00:00+10:00,2026-08-30T22:00:00+00:00,-37.89893753264437,145.26577056061342,9.9,9.1,0,3,overcast,3.8,10.1,,,,false
knox,Knox,23670,2026-08-31T09:00:00+10:00,2026-08-30T23:00:00+00:00,-37.89893753264437,145.26577056061342,10.9,10.0,0,3,overcast,4.3,13.3,,,,false
knox,Knox,23670,2026-08-31T10:00:00+10:00,2026-08-31T00:00:00+00:00,-37.89893753264437,145.26577056061342,12.0,11.1,0,3,overcast,4.6,15.5,,,,false
knox,Knox,23670,2026-08-31T11:00:00+10:00,2026-08-31T01:00:00+00:00,-37.89893753264437,145.26577056061342,13.4,12.6,0,2,partly_cloudy,4.5,16.6,,,,false
knox,Knox,23670,2026-08-31T12:00:00+10:00,2026-08-31T02:00:00+00:00,-37.89893753264437,145.26577056061342,14.9,14.1,0,1,mainly_clear,4.2,16.9,,,,false
knox,Knox,23670,2026-08-31T13:00:00+10:00,2026-08-31T03:00:00+00:00,-37.89893753264437,145.26577056061342,15.9,15.6,0,0,clear_sky,3.7,17.3,,,,false
knox,Knox,23670,2026-08-31T14:00:00+10:00,2026-08-31T04:00:00+00:00,-37.89893753264437,145.26577056061342,16.2,16.2,0,0,clear_sky,3.3,17.6,,,,false
knox,Knox,23670,2026-08-31T15:00:00+10:00,2026-08-31T05:00:00+00:00,-37.89893753264437,145.26577056061342,16.0,15.7,0,0,clear_sky,3.8,17.6,,,,false
knox,Knox,23670,2026-08-31T16:00:00+10:00,2026-08-31T06:00:00+00:00,-37.89893753264437,145.26577056061342,15.4,15.1,0,0,clear_sky,4.3,17.3,,,,false
knox,Knox,23670,2026-08-31T17:00:00+10:00,2026-08-31T07:00:00+00:00,-37.89893753264437,145.26577056061342,14.2,13.9,0,0,clear_sky,3.6,15.8,,,,false
knox,Knox,23670,2026-08-31T18:00:00+10:00,2026-08-31T08:00:00+00:00,-37.89893753264437,145.26577056061342,12.6,12.3,0,0,clear_sky,3.2,14.4,,,,false
knox,Knox,23670,2026-08-31T19:00:00+10:00,2026-08-31T09:00:00+00:00,-37.89893753264437,145.26577056061342,11.5,11.0,0,0,clear_sky,4.0,14.4,,,,false
knox,Knox,23670,2026-08-31T20:00:00+10:00,2026-08-31T10:00:00+00:00,-37.89893753264437,145.26577056061342,11.4,10.5,0,0,clear_sky,6.0,17.6,,,,false
knox,Knox,23670,2026-08-31T21:00:00+10:00,2026-08-31T11:00:00+00:00,-37.89893753264437,145.26577056061342,11.8,10.3,0,0,clear_sky,10.1,22.7,,,,false
knox,Knox,23670,2026-08-31T22:00:00+10:00,2026-08-31T12:00:00+00:00,-37.89893753264437,145.26577056061342,12.1,10.0,0,0,clear_sky,13.7,27.0,,,,false
knox,Knox,23670,2026-08-31T23:00:00+10:00,2026-08-31T13:00:00+00:00,-37.89893753264437,145.26577056061342,11.9,9.6,0,0,clear_sky,14.8,28.8,,,,false
knox,Knox,23670,2026-09-01T00:00:00+10:00,2026-08-31T14:00:00+00:00,-37.89893753264437,145.26577056061342,11.6,9.3,0,0,clear_sky,14.7,29.9,,,,false
knox,Knox,23670,2026-09-01T01:00:00+10:00,2026-08-31T15:00:00+00:00,-37.89893753264437,145.26577056061342,11.5,9.1,0,0,clear_sky,15.0,31.7,,,,false
knox,Knox,23670,2026-09-01T02:00:00+10:00,2026-08-31T16:00:00+00:00,-37.89893753264437,145.26577056061342,11.7,9.2,0,0,clear_sky,16.6,35.3,,,,false
knox,Knox,23670,2026-09-01T03:00:00+10:00,2026-08-31T17:00:00+00:00,-37.89893753264437,145.26577056061342,12.2,9.5,0,1,mainly_clear,18.9,40.0,,,,false
knox,Knox,23670,2026-09-01T04:00:00+10:00,2026-08-31T18:00:00+00:00,-37.89893753264437,145.26577056061342,12.5,9.6,0,1,mainly_clear,20.7,43.6,,,,false
knox,Knox,23670,2026-09-01T05:00:00+10:00,2026-08-31T19:00:00+00:00,-37.89893753264437,145.26577056061342,12.5,9.5,0,2,partly_cloudy,21.3,45.0,,,,false
knox,Knox,23670,2026-09-01T06:00:00+10:00,2026-08-31T20:00:00+00:00,-37.89893753264437,145.26577056061342,12.4,9.3,0,2,partly_cloudy,21.4,45.7,,,,false
knox,Knox,23670,2026-09-01T07:00:00+10:00,2026-08-31T21:00:00+00:00,-37.89893753264437,145.26577056061342,12.5,9.4,0,2,partly_cloudy,21.5,46.8,,,,false
knox,Knox,23670,2026-09-01T08:00:00+10:00,2026-08-31T22:00:00+00:00,-37.89893753264437,145.26577056061342,13.9,10.5,0,2,partly_cloudy,24.2,51.1,,,,false
knox,Knox,23670,2026-09-01T09:00:00+10:00,2026-08-31T23:00:00+00:00,-37.89893753264437,145.26577056061342,14.4,10.9,0,2,partly_cloudy,24.6,52.9,,,,false
knox,Knox,23670,2026-09-01T10:00:00+10:00,2026-09-01T00:00:00+00:00,-37.89893753264437,145.26577056061342,14.8,11.3,0,2,partly_cloudy,24.9,54.7,,,,false
knox,Knox,23670,2026-09-01T11:00:00+10:00,2026-09-01T01:00:00+00:00,-37.89893753264437,145.26577056061342,15.4,11.9,4,2,partly_cloudy,25.2,57.2,,,,false
knox,Knox,23670,2026-09-01T12:00:00+10:00,2026-09-01T02:00:00+00:00,-37.89893753264437,145.26577056061342,16.2,12.9,10,2,partly_cloudy,25.6,60.1,,,,false
knox,Knox,23670,2026-09-01T13:00:00+10:00,2026-09-01T03:00:00+00:00,-37.89893753264437,145.26577056061342,17.0,13.7,17,3,overcast,26.0,63.4,,,,false
knox,Knox,23670,2026-09-01T14:00:00+10:00,2026-09-01T04:00:00+00:00,-37.89893753264437,145.26577056061342,17.7,14.2,24,3,overcast,26.0,66.2,,,,false
knox,Knox,23670,2026-09-01T15:00:00+10:00,2026-09-01T05:00:00+00:00,-37.89893753264437,145.26577056061342,18.1,14.7,31,3,overcast,25.4,68.0,,,,false
knox,Knox,23670,2026-09-01T16:00:00+10:00,2026-09-01T06:00:00+00:00,-37.89893753264437,145.26577056061342,18.2,14.9,39,3,overcast,24.0,68.8,,,,false
knox,Knox,23670,2026-09-01T17:00:00+10:00,2026-09-01T07:00:00+00:00,-37.89893753264437,145.26577056061342,17.7,14.9,47,80,slight_rain_showers,21.4,67.7,,,,false
knox,Knox,23670,2026-09-01T18:00:00+10:00,2026-09-01T08:00:00+00:00,-37.89893753264437,145.26577056061342,16.8,14.3,55,80,slight_rain_showers,18.7,65.2,,,,false
knox,Knox,23670,2026-09-01T19:00:00+10:00,2026-09-01T09:00:00+00:00,-37.89893753264437,145.26577056061342,15.7,13.3,62,80,slight_rain_showers,17.7,61.9,,,,false
knox,Knox,23670,2026-09-01T20:00:00+10:00,2026-09-01T10:00:00+00:00,-37.89893753264437,145.26577056061342,14.5,11.8,68,80,slight_rain_showers,19.4,58.3,,,,false
knox,Knox,23670,2026-09-01T21:00:00+10:00,2026-09-01T11:00:00+00:00,-37.89893753264437,145.26577056061342,13.3,10.1,74,80,slight_rain_showers,22.0,55.1,,,,false
knox,Knox,23670,2026-09-01T22:00:00+10:00,2026-09-01T12:00:00+00:00,-37.89893753264437,145.26577056061342,12.3,8.9,76,80,slight_rain_showers,23.2,52.9,,,,false
knox,Knox,23670,2026-09-01T23:00:00+10:00,2026-09-01T13:00:00+00:00,-37.89893753264437,145.26577056061342,11.5,8.1,75,1,mainly_clear,21.9,51.8,,,,false
manningham,Manningham,24210,2026-08-26T00:00:00+10:00,2026-08-25T14:00:00+00:00,-37.75709145113663,145.18527872637898,10.6,8.9,56,51,light_drizzle,11.5,20.9,0.0,9.8,10.5,true
manningham,Manningham,24210,2026-08-26T01:00:00+10:00,2026-08-25T15:00:00+00:00,-37.75709145113663,145.18527872637898,10.4,8.5,80,51,light_drizzle,12.6,24.5,0.0,5.2,6.0,true
manningham,Manningham,24210,2026-08-26T02:00:00+10:00,2026-08-25T16:00:00+00:00,-37.75709145113663,145.18527872637898,10.3,8.6,71,51,light_drizzle,11.8,25.2,0.0,3.7,4.9,true
manningham,Manningham,24210,2026-08-26T03:00:00+10:00,2026-08-25T17:00:00+00:00,-37.75709145113663,145.18527872637898,10.2,8.4,48,51,light_drizzle,11.9,23.0,0.0,3.8,5.1,true
manningham,Manningham,24210,2026-08-26T04:00:00+10:00,2026-08-25T18:00:00+00:00,-37.75709145113663,145.18527872637898,9.7,7.9,31,51,light_drizzle,10.7,22.3,0.0,4.2,5.8,true
manningham,Manningham,24210,2026-08-26T05:00:00+10:00,2026-08-25T19:00:00+00:00,-37.75709145113663,145.18527872637898,8.8,7.2,27,2,partly_cloudy,7.1,19.4,0.0,4.8,6.6,true
manningham,Manningham,24210,2026-08-26T06:00:00+10:00,2026-08-25T20:00:00+00:00,-37.75709145113663,145.18527872637898,8.3,6.7,29,51,light_drizzle,7.0,12.6,0.0,5.3,7.2,true
manningham,Manningham,24210,2026-08-26T07:00:00+10:00,2026-08-25T21:00:00+00:00,-37.75709145113663,145.18527872637898,7.9,6.1,31,51,light_drizzle,7.9,13.7,0.0,6.2,8.3,true
manningham,Manningham,24210,2026-08-26T08:00:00+10:00,2026-08-25T22:00:00+00:00,-37.75709145113663,145.18527872637898,8.8,6.9,33,51,light_drizzle,10.3,20.5,0.2,6.7,9.1,true
manningham,Manningham,24210,2026-08-26T09:00:00+10:00,2026-08-25T23:00:00+00:00,-37.75709145113663,145.18527872637898,9.9,8.2,34,51,light_drizzle,9.0,22.0,0.7,6.1,8.6,true
manningham,Manningham,24210,2026-08-26T10:00:00+10:00,2026-08-26T00:00:00+00:00,-37.75709145113663,145.18527872637898,11.8,9.7,33,51,light_drizzle,12.4,28.1,1.75,8.3,12.2,true
manningham,Manningham,24210,2026-08-26T11:00:00+10:00,2026-08-26T01:00:00+00:00,-37.75709145113663,145.18527872637898,13.0,10.2,26,51,light_drizzle,15.1,35.6,2.5,7.3,10.9,true
manningham,Manningham,24210,2026-08-26T12:00:00+10:00,2026-08-26T02:00:00+00:00,-37.75709145113663,145.18527872637898,13.3,10.4,16,51,light_drizzle,15.6,36.7,2.55,7.3,11.0,true
manningham,Manningham,24210,2026-08-26T13:00:00+10:00,2026-08-26T03:00:00+00:00,-37.75709145113663,145.18527872637898,13.5,10.5,8,51,light_drizzle,16.1,38.2,2.45,7.2,10.9,true
manningham,Manningham,24210,2026-08-26T14:00:00+10:00,2026-08-26T04:00:00+00:00,-37.75709145113663,145.18527872637898,13.8,10.8,4,1,mainly_clear,15.2,37.8,1.7,7.5,11.2,true
manningham,Manningham,24210,2026-08-26T15:00:00+10:00,2026-08-26T05:00:00+00:00,-37.75709145113663,145.18527872637898,13.2,10.4,1,0,clear_sky,14.1,36.0,1.1,7.2,10.9,true
manningham,Manningham,24210,2026-08-26T16:00:00+10:00,2026-08-26T06:00:00+00:00,-37.75709145113663,145.18527872637898,12.8,10.1,0,0,clear_sky,12.7,33.1,0.5,7.5,11.1,true
manningham,Manningham,24210,2026-08-26T17:00:00+10:00,2026-08-26T07:00:00+00:00,-37.75709145113663,145.18527872637898,12.1,9.8,0,2,partly_cloudy,10.6,29.2,0.1,8.0,11.6,true
manningham,Manningham,24210,2026-08-26T18:00:00+10:00,2026-08-26T08:00:00+00:00,-37.75709145113663,145.18527872637898,10.3,8.5,0,2,partly_cloudy,7.3,23.0,0.0,9.9,13.6,true
manningham,Manningham,24210,2026-08-26T19:00:00+10:00,2026-08-26T09:00:00+00:00,-37.75709145113663,145.18527872637898,9.7,7.9,0,2,partly_cloudy,7.2,14.4,0.0,12.1,15.9,true
manningham,Manningham,24210,2026-08-26T20:00:00+10:00,2026-08-26T10:00:00+00:00,-37.75709145113663,145.18527872637898,9.1,7.4,0,3,overcast,6.5,13.3,0.0,12.9,16.4,true
manningham,Manningham,24210,2026-08-26T21:00:00+10:00,2026-08-26T11:00:00+00:00,-37.75709145113663,145.18527872637898,8.8,7.2,0,3,overcast,5.5,12.2,0.0,11.8,14.5,true
manningham,Manningham,24210,2026-08-26T22:00:00+10:00,2026-08-26T12:00:00+00:00,-37.75709145113663,145.18527872637898,8.4,6.9,0,3,overcast,5.1,10.1,0.0,11.8,14.3,true
manningham,Manningham,24210,2026-08-26T23:00:00+10:00,2026-08-26T13:00:00+00:00,-37.75709145113663,145.18527872637898,8.2,6.9,0,3,overcast,3.5,9.4,0.0,11.8,14.4,true
manningham,Manningham,24210,2026-08-27T00:00:00+10:00,2026-08-26T14:00:00+00:00,-37.75709145113663,145.18527872637898,7.7,6.5,0,3,overcast,2.9,5.8,0.0,11.6,14.2,true
manningham,Manningham,24210,2026-08-27T01:00:00+10:00,2026-08-26T15:00:00+00:00,-37.75709145113663,145.18527872637898,7.6,6.6,0,3,overcast,1.0,4.7,0.0,11.1,13.9,true
manningham,Manningham,24210,2026-08-27T02:00:00+10:00,2026-08-26T16:00:00+00:00,-37.75709145113663,145.18527872637898,7.1,6.1,0,3,overcast,0.9,1.8,0.0,10.8,13.7,true
manningham,Manningham,24210,2026-08-27T03:00:00+10:00,2026-08-26T17:00:00+00:00,-37.75709145113663,145.18527872637898,6.4,5.3,0,3,overcast,0.8,1.8,0.0,10.6,13.6,true
manningham,Manningham,24210,2026-08-27T04:00:00+10:00,2026-08-26T18:00:00+00:00,-37.75709145113663,145.18527872637898,5.8,4.5,0,3,overcast,1.6,2.5,0.0,10.5,13.9,true
manningham,Manningham,24210,2026-08-27T05:00:00+10:00,2026-08-26T19:00:00+00:00,-37.75709145113663,145.18527872637898,5.5,4.0,0,3,overcast,1.9,4.3,0.0,10.8,14.2,true
manningham,Manningham,24210,2026-08-27T06:00:00+10:00,2026-08-26T20:00:00+00:00,-37.75709145113663,145.18527872637898,5.4,4.1,0,3,overcast,0.9,3.2,0.0,11.4,14.8,true
manningham,Manningham,24210,2026-08-27T07:00:00+10:00,2026-08-26T21:00:00+00:00,-37.75709145113663,145.18527872637898,4.6,3.2,0,3,overcast,0.5,1.4,0.05,16.4,19.8,true
manningham,Manningham,24210,2026-08-27T08:00:00+10:00,2026-08-26T22:00:00+00:00,-37.75709145113663,145.18527872637898,6.2,5.0,0,3,overcast,1.1,6.5,0.35,21.0,23.2,true
manningham,Manningham,24210,2026-08-27T09:00:00+10:00,2026-08-26T23:00:00+00:00,-37.75709145113663,145.18527872637898,9.2,8.2,0,0,clear_sky,1.1,9.0,1.15,13.6,17.1,true
manningham,Manningham,24210,2026-08-27T10:00:00+10:00,2026-08-27T00:00:00+00:00,-37.75709145113663,145.18527872637898,11.3,10.2,0,1,mainly_clear,2.0,11.9,2.3,10.4,14.6,true
manningham,Manningham,24210,2026-08-27T11:00:00+10:00,2026-08-27T01:00:00+00:00,-37.75709145113663,145.18527872637898,12.8,11.5,0,3,overcast,2.2,13.3,3.4,10.0,14.0,true
manningham,Manningham,24210,2026-08-27T12:00:00+10:00,2026-08-27T02:00:00+00:00,-37.75709145113663,145.18527872637898,13.5,12.0,0,3,overcast,3.7,15.1,3.95,9.8,13.8,true
manningham,Manningham,24210,2026-08-27T13:00:00+10:00,2026-08-27T03:00:00+00:00,-37.75709145113663,145.18527872637898,14.2,13.0,0,2,partly_cloudy,4.9,17.6,3.65,10.0,14.1,true
manningham,Manningham,24210,2026-08-27T14:00:00+10:00,2026-08-27T04:00:00+00:00,-37.75709145113663,145.18527872637898,14.8,13.5,0,0,clear_sky,5.6,18.0,2.8,10.3,14.3,true
manningham,Manningham,24210,2026-08-27T15:00:00+10:00,2026-08-27T05:00:00+00:00,-37.75709145113663,145.18527872637898,15.0,13.2,0,0,clear_sky,6.5,19.1,1.65,10.5,14.5,true
manningham,Manningham,24210,2026-08-27T16:00:00+10:00,2026-08-27T06:00:00+00:00,-37.75709145113663,145.18527872637898,14.5,12.7,0,0,clear_sky,7.1,19.4,0.65,10.0,13.8,true
manningham,Manningham,24210,2026-08-27T17:00:00+10:00,2026-08-27T07:00:00+00:00,-37.75709145113663,145.18527872637898,13.3,11.8,0,2,partly_cloudy,6.2,18.7,0.15,11.9,15.4,true
manningham,Manningham,24210,2026-08-27T18:00:00+10:00,2026-08-27T08:00:00+00:00,-37.75709145113663,145.18527872637898,11.4,10.6,0,3,overcast,2.7,13.7,0.0,17.1,20.5,true
manningham,Manningham,24210,2026-08-27T19:00:00+10:00,2026-08-27T09:00:00+00:00,-37.75709145113663,145.18527872637898,11.2,10.4,0,3,overcast,3.2,6.5,0.0,21.2,24.4,true
manningham,Manningham,24210,2026-08-27T20:00:00+10:00,2026-08-27T10:00:00+00:00,-37.75709145113663,145.18527872637898,11.3,10.5,0,3,overcast,2.3,6.5,0.0,25.0,28.0,true
manningham,Manningham,24210,2026-08-27T21:00:00+10:00,2026-08-27T11:00:00+00:00,-37.75709145113663,145.18527872637898,10.7,9.8,0,3,overcast,2.6,4.3,0.0,28.4,31.2,true
manningham,Manningham,24210,2026-08-27T22:00:00+10:00,2026-08-27T12:00:00+00:00,-37.75709145113663,145.18527872637898,10.1,9.0,0,3,overcast,3.3,5.0,0.0,28.3,30.5,true
manningham,Manningham,24210,2026-08-27T23:00:00+10:00,2026-08-27T13:00:00+00:00,-37.75709145113663,145.18527872637898,9.2,8.1,0,3,overcast,1.8,5.0,0.0,23.4,25.1,true
manningham,Manningham,24210,2026-08-28T00:00:00+10:00,2026-08-27T14:00:00+00:00,-37.75709145113663,145.18527872637898,9.0,7.6,0,3,overcast,4.3,7.6,0.0,17.5,19.0,true
manningham,Manningham,24210,2026-08-28T01:00:00+10:00,2026-08-27T15:00:00+00:00,-37.75709145113663,145.18527872637898,8.5,6.7,0,0,clear_sky,7.2,13.0,0.0,13.2,14.6,true
manningham,Manningham,24210,2026-08-28T02:00:00+10:00,2026-08-27T16:00:00+00:00,-37.75709145113663,145.18527872637898,7.3,5.2,0,2,partly_cloudy,8.0,14.4,0.0,10.0,11.4,true
manningham,Manningham,24210,2026-08-28T03:00:00+10:00,2026-08-27T17:00:00+00:00,-37.75709145113663,145.18527872637898,6.6,4.8,0,3,overcast,5.0,14.4,0.0,7.7,9.0,true
manningham,Manningham,24210,2026-08-28T04:00:00+10:00,2026-08-27T18:00:00+00:00,-37.75709145113663,145.18527872637898,6.4,4.3,0,3,overcast,5.8,10.1,0.0,6.3,7.7,true
manningham,Manningham,24210,2026-08-28T05:00:00+10:00,2026-08-27T19:00:00+00:00,-37.75709145113663,145.18527872637898,6.2,3.9,0,0,clear_sky,5.7,10.1,0.0,5.7,7.2,true
manningham,Manningham,24210,2026-08-28T06:00:00+10:00,2026-08-27T20:00:00+00:00,-37.75709145113663,145.18527872637898,6.1,3.9,0,0,clear_sky,5.6,9.0,0.0,5.6,7.1,true
manningham,Manningham,24210,2026-08-28T07:00:00+10:00,2026-08-27T21:00:00+00:00,-37.75709145113663,145.18527872637898,6.1,3.8,0,0,clear_sky,5.8,9.7,0.05,6.9,8.3,true
manningham,Manningham,24210,2026-08-28T08:00:00+10:00,2026-08-27T22:00:00+00:00,-37.75709145113663,145.18527872637898,8.3,5.9,1,0,clear_sky,8.2,15.1,0.2,8.2,9.5,true
manningham,Manningham,24210,2026-08-28T09:00:00+10:00,2026-08-27T23:00:00+00:00,-37.75709145113663,145.18527872637898,11.0,9.2,3,0,clear_sky,6.3,15.8,0.4,10.6,12.0,true
manningham,Manningham,24210,2026-08-28T10:00:00+10:00,2026-08-28T00:00:00+00:00,-37.75709145113663,145.18527872637898,13.3,11.3,6,1,mainly_clear,6.4,18.7,0.75,8.7,10.9,true
manningham,Manningham,24210,2026-08-28T11:00:00+10:00,2026-08-28T01:00:00+00:00,-37.75709145113663,145.18527872637898,14.6,12.7,11,3,overcast,7.2,20.5,1.25,7.4,9.5,true
manningham,Manningham,24210,2026-08-28T12:00:00+10:00,2026-08-28T02:00:00+00:00,-37.75709145113663,145.18527872637898,14.1,12.5,17,3,overcast,6.4,20.9,1.3,6.0,7.7,true
manningham,Manningham,24210,2026-08-28T13:00:00+10:00,2026-08-28T03:00:00+00:00,-37.75709145113663,145.18527872637898,14.0,12.7,24,3,overcast,5.2,16.9,2.05,5.9,7.5,true
manningham,Manningham,24210,2026-08-28T14:00:00+10:00,2026-08-28T04:00:00+00:00,-37.75709145113663,145.18527872637898,14.0,13.3,33,51,light_drizzle,2.4,14.0,2.45,5.8,7.7,true
manningham,Manningham,24210,2026-08-28T15:00:00+10:00,2026-08-28T05:00:00+00:00,-37.75709145113663,145.18527872637898,13.6,12.8,42,51,light_drizzle,4.8,12.6,1.5,6.3,8.7,true
manningham,Manningham,24210,2026-08-28T16:00:00+10:00,2026-08-28T06:00:00+00:00,-37.75709145113663,145.18527872637898,13.1,12.6,45,53,moderate_drizzle,5.6,14.4,0.65,7.5,10.5,true
manningham,Manningham,24210,2026-08-28T17:00:00+10:00,2026-08-28T07:00:00+00:00,-37.75709145113663,145.18527872637898,12.8,12.5,36,51,light_drizzle,4.4,13.3,0.15,8.5,12.1,true
manningham,Manningham,24210,2026-08-28T18:00:00+10:00,2026-08-28T08:00:00+00:00,-37.75709145113663,145.18527872637898,12.2,12.3,22,3,overcast,2.4,9.7,0.0,11.6,15.5,true
manningham,Manningham,24210,2026-08-28T19:00:00+10:00,2026-08-28T09:00:00+00:00,-37.75709145113663,145.18527872637898,11.9,11.5,10,3,overcast,4.9,8.6,0.0,15.1,18.8,true
manningham,Manningham,24210,2026-08-28T20:00:00+10:00,2026-08-28T10:00:00+00:00,-37.75709145113663,145.18527872637898,11.5,11.1,5,3,overcast,4.8,9.4,0.0,18.9,23.2,true
manningham,Manningham,24210,2026-08-28T21:00:00+10:00,2026-08-28T11:00:00+00:00,-37.75709145113663,145.18527872637898,10.7,10.0,3,1,mainly_clear,5.2,9.0,0.0,21.7,26.4,true
manningham,Manningham,24210,2026-08-28T22:00:00+10:00,2026-08-28T12:00:00+00:00,-37.75709145113663,145.18527872637898,10.1,9.4,2,1,mainly_clear,4.8,9.4,0.0,26.5,31.9,true
manningham,Manningham,24210,2026-08-28T23:00:00+10:00,2026-08-28T13:00:00+00:00,-37.75709145113663,145.18527872637898,9.9,9.0,1,3,overcast,5.5,10.4,0.0,28.0,33.9,true
manningham,Manningham,24210,2026-08-29T00:00:00+10:00,2026-08-28T14:00:00+00:00,-37.75709145113663,145.18527872637898,9.8,9.0,0,3,overcast,3.6,10.1,0.0,28.8,35.2,true
manningham,Manningham,24210,2026-08-29T01:00:00+10:00,2026-08-28T15:00:00+00:00,-37.75709145113663,145.18527872637898,10.0,9.6,0,3,overcast,2.1,5.4,0.0,28.2,34.8,true
manningham,Manningham,24210,2026-08-29T02:00:00+10:00,2026-08-28T16:00:00+00:00,-37.75709145113663,145.18527872637898,9.7,9.1,1,51,light_drizzle,3.4,5.8,0.0,25.7,32.0,true
manningham,Manningham,24210,2026-08-29T03:00:00+10:00,2026-08-28T17:00:00+00:00,-37.75709145113663,145.18527872637898,9.6,8.7,1,51,light_drizzle,5.4,9.4,0.0,22.5,28.1,true
manningham,Manningham,24210,2026-08-29T04:00:00+10:00,2026-08-28T18:00:00+00:00,-37.75709145113663,145.18527872637898,9.5,8.5,2,51,light_drizzle,5.7,10.8,0.0,19.4,24.8,true
manningham,Manningham,24210,2026-08-29T05:00:00+10:00,2026-08-28T19:00:00+00:00,-37.75709145113663,145.18527872637898,9.1,8.1,2,3,overcast,5.1,10.8,0.0,16.9,22.2,true
manningham,Manningham,24210,2026-08-29T06:00:00+10:00,2026-08-28T20:00:00+00:00,-37.75709145113663,145.18527872637898,8.4,7.3,1,3,overcast,4.8,10.1,0.0,15.7,20.5,true
manningham,Manningham,24210,2026-08-29T07:00:00+10:00,2026-08-28T21:00:00+00:00,-37.75709145113663,145.18527872637898,7.9,6.6,0,3,overcast,4.5,9.4,0.05,17.2,21.7,true
manningham,Manningham,24210,2026-08-29T08:00:00+10:00,2026-08-28T22:00:00+00:00,-37.75709145113663,145.18527872637898,8.4,7.2,0,3,overcast,5.2,13.0,0.35,18.5,22.8,true
manningham,Manningham,24210,2026-08-29T09:00:00+10:00,2026-08-28T23:00:00+00:00,-37.75709145113663,145.18527872637898,9.3,8.0,0,3,overcast,5.9,17.3,0.95,15.3,20.4,true
manningham,Manningham,24210,2026-08-29T10:00:00+10:00,2026-08-29T00:00:00+00:00,-37.75709145113663,145.18527872637898,10.9,9.3,0,2,partly_cloudy,7.1,20.2,1.6,13.9,20.3,true
manningham,Manningham,24210,2026-08-29T11:00:00+10:00,2026-08-29T01:00:00+00:00,-37.75709145113663,145.18527872637898,11.8,9.8,0,2,partly_cloudy,8.7,23.4,2.0,13.1,19.8,true
manningham,Manningham,24210,2026-08-29T12:00:00+10:00,2026-08-29T02:00:00+00:00,-37.75709145113663,145.18527872637898,12.4,10.3,0,2,partly_cloudy,9.1,24.5,2.2,12.1,18.1,true
manningham,Manningham,24210,2026-08-29T13:00:00+10:00,2026-08-29T03:00:00+00:00,-37.75709145113663,145.18527872637898,13.0,10.8,0,3,overcast,9.4,25.6,2.1,11.8,17.5,true
manningham,Manningham,24210,2026-08-29T14:00:00+10:00,2026-08-29T04:00:00+00:00,-37.75709145113663,145.18527872637898,12.9,10.2,0,3,overcast,12.8,31.0,1.55,11.4,16.7,true
manningham,Manningham,24210,2026-08-29T15:00:00+10:00,2026-08-29T05:00:00+00:00,-37.75709145113663,145.18527872637898,12.2,9.3,0,3,overcast,14.1,33.5,0.85,11.4,16.6,true
manningham,Manningham,24210,2026-08-29T16:00:00+10:00,2026-08-29T06:00:00+00:00,-37.75709145113663,145.18527872637898,11.7,9.1,0,2,partly_cloudy,12.5,32.8,0.35,12.2,17.9,true
manningham,Manningham,24210,2026-08-29T17:00:00+10:00,2026-08-29T07:00:00+00:00,-37.75709145113663,145.18527872637898,11.3,9.3,0,3,overcast,8.6,27.4,0.1,13.5,19.8,true
manningham,Manningham,24210,2026-08-29T18:00:00+10:00,2026-08-29T08:00:00+00:00,-37.75709145113663,145.18527872637898,10.3,9.3,0,0,clear_sky,2.8,18.0,0.0,14.1,20.1,true
manningham,Manningham,24210,2026-08-29T19:00:00+10:00,2026-08-29T09:00:00+00:00,-37.75709145113663,145.18527872637898,8.9,7.6,0,1,mainly_clear,3.7,5.8,0.0,14.1,19.1,true
manningham,Manningham,24210,2026-08-29T20:00:00+10:00,2026-08-29T10:00:00+00:00,-37.75709145113663,145.18527872637898,8.9,7.8,0,3,overcast,2.6,6.8,0.0,14.8,19.7,true
manningham,Manningham,24210,2026-08-29T21:00:00+10:00,2026-08-29T11:00:00+00:00,-37.75709145113663,145.18527872637898,9.6,8.4,0,3,overcast,4.0,6.8,0.0,15.6,21.0,true
manningham,Manningham,24210,2026-08-29T22:00:00+10:00,2026-08-29T12:00:00+00:00,-37.75709145113663,145.18527872637898,9.9,8.6,0,3,overcast,5.1,9.7,0.0,14.5,19.5,true
manningham,Manningham,24210,2026-08-29T23:00:00+10:00,2026-08-29T13:00:00+00:00,-37.75709145113663,145.18527872637898,9.9,8.7,0,51,light_drizzle,5.2,10.1,0.0,13.2,17.7,true
manningham,Manningham,24210,2026-08-30T00:00:00+10:00,2026-08-29T14:00:00+00:00,-37.75709145113663,145.18527872637898,9.7,8.8,0,51,light_drizzle,4.2,9.7,0.0,12.3,16.4,true
manningham,Manningham,24210,2026-08-30T01:00:00+10:00,2026-08-29T15:00:00+00:00,-37.75709145113663,145.18527872637898,9.0,8.0,0,2,partly_cloudy,3.9,7.6,0.0,11.5,15.3,true
manningham,Manningham,24210,2026-08-30T02:00:00+10:00,2026-08-29T16:00:00+00:00,-37.75709145113663,145.18527872637898,8.3,7.2,0,2,partly_cloudy,4.1,7.2,0.0,11.2,15.1,true
manningham,Manningham,24210,2026-08-30T03:00:00+10:00,2026-08-29T17:00:00+00:00,-37.75709145113663,145.18527872637898,7.9,6.7,0,3,overcast,4.0,7.9,0.0,11.2,15.0,true
manningham,Manningham,24210,2026-08-30T04:00:00+10:00,2026-08-29T18:00:00+00:00,-37.75709145113663,145.18527872637898,7.9,6.8,0,3,overcast,3.2,7.6,0.0,11.3,15.1,true
manningham,Manningham,24210,2026-08-30T05:00:00+10:00,2026-08-29T19:00:00+00:00,-37.75709145113663,145.18527872637898,7.6,6.5,0,3,overcast,2.8,7.6,0.0,11.4,15.3,true
manningham,Manningham,24210,2026-08-30T06:00:00+10:00,2026-08-29T20:00:00+00:00,-37.75709145113663,145.18527872637898,7.5,6.4,0,2,partly_cloudy,3.2,7.6,0.0,12.2,16.2,true
manningham,Manningham,24210,2026-08-30T07:00:00+10:00,2026-08-29T21:00:00+00:00,-37.75709145113663,145.18527872637898,7.9,6.7,0,2,partly_cloudy,3.2,8.6,0.0,13.5,17.4,true
manningham,Manningham,24210,2026-08-30T08:00:00+10:00,2026-08-29T22:00:00+00:00,-37.75709145113663,145.18527872637898,9.0,8.1,0,2,partly_cloudy,2.3,11.9,0.2,15.1,19.0,true
manningham,Manningham,24210,2026-08-30T09:00:00+10:00,2026-08-29T23:00:00+00:00,-37.75709145113663,145.18527872637898,10.5,9.3,0,3,overcast,4.6,16.6,0.6,14.3,18.5,true
manningham,Manningham,24210,2026-08-30T10:00:00+10:00,2026-08-30T00:00:00+00:00,-37.75709145113663,145.18527872637898,11.8,10.4,0,3,overcast,7.2,20.2,1.5,12.6,17.6,true
manningham,Manningham,24210,2026-08-30T11:00:00+10:00,2026-08-30T01:00:00+00:00,-37.75709145113663,145.18527872637898,12.6,11.1,1,3,overcast,8.2,22.3,2.25,11.8,17.0,true
manningham,Manningham,24210,2026-08-30T12:00:00+10:00,2026-08-30T02:00:00+00:00,-37.75709145113663,145.18527872637898,13.3,11.7,2,3,overcast,8.5,23.4,2.95,11.3,16.4,true
manningham,Manningham,24210,2026-08-30T13:00:00+10:00,2026-08-30T03:00:00+00:00,-37.75709145113663,145.18527872637898,13.6,12.0,2,3,overcast,8.7,24.1,3.15,11.2,16.2,true
manningham,Manningham,24210,2026-08-30T14:00:00+10:00,2026-08-30T04:00:00+00:00,-37.75709145113663,145.18527872637898,13.6,11.9,2,3,overcast,9.4,24.8,2.9,10.5,15.1,true
manningham,Manningham,24210,2026-08-30T15:00:00+10:00,2026-08-30T05:00:00+00:00,-37.75709145113663,145.18527872637898,13.4,11.5,1,3,overcast,10.1,25.2,1.8,10.7,15.2,true
manningham,Manningham,24210,2026-08-30T16:00:00+10:00,2026-08-30T06:00:00+00:00,-37.75709145113663,145.18527872637898,12.9,11.1,0,3,overcast,9.7,25.2,0.8,10.8,15.4,true
manningham,Manningham,24210,2026-08-30T17:00:00+10:00,2026-08-30T07:00:00+00:00,-37.75709145113663,145.18527872637898,12.1,10.5,0,3,overcast,7.5,25.2,0.15,11.1,15.7,true
manningham,Manningham,24210,2026-08-30T18:00:00+10:00,2026-08-30T08:00:00+00:00,-37.75709145113663,145.18527872637898,11.1,9.9,0,2,partly_cloudy,4.9,25.2,0.0,12.6,17.1,true
manningham,Manningham,24210,2026-08-30T19:00:00+10:00,2026-08-30T09:00:00+00:00,-37.75709145113663,145.18527872637898,10.2,9.1,0,1,mainly_clear,3.7,23.4,0.0,12.8,16.6,true
manningham,Manningham,24210,2026-08-30T20:00:00+10:00,2026-08-30T10:00:00+00:00,-37.75709145113663,145.18527872637898,9.5,8.4,0,1,mainly_clear,3.2,18.4,0.0,12.6,16.0,true
manningham,Manningham,24210,2026-08-30T21:00:00+10:00,2026-08-30T11:00:00+00:00,-37.75709145113663,145.18527872637898,8.9,7.9,0,1,mainly_clear,2.7,11.5,0.0,12.8,16.1,true
manningham,Manningham,24210,2026-08-30T22:00:00+10:00,2026-08-30T12:00:00+00:00,-37.75709145113663,145.18527872637898,8.5,7.4,0,2,partly_cloudy,2.5,6.5,0.0,13.4,16.6,true
manningham,Manningham,24210,2026-08-30T23:00:00+10:00,2026-08-30T13:00:00+00:00,-37.75709145113663,145.18527872637898,8.3,7.3,0,2,partly_cloudy,2.2,5.4,,,,false
manningham,Manningham,24210,2026-08-31T00:00:00+10:00,2026-08-30T14:00:00+00:00,-37.75709145113663,145.18527872637898,8.2,7.1,0,3,overcast,2.9,6.5,,,,false
manningham,Manningham,24210,2026-08-31T01:00:00+10:00,2026-08-30T15:00:00+00:00,-37.75709145113663,145.18527872637898,8.2,7.0,0,3,overcast,3.5,7.2,,,,false
manningham,Manningham,24210,2026-08-31T02:00:00+10:00,2026-08-30T16:00:00+00:00,-37.75709145113663,145.18527872637898,8.1,7.1,0,3,overcast,3.1,7.2,,,,false
manningham,Manningham,24210,2026-08-31T03:00:00+10:00,2026-08-30T17:00:00+00:00,-37.75709145113663,145.18527872637898,8.1,7.2,0,3,overcast,2.1,6.8,,,,false
manningham,Manningham,24210,2026-08-31T04:00:00+10:00,2026-08-30T18:00:00+00:00,-37.75709145113663,145.18527872637898,8.1,7.3,0,3,overcast,1.9,6.8,,,,false
manningham,Manningham,24210,2026-08-31T05:00:00+10:00,2026-08-30T19:00:00+00:00,-37.75709145113663,145.18527872637898,7.9,7.0,0,3,overcast,2.6,6.5,,,,false
manningham,Manningham,24210,2026-08-31T06:00:00+10:00,2026-08-30T20:00:00+00:00,-37.75709145113663,145.18527872637898,7.8,6.7,0,3,overcast,3.5,6.5,,,,false
manningham,Manningham,24210,2026-08-31T07:00:00+10:00,2026-08-30T21:00:00+00:00,-37.75709145113663,145.18527872637898,8.0,6.9,0,3,overcast,4.0,6.8,,,,false
manningham,Manningham,24210,2026-08-31T08:00:00+10:00,2026-08-30T22:00:00+00:00,-37.75709145113663,145.18527872637898,9.0,7.9,0,3,overcast,3.9,8.6,,,,false
manningham,Manningham,24210,2026-08-31T09:00:00+10:00,2026-08-30T23:00:00+00:00,-37.75709145113663,145.18527872637898,10.5,9.4,0,2,partly_cloudy,3.7,10.8,,,,false
manningham,Manningham,24210,2026-08-31T10:00:00+10:00,2026-08-31T00:00:00+00:00,-37.75709145113663,145.18527872637898,12.0,11.0,0,2,partly_cloudy,3.4,13.0,,,,false
manningham,Manningham,24210,2026-08-31T11:00:00+10:00,2026-08-31T01:00:00+00:00,-37.75709145113663,145.18527872637898,13.4,12.4,0,1,mainly_clear,3.4,14.4,,,,false
manningham,Manningham,24210,2026-08-31T12:00:00+10:00,2026-08-31T02:00:00+00:00,-37.75709145113663,145.18527872637898,14.9,14.2,0,1,mainly_clear,3.1,15.5,,,,false
manningham,Manningham,24210,2026-08-31T13:00:00+10:00,2026-08-31T03:00:00+00:00,-37.75709145113663,145.18527872637898,16.1,15.9,0,0,clear_sky,2.3,15.8,,,,false
manningham,Manningham,24210,2026-08-31T14:00:00+10:00,2026-08-31T04:00:00+00:00,-37.75709145113663,145.18527872637898,17.0,17.3,0,0,clear_sky,0.6,15.5,,,,false
manningham,Manningham,24210,2026-08-31T15:00:00+10:00,2026-08-31T05:00:00+00:00,-37.75709145113663,145.18527872637898,17.5,17.3,0,0,clear_sky,2.7,15.1,,,,false
manningham,Manningham,24210,2026-08-31T16:00:00+10:00,2026-08-31T06:00:00+00:00,-37.75709145113663,145.18527872637898,17.4,17.2,0,0,clear_sky,4.1,14.4,,,,false
manningham,Manningham,24210,2026-08-31T17:00:00+10:00,2026-08-31T07:00:00+00:00,-37.75709145113663,145.18527872637898,16.0,16.0,0,0,clear_sky,2.8,14.0,,,,false
manningham,Manningham,24210,2026-08-31T18:00:00+10:00,2026-08-31T08:00:00+00:00,-37.75709145113663,145.18527872637898,13.8,14.1,0,0,clear_sky,0.7,13.7,,,,false
manningham,Manningham,24210,2026-08-31T19:00:00+10:00,2026-08-31T09:00:00+00:00,-37.75709145113663,145.18527872637898,12.2,12.0,0,0,clear_sky,2.5,14.0,,,,false
manningham,Manningham,24210,2026-08-31T20:00:00+10:00,2026-08-31T10:00:00+00:00,-37.75709145113663,145.18527872637898,11.5,10.8,0,0,clear_sky,4.6,14.8,,,,false
manningham,Manningham,24210,2026-08-31T21:00:00+10:00,2026-08-31T11:00:00+00:00,-37.75709145113663,145.18527872637898,11.2,10.1,0,0,clear_sky,6.6,16.2,,,,false
manningham,Manningham,24210,2026-08-31T22:00:00+10:00,2026-08-31T12:00:00+00:00,-37.75709145113663,145.18527872637898,11.0,9.5,0,0,clear_sky,8.1,17.3,,,,false
manningham,Manningham,24210,2026-08-31T23:00:00+10:00,2026-08-31T13:00:00+00:00,-37.75709145113663,145.18527872637898,10.8,9.1,0,0,clear_sky,9.1,17.6,,,,false
manningham,Manningham,24210,2026-09-01T00:00:00+10:00,2026-08-31T14:00:00+00:00,-37.75709145113663,145.18527872637898,10.6,8.8,0,0,clear_sky,9.6,17.6,,,,false
manningham,Manningham,24210,2026-09-01T01:00:00+10:00,2026-08-31T15:00:00+00:00,-37.75709145113663,145.18527872637898,10.6,8.7,0,0,clear_sky,10.5,19.1,,,,false
manningham,Manningham,24210,2026-09-01T02:00:00+10:00,2026-08-31T16:00:00+00:00,-37.75709145113663,145.18527872637898,11.0,9.0,0,1,mainly_clear,12.3,23.8,,,,false
manningham,Manningham,24210,2026-09-01T03:00:00+10:00,2026-08-31T17:00:00+00:00,-37.75709145113663,145.18527872637898,11.6,9.4,0,1,mainly_clear,14.9,30.2,,,,false
manningham,Manningham,24210,2026-09-01T04:00:00+10:00,2026-08-31T18:00:00+00:00,-37.75709145113663,145.18527872637898,12.1,9.7,0,2,partly_cloudy,16.8,34.9,,,,false
manningham,Manningham,24210,2026-09-01T05:00:00+10:00,2026-08-31T19:00:00+00:00,-37.75709145113663,145.18527872637898,12.1,9.7,0,2,partly_cloudy,17.3,36.4,,,,false
manningham,Manningham,24210,2026-09-01T06:00:00+10:00,2026-08-31T20:00:00+00:00,-37.75709145113663,145.18527872637898,12.0,9.5,0,3,overcast,17.3,36.4,,,,false
manningham,Manningham,24210,2026-09-01T07:00:00+10:00,2026-08-31T21:00:00+00:00,-37.75709145113663,145.18527872637898,12.1,9.5,0,3,overcast,17.5,37.1,,,,false
manningham,Manningham,24210,2026-09-01T08:00:00+10:00,2026-08-31T22:00:00+00:00,-37.75709145113663,145.18527872637898,13.5,10.5,0,2,partly_cloudy,20.6,43.2,,,,false
manningham,Manningham,24210,2026-09-01T09:00:00+10:00,2026-08-31T23:00:00+00:00,-37.75709145113663,145.18527872637898,13.9,10.8,0,2,partly_cloudy,21.0,45.4,,,,false
manningham,Manningham,24210,2026-09-01T10:00:00+10:00,2026-09-01T00:00:00+00:00,-37.75709145113663,145.18527872637898,14.4,11.2,0,2,partly_cloudy,21.5,48.2,,,,false
manningham,Manningham,24210,2026-09-01T11:00:00+10:00,2026-09-01T01:00:00+00:00,-37.75709145113663,145.18527872637898,14.9,11.7,3,51,light_drizzle,22.0,52.2,,,,false
manningham,Manningham,24210,2026-09-01T12:00:00+10:00,2026-09-01T02:00:00+00:00,-37.75709145113663,145.18527872637898,15.7,12.7,8,51,light_drizzle,22.8,57.2,,,,false
manningham,Manningham,24210,2026-09-01T13:00:00+10:00,2026-09-01T03:00:00+00:00,-37.75709145113663,145.18527872637898,16.4,13.3,13,51,light_drizzle,23.8,62.6,,,,false
manningham,Manningham,24210,2026-09-01T14:00:00+10:00,2026-09-01T04:00:00+00:00,-37.75709145113663,145.18527872637898,17.1,13.7,18,51,light_drizzle,24.4,67.7,,,,false
manningham,Manningham,24210,2026-09-01T15:00:00+10:00,2026-09-01T05:00:00+00:00,-37.75709145113663,145.18527872637898,17.5,14.1,24,51,light_drizzle,24.4,71.3,,,,false
manningham,Manningham,24210,2026-09-01T16:00:00+10:00,2026-09-01T06:00:00+00:00,-37.75709145113663,145.18527872637898,17.5,14.4,31,51,light_drizzle,23.2,72.7,,,,false
manningham,Manningham,24210,2026-09-01T17:00:00+10:00,2026-09-01T07:00:00+00:00,-37.75709145113663,145.18527872637898,17.1,14.4,39,53,moderate_drizzle,20.4,71.6,,,,false
manningham,Manningham,24210,2026-09-01T18:00:00+10:00,2026-09-01T08:00:00+00:00,-37.75709145113663,145.18527872637898,16.4,14.2,48,53,moderate_drizzle,16.9,68.0,,,,false
manningham,Manningham,24210,2026-09-01T19:00:00+10:00,2026-09-01T09:00:00+00:00,-37.75709145113663,145.18527872637898,15.4,13.5,56,53,moderate_drizzle,15.3,63.4,,,,false
manningham,Manningham,24210,2026-09-01T20:00:00+10:00,2026-09-01T10:00:00+00:00,-37.75709145113663,145.18527872637898,14.2,12.2,63,53,moderate_drizzle,16.6,58.0,,,,false
manningham,Manningham,24210,2026-09-01T21:00:00+10:00,2026-09-01T11:00:00+00:00,-37.75709145113663,145.18527872637898,13.1,10.6,70,53,moderate_drizzle,19.4,53.3,,,,false
manningham,Manningham,24210,2026-09-01T22:00:00+10:00,2026-09-01T12:00:00+00:00,-37.75709145113663,145.18527872637898,12.1,9.3,73,53,moderate_drizzle,20.9,50.0,,,,false
manningham,Manningham,24210,2026-09-01T23:00:00+10:00,2026-09-01T13:00:00+00:00,-37.75709145113663,145.18527872637898,11.1,8.3,71,3,overcast,19.8,48.2,,,,false
maribyrnong,Maribyrnong,24330,2026-08-26T00:00:00+10:00,2026-08-25T14:00:00+00:00,-37.79217377766585,144.87786848890715,11.8,9.7,74,51,light_drizzle,15.2,30.6,0.0,3.3,4.0,true
maribyrnong,Maribyrnong,24330,2026-08-26T01:00:00+10:00,2026-08-25T15:00:00+00:00,-37.79217377766585,144.87786848890715,11.4,9.3,100,51,light_drizzle,14.6,32.0,0.0,3.1,4.0,true
maribyrnong,Maribyrnong,24330,2026-08-26T02:00:00+10:00,2026-08-25T16:00:00+00:00,-37.79217377766585,144.87786848890715,10.9,8.8,89,1,mainly_clear,13.2,29.9,0.0,3.4,4.6,true
maribyrnong,Maribyrnong,24330,2026-08-26T03:00:00+10:00,2026-08-25T17:00:00+00:00,-37.79217377766585,144.87786848890715,10.3,8.3,62,0,clear_sky,11.8,27.0,0.0,3.6,4.9,true
maribyrnong,Maribyrnong,24330,2026-08-26T04:00:00+10:00,2026-08-25T18:00:00+00:00,-37.79217377766585,144.87786848890715,9.4,7.4,37,0,clear_sky,10.7,24.5,0.0,3.9,5.5,true
maribyrnong,Maribyrnong,24330,2026-08-26T05:00:00+10:00,2026-08-25T19:00:00+00:00,-37.79217377766585,144.87786848890715,8.7,6.6,22,0,clear_sky,10.0,21.2,0.0,4.3,6.1,true
maribyrnong,Maribyrnong,24330,2026-08-26T06:00:00+10:00,2026-08-25T20:00:00+00:00,-37.79217377766585,144.87786848890715,8.3,6.2,10,0,clear_sky,9.6,19.8,0.0,4.6,6.4,true
maribyrnong,Maribyrnong,24330,2026-08-26T07:00:00+10:00,2026-08-25T21:00:00+00:00,-37.79217377766585,144.87786848890715,8.1,5.8,2,0,clear_sky,9.8,19.8,0.0,5.4,7.3,true
maribyrnong,Maribyrnong,24330,2026-08-26T08:00:00+10:00,2026-08-25T22:00:00+00:00,-37.79217377766585,144.87786848890715,8.9,6.7,0,0,clear_sky,9.4,21.2,0.25,5.8,8.1,true
maribyrnong,Maribyrnong,24330,2026-08-26T09:00:00+10:00,2026-08-25T23:00:00+00:00,-37.79217377766585,144.87786848890715,10.7,8.7,0,0,clear_sky,8.9,22.3,0.9,5.4,7.9,true
maribyrnong,Maribyrnong,24330,2026-08-26T10:00:00+10:00,2026-08-26T00:00:00+00:00,-37.79217377766585,144.87786848890715,12.8,10.4,0,1,mainly_clear,12.2,29.9,1.75,7.7,11.7,true
maribyrnong,Maribyrnong,24330,2026-08-26T11:00:00+10:00,2026-08-26T01:00:00+00:00,-37.79217377766585,144.87786848890715,14.0,11.1,3,51,light_drizzle,14.4,37.1,2.45,6.6,10.0,true
maribyrnong,Maribyrnong,24330,2026-08-26T12:00:00+10:00,2026-08-26T02:00:00+00:00,-37.79217377766585,144.87786848890715,14.5,11.4,6,2,partly_cloudy,14.0,37.1,2.35,7.1,10.9,true
maribyrnong,Maribyrnong,24330,2026-08-26T13:00:00+10:00,2026-08-26T03:00:00+00:00,-37.79217377766585,144.87786848890715,14.7,11.7,8,2,partly_cloudy,13.9,37.8,2.3,6.8,10.5,true
maribyrnong,Maribyrnong,24330,2026-08-26T14:00:00+10:00,2026-08-26T04:00:00+00:00,-37.79217377766585,144.87786848890715,14.7,11.6,6,1,mainly_clear,13.6,36.7,1.7,6.7,10.3,true
maribyrnong,Maribyrnong,24330,2026-08-26T15:00:00+10:00,2026-08-26T05:00:00+00:00,-37.79217377766585,144.87786848890715,14.5,11.4,3,2,partly_cloudy,14.1,36.4,0.95,6.7,10.2,true
maribyrnong,Maribyrnong,24330,2026-08-26T16:00:00+10:00,2026-08-26T06:00:00+00:00,-37.79217377766585,144.87786848890715,13.7,10.9,0,1,mainly_clear,12.8,36.0,0.5,7.1,10.7,true
maribyrnong,Maribyrnong,24330,2026-08-26T17:00:00+10:00,2026-08-26T07:00:00+00:00,-37.79217377766585,144.87786848890715,13.1,10.4,0,1,mainly_clear,12.3,32.4,0.15,7.4,11.0,true
maribyrnong,Maribyrnong,24330,2026-08-26T18:00:00+10:00,2026-08-26T08:00:00+00:00,-37.79217377766585,144.87786848890715,12.3,10.1,0,2,partly_cloudy,10.3,29.5,0.0,9.5,13.2,true
maribyrnong,Maribyrnong,24330,2026-08-26T19:00:00+10:00,2026-08-26T09:00:00+00:00,-37.79217377766585,144.87786848890715,12.0,9.9,0,3,overcast,9.3,21.2,0.0,11.9,15.7,true
maribyrnong,Maribyrnong,24330,2026-08-26T20:00:00+10:00,2026-08-26T10:00:00+00:00,-37.79217377766585,144.87786848890715,11.9,9.8,0,3,overcast,8.9,18.7,0.0,12.6,16.1,true
maribyrnong,Maribyrnong,24330,2026-08-26T21:00:00+10:00,2026-08-26T11:00:00+00:00,-37.79217377766585,144.87786848890715,11.9,9.5,0,3,overcast,9.6,19.8,0.0,11.6,14.0,true
maribyrnong,Maribyrnong,24330,2026-08-26T22:00:00+10:00,2026-08-26T12:00:00+00:00,-37.79217377766585,144.87786848890715,11.8,9.4,0,3,overcast,9.3,20.2,0.0,11.5,13.8,true
maribyrnong,Maribyrnong,24330,2026-08-26T23:00:00+10:00,2026-08-26T13:00:00+00:00,-37.79217377766585,144.87786848890715,11.2,9.1,0,3,overcast,7.9,19.1,0.0,11.4,13.6,true
maribyrnong,Maribyrnong,24330,2026-08-27T00:00:00+10:00,2026-08-26T14:00:00+00:00,-37.79217377766585,144.87786848890715,10.0,7.9,0,3,overcast,7.7,16.2,0.0,10.9,13.1,true
maribyrnong,Maribyrnong,24330,2026-08-27T01:00:00+10:00,2026-08-26T15:00:00+00:00,-37.79217377766585,144.87786848890715,9.2,7.2,0,3,overcast,6.5,16.2,0.0,10.0,12.3,true
maribyrnong,Maribyrnong,24330,2026-08-27T02:00:00+10:00,2026-08-26T16:00:00+00:00,-37.79217377766585,144.87786848890715,8.3,6.2,0,0,clear_sky,5.3,13.3,0.0,9.4,11.6,true
maribyrnong,Maribyrnong,24330,2026-08-27T03:00:00+10:00,2026-08-26T17:00:00+00:00,-37.79217377766585,144.87786848890715,7.5,5.5,0,0,clear_sky,4.7,10.8,0.0,8.8,11.2,true
maribyrnong,Maribyrnong,24330,2026-08-27T04:00:00+10:00,2026-08-26T18:00:00+00:00,-37.79217377766585,144.87786848890715,6.9,4.7,0,1,mainly_clear,5.6,11.2,0.0,8.6,11.1,true
maribyrnong,Maribyrnong,24330,2026-08-27T05:00:00+10:00,2026-08-26T19:00:00+00:00,-37.79217377766585,144.87786848890715,6.5,4.2,0,1,mainly_clear,5.7,11.9,0.0,8.6,11.2,true
maribyrnong,Maribyrnong,24330,2026-08-27T06:00:00+10:00,2026-08-26T20:00:00+00:00,-37.79217377766585,144.87786848890715,6.1,3.8,0,0,clear_sky,5.9,11.9,0.0,9.3,12.0,true
maribyrnong,Maribyrnong,24330,2026-08-27T07:00:00+10:00,2026-08-26T21:00:00+00:00,-37.79217377766585,144.87786848890715,5.9,3.6,0,0,clear_sky,5.9,11.9,0.05,12.7,15.4,true
maribyrnong,Maribyrnong,24330,2026-08-27T08:00:00+10:00,2026-08-26T22:00:00+00:00,-37.79217377766585,144.87786848890715,7.5,5.0,0,0,clear_sky,6.8,15.1,0.35,17.9,19.8,true
maribyrnong,Maribyrnong,24330,2026-08-27T09:00:00+10:00,2026-08-26T23:00:00+00:00,-37.79217377766585,144.87786848890715,10.2,8.3,0,1,mainly_clear,4.0,14.8,1.15,12.0,15.5,true
maribyrnong,Maribyrnong,24330,2026-08-27T10:00:00+10:00,2026-08-27T00:00:00+00:00,-37.79217377766585,144.87786848890715,12.3,10.4,0,2,partly_cloudy,3.4,15.8,2.35,8.9,13.0,true
maribyrnong,Maribyrnong,24330,2026-08-27T11:00:00+10:00,2026-08-27T01:00:00+00:00,-37.79217377766585,144.87786848890715,13.6,12.1,0,3,overcast,1.6,15.5,3.45,8.4,12.4,true
maribyrnong,Maribyrnong,24330,2026-08-27T12:00:00+10:00,2026-08-27T02:00:00+00:00,-37.79217377766585,144.87786848890715,14.5,13.2,0,3,overcast,1.9,15.1,3.95,8.3,12.2,true
maribyrnong,Maribyrnong,24330,2026-08-27T13:00:00+10:00,2026-08-27T03:00:00+00:00,-37.79217377766585,144.87786848890715,15.2,14.2,0,1,mainly_clear,1.8,15.5,3.7,8.4,12.0,true
maribyrnong,Maribyrnong,24330,2026-08-27T14:00:00+10:00,2026-08-27T04:00:00+00:00,-37.79217377766585,144.87786848890715,15.8,14.7,0,0,clear_sky,2.3,16.2,2.8,8.4,12.0,true
maribyrnong,Maribyrnong,24330,2026-08-27T15:00:00+10:00,2026-08-27T05:00:00+00:00,-37.79217377766585,144.87786848890715,16.0,14.1,0,0,clear_sky,4.4,18.0,1.65,8.6,12.1,true
maribyrnong,Maribyrnong,24330,2026-08-27T16:00:00+10:00,2026-08-27T06:00:00+00:00,-37.79217377766585,144.87786848890715,14.9,12.7,0,3,overcast,7.7,23.8,0.65,8.3,11.6,true
maribyrnong,Maribyrnong,24330,2026-08-27T17:00:00+10:00,2026-08-27T07:00:00+00:00,-37.79217377766585,144.87786848890715,13.8,11.9,0,3,overcast,6.6,24.1,0.15,10.6,13.8,true
maribyrnong,Maribyrnong,24330,2026-08-27T18:00:00+10:00,2026-08-27T08:00:00+00:00,-37.79217377766585,144.87786848890715,13.2,11.5,0,3,overcast,4.8,18.4,0.0,15.9,19.1,true
maribyrnong,Maribyrnong,24330,2026-08-27T19:00:00+10:00,2026-08-27T09:00:00+00:00,-37.79217377766585,144.87786848890715,12.9,11.3,0,2,partly_cloudy,3.8,11.9,0.0,20.5,23.6,true
maribyrnong,Maribyrnong,24330,2026-08-27T20:00:00+10:00,2026-08-27T10:00:00+00:00,-37.79217377766585,144.87786848890715,12.3,11.1,0,2,partly_cloudy,1.9,10.1,0.0,24.6,27.5,true
maribyrnong,Maribyrnong,24330,2026-08-27T21:00:00+10:00,2026-08-27T11:00:00+00:00,-37.79217377766585,144.87786848890715,11.8,10.2,0,3,overcast,3.9,8.3,0.0,28.2,31.0,true
maribyrnong,Maribyrnong,24330,2026-08-27T22:00:00+10:00,2026-08-27T12:00:00+00:00,-37.79217377766585,144.87786848890715,11.7,10.1,0,3,overcast,4.8,9.7,0.0,28.2,30.3,true
maribyrnong,Maribyrnong,24330,2026-08-27T23:00:00+10:00,2026-08-27T13:00:00+00:00,-37.79217377766585,144.87786848890715,11.5,9.6,0,3,overcast,6.9,13.7,0.0,22.9,24.3,true
maribyrnong,Maribyrnong,24330,2026-08-28T00:00:00+10:00,2026-08-27T14:00:00+00:00,-37.79217377766585,144.87786848890715,11.3,9.2,0,3,overcast,8.0,17.3,0.0,16.9,18.0,true
maribyrnong,Maribyrnong,24330,2026-08-28T01:00:00+10:00,2026-08-27T15:00:00+00:00,-37.79217377766585,144.87786848890715,10.3,8.0,0,1,mainly_clear,9.2,18.7,0.0,12.6,13.5,true
maribyrnong,Maribyrnong,24330,2026-08-28T02:00:00+10:00,2026-08-27T16:00:00+00:00,-37.79217377766585,144.87786848890715,9.1,6.6,0,2,partly_cloudy,9.1,18.4,0.0,9.5,10.4,true
maribyrnong,Maribyrnong,24330,2026-08-28T03:00:00+10:00,2026-08-27T17:00:00+00:00,-37.79217377766585,144.87786848890715,8.8,6.1,0,3,overcast,9.7,19.1,0.0,7.2,8.1,true
maribyrnong,Maribyrnong,24330,2026-08-28T04:00:00+10:00,2026-08-27T18:00:00+00:00,-37.79217377766585,144.87786848890715,8.9,6.1,0,3,overcast,10.5,20.5,0.0,5.8,6.8,true
maribyrnong,Maribyrnong,24330,2026-08-28T05:00:00+10:00,2026-08-27T19:00:00+00:00,-37.79217377766585,144.87786848890715,8.9,6.1,0,0,clear_sky,10.2,20.5,0.0,5.2,6.3,true
maribyrnong,Maribyrnong,24330,2026-08-28T06:00:00+10:00,2026-08-27T20:00:00+00:00,-37.79217377766585,144.87786848890715,8.6,5.8,0,0,clear_sky,9.9,20.2,0.0,5.1,6.2,true
maribyrnong,Maribyrnong,24330,2026-08-28T07:00:00+10:00,2026-08-27T21:00:00+00:00,-37.79217377766585,144.87786848890715,8.3,5.6,0,0,clear_sky,9.5,19.8,0.05,6.4,7.5,true
maribyrnong,Maribyrnong,24330,2026-08-28T08:00:00+10:00,2026-08-27T22:00:00+00:00,-37.79217377766585,144.87786848890715,9.7,7.0,2,0,clear_sky,9.5,19.1,0.2,8.1,9.3,true
maribyrnong,Maribyrnong,24330,2026-08-28T09:00:00+10:00,2026-08-27T23:00:00+00:00,-37.79217377766585,144.87786848890715,12.3,9.8,4,0,clear_sky,7.9,20.5,0.55,10.4,11.6,true
maribyrnong,Maribyrnong,24330,2026-08-28T10:00:00+10:00,2026-08-28T00:00:00+00:00,-37.79217377766585,144.87786848890715,14.5,12.4,8,3,overcast,6.3,20.9,1.05,8.3,10.2,true
maribyrnong,Maribyrnong,24330,2026-08-28T11:00:00+10:00,2026-08-28T01:00:00+00:00,-37.79217377766585,144.87786848890715,15.4,13.8,12,3,overcast,4.2,20.2,1.5,7.2,9.1,true
maribyrnong,Maribyrnong,24330,2026-08-28T12:00:00+10:00,2026-08-28T02:00:00+00:00,-37.79217377766585,144.87786848890715,15.9,14.5,18,3,overcast,3.5,16.6,1.45,4.9,6.1,true
maribyrnong,Maribyrnong,24330,2026-08-28T13:00:00+10:00,2026-08-28T03:00:00+00:00,-37.79217377766585,144.87786848890715,16.8,15.1,24,3,overcast,6.5,19.4,2.85,4.0,5.0,true
maribyrnong,Maribyrnong,24330,2026-08-28T14:00:00+10:00,2026-08-28T04:00:00+00:00,-37.79217377766585,144.87786848890715,15.6,14.1,35,51,light_drizzle,8.1,20.9,2.2,3.8,5.1,true
maribyrnong,Maribyrnong,24330,2026-08-28T15:00:00+10:00,2026-08-28T05:00:00+00:00,-37.79217377766585,144.87786848890715,14.3,13.5,46,53,moderate_drizzle,6.7,22.3,1.5,4.7,6.6,true
maribyrnong,Maribyrnong,24330,2026-08-28T16:00:00+10:00,2026-08-28T06:00:00+00:00,-37.79217377766585,144.87786848890715,13.9,13.7,51,51,light_drizzle,3.6,18.0,0.65,6.3,9.2,true
maribyrnong,Maribyrnong,24330,2026-08-28T17:00:00+10:00,2026-08-28T07:00:00+00:00,-37.79217377766585,144.87786848890715,13.9,13.8,43,51,light_drizzle,2.5,12.2,0.15,8.2,12.1,true
maribyrnong,Maribyrnong,24330,2026-08-28T18:00:00+10:00,2026-08-28T08:00:00+00:00,-37.79217377766585,144.87786848890715,13.2,13.0,27,51,light_drizzle,4.3,10.4,0.0,11.3,15.4,true
maribyrnong,Maribyrnong,24330,2026-08-28T19:00:00+10:00,2026-08-28T09:00:00+00:00,-37.79217377766585,144.87786848890715,13.2,13.3,14,51,light_drizzle,1.8,10.1,0.0,14.8,18.6,true
maribyrnong,Maribyrnong,24330,2026-08-28T20:00:00+10:00,2026-08-28T10:00:00+00:00,-37.79217377766585,144.87786848890715,12.5,12.5,7,1,mainly_clear,2.6,5.8,0.0,19.0,23.3,true
maribyrnong,Maribyrnong,24330,2026-08-28T21:00:00+10:00,2026-08-28T11:00:00+00:00,-37.79217377766585,144.87786848890715,11.8,11.7,3,2,partly_cloudy,2.9,6.8,0.0,22.0,26.8,true
maribyrnong,Maribyrnong,24330,2026-08-28T22:00:00+10:00,2026-08-28T12:00:00+00:00,-37.79217377766585,144.87786848890715,10.7,10.2,0,2,partly_cloudy,4.0,8.6,0.0,26.8,32.1,true
maribyrnong,Maribyrnong,24330,2026-08-28T23:00:00+10:00,2026-08-28T13:00:00+00:00,-37.79217377766585,144.87786848890715,10.1,9.4,0,3,overcast,4.7,9.7,0.0,27.9,33.6,true
maribyrnong,Maribyrnong,24330,2026-08-29T00:00:00+10:00,2026-08-28T14:00:00+00:00,-37.79217377766585,144.87786848890715,9.8,8.9,1,3,overcast,5.7,11.2,0.0,28.5,34.3,true
maribyrnong,Maribyrnong,24330,2026-08-29T01:00:00+10:00,2026-08-28T15:00:00+00:00,-37.79217377766585,144.87786848890715,10.0,9.1,2,3,overcast,5.3,11.9,0.0,27.4,33.2,true
maribyrnong,Maribyrnong,24330,2026-08-29T02:00:00+10:00,2026-08-28T16:00:00+00:00,-37.79217377766585,144.87786848890715,9.9,8.9,3,3,overcast,5.9,10.8,0.0,24.8,30.4,true
maribyrnong,Maribyrnong,24330,2026-08-29T03:00:00+10:00,2026-08-28T17:00:00+00:00,-37.79217377766585,144.87786848890715,9.9,8.6,4,3,overcast,7.9,15.8,0.0,20.9,25.7,true
maribyrnong,Maribyrnong,24330,2026-08-29T04:00:00+10:00,2026-08-28T18:00:00+00:00,-37.79217377766585,144.87786848890715,9.7,8.3,4,3,overcast,7.9,18.0,0.0,16.6,20.6,true
maribyrnong,Maribyrnong,24330,2026-08-29T05:00:00+10:00,2026-08-28T19:00:00+00:00,-37.79217377766585,144.87786848890715,9.2,7.8,3,2,partly_cloudy,6.5,16.9,0.0,12.8,16.4,true
maribyrnong,Maribyrnong,24330,2026-08-29T06:00:00+10:00,2026-08-28T20:00:00+00:00,-37.79217377766585,144.87786848890715,8.3,6.8,1,1,mainly_clear,6.1,14.0,0.0,10.6,13.8,true
maribyrnong,Maribyrnong,24330,2026-08-29T07:00:00+10:00,2026-08-28T21:00:00+00:00,-37.79217377766585,144.87786848890715,7.4,5.7,0,2,partly_cloudy,6.3,13.0,0.05,11.3,14.0,true
maribyrnong,Maribyrnong,24330,2026-08-29T08:00:00+10:00,2026-08-28T22:00:00+00:00,-37.79217377766585,144.87786848890715,8.0,6.2,0,1,mainly_clear,7.1,15.1,0.4,12.3,14.9,true
maribyrnong,Maribyrnong,24330,2026-08-29T09:00:00+10:00,2026-08-28T23:00:00+00:00,-37.79217377766585,144.87786848890715,9.9,8.3,1,1,mainly_clear,6.2,18.0,1.05,11.6,15.7,true
maribyrnong,Maribyrnong,24330,2026-08-29T10:00:00+10:00,2026-08-29T00:00:00+00:00,-37.79217377766585,144.87786848890715,11.7,9.8,2,1,mainly_clear,7.4,22.7,1.95,11.9,17.6,true
maribyrnong,Maribyrnong,24330,2026-08-29T11:00:00+10:00,2026-08-29T01:00:00+00:00,-37.79217377766585,144.87786848890715,12.9,10.5,2,2,partly_cloudy,8.4,26.3,2.55,11.5,17.9,true
maribyrnong,Maribyrnong,24330,2026-08-29T12:00:00+10:00,2026-08-29T02:00:00+00:00,-37.79217377766585,144.87786848890715,13.5,11.0,1,3,overcast,8.4,26.6,2.75,11.1,17.2,true
maribyrnong,Maribyrnong,24330,2026-08-29T13:00:00+10:00,2026-08-29T03:00:00+00:00,-37.79217377766585,144.87786848890715,13.9,11.3,0,3,overcast,9.1,26.6,2.55,11.1,17.1,true
maribyrnong,Maribyrnong,24330,2026-08-29T14:00:00+10:00,2026-08-29T04:00:00+00:00,-37.79217377766585,144.87786848890715,14.2,11.5,0,3,overcast,11.8,32.8,1.85,11.0,16.8,true
maribyrnong,Maribyrnong,24330,2026-08-29T15:00:00+10:00,2026-08-29T05:00:00+00:00,-37.79217377766585,144.87786848890715,13.6,10.8,0,3,overcast,12.2,33.8,1.05,11.3,17.0,true
maribyrnong,Maribyrnong,24330,2026-08-29T16:00:00+10:00,2026-08-29T06:00:00+00:00,-37.79217377766585,144.87786848890715,13.0,10.5,0,3,overcast,10.5,32.8,0.4,12.5,18.7,true
maribyrnong,Maribyrnong,24330,2026-08-29T17:00:00+10:00,2026-08-29T07:00:00+00:00,-37.79217377766585,144.87786848890715,12.6,10.7,0,3,overcast,7.9,27.0,0.1,13.8,20.7,true
maribyrnong,Maribyrnong,24330,2026-08-29T18:00:00+10:00,2026-08-29T08:00:00+00:00,-37.79217377766585,144.87786848890715,12.2,11.1,0,0,clear_sky,2.3,19.8,0.0,15.7,23.2,true
maribyrnong,Maribyrnong,24330,2026-08-29T19:00:00+10:00,2026-08-29T09:00:00+00:00,-37.79217377766585,144.87786848890715,11.5,10.1,0,2,partly_cloudy,4.7,9.0,0.0,14.3,19.7,true
maribyrnong,Maribyrnong,24330,2026-08-29T20:00:00+10:00,2026-08-29T10:00:00+00:00,-37.79217377766585,144.87786848890715,11.7,10.3,1,3,overcast,4.6,11.2,0.0,14.2,19.1,true
maribyrnong,Maribyrnong,24330,2026-08-29T21:00:00+10:00,2026-08-29T11:00:00+00:00,-37.79217377766585,144.87786848890715,11.8,10.3,1,3,overcast,6.0,13.0,0.0,14.4,19.3,true
maribyrnong,Maribyrnong,24330,2026-08-29T22:00:00+10:00,2026-08-29T12:00:00+00:00,-37.79217377766585,144.87786848890715,11.4,9.6,2,3,overcast,8.1,16.2,0.0,12.7,16.9,true
maribyrnong,Maribyrnong,24330,2026-08-29T23:00:00+10:00,2026-08-29T13:00:00+00:00,-37.79217377766585,144.87786848890715,10.6,8.4,2,3,overcast,10.1,22.7,0.0,11.0,14.6,true
maribyrnong,Maribyrnong,24330,2026-08-30T00:00:00+10:00,2026-08-29T14:00:00+00:00,-37.79217377766585,144.87786848890715,10.1,8.0,2,1,mainly_clear,8.8,22.7,0.0,9.6,12.7,true
maribyrnong,Maribyrnong,24330,2026-08-30T01:00:00+10:00,2026-08-29T15:00:00+00:00,-37.79217377766585,144.87786848890715,9.5,7.5,2,1,mainly_clear,8.0,18.0,0.0,8.4,11.3,true
maribyrnong,Maribyrnong,24330,2026-08-30T02:00:00+10:00,2026-08-29T16:00:00+00:00,-37.79217377766585,144.87786848890715,9.0,7.0,2,1,mainly_clear,7.6,16.6,0.0,7.5,10.3,true
maribyrnong,Maribyrnong,24330,2026-08-30T03:00:00+10:00,2026-08-29T17:00:00+00:00,-37.79217377766585,144.87786848890715,8.4,6.6,2,0,clear_sky,6.6,15.1,0.0,7.0,9.7,true
maribyrnong,Maribyrnong,24330,2026-08-30T04:00:00+10:00,2026-08-29T18:00:00+00:00,-37.79217377766585,144.87786848890715,7.9,6.2,2,0,clear_sky,5.3,13.0,0.0,6.6,9.3,true
maribyrnong,Maribyrnong,24330,2026-08-30T05:00:00+10:00,2026-08-29T19:00:00+00:00,-37.79217377766585,144.87786848890715,7.5,5.8,1,0,clear_sky,5.4,12.6,0.0,6.5,9.2,true
maribyrnong,Maribyrnong,24330,2026-08-30T06:00:00+10:00,2026-08-29T20:00:00+00:00,-37.79217377766585,144.87786848890715,7.3,5.5,1,0,clear_sky,6.3,12.6,0.0,6.9,9.6,true
maribyrnong,Maribyrnong,24330,2026-08-30T07:00:00+10:00,2026-08-29T21:00:00+00:00,-37.79217377766585,144.87786848890715,7.7,5.8,0,1,mainly_clear,6.3,13.7,0.05,8.2,11.0,true
maribyrnong,Maribyrnong,24330,2026-08-30T08:00:00+10:00,2026-08-29T22:00:00+00:00,-37.79217377766585,144.87786848890715,9.1,7.5,0,1,mainly_clear,5.3,15.8,0.25,10.3,13.8,true
maribyrnong,Maribyrnong,24330,2026-08-30T09:00:00+10:00,2026-08-29T23:00:00+00:00,-37.79217377766585,144.87786848890715,11.2,9.6,0,1,mainly_clear,5.2,18.4,0.8,10.0,14.0,true
maribyrnong,Maribyrnong,24330,2026-08-30T10:00:00+10:00,2026-08-30T00:00:00+00:00,-37.79217377766585,144.87786848890715,12.8,11.2,0,2,partly_cloudy,6.5,20.9,1.75,9.8,14.4,true
maribyrnong,Maribyrnong,24330,2026-08-30T11:00:00+10:00,2026-08-30T01:00:00+00:00,-37.79217377766585,144.87786848890715,13.7,12.0,0,2,partly_cloudy,7.2,23.0,2.75,10.2,15.3,true
maribyrnong,Maribyrnong,24330,2026-08-30T12:00:00+10:00,2026-08-30T02:00:00+00:00,-37.79217377766585,144.87786848890715,14.2,12.4,0,3,overcast,7.6,24.8,3.25,10.5,15.6,true
maribyrnong,Maribyrnong,24330,2026-08-30T13:00:00+10:00,2026-08-30T03:00:00+00:00,-37.79217377766585,144.87786848890715,14.5,12.6,0,3,overcast,8.0,25.9,3.55,10.6,15.5,true
maribyrnong,Maribyrnong,24330,2026-08-30T14:00:00+10:00,2026-08-30T04:00:00+00:00,-37.79217377766585,144.87786848890715,14.6,12.7,0,3,overcast,8.1,26.3,3.15,9.8,14.4,true
maribyrnong,Maribyrnong,24330,2026-08-30T15:00:00+10:00,2026-08-30T05:00:00+00:00,-37.79217377766585,144.87786848890715,14.4,12.6,0,3,overcast,8.0,25.9,1.9,9.8,14.3,true
maribyrnong,Maribyrnong,24330,2026-08-30T16:00:00+10:00,2026-08-30T06:00:00+00:00,-37.79217377766585,144.87786848890715,14.1,12.4,0,3,overcast,7.8,25.6,0.8,10.0,14.3,true
maribyrnong,Maribyrnong,24330,2026-08-30T17:00:00+10:00,2026-08-30T07:00:00+00:00,-37.79217377766585,144.87786848890715,13.6,12.0,0,3,overcast,7.3,25.2,0.2,10.1,14.6,true
maribyrnong,Maribyrnong,24330,2026-08-30T18:00:00+10:00,2026-08-30T08:00:00+00:00,-37.79217377766585,144.87786848890715,12.9,11.5,0,3,overcast,6.4,24.1,0.0,11.7,16.0,true
maribyrnong,Maribyrnong,24330,2026-08-30T19:00:00+10:00,2026-08-30T09:00:00+00:00,-37.79217377766585,144.87786848890715,12.3,11.1,0,3,overcast,5.3,22.7,0.0,12.2,15.8,true
maribyrnong,Maribyrnong,24330,2026-08-30T20:00:00+10:00,2026-08-30T10:00:00+00:00,-37.79217377766585,144.87786848890715,12.1,11.2,0,3,overcast,3.9,19.8,0.0,12.0,15.0,true
maribyrnong,Maribyrnong,24330,2026-08-30T21:00:00+10:00,2026-08-30T11:00:00+00:00,-37.79217377766585,144.87786848890715,12.1,11.4,0,3,overcast,2.3,16.2,0.0,12.3,15.3,true
maribyrnong,Maribyrnong,24330,2026-08-30T22:00:00+10:00,2026-08-30T12:00:00+00:00,-37.79217377766585,144.87786848890715,12.0,11.6,0,3,overcast,0.9,13.0,0.0,13.1,16.1,true
maribyrnong,Maribyrnong,24330,2026-08-30T23:00:00+10:00,2026-08-30T13:00:00+00:00,-37.79217377766585,144.87786848890715,11.7,11.3,0,3,overcast,0.8,10.8,,,,false
maribyrnong,Maribyrnong,24330,2026-08-31T00:00:00+10:00,2026-08-30T14:00:00+00:00,-37.79217377766585,144.87786848890715,11.3,10.6,0,3,overcast,2.6,9.0,,,,false
maribyrnong,Maribyrnong,24330,2026-08-31T01:00:00+10:00,2026-08-30T15:00:00+00:00,-37.79217377766585,144.87786848890715,10.9,10.1,0,3,overcast,3.6,7.9,,,,false
maribyrnong,Maribyrnong,24330,2026-08-31T02:00:00+10:00,2026-08-30T16:00:00+00:00,-37.79217377766585,144.87786848890715,10.7,9.9,0,3,overcast,3.6,7.2,,,,false
maribyrnong,Maribyrnong,24330,2026-08-31T03:00:00+10:00,2026-08-30T17:00:00+00:00,-37.79217377766585,144.87786848890715,10.6,9.8,0,3,overcast,3.7,7.2,,,,false
maribyrnong,Maribyrnong,24330,2026-08-31T04:00:00+10:00,2026-08-30T18:00:00+00:00,-37.79217377766585,144.87786848890715,10.5,9.6,0,3,overcast,4.1,7.9,,,,false
maribyrnong,Maribyrnong,24330,2026-08-31T05:00:00+10:00,2026-08-30T19:00:00+00:00,-37.79217377766585,144.87786848890715,10.1,9.0,0,3,overcast,4.6,9.4,,,,false
maribyrnong,Maribyrnong,24330,2026-08-31T06:00:00+10:00,2026-08-30T20:00:00+00:00,-37.79217377766585,144.87786848890715,9.6,8.4,0,3,overcast,4.8,11.5,,,,false
maribyrnong,Maribyrnong,24330,2026-08-31T07:00:00+10:00,2026-08-30T21:00:00+00:00,-37.79217377766585,144.87786848890715,9.5,8.3,0,3,overcast,4.3,13.3,,,,false
maribyrnong,Maribyrnong,24330,2026-08-31T08:00:00+10:00,2026-08-30T22:00:00+00:00,-37.79217377766585,144.87786848890715,10.1,9.1,0,3,overcast,2.2,14.8,,,,false
maribyrnong,Maribyrnong,24330,2026-08-31T09:00:00+10:00,2026-08-30T23:00:00+00:00,-37.79217377766585,144.87786848890715,11.1,10.0,0,3,overcast,3.1,15.8,,,,false
maribyrnong,Maribyrnong,24330,2026-08-31T10:00:00+10:00,2026-08-31T00:00:00+00:00,-37.79217377766585,144.87786848890715,12.3,10.9,0,3,overcast,4.8,16.9,,,,false
maribyrnong,Maribyrnong,24330,2026-08-31T11:00:00+10:00,2026-08-31T01:00:00+00:00,-37.79217377766585,144.87786848890715,13.9,12.6,0,2,partly_cloudy,4.2,17.3,,,,false
maribyrnong,Maribyrnong,24330,2026-08-31T12:00:00+10:00,2026-08-31T02:00:00+00:00,-37.79217377766585,144.87786848890715,15.6,14.8,0,1,mainly_clear,2.4,17.6,,,,false
maribyrnong,Maribyrnong,24330,2026-08-31T13:00:00+10:00,2026-08-31T03:00:00+00:00,-37.79217377766585,144.87786848890715,16.6,16.2,0,0,clear_sky,2.3,19.1,,,,false
maribyrnong,Maribyrnong,24330,2026-08-31T14:00:00+10:00,2026-08-31T04:00:00+00:00,-37.79217377766585,144.87786848890715,16.4,15.5,0,0,clear_sky,5.4,23.4,,,,false
maribyrnong,Maribyrnong,24330,2026-08-31T15:00:00+10:00,2026-08-31T05:00:00+00:00,-37.79217377766585,144.87786848890715,15.4,13.6,0,0,clear_sky,9.2,29.2,,,,false
maribyrnong,Maribyrnong,24330,2026-08-31T16:00:00+10:00,2026-08-31T06:00:00+00:00,-37.79217377766585,144.87786848890715,14.4,12.3,0,0,clear_sky,11.0,32.8,,,,false
maribyrnong,Maribyrnong,24330,2026-08-31T17:00:00+10:00,2026-08-31T07:00:00+00:00,-37.79217377766585,144.87786848890715,13.2,11.5,0,0,clear_sky,8.9,32.8,,,,false
maribyrnong,Maribyrnong,24330,2026-08-31T18:00:00+10:00,2026-08-31T08:00:00+00:00,-37.79217377766585,144.87786848890715,12.0,10.9,0,0,clear_sky,4.5,30.6,,,,false
maribyrnong,Maribyrnong,24330,2026-08-31T19:00:00+10:00,2026-08-31T09:00:00+00:00,-37.79217377766585,144.87786848890715,11.2,10.5,0,0,clear_sky,2.3,28.4,,,,false
maribyrnong,Maribyrnong,24330,2026-08-31T20:00:00+10:00,2026-08-31T10:00:00+00:00,-37.79217377766585,144.87786848890715,11.5,10.4,0,0,clear_sky,5.2,26.6,,,,false
maribyrnong,Maribyrnong,24330,2026-08-31T21:00:00+10:00,2026-08-31T11:00:00+00:00,-37.79217377766585,144.87786848890715,12.3,10.8,0,0,clear_sky,9.2,25.2,,,,false
maribyrnong,Maribyrnong,24330,2026-08-31T22:00:00+10:00,2026-08-31T12:00:00+00:00,-37.79217377766585,144.87786848890715,12.9,11.1,0,0,clear_sky,12.6,24.8,,,,false
maribyrnong,Maribyrnong,24330,2026-08-31T23:00:00+10:00,2026-08-31T13:00:00+00:00,-37.79217377766585,144.87786848890715,13.0,11.0,0,0,clear_sky,14.4,26.6,,,,false
maribyrnong,Maribyrnong,24330,2026-09-01T00:00:00+10:00,2026-08-31T14:00:00+00:00,-37.79217377766585,144.87786848890715,12.9,10.7,0,1,mainly_clear,15.1,30.2,,,,false
maribyrnong,Maribyrnong,24330,2026-09-01T01:00:00+10:00,2026-08-31T15:00:00+00:00,-37.79217377766585,144.87786848890715,12.7,10.4,0,1,mainly_clear,16.0,33.5,,,,false
maribyrnong,Maribyrnong,24330,2026-09-01T02:00:00+10:00,2026-08-31T16:00:00+00:00,-37.79217377766585,144.87786848890715,12.6,10.1,0,1,mainly_clear,17.5,36.7,,,,false
maribyrnong,Maribyrnong,24330,2026-09-01T03:00:00+10:00,2026-08-31T17:00:00+00:00,-37.79217377766585,144.87786848890715,12.4,9.7,0,1,mainly_clear,18.8,39.6,,,,false
maribyrnong,Maribyrnong,24330,2026-09-01T04:00:00+10:00,2026-08-31T18:00:00+00:00,-37.79217377766585,144.87786848890715,12.3,9.4,0,1,mainly_clear,19.8,42.1,,,,false
maribyrnong,Maribyrnong,24330,2026-09-01T05:00:00+10:00,2026-08-31T19:00:00+00:00,-37.79217377766585,144.87786848890715,12.1,9.1,0,2,partly_cloudy,20.2,43.2,,,,false
maribyrnong,Maribyrnong,24330,2026-09-01T06:00:00+10:00,2026-08-31T20:00:00+00:00,-37.79217377766585,144.87786848890715,12.0,8.9,0,2,partly_cloudy,20.1,43.6,,,,false
maribyrnong,Maribyrnong,24330,2026-09-01T07:00:00+10:00,2026-08-31T21:00:00+00:00,-37.79217377766585,144.87786848890715,12.1,9.0,0,2,partly_cloudy,20.4,44.6,,,,false
maribyrnong,Maribyrnong,24330,2026-09-01T08:00:00+10:00,2026-08-31T22:00:00+00:00,-37.79217377766585,144.87786848890715,13.5,10.2,0,1,mainly_clear,22.5,50.4,,,,false
maribyrnong,Maribyrnong,24330,2026-09-01T09:00:00+10:00,2026-08-31T23:00:00+00:00,-37.79217377766585,144.87786848890715,14.0,10.6,0,1,mainly_clear,22.9,52.6,,,,false
maribyrnong,Maribyrnong,24330,2026-09-01T10:00:00+10:00,2026-09-01T00:00:00+00:00,-37.79217377766585,144.87786848890715,14.6,11.0,0,1,mainly_clear,23.1,54.7,,,,false
maribyrnong,Maribyrnong,24330,2026-09-01T11:00:00+10:00,2026-09-01T01:00:00+00:00,-37.79217377766585,144.87786848890715,15.4,11.7,3,51,light_drizzle,23.5,57.6,,,,false
maribyrnong,Maribyrnong,24330,2026-09-01T12:00:00+10:00,2026-09-01T02:00:00+00:00,-37.79217377766585,144.87786848890715,16.4,12.8,8,51,light_drizzle,24.3,60.5,,,,false
maribyrnong,Maribyrnong,24330,2026-09-01T13:00:00+10:00,2026-09-01T03:00:00+00:00,-37.79217377766585,144.87786848890715,17.6,13.6,13,51,light_drizzle,25.2,64.1,,,,false
maribyrnong,Maribyrnong,24330,2026-09-01T14:00:00+10:00,2026-09-01T04:00:00+00:00,-37.79217377766585,144.87786848890715,18.6,14.3,19,51,light_drizzle,26.0,67.0,,,,false
maribyrnong,Maribyrnong,24330,2026-09-01T15:00:00+10:00,2026-09-01T05:00:00+00:00,-37.79217377766585,144.87786848890715,19.3,14.9,25,51,light_drizzle,26.1,69.1,,,,false
maribyrnong,Maribyrnong,24330,2026-09-01T16:00:00+10:00,2026-09-01T06:00:00+00:00,-37.79217377766585,144.87786848890715,19.4,15.1,31,51,light_drizzle,25.2,70.2,,,,false
maribyrnong,Maribyrnong,24330,2026-09-01T17:00:00+10:00,2026-09-01T07:00:00+00:00,-37.79217377766585,144.87786848890715,18.8,14.9,38,53,moderate_drizzle,22.7,70.2,,,,false
maribyrnong,Maribyrnong,24330,2026-09-01T18:00:00+10:00,2026-09-01T08:00:00+00:00,-37.79217377766585,144.87786848890715,17.6,14.3,45,53,moderate_drizzle,19.5,68.8,,,,false
maribyrnong,Maribyrnong,24330,2026-09-01T19:00:00+10:00,2026-09-01T09:00:00+00:00,-37.79217377766585,144.87786848890715,16.2,13.2,52,53,moderate_drizzle,17.5,67.0,,,,false
maribyrnong,Maribyrnong,24330,2026-09-01T20:00:00+10:00,2026-09-01T10:00:00+00:00,-37.79217377766585,144.87786848890715,14.5,11.6,58,53,moderate_drizzle,17.8,64.8,,,,false
maribyrnong,Maribyrnong,24330,2026-09-01T21:00:00+10:00,2026-09-01T11:00:00+00:00,-37.79217377766585,144.87786848890715,13.1,10.0,63,53,moderate_drizzle,19.8,62.3,,,,false
maribyrnong,Maribyrnong,24330,2026-09-01T22:00:00+10:00,2026-09-01T12:00:00+00:00,-37.79217377766585,144.87786848890715,11.9,8.6,65,53,moderate_drizzle,20.9,59.8,,,,false
maribyrnong,Maribyrnong,24330,2026-09-01T23:00:00+10:00,2026-09-01T13:00:00+00:00,-37.79217377766585,144.87786848890715,11.0,7.8,63,0,clear_sky,20.2,57.2,,,,false
maroondah,Maroondah,24410,2026-08-26T00:00:00+10:00,2026-08-25T14:00:00+00:00,-37.802868577202695,145.26149495445853,10.2,8.6,56,51,light_drizzle,9.8,16.9,0.0,3.8,5.5,true
maroondah,Maroondah,24410,2026-08-26T01:00:00+10:00,2026-08-25T15:00:00+00:00,-37.802868577202695,145.26149495445853,10.3,8.4,80,51,light_drizzle,12.5,22.3,0.0,3.9,6.0,true
maroondah,Maroondah,24410,2026-08-26T02:00:00+10:00,2026-08-25T16:00:00+00:00,-37.802868577202695,145.26149495445853,10.3,8.3,71,51,light_drizzle,13.6,25.6,0.0,4.4,7.0,true
maroondah,Maroondah,24410,2026-08-26T03:00:00+10:00,2026-08-25T17:00:00+00:00,-37.802868577202695,145.26149495445853,10.2,8.3,48,51,light_drizzle,12.4,24.8,0.0,4.9,7.8,true
maroondah,Maroondah,24410,2026-08-26T04:00:00+10:00,2026-08-25T18:00:00+00:00,-37.802868577202695,145.26149495445853,9.8,7.9,31,1,mainly_clear,11.0,23.0,0.0,5.1,8.1,true
maroondah,Maroondah,24410,2026-08-26T05:00:00+10:00,2026-08-25T19:00:00+00:00,-37.802868577202695,145.26149495445853,8.9,7.1,27,1,mainly_clear,9.0,20.2,0.0,5.3,8.4,true
maroondah,Maroondah,24410,2026-08-26T06:00:00+10:00,2026-08-25T20:00:00+00:00,-37.802868577202695,145.26149495445853,8.3,6.8,29,2,partly_cloudy,6.5,16.2,0.0,5.4,8.4,true
maroondah,Maroondah,24410,2026-08-26T07:00:00+10:00,2026-08-25T21:00:00+00:00,-37.802868577202695,145.26149495445853,8.0,6.3,31,51,light_drizzle,7.4,13.3,0.05,5.9,8.7,true
maroondah,Maroondah,24410,2026-08-26T08:00:00+10:00,2026-08-25T22:00:00+00:00,-37.802868577202695,145.26149495445853,9.0,7.1,33,51,light_drizzle,10.3,20.5,0.35,6.5,9.5,true
maroondah,Maroondah,24410,2026-08-26T09:00:00+10:00,2026-08-25T23:00:00+00:00,-37.802868577202695,145.26149495445853,9.9,7.8,34,51,light_drizzle,12.0,25.6,1.0,6.5,9.9,true
maroondah,Maroondah,24410,2026-08-26T10:00:00+10:00,2026-08-26T00:00:00+00:00,-37.802868577202695,145.26149495445853,11.6,9.6,33,51,light_drizzle,12.1,29.5,1.9,7.9,12.5,true
maroondah,Maroondah,24410,2026-08-26T11:00:00+10:00,2026-08-26T01:00:00+00:00,-37.802868577202695,145.26149495445853,12.9,9.8,26,51,light_drizzle,15.8,34.9,2.8,7.3,11.7,true
maroondah,Maroondah,24410,2026-08-26T12:00:00+10:00,2026-08-26T02:00:00+00:00,-37.802868577202695,145.26149495445853,13.3,10.2,16,2,partly_cloudy,15.8,35.6,2.95,8.0,12.9,true
maroondah,Maroondah,24410,2026-08-26T13:00:00+10:00,2026-08-26T03:00:00+00:00,-37.802868577202695,145.26149495445853,13.4,10.2,8,2,partly_cloudy,16.7,37.1,2.65,7.3,11.9,true
maroondah,Maroondah,24410,2026-08-26T14:00:00+10:00,2026-08-26T04:00:00+00:00,-37.802868577202695,145.26149495445853,13.6,10.4,4,1,mainly_clear,16.6,37.1,2.0,7.1,11.5,true
maroondah,Maroondah,24410,2026-08-26T15:00:00+10:00,2026-08-26T05:00:00+00:00,-37.802868577202695,145.26149495445853,13.3,10.1,1,0,clear_sky,16.1,37.4,1.15,7.0,11.3,true
maroondah,Maroondah,24410,2026-08-26T16:00:00+10:00,2026-08-26T06:00:00+00:00,-37.802868577202695,145.26149495445853,12.8,9.9,0,0,clear_sky,14.2,35.3,0.5,7.2,11.5,true
maroondah,Maroondah,24410,2026-08-26T17:00:00+10:00,2026-08-26T07:00:00+00:00,-37.802868577202695,145.26149495445853,12.2,9.6,0,0,clear_sky,11.6,30.6,0.1,7.6,11.8,true
maroondah,Maroondah,24410,2026-08-26T18:00:00+10:00,2026-08-26T08:00:00+00:00,-37.802868577202695,145.26149495445853,10.2,8.1,0,1,mainly_clear,8.5,23.0,0.0,9.2,13.4,true
maroondah,Maroondah,24410,2026-08-26T19:00:00+10:00,2026-08-26T09:00:00+00:00,-37.802868577202695,145.26149495445853,9.3,7.4,0,2,partly_cloudy,7.8,15.5,0.0,11.3,15.5,true
maroondah,Maroondah,24410,2026-08-26T20:00:00+10:00,2026-08-26T10:00:00+00:00,-37.802868577202695,145.26149495445853,8.8,6.9,0,3,overcast,7.2,14.4,0.0,12.5,16.8,true
maroondah,Maroondah,24410,2026-08-26T21:00:00+10:00,2026-08-26T11:00:00+00:00,-37.802868577202695,145.26149495445853,8.5,6.6,0,2,partly_cloudy,6.9,13.3,0.0,12.4,16.3,true
maroondah,Maroondah,24410,2026-08-26T22:00:00+10:00,2026-08-26T12:00:00+00:00,-37.802868577202695,145.26149495445853,8.2,6.4,0,2,partly_cloudy,6.0,12.6,0.0,12.8,16.7,true
maroondah,Maroondah,24410,2026-08-26T23:00:00+10:00,2026-08-26T13:00:00+00:00,-37.802868577202695,145.26149495445853,8.4,6.8,0,3,overcast,5.2,11.5,0.0,13.3,17.2,true
maroondah,Maroondah,24410,2026-08-27T00:00:00+10:00,2026-08-26T14:00:00+00:00,-37.802868577202695,145.26149495445853,8.2,6.7,0,3,overcast,4.9,9.4,0.0,13.6,17.6,true
maroondah,Maroondah,24410,2026-08-27T01:00:00+10:00,2026-08-26T15:00:00+00:00,-37.802868577202695,145.26149495445853,8.2,6.7,0,3,overcast,4.5,9.7,0.0,13.6,17.6,true
maroondah,Maroondah,24410,2026-08-27T02:00:00+10:00,2026-08-26T16:00:00+00:00,-37.802868577202695,145.26149495445853,7.9,6.5,0,2,partly_cloudy,3.5,8.6,0.0,13.6,17.7,true
maroondah,Maroondah,24410,2026-08-27T03:00:00+10:00,2026-08-26T17:00:00+00:00,-37.802868577202695,145.26149495445853,7.2,5.9,0,2,partly_cloudy,2.6,6.8,0.0,13.5,17.7,true
maroondah,Maroondah,24410,2026-08-27T04:00:00+10:00,2026-08-26T18:00:00+00:00,-37.802868577202695,145.26149495445853,6.6,5.2,0,1,mainly_clear,2.4,5.0,0.0,13.2,17.5,true
maroondah,Maroondah,24410,2026-08-27T05:00:00+10:00,2026-08-26T19:00:00+00:00,-37.802868577202695,145.26149495445853,6.0,4.3,0,2,partly_cloudy,3.7,7.2,0.0,13.0,17.2,true
maroondah,Maroondah,24410,2026-08-27T06:00:00+10:00,2026-08-26T20:00:00+00:00,-37.802868577202695,145.26149495445853,5.7,4.1,0,1,mainly_clear,2.6,7.2,0.0,13.4,17.5,true
maroondah,Maroondah,24410,2026-08-27T07:00:00+10:00,2026-08-26T21:00:00+00:00,-37.802868577202695,145.26149495445853,5.0,3.5,0,1,mainly_clear,1.5,4.3,0.05,16.2,19.8,true
maroondah,Maroondah,24410,2026-08-27T08:00:00+10:00,2026-08-26T22:00:00+00:00,-37.802868577202695,145.26149495445853,6.5,5.1,0,1,mainly_clear,2.4,7.6,0.35,20.4,22.5,true
maroondah,Maroondah,24410,2026-08-27T09:00:00+10:00,2026-08-26T23:00:00+00:00,-37.802868577202695,145.26149495445853,9.1,7.9,0,0,clear_sky,2.3,10.4,1.1,15.4,18.1,true
maroondah,Maroondah,24410,2026-08-27T10:00:00+10:00,2026-08-27T00:00:00+00:00,-37.802868577202695,145.26149495445853,11.1,9.9,0,0,clear_sky,2.6,13.0,2.15,10.3,14.5,true
maroondah,Maroondah,24410,2026-08-27T11:00:00+10:00,2026-08-27T01:00:00+00:00,-37.802868577202695,145.26149495445853,12.6,11.3,0,2,partly_cloudy,1.6,12.6,2.65,9.5,13.8,true
maroondah,Maroondah,24410,2026-08-27T12:00:00+10:00,2026-08-27T02:00:00+00:00,-37.802868577202695,145.26149495445853,13.3,11.9,0,3,overcast,3.3,14.4,3.25,9.2,13.4,true
maroondah,Maroondah,24410,2026-08-27T13:00:00+10:00,2026-08-27T03:00:00+00:00,-37.802868577202695,145.26149495445853,14.0,12.9,0,1,mainly_clear,4.3,16.6,3.3,9.6,13.7,true
maroondah,Maroondah,24410,2026-08-27T14:00:00+10:00,2026-08-27T04:00:00+00:00,-37.802868577202695,145.26149495445853,14.6,13.4,0,1,mainly_clear,4.9,16.6,2.6,9.9,13.9,true
maroondah,Maroondah,24410,2026-08-27T15:00:00+10:00,2026-08-27T05:00:00+00:00,-37.802868577202695,145.26149495445853,14.9,13.1,0,0,clear_sky,6.1,17.6,1.5,10.1,14.2,true
maroondah,Maroondah,24410,2026-08-27T16:00:00+10:00,2026-08-27T06:00:00+00:00,-37.802868577202695,145.26149495445853,14.6,12.8,0,0,clear_sky,6.7,17.6,0.6,9.9,13.9,true
maroondah,Maroondah,24410,2026-08-27T17:00:00+10:00,2026-08-27T07:00:00+00:00,-37.802868577202695,145.26149495445853,13.6,12.3,0,1,mainly_clear,4.9,16.6,0.15,11.4,15.3,true
maroondah,Maroondah,24410,2026-08-27T18:00:00+10:00,2026-08-27T08:00:00+00:00,-37.802868577202695,145.26149495445853,11.6,11.0,0,3,overcast,1.2,9.0,0.0,15.5,19.2,true
maroondah,Maroondah,24410,2026-08-27T19:00:00+10:00,2026-08-27T09:00:00+00:00,-37.802868577202695,145.26149495445853,11.2,10.5,0,3,overcast,1.8,2.9,0.0,19.1,22.8,true
maroondah,Maroondah,24410,2026-08-27T20:00:00+10:00,2026-08-27T10:00:00+00:00,-37.802868577202695,145.26149495445853,11.2,10.3,0,3,overcast,3.1,5.8,0.0,22.3,25.8,true
maroondah,Maroondah,24410,2026-08-27T21:00:00+10:00,2026-08-27T11:00:00+00:00,-37.802868577202695,145.26149495445853,10.9,9.7,0,3,overcast,4.4,8.3,0.0,25.4,28.8,true
maroondah,Maroondah,24410,2026-08-27T22:00:00+10:00,2026-08-27T12:00:00+00:00,-37.802868577202695,145.26149495445853,10.4,9.5,0,3,overcast,2.8,8.3,0.0,26.4,29.2,true
maroondah,Maroondah,24410,2026-08-27T23:00:00+10:00,2026-08-27T13:00:00+00:00,-37.802868577202695,145.26149495445853,8.9,7.8,0,3,overcast,2.2,4.7,0.0,23.2,25.2,true
maroondah,Maroondah,24410,2026-08-28T00:00:00+10:00,2026-08-27T14:00:00+00:00,-37.802868577202695,145.26149495445853,8.2,6.9,0,2,partly_cloudy,4.2,6.8,0.0,19.4,21.0,true
maroondah,Maroondah,24410,2026-08-28T01:00:00+10:00,2026-08-27T15:00:00+00:00,-37.802868577202695,145.26149495445853,8.0,6.4,0,0,clear_sky,5.7,10.1,0.0,16.6,18.0,true
maroondah,Maroondah,24410,2026-08-28T02:00:00+10:00,2026-08-27T16:00:00+00:00,-37.802868577202695,145.26149495445853,6.8,5.1,0,2,partly_cloudy,5.4,9.7,0.0,13.8,15.0,true
maroondah,Maroondah,24410,2026-08-28T03:00:00+10:00,2026-08-27T17:00:00+00:00,-37.802868577202695,145.26149495445853,6.2,4.4,0,2,partly_cloudy,4.2,8.6,0.0,11.1,12.2,true
maroondah,Maroondah,24410,2026-08-28T04:00:00+10:00,2026-08-27T18:00:00+00:00,-37.802868577202695,145.26149495445853,5.9,4.0,0,3,overcast,4.7,8.3,0.0,8.7,9.7,true
maroondah,Maroondah,24410,2026-08-28T05:00:00+10:00,2026-08-27T19:00:00+00:00,-37.802868577202695,145.26149495445853,5.4,3.4,0,0,clear_sky,4.4,9.0,0.0,7.4,8.6,true
maroondah,Maroondah,24410,2026-08-28T06:00:00+10:00,2026-08-27T20:00:00+00:00,-37.802868577202695,145.26149495445853,5.4,3.4,0,0,clear_sky,4.2,7.2,0.0,6.6,8.0,true
maroondah,Maroondah,24410,2026-08-28T07:00:00+10:00,2026-08-27T21:00:00+00:00,-37.802868577202695,145.26149495445853,5.5,3.4,0,0,clear_sky,4.6,7.2,0.0,7.2,8.5,true
maroondah,Maroondah,24410,2026-08-28T08:00:00+10:00,2026-08-27T22:00:00+00:00,-37.802868577202695,145.26149495445853,7.9,5.7,1,0,clear_sky,7.1,13.0,0.1,8.5,10.0,true
maroondah,Maroondah,24410,2026-08-28T09:00:00+10:00,2026-08-27T23:00:00+00:00,-37.802868577202695,145.26149495445853,10.8,9.2,3,0,clear_sky,5.5,14.4,0.35,10.3,11.9,true
maroondah,Maroondah,24410,2026-08-28T10:00:00+10:00,2026-08-28T00:00:00+00:00,-37.802868577202695,145.26149495445853,13.2,11.2,6,1,mainly_clear,7.7,19.8,0.85,8.8,10.7,true
maroondah,Maroondah,24410,2026-08-28T11:00:00+10:00,2026-08-28T01:00:00+00:00,-37.802868577202695,145.26149495445853,14.6,12.6,11,3,overcast,8.4,22.3,1.8,7.7,9.7,true
maroondah,Maroondah,24410,2026-08-28T12:00:00+10:00,2026-08-28T02:00:00+00:00,-37.802868577202695,145.26149495445853,14.2,12.4,17,3,overcast,7.9,22.3,2.65,5.8,7.7,true
maroondah,Maroondah,24410,2026-08-28T13:00:00+10:00,2026-08-28T03:00:00+00:00,-37.802868577202695,145.26149495445853,14.0,12.4,24,3,overcast,7.2,19.8,3.1,6.0,8.6,true
maroondah,Maroondah,24410,2026-08-28T14:00:00+10:00,2026-08-28T04:00:00+00:00,-37.802868577202695,145.26149495445853,13.8,12.6,33,51,light_drizzle,6.2,16.9,2.5,7.4,11.3,true
maroondah,Maroondah,24410,2026-08-28T15:00:00+10:00,2026-08-28T05:00:00+00:00,-37.802868577202695,145.26149495445853,13.3,12.5,42,51,light_drizzle,4.9,14.8,1.55,8.7,13.7,true
maroondah,Maroondah,24410,2026-08-28T16:00:00+10:00,2026-08-28T06:00:00+00:00,-37.802868577202695,145.26149495445853,13.3,12.7,45,51,light_drizzle,4.8,12.6,0.65,10.0,15.7,true
maroondah,Maroondah,24410,2026-08-28T17:00:00+10:00,2026-08-28T07:00:00+00:00,-37.802868577202695,145.26149495445853,12.8,12.5,36,51,light_drizzle,3.6,11.5,0.15,11.0,17.3,true
maroondah,Maroondah,24410,2026-08-28T18:00:00+10:00,2026-08-28T08:00:00+00:00,-37.802868577202695,145.26149495445853,12.2,12.2,22,3,overcast,2.3,7.6,0.0,13.9,20.7,true
maroondah,Maroondah,24410,2026-08-28T19:00:00+10:00,2026-08-28T09:00:00+00:00,-37.802868577202695,145.26149495445853,11.8,11.6,10,3,overcast,3.1,5.4,0.0,17.2,23.7,true
maroondah,Maroondah,24410,2026-08-28T20:00:00+10:00,2026-08-28T10:00:00+00:00,-37.802868577202695,145.26149495445853,11.5,11.1,5,3,overcast,4.6,8.3,0.0,20.1,27.0,true
maroondah,Maroondah,24410,2026-08-28T21:00:00+10:00,2026-08-28T11:00:00+00:00,-37.802868577202695,145.26149495445853,11.0,10.4,3,3,overcast,4.8,8.3,0.0,21.8,28.8,true
maroondah,Maroondah,24410,2026-08-28T22:00:00+10:00,2026-08-28T12:00:00+00:00,-37.802868577202695,145.26149495445853,10.6,9.9,2,3,overcast,5.7,10.1,0.0,22.8,29.9,true
maroondah,Maroondah,24410,2026-08-28T23:00:00+10:00,2026-08-28T13:00:00+00:00,-37.802868577202695,145.26149495445853,10.2,9.5,1,3,overcast,4.8,10.4,0.0,23.4,30.6,true
maroondah,Maroondah,24410,2026-08-29T00:00:00+10:00,2026-08-28T14:00:00+00:00,-37.802868577202695,145.26149495445853,10.3,9.6,0,3,overcast,3.6,9.4,0.0,23.7,31.0,true
maroondah,Maroondah,24410,2026-08-29T01:00:00+10:00,2026-08-28T15:00:00+00:00,-37.802868577202695,145.26149495445853,10.4,9.8,0,3,overcast,2.6,6.8,0.0,23.3,30.3,true
maroondah,Maroondah,24410,2026-08-29T02:00:00+10:00,2026-08-28T16:00:00+00:00,-37.802868577202695,145.26149495445853,10.2,9.4,1,3,overcast,3.9,7.2,0.0,21.3,27.4,true
maroondah,Maroondah,24410,2026-08-29T03:00:00+10:00,2026-08-28T17:00:00+00:00,-37.802868577202695,145.26149495445853,9.9,9.0,1,3,overcast,4.8,9.0,0.0,17.9,23.1,true
maroondah,Maroondah,24410,2026-08-29T04:00:00+10:00,2026-08-28T18:00:00+00:00,-37.802868577202695,145.26149495445853,9.6,8.7,2,3,overcast,4.4,9.0,0.0,14.8,19.2,true
maroondah,Maroondah,24410,2026-08-29T05:00:00+10:00,2026-08-28T19:00:00+00:00,-37.802868577202695,145.26149495445853,9.2,8.2,2,3,overcast,3.8,8.3,0.0,12.3,16.1,true
maroondah,Maroondah,24410,2026-08-29T06:00:00+10:00,2026-08-28T20:00:00+00:00,-37.802868577202695,145.26149495445853,8.4,7.2,1,2,partly_cloudy,4.1,7.6,0.0,11.1,14.4,true
maroondah,Maroondah,24410,2026-08-29T07:00:00+10:00,2026-08-28T21:00:00+00:00,-37.802868577202695,145.26149495445853,8.0,6.7,0,2,partly_cloudy,4.5,8.6,0.05,12.4,15.3,true
maroondah,Maroondah,24410,2026-08-29T08:00:00+10:00,2026-08-28T22:00:00+00:00,-37.802868577202695,145.26149495445853,8.9,7.7,0,3,overcast,5.7,13.3,0.25,14.0,16.9,true
maroondah,Maroondah,24410,2026-08-29T09:00:00+10:00,2026-08-28T23:00:00+00:00,-37.802868577202695,145.26149495445853,9.4,8.1,0,2,partly_cloudy,6.3,16.9,0.7,12.3,16.1,true
maroondah,Maroondah,24410,2026-08-29T10:00:00+10:00,2026-08-29T00:00:00+00:00,-37.802868577202695,145.26149495445853,11.0,9.3,0,51,light_drizzle,7.2,19.4,1.25,12.3,17.6,true
maroondah,Maroondah,24410,2026-08-29T11:00:00+10:00,2026-08-29T01:00:00+00:00,-37.802868577202695,145.26149495445853,11.8,9.7,0,2,partly_cloudy,8.4,21.2,1.5,11.9,17.9,true
maroondah,Maroondah,24410,2026-08-29T12:00:00+10:00,2026-08-29T02:00:00+00:00,-37.802868577202695,145.26149495445853,12.3,10.1,0,2,partly_cloudy,8.7,22.3,1.55,12.0,18.6,true
maroondah,Maroondah,24410,2026-08-29T13:00:00+10:00,2026-08-29T03:00:00+00:00,-37.802868577202695,145.26149495445853,12.9,10.6,0,2,partly_cloudy,9.2,23.4,1.6,11.8,18.5,true
maroondah,Maroondah,24410,2026-08-29T14:00:00+10:00,2026-08-29T04:00:00+00:00,-37.802868577202695,145.26149495445853,12.9,10.3,0,2,partly_cloudy,12.2,28.4,1.2,11.8,18.7,true
maroondah,Maroondah,24410,2026-08-29T15:00:00+10:00,2026-08-29T05:00:00+00:00,-37.802868577202695,145.26149495445853,12.2,9.2,0,3,overcast,14.5,32.8,0.7,12.8,20.3,true
maroondah,Maroondah,24410,2026-08-29T16:00:00+10:00,2026-08-29T06:00:00+00:00,-37.802868577202695,145.26149495445853,11.7,8.8,0,3,overcast,13.9,32.4,0.3,14.8,23.3,true
maroondah,Maroondah,24410,2026-08-29T17:00:00+10:00,2026-08-29T07:00:00+00:00,-37.802868577202695,145.26149495445853,11.4,9.3,0,1,mainly_clear,8.7,29.5,0.1,16.6,26.0,true
maroondah,Maroondah,24410,2026-08-29T18:00:00+10:00,2026-08-29T08:00:00+00:00,-37.802868577202695,145.26149495445853,10.3,9.2,0,0,clear_sky,3.3,17.3,0.0,16.3,24.9,true
maroondah,Maroondah,24410,2026-08-29T19:00:00+10:00,2026-08-29T09:00:00+00:00,-37.802868577202695,145.26149495445853,9.0,7.6,0,1,mainly_clear,4.7,8.3,0.0,15.7,22.8,true
maroondah,Maroondah,24410,2026-08-29T20:00:00+10:00,2026-08-29T10:00:00+00:00,-37.802868577202695,145.26149495445853,8.8,7.5,0,3,overcast,3.9,9.7,0.0,16.1,23.0,true
maroondah,Maroondah,24410,2026-08-29T21:00:00+10:00,2026-08-29T11:00:00+00:00,-37.802868577202695,145.26149495445853,9.4,8.1,0,3,overcast,4.8,9.0,0.0,16.3,23.1,true
maroondah,Maroondah,24410,2026-08-29T22:00:00+10:00,2026-08-29T12:00:00+00:00,-37.802868577202695,145.26149495445853,9.7,8.5,0,3,overcast,5.0,9.7,0.0,15.3,21.4,true
maroondah,Maroondah,24410,2026-08-29T23:00:00+10:00,2026-08-29T13:00:00+00:00,-37.802868577202695,145.26149495445853,9.7,8.5,0,3,overcast,5.2,10.1,0.0,14.3,20.2,true
maroondah,Maroondah,24410,2026-08-30T00:00:00+10:00,2026-08-29T14:00:00+00:00,-37.802868577202695,145.26149495445853,9.6,8.6,0,3,overcast,4.0,10.1,0.0,12.9,18.2,true
maroondah,Maroondah,24410,2026-08-30T01:00:00+10:00,2026-08-29T15:00:00+00:00,-37.802868577202695,145.26149495445853,9.1,8.3,0,1,mainly_clear,2.7,7.6,0.0,11.4,16.2,true
maroondah,Maroondah,24410,2026-08-30T02:00:00+10:00,2026-08-29T16:00:00+00:00,-37.802868577202695,145.26149495445853,8.3,7.2,0,1,mainly_clear,3.2,6.1,0.0,10.5,15.0,true
maroondah,Maroondah,24410,2026-08-30T03:00:00+10:00,2026-08-29T17:00:00+00:00,-37.802868577202695,145.26149495445853,8.0,6.7,0,1,mainly_clear,4.2,7.9,0.0,9.8,14.2,true
maroondah,Maroondah,24410,2026-08-30T04:00:00+10:00,2026-08-29T18:00:00+00:00,-37.802868577202695,145.26149495445853,8.1,6.9,0,2,partly_cloudy,4.7,8.6,0.0,9.3,13.6,true
maroondah,Maroondah,24410,2026-08-30T05:00:00+10:00,2026-08-29T19:00:00+00:00,-37.802868577202695,145.26149495445853,8.0,6.7,0,2,partly_cloudy,4.7,9.4,0.0,9.0,13.3,true
maroondah,Maroondah,24410,2026-08-30T06:00:00+10:00,2026-08-29T20:00:00+00:00,-37.802868577202695,145.26149495445853,8.0,6.8,0,1,mainly_clear,4.6,10.4,0.0,9.3,13.6,true
maroondah,Maroondah,24410,2026-08-30T07:00:00+10:00,2026-08-29T21:00:00+00:00,-37.802868577202695,145.26149495445853,8.3,7.1,0,1,mainly_clear,4.4,11.9,0.0,10.9,15.2,true
maroondah,Maroondah,24410,2026-08-30T08:00:00+10:00,2026-08-29T22:00:00+00:00,-37.802868577202695,145.26149495445853,9.4,8.2,0,1,mainly_clear,4.4,14.0,0.2,12.5,17.0,true
maroondah,Maroondah,24410,2026-08-30T09:00:00+10:00,2026-08-29T23:00:00+00:00,-37.802868577202695,145.26149495445853,10.8,9.6,0,2,partly_cloudy,5.3,16.2,0.55,12.6,17.5,true
maroondah,Maroondah,24410,2026-08-30T10:00:00+10:00,2026-08-30T00:00:00+00:00,-37.802868577202695,145.26149495445853,12.0,10.6,0,3,overcast,6.7,18.4,1.15,12.1,17.4,true
maroondah,Maroondah,24410,2026-08-30T11:00:00+10:00,2026-08-30T01:00:00+00:00,-37.802868577202695,145.26149495445853,12.7,11.3,1,3,overcast,7.3,19.8,1.8,12.1,18.2,true
maroondah,Maroondah,24410,2026-08-30T12:00:00+10:00,2026-08-30T02:00:00+00:00,-37.802868577202695,145.26149495445853,13.2,11.7,2,3,overcast,7.6,20.9,2.35,11.8,18.1,true
maroondah,Maroondah,24410,2026-08-30T13:00:00+10:00,2026-08-30T03:00:00+00:00,-37.802868577202695,145.26149495445853,13.5,12.0,2,3,overcast,7.9,22.0,2.55,11.8,18.2,true
maroondah,Maroondah,24410,2026-08-30T14:00:00+10:00,2026-08-30T04:00:00+00:00,-37.802868577202695,145.26149495445853,13.7,12.0,2,3,overcast,8.7,22.7,2.25,10.2,15.7,true
maroondah,Maroondah,24410,2026-08-30T15:00:00+10:00,2026-08-30T05:00:00+00:00,-37.802868577202695,145.26149495445853,13.6,11.8,1,3,overcast,9.8,23.4,1.35,10.0,15.2,true
maroondah,Maroondah,24410,2026-08-30T16:00:00+10:00,2026-08-30T06:00:00+00:00,-37.802868577202695,145.26149495445853,13.2,11.4,0,3,overcast,10.1,23.8,0.55,10.0,15.1,true
maroondah,Maroondah,24410,2026-08-30T17:00:00+10:00,2026-08-30T07:00:00+00:00,-37.802868577202695,145.26149495445853,12.4,10.6,0,2,partly_cloudy,9.1,24.1,0.1,10.0,15.3,true
maroondah,Maroondah,24410,2026-08-30T18:00:00+10:00,2026-08-30T08:00:00+00:00,-37.802868577202695,145.26149495445853,11.2,9.6,0,1,mainly_clear,7.5,24.1,0.0,11.4,16.5,true
maroondah,Maroondah,24410,2026-08-30T19:00:00+10:00,2026-08-30T09:00:00+00:00,-37.802868577202695,145.26149495445853,10.1,8.7,0,0,clear_sky,6.1,23.0,0.0,11.4,15.7,true
maroondah,Maroondah,24410,2026-08-30T20:00:00+10:00,2026-08-30T10:00:00+00:00,-37.802868577202695,145.26149495445853,9.4,8.0,0,0,clear_sky,5.0,19.4,0.0,11.5,15.7,true
maroondah,Maroondah,24410,2026-08-30T21:00:00+10:00,2026-08-30T11:00:00+00:00,-37.802868577202695,145.26149495445853,8.7,7.4,0,0,clear_sky,4.3,14.8,0.0,12.4,16.7,true
maroondah,Maroondah,24410,2026-08-30T22:00:00+10:00,2026-08-30T12:00:00+00:00,-37.802868577202695,145.26149495445853,8.3,6.9,0,1,mainly_clear,3.8,11.2,0.0,13.6,18.2,true
maroondah,Maroondah,24410,2026-08-30T23:00:00+10:00,2026-08-30T13:00:00+00:00,-37.802868577202695,145.26149495445853,8.1,6.8,0,1,mainly_clear,3.4,9.4,,,,false
maroondah,Maroondah,24410,2026-08-31T00:00:00+10:00,2026-08-30T14:00:00+00:00,-37.802868577202695,145.26149495445853,8.0,6.8,0,2,partly_cloudy,3.1,8.6,,,,false
maroondah,Maroondah,24410,2026-08-31T01:00:00+10:00,2026-08-30T15:00:00+00:00,-37.802868577202695,145.26149495445853,8.1,6.9,0,2,partly_cloudy,2.6,7.9,,,,false
maroondah,Maroondah,24410,2026-08-31T02:00:00+10:00,2026-08-30T16:00:00+00:00,-37.802868577202695,145.26149495445853,8.1,7.1,0,2,partly_cloudy,2.1,6.8,,,,false
maroondah,Maroondah,24410,2026-08-31T03:00:00+10:00,2026-08-30T17:00:00+00:00,-37.802868577202695,145.26149495445853,8.3,7.4,0,2,partly_cloudy,1.5,6.1,,,,false
maroondah,Maroondah,24410,2026-08-31T04:00:00+10:00,2026-08-30T18:00:00+00:00,-37.802868577202695,145.26149495445853,8.3,7.6,0,3,overcast,0.7,5.0,,,,false
maroondah,Maroondah,24410,2026-08-31T05:00:00+10:00,2026-08-30T19:00:00+00:00,-37.802868577202695,145.26149495445853,8.2,7.5,0,3,overcast,0.4,3.2,,,,false
maroondah,Maroondah,24410,2026-08-31T06:00:00+10:00,2026-08-30T20:00:00+00:00,-37.802868577202695,145.26149495445853,7.9,7.1,0,3,overcast,1.0,1.8,,,,false
maroondah,Maroondah,24410,2026-08-31T07:00:00+10:00,2026-08-30T21:00:00+00:00,-37.802868577202695,145.26149495445853,8.1,7.3,0,3,overcast,1.5,1.4,,,,false
maroondah,Maroondah,24410,2026-08-31T08:00:00+10:00,2026-08-30T22:00:00+00:00,-37.802868577202695,145.26149495445853,9.0,8.1,0,3,overcast,1.7,4.0,,,,false
maroondah,Maroondah,24410,2026-08-31T09:00:00+10:00,2026-08-30T23:00:00+00:00,-37.802868577202695,145.26149495445853,10.2,9.3,0,2,partly_cloudy,2.0,7.9,,,,false
maroondah,Maroondah,24410,2026-08-31T10:00:00+10:00,2026-08-31T00:00:00+00:00,-37.802868577202695,145.26149495445853,11.6,10.7,0,1,mainly_clear,2.1,11.2,,,,false
maroondah,Maroondah,24410,2026-08-31T11:00:00+10:00,2026-08-31T01:00:00+00:00,-37.802868577202695,145.26149495445853,12.9,12.1,0,1,mainly_clear,1.9,12.6,,,,false
maroondah,Maroondah,24410,2026-08-31T12:00:00+10:00,2026-08-31T02:00:00+00:00,-37.802868577202695,145.26149495445853,14.3,13.9,0,0,clear_sky,1.8,13.3,,,,false
maroondah,Maroondah,24410,2026-08-31T13:00:00+10:00,2026-08-31T03:00:00+00:00,-37.802868577202695,145.26149495445853,15.6,15.6,0,0,clear_sky,2.0,13.7,,,,false
maroondah,Maroondah,24410,2026-08-31T14:00:00+10:00,2026-08-31T04:00:00+00:00,-37.802868577202695,145.26149495445853,16.8,16.9,0,0,clear_sky,2.1,14.0,,,,false
maroondah,Maroondah,24410,2026-08-31T15:00:00+10:00,2026-08-31T05:00:00+00:00,-37.802868577202695,145.26149495445853,17.8,17.6,0,0,clear_sky,2.1,14.0,,,,false
maroondah,Maroondah,24410,2026-08-31T16:00:00+10:00,2026-08-31T06:00:00+00:00,-37.802868577202695,145.26149495445853,18.0,18.0,0,0,clear_sky,1.7,13.7,,,,false
maroondah,Maroondah,24410,2026-08-31T17:00:00+10:00,2026-08-31T07:00:00+00:00,-37.802868577202695,145.26149495445853,16.8,16.8,0,0,clear_sky,1.5,12.2,,,,false
maroondah,Maroondah,24410,2026-08-31T18:00:00+10:00,2026-08-31T08:00:00+00:00,-37.802868577202695,145.26149495445853,14.7,14.2,0,0,clear_sky,4.4,10.4,,,,false
maroondah,Maroondah,24410,2026-08-31T19:00:00+10:00,2026-08-31T09:00:00+00:00,-37.802868577202695,145.26149495445853,13.0,12.1,0,0,clear_sky,6.6,10.1,,,,false
maroondah,Maroondah,24410,2026-08-31T20:00:00+10:00,2026-08-31T10:00:00+00:00,-37.802868577202695,145.26149495445853,11.9,10.8,0,0,clear_sky,6.9,12.2,,,,false
maroondah,Maroondah,24410,2026-08-31T21:00:00+10:00,2026-08-31T11:00:00+00:00,-37.802868577202695,145.26149495445853,11.1,9.9,0,0,clear_sky,6.2,15.5,,,,false
maroondah,Maroondah,24410,2026-08-31T22:00:00+10:00,2026-08-31T12:00:00+00:00,-37.802868577202695,145.26149495445853,10.6,9.3,0,0,clear_sky,6.0,18.0,,,,false
maroondah,Maroondah,24410,2026-08-31T23:00:00+10:00,2026-08-31T13:00:00+00:00,-37.802868577202695,145.26149495445853,10.2,8.7,0,0,clear_sky,6.7,17.3,,,,false
maroondah,Maroondah,24410,2026-09-01T00:00:00+10:00,2026-08-31T14:00:00+00:00,-37.802868577202695,145.26149495445853,10.1,8.5,0,1,mainly_clear,7.8,15.5,,,,false
maroondah,Maroondah,24410,2026-09-01T01:00:00+10:00,2026-08-31T15:00:00+00:00,-37.802868577202695,145.26149495445853,10.2,8.3,0,2,partly_cloudy,9.4,16.2,,,,false
maroondah,Maroondah,24410,2026-09-01T02:00:00+10:00,2026-08-31T16:00:00+00:00,-37.802868577202695,145.26149495445853,10.6,8.5,0,2,partly_cloudy,12.2,21.6,,,,false
maroondah,Maroondah,24410,2026-09-01T03:00:00+10:00,2026-08-31T17:00:00+00:00,-37.802868577202695,145.26149495445853,11.2,8.8,0,2,partly_cloudy,15.5,29.9,,,,false
maroondah,Maroondah,24410,2026-09-01T04:00:00+10:00,2026-08-31T18:00:00+00:00,-37.802868577202695,145.26149495445853,11.7,9.1,0,2,partly_cloudy,18.0,35.6,,,,false
maroondah,Maroondah,24410,2026-09-01T05:00:00+10:00,2026-08-31T19:00:00+00:00,-37.802868577202695,145.26149495445853,11.9,9.2,0,3,overcast,18.4,37.1,,,,false
maroondah,Maroondah,24410,2026-09-01T06:00:00+10:00,2026-08-31T20:00:00+00:00,-37.802868577202695,145.26149495445853,12.0,9.4,0,3,overcast,17.9,36.4,,,,false
maroondah,Maroondah,24410,2026-09-01T07:00:00+10:00,2026-08-31T21:00:00+00:00,-37.802868577202695,145.26149495445853,12.2,9.6,0,3,overcast,18.0,37.1,,,,false
maroondah,Maroondah,24410,2026-09-01T08:00:00+10:00,2026-08-31T22:00:00+00:00,-37.802868577202695,145.26149495445853,13.2,9.8,0,2,partly_cloudy,23.1,46.8,,,,false
maroondah,Maroondah,24410,2026-09-01T09:00:00+10:00,2026-08-31T23:00:00+00:00,-37.802868577202695,145.26149495445853,13.7,10.1,0,2,partly_cloudy,24.1,49.7,,,,false
maroondah,Maroondah,24410,2026-09-01T10:00:00+10:00,2026-09-01T00:00:00+00:00,-37.802868577202695,145.26149495445853,14.1,10.5,0,2,partly_cloudy,24.6,52.9,,,,false
maroondah,Maroondah,24410,2026-09-01T11:00:00+10:00,2026-09-01T01:00:00+00:00,-37.802868577202695,145.26149495445853,14.7,11.1,3,51,light_drizzle,24.9,56.9,,,,false
maroondah,Maroondah,24410,2026-09-01T12:00:00+10:00,2026-09-01T02:00:00+00:00,-37.802868577202695,145.26149495445853,15.4,12.1,8,51,light_drizzle,25.6,61.9,,,,false
maroondah,Maroondah,24410,2026-09-01T13:00:00+10:00,2026-09-01T03:00:00+00:00,-37.802868577202695,145.26149495445853,16.2,12.7,13,51,light_drizzle,26.2,67.0,,,,false
maroondah,Maroondah,24410,2026-09-01T14:00:00+10:00,2026-09-01T04:00:00+00:00,-37.802868577202695,145.26149495445853,16.8,13.0,18,51,light_drizzle,26.6,71.3,,,,false
maroondah,Maroondah,24410,2026-09-01T15:00:00+10:00,2026-09-01T05:00:00+00:00,-37.802868577202695,145.26149495445853,17.2,13.4,24,51,light_drizzle,26.5,74.5,,,,false
maroondah,Maroondah,24410,2026-09-01T16:00:00+10:00,2026-09-01T06:00:00+00:00,-37.802868577202695,145.26149495445853,17.3,13.7,31,51,light_drizzle,25.6,75.6,,,,false
maroondah,Maroondah,24410,2026-09-01T17:00:00+10:00,2026-09-01T07:00:00+00:00,-37.802868577202695,145.26149495445853,16.9,13.7,39,53,moderate_drizzle,23.2,74.2,,,,false
maroondah,Maroondah,24410,2026-09-01T18:00:00+10:00,2026-09-01T08:00:00+00:00,-37.802868577202695,145.26149495445853,16.2,13.5,48,53,moderate_drizzle,20.0,70.6,,,,false
maroondah,Maroondah,24410,2026-09-01T19:00:00+10:00,2026-09-01T09:00:00+00:00,-37.802868577202695,145.26149495445853,15.2,13.0,56,53,moderate_drizzle,17.5,65.9,,,,false
maroondah,Maroondah,24410,2026-09-01T20:00:00+10:00,2026-09-01T10:00:00+00:00,-37.802868577202695,145.26149495445853,14.2,12.1,63,53,moderate_drizzle,16.7,60.5,,,,false
maroondah,Maroondah,24410,2026-09-01T21:00:00+10:00,2026-09-01T11:00:00+00:00,-37.802868577202695,145.26149495445853,13.1,10.9,70,53,moderate_drizzle,17.2,55.4,,,,false
maroondah,Maroondah,24410,2026-09-01T22:00:00+10:00,2026-09-01T12:00:00+00:00,-37.802868577202695,145.26149495445853,12.1,9.9,73,53,moderate_drizzle,17.7,51.8,,,,false
maroondah,Maroondah,24410,2026-09-01T23:00:00+10:00,2026-09-01T13:00:00+00:00,-37.802868577202695,145.26149495445853,11.1,8.9,71,3,overcast,16.6,49.7,,,,false
melbourne,Melbourne,24600,2026-08-26T00:00:00+10:00,2026-08-25T14:00:00+00:00,-37.81304457558759,144.9481534322198,11.7,9.5,74,53,moderate_drizzle,16.3,32.8,0.0,3.6,5.3,true
melbourne,Melbourne,24600,2026-08-26T01:00:00+10:00,2026-08-25T15:00:00+00:00,-37.81304457558759,144.9481534322198,11.4,9.3,100,53,moderate_drizzle,15.2,33.8,0.0,3.8,5.9,true
melbourne,Melbourne,24600,2026-08-26T02:00:00+10:00,2026-08-25T16:00:00+00:00,-37.81304457558759,144.9481534322198,11.2,9.1,89,51,light_drizzle,14.1,30.6,0.0,4.2,6.6,true
melbourne,Melbourne,24600,2026-08-26T03:00:00+10:00,2026-08-25T17:00:00+00:00,-37.81304457558759,144.9481534322198,11.0,8.9,62,51,light_drizzle,13.5,28.1,0.0,4.3,6.9,true
melbourne,Melbourne,24600,2026-08-26T04:00:00+10:00,2026-08-25T18:00:00+00:00,-37.81304457558759,144.9481534322198,10.4,8.3,37,1,mainly_clear,11.6,27.4,0.0,4.4,7.0,true
melbourne,Melbourne,24600,2026-08-26T05:00:00+10:00,2026-08-25T19:00:00+00:00,-37.81304457558759,144.9481534322198,9.7,7.7,22,1,mainly_clear,10.5,23.0,0.0,4.5,7.0,true
melbourne,Melbourne,24600,2026-08-26T06:00:00+10:00,2026-08-25T20:00:00+00:00,-37.81304457558759,144.9481534322198,9.2,7.3,10,0,clear_sky,9.1,20.9,0.0,4.4,6.9,true
melbourne,Melbourne,24600,2026-08-26T07:00:00+10:00,2026-08-25T21:00:00+00:00,-37.81304457558759,144.9481534322198,8.7,6.6,2,1,mainly_clear,9.2,18.7,0.05,4.8,7.3,true
melbourne,Melbourne,24600,2026-08-26T08:00:00+10:00,2026-08-25T22:00:00+00:00,-37.81304457558759,144.9481534322198,9.3,7.5,0,1,mainly_clear,8.1,19.4,0.3,5.3,7.9,true
melbourne,Melbourne,24600,2026-08-26T09:00:00+10:00,2026-08-25T23:00:00+00:00,-37.81304457558759,144.9481534322198,10.7,9.0,0,0,clear_sky,8.2,20.2,0.95,5.9,9.3,true
melbourne,Melbourne,24600,2026-08-26T10:00:00+10:00,2026-08-26T00:00:00+00:00,-37.81304457558759,144.9481534322198,12.6,10.5,0,0,clear_sky,11.4,24.8,1.9,8.3,13.3,true
melbourne,Melbourne,24600,2026-08-26T11:00:00+10:00,2026-08-26T01:00:00+00:00,-37.81304457558759,144.9481534322198,13.6,11.0,3,0,clear_sky,13.5,34.6,2.6,7.3,11.8,true
melbourne,Melbourne,24600,2026-08-26T12:00:00+10:00,2026-08-26T02:00:00+00:00,-37.81304457558759,144.9481534322198,14.0,11.5,6,1,mainly_clear,14.2,35.6,2.9,7.5,12.1,true
melbourne,Melbourne,24600,2026-08-26T13:00:00+10:00,2026-08-26T03:00:00+00:00,-37.81304457558759,144.9481534322198,14.1,11.4,8,1,mainly_clear,14.7,37.8,2.7,7.1,11.5,true
melbourne,Melbourne,24600,2026-08-26T14:00:00+10:00,2026-08-26T04:00:00+00:00,-37.81304457558759,144.9481534322198,14.1,11.2,6,1,mainly_clear,14.6,37.1,2.0,6.9,11.2,true
melbourne,Melbourne,24600,2026-08-26T15:00:00+10:00,2026-08-26T05:00:00+00:00,-37.81304457558759,144.9481534322198,13.8,11.0,3,1,mainly_clear,14.3,36.4,1.15,7.0,11.3,true
melbourne,Melbourne,24600,2026-08-26T16:00:00+10:00,2026-08-26T06:00:00+00:00,-37.81304457558759,144.9481534322198,13.3,10.7,0,1,mainly_clear,12.8,35.3,0.5,7.1,11.5,true
melbourne,Melbourne,24600,2026-08-26T17:00:00+10:00,2026-08-26T07:00:00+00:00,-37.81304457558759,144.9481534322198,12.9,10.4,0,1,mainly_clear,12.4,31.0,0.1,7.4,11.8,true
melbourne,Melbourne,24600,2026-08-26T18:00:00+10:00,2026-08-26T08:00:00+00:00,-37.81304457558759,144.9481534322198,12.0,10.0,0,2,partly_cloudy,9.7,28.1,0.0,8.5,12.6,true
melbourne,Melbourne,24600,2026-08-26T19:00:00+10:00,2026-08-26T09:00:00+00:00,-37.81304457558759,144.9481534322198,11.7,9.8,0,3,overcast,8.6,20.5,0.0,9.7,13.7,true
melbourne,Melbourne,24600,2026-08-26T20:00:00+10:00,2026-08-26T10:00:00+00:00,-37.81304457558759,144.9481534322198,11.6,9.9,0,3,overcast,7.2,17.6,0.0,10.4,14.3,true
melbourne,Melbourne,24600,2026-08-26T21:00:00+10:00,2026-08-26T11:00:00+00:00,-37.81304457558759,144.9481534322198,11.5,9.9,0,3,overcast,6.8,15.5,0.0,9.8,13.1,true
melbourne,Melbourne,24600,2026-08-26T22:00:00+10:00,2026-08-26T12:00:00+00:00,-37.81304457558759,144.9481534322198,11.5,10.0,0,3,overcast,5.8,14.0,0.0,9.9,13.1,true
melbourne,Melbourne,24600,2026-08-26T23:00:00+10:00,2026-08-26T13:00:00+00:00,-37.81304457558759,144.9481534322198,11.0,9.9,0,2,partly_cloudy,3.4,11.9,0.0,9.9,13.1,true
melbourne,Melbourne,24600,2026-08-27T00:00:00+10:00,2026-08-26T14:00:00+00:00,-37.81304457558759,144.9481534322198,10.3,9.3,0,3,overcast,1.8,6.1,0.0,9.2,12.0,true
melbourne,Melbourne,24600,2026-08-27T01:00:00+10:00,2026-08-26T15:00:00+00:00,-37.81304457558759,144.9481534322198,9.8,8.5,0,1,mainly_clear,3.9,7.9,0.0,8.4,11.1,true
melbourne,Melbourne,24600,2026-08-27T02:00:00+10:00,2026-08-26T16:00:00+00:00,-37.81304457558759,144.9481534322198,8.8,7.3,0,1,mainly_clear,3.6,7.9,0.0,8.0,10.6,true
melbourne,Melbourne,24600,2026-08-27T03:00:00+10:00,2026-08-26T17:00:00+00:00,-37.81304457558759,144.9481534322198,7.9,6.4,0,0,clear_sky,3.3,7.2,0.0,7.7,10.3,true
melbourne,Melbourne,24600,2026-08-27T04:00:00+10:00,2026-08-26T18:00:00+00:00,-37.81304457558759,144.9481534322198,7.4,5.7,0,0,clear_sky,3.6,7.2,0.0,7.5,10.0,true
melbourne,Melbourne,24600,2026-08-27T05:00:00+10:00,2026-08-26T19:00:00+00:00,-37.81304457558759,144.9481534322198,7.0,5.2,0,0,clear_sky,3.5,7.6,0.0,7.4,9.9,true
melbourne,Melbourne,24600,2026-08-27T06:00:00+10:00,2026-08-26T20:00:00+00:00,-37.81304457558759,144.9481534322198,6.5,4.6,0,0,clear_sky,3.8,7.9,0.0,7.7,10.1,true
melbourne,Melbourne,24600,2026-08-27T07:00:00+10:00,2026-08-26T21:00:00+00:00,-37.81304457558759,144.9481534322198,6.2,4.2,0,0,clear_sky,3.6,7.9,0.05,9.8,12.0,true
melbourne,Melbourne,24600,2026-08-27T08:00:00+10:00,2026-08-26T22:00:00+00:00,-37.81304457558759,144.9481534322198,7.7,5.8,0,0,clear_sky,4.7,9.7,0.35,13.2,14.9,true
melbourne,Melbourne,24600,2026-08-27T09:00:00+10:00,2026-08-26T23:00:00+00:00,-37.81304457558759,144.9481534322198,9.6,8.3,0,0,clear_sky,2.3,10.4,1.1,9.6,12.1,true
melbourne,Melbourne,24600,2026-08-27T10:00:00+10:00,2026-08-27T00:00:00+00:00,-37.81304457558759,144.9481534322198,11.5,10.2,0,1,mainly_clear,2.1,11.5,2.25,8.7,12.8,true
melbourne,Melbourne,24600,2026-08-27T11:00:00+10:00,2026-08-27T01:00:00+00:00,-37.81304457558759,144.9481534322198,12.8,11.9,0,3,overcast,0.8,11.9,3.0,8.5,13.0,true
melbourne,Melbourne,24600,2026-08-27T12:00:00+10:00,2026-08-27T02:00:00+00:00,-37.81304457558759,144.9481534322198,13.7,12.8,0,3,overcast,0.5,11.2,3.3,8.3,12.7,true
melbourne,Melbourne,24600,2026-08-27T13:00:00+10:00,2026-08-27T03:00:00+00:00,-37.81304457558759,144.9481534322198,14.4,14.0,0,1,mainly_clear,0.5,10.8,3.1,8.4,12.5,true
melbourne,Melbourne,24600,2026-08-27T14:00:00+10:00,2026-08-27T04:00:00+00:00,-37.81304457558759,144.9481534322198,14.9,14.5,0,0,clear_sky,1.4,11.9,2.3,8.5,12.5,true
melbourne,Melbourne,24600,2026-08-27T15:00:00+10:00,2026-08-27T05:00:00+00:00,-37.81304457558759,144.9481534322198,15.2,13.6,0,1,mainly_clear,4.7,15.8,1.4,8.5,12.3,true
melbourne,Melbourne,24600,2026-08-27T16:00:00+10:00,2026-08-27T06:00:00+00:00,-37.81304457558759,144.9481534322198,14.1,12.0,0,2,partly_cloudy,10.4,26.6,0.55,8.1,11.7,true
melbourne,Melbourne,24600,2026-08-27T17:00:00+10:00,2026-08-27T07:00:00+00:00,-37.81304457558759,144.9481534322198,13.2,11.6,0,3,overcast,7.0,27.0,0.15,9.3,12.6,true
melbourne,Melbourne,24600,2026-08-27T18:00:00+10:00,2026-08-27T08:00:00+00:00,-37.81304457558759,144.9481534322198,12.9,12.2,0,3,overcast,2.0,15.8,0.0,12.4,15.5,true
melbourne,Melbourne,24600,2026-08-27T19:00:00+10:00,2026-08-27T09:00:00+00:00,-37.81304457558759,144.9481534322198,12.8,11.9,0,3,overcast,3.0,6.5,0.0,14.8,17.6,true
melbourne,Melbourne,24600,2026-08-27T20:00:00+10:00,2026-08-27T10:00:00+00:00,-37.81304457558759,144.9481534322198,12.1,11.3,0,2,partly_cloudy,2.5,6.8,0.0,16.7,19.3,true
melbourne,Melbourne,24600,2026-08-27T21:00:00+10:00,2026-08-27T11:00:00+00:00,-37.81304457558759,144.9481534322198,11.5,10.8,0,3,overcast,1.5,4.7,0.0,18.8,21.1,true
melbourne,Melbourne,24600,2026-08-27T22:00:00+10:00,2026-08-27T12:00:00+00:00,-37.81304457558759,144.9481534322198,11.3,10.5,0,3,overcast,1.9,4.7,0.0,19.3,21.3,true
melbourne,Melbourne,24600,2026-08-27T23:00:00+10:00,2026-08-27T13:00:00+00:00,-37.81304457558759,144.9481534322198,11.1,10.0,0,3,overcast,3.6,6.5,0.0,17.3,18.9,true
melbourne,Melbourne,24600,2026-08-28T00:00:00+10:00,2026-08-27T14:00:00+00:00,-37.81304457558759,144.9481534322198,11.4,10.0,0,3,overcast,5.6,11.2,0.0,14.3,15.8,true
melbourne,Melbourne,24600,2026-08-28T01:00:00+10:00,2026-08-27T15:00:00+00:00,-37.81304457558759,144.9481534322198,10.4,8.6,0,0,clear_sky,8.2,16.9,0.0,11.8,13.2,true
melbourne,Melbourne,24600,2026-08-28T02:00:00+10:00,2026-08-27T16:00:00+00:00,-37.81304457558759,144.9481534322198,9.3,7.2,0,2,partly_cloudy,8.1,17.6,0.0,9.6,10.9,true
melbourne,Melbourne,24600,2026-08-28T03:00:00+10:00,2026-08-27T17:00:00+00:00,-37.81304457558759,144.9481534322198,8.6,6.5,0,3,overcast,7.2,17.6,0.0,7.5,8.6,true
melbourne,Melbourne,24600,2026-08-28T04:00:00+10:00,2026-08-27T18:00:00+00:00,-37.81304457558759,144.9481534322198,8.7,6.4,0,3,overcast,7.3,14.8,0.0,5.8,6.9,true
melbourne,Melbourne,24600,2026-08-28T05:00:00+10:00,2026-08-27T19:00:00+00:00,-37.81304457558759,144.9481534322198,8.7,6.4,0,0,clear_sky,7.6,15.5,0.0,4.9,6.0,true
melbourne,Melbourne,24600,2026-08-28T06:00:00+10:00,2026-08-27T20:00:00+00:00,-37.81304457558759,144.9481534322198,8.5,6.1,0,0,clear_sky,7.8,15.5,0.0,4.5,5.7,true
melbourne,Melbourne,24600,2026-08-28T07:00:00+10:00,2026-08-27T21:00:00+00:00,-37.81304457558759,144.9481534322198,8.1,5.8,0,0,clear_sky,7.6,16.9,0.0,5.4,6.7,true
melbourne,Melbourne,24600,2026-08-28T08:00:00+10:00,2026-08-27T22:00:00+00:00,-37.81304457558759,144.9481534322198,9.3,7.0,2,0,clear_sky,8.4,16.9,0.15,6.9,8.5,true
melbourne,Melbourne,24600,2026-08-28T09:00:00+10:00,2026-08-27T23:00:00+00:00,-37.81304457558759,144.9481534322198,11.6,9.8,4,0,clear_sky,6.6,17.6,0.5,8.7,10.4,true
melbourne,Melbourne,24600,2026-08-28T10:00:00+10:00,2026-08-28T00:00:00+00:00,-37.81304457558759,144.9481534322198,13.8,12.3,8,3,overcast,4.9,16.6,1.25,6.8,8.5,true
melbourne,Melbourne,24600,2026-08-28T11:00:00+10:00,2026-08-28T01:00:00+00:00,-37.81304457558759,144.9481534322198,15.0,13.8,12,3,overcast,3.6,15.8,2.3,5.4,7.1,true
melbourne,Melbourne,24600,2026-08-28T12:00:00+10:00,2026-08-28T02:00:00+00:00,-37.81304457558759,144.9481534322198,15.0,14.1,18,3,overcast,1.7,13.3,2.7,5.1,7.1,true
melbourne,Melbourne,24600,2026-08-28T13:00:00+10:00,2026-08-28T03:00:00+00:00,-37.81304457558759,144.9481534322198,15.4,14.7,24,3,overcast,1.1,7.9,3.05,6.3,9.4,true
melbourne,Melbourne,24600,2026-08-28T14:00:00+10:00,2026-08-28T04:00:00+00:00,-37.81304457558759,144.9481534322198,14.9,13.8,35,3,overcast,5.6,14.4,2.4,7.9,12.3,true
melbourne,Melbourne,24600,2026-08-28T15:00:00+10:00,2026-08-28T05:00:00+00:00,-37.81304457558759,144.9481534322198,14.0,13.4,46,53,moderate_drizzle,5.2,15.5,1.55,10.0,15.8,true
melbourne,Melbourne,24600,2026-08-28T16:00:00+10:00,2026-08-28T06:00:00+00:00,-37.81304457558759,144.9481534322198,13.5,13.5,51,55,dense_drizzle,1.9,14.8,0.65,11.0,17.6,true
melbourne,Melbourne,24600,2026-08-28T17:00:00+10:00,2026-08-28T07:00:00+00:00,-37.81304457558759,144.9481534322198,13.5,13.7,43,51,light_drizzle,1.4,9.0,0.15,12.2,19.4,true
melbourne,Melbourne,24600,2026-08-28T18:00:00+10:00,2026-08-28T08:00:00+00:00,-37.81304457558759,144.9481534322198,13.2,13.7,27,51,light_drizzle,0.3,6.5,0.0,14.2,21.7,true
melbourne,Melbourne,24600,2026-08-28T19:00:00+10:00,2026-08-28T09:00:00+00:00,-37.81304457558759,144.9481534322198,13.1,13.4,14,2,partly_cloudy,1.0,1.8,0.0,15.5,22.2,true
melbourne,Melbourne,24600,2026-08-28T20:00:00+10:00,2026-08-28T10:00:00+00:00,-37.81304457558759,144.9481534322198,12.4,12.4,7,1,mainly_clear,2.4,3.6,0.0,17.2,24.0,true
melbourne,Melbourne,24600,2026-08-28T21:00:00+10:00,2026-08-28T11:00:00+00:00,-37.81304457558759,144.9481534322198,11.6,11.5,3,1,mainly_clear,2.0,4.7,0.0,18.0,24.6,true
melbourne,Melbourne,24600,2026-08-28T22:00:00+10:00,2026-08-28T12:00:00+00:00,-37.81304457558759,144.9481534322198,10.8,10.5,0,2,partly_cloudy,2.6,4.0,0.0,18.1,24.2,true
melbourne,Melbourne,24600,2026-08-28T23:00:00+10:00,2026-08-28T13:00:00+00:00,-37.81304457558759,144.9481534322198,10.4,10.1,0,3,overcast,2.1,4.7,0.0,17.6,23.3,true
melbourne,Melbourne,24600,2026-08-29T00:00:00+10:00,2026-08-28T14:00:00+00:00,-37.81304457558759,144.9481534322198,10.1,9.6,1,3,overcast,2.8,4.3,0.0,17.2,22.5,true
melbourne,Melbourne,24600,2026-08-29T01:00:00+10:00,2026-08-28T15:00:00+00:00,-37.81304457558759,144.9481534322198,10.6,10.1,2,51,light_drizzle,4.3,8.6,0.0,16.4,21.2,true
melbourne,Melbourne,24600,2026-08-29T02:00:00+10:00,2026-08-28T16:00:00+00:00,-37.81304457558759,144.9481534322198,10.3,9.7,3,3,overcast,4.0,8.3,0.0,14.8,19.2,true
melbourne,Melbourne,24600,2026-08-29T03:00:00+10:00,2026-08-28T17:00:00+00:00,-37.81304457558759,144.9481534322198,10.4,9.3,4,3,overcast,7.3,14.8,0.0,12.9,16.6,true
melbourne,Melbourne,24600,2026-08-29T04:00:00+10:00,2026-08-28T18:00:00+00:00,-37.81304457558759,144.9481534322198,10.3,9.0,4,3,overcast,8.2,17.6,0.0,10.6,13.9,true
melbourne,Melbourne,24600,2026-08-29T05:00:00+10:00,2026-08-28T19:00:00+00:00,-37.81304457558759,144.9481534322198,9.9,8.7,3,3,overcast,6.7,17.6,0.0,9.1,12.2,true
melbourne,Melbourne,24600,2026-08-29T06:00:00+10:00,2026-08-28T20:00:00+00:00,-37.81304457558759,144.9481534322198,9.1,7.8,1,2,partly_cloudy,6.1,14.4,0.0,8.3,11.2,true
melbourne,Melbourne,24600,2026-08-29T07:00:00+10:00,2026-08-28T21:00:00+00:00,-37.81304457558759,144.9481534322198,8.3,7.0,0,1,mainly_clear,4.8,12.6,0.05,8.6,11.2,true
melbourne,Melbourne,24600,2026-08-29T08:00:00+10:00,2026-08-28T22:00:00+00:00,-37.81304457558759,144.9481534322198,8.8,7.4,0,1,mainly_clear,5.3,13.0,0.3,9.5,12.0,true
melbourne,Melbourne,24600,2026-08-29T09:00:00+10:00,2026-08-28T23:00:00+00:00,-37.81304457558759,144.9481534322198,10.0,8.8,1,0,clear_sky,5.2,15.5,0.8,9.2,12.7,true
melbourne,Melbourne,24600,2026-08-29T10:00:00+10:00,2026-08-29T00:00:00+00:00,-37.81304457558759,144.9481534322198,11.4,10.0,2,1,mainly_clear,6.6,20.2,1.45,10.8,16.5,true
melbourne,Melbourne,24600,2026-08-29T11:00:00+10:00,2026-08-29T01:00:00+00:00,-37.81304457558759,144.9481534322198,12.3,10.4,2,1,mainly_clear,7.9,23.8,1.75,11.2,17.9,true
melbourne,Melbourne,24600,2026-08-29T12:00:00+10:00,2026-08-29T02:00:00+00:00,-37.81304457558759,144.9481534322198,13.0,10.9,1,2,partly_cloudy,7.8,23.8,1.65,11.4,18.3,true
melbourne,Melbourne,24600,2026-08-29T13:00:00+10:00,2026-08-29T03:00:00+00:00,-37.81304457558759,144.9481534322198,13.4,11.2,0,3,overcast,8.8,24.8,1.65,13.7,21.9,true
melbourne,Melbourne,24600,2026-08-29T14:00:00+10:00,2026-08-29T04:00:00+00:00,-37.81304457558759,144.9481534322198,13.4,11.0,0,2,partly_cloudy,12.0,31.7,1.25,13.4,21.2,true
melbourne,Melbourne,24600,2026-08-29T15:00:00+10:00,2026-08-29T05:00:00+00:00,-37.81304457558759,144.9481534322198,13.0,10.3,0,3,overcast,12.5,33.1,0.75,16.3,25.8,true
melbourne,Melbourne,24600,2026-08-29T16:00:00+10:00,2026-08-29T06:00:00+00:00,-37.81304457558759,144.9481534322198,12.5,10.4,0,3,overcast,9.8,31.3,0.35,15.7,24.7,true
melbourne,Melbourne,24600,2026-08-29T17:00:00+10:00,2026-08-29T07:00:00+00:00,-37.81304457558759,144.9481534322198,12.3,10.6,0,51,light_drizzle,7.5,24.5,0.1,15.9,25.0,true
melbourne,Melbourne,24600,2026-08-29T18:00:00+10:00,2026-08-29T08:00:00+00:00,-37.81304457558759,144.9481534322198,11.9,11.3,0,0,clear_sky,1.1,17.3,0.0,16.1,24.9,true
melbourne,Melbourne,24600,2026-08-29T19:00:00+10:00,2026-08-29T09:00:00+00:00,-37.81304457558759,144.9481534322198,10.8,9.9,0,1,mainly_clear,2.5,4.7,0.0,15.1,22.5,true
melbourne,Melbourne,24600,2026-08-29T20:00:00+10:00,2026-08-29T10:00:00+00:00,-37.81304457558759,144.9481534322198,11.1,10.3,1,3,overcast,1.9,5.4,0.0,14.1,20.5,true
melbourne,Melbourne,24600,2026-08-29T21:00:00+10:00,2026-08-29T11:00:00+00:00,-37.81304457558759,144.9481534322198,11.6,10.6,1,3,overcast,3.7,7.2,0.0,12.7,18.2,true
melbourne,Melbourne,24600,2026-08-29T22:00:00+10:00,2026-08-29T12:00:00+00:00,-37.81304457558759,144.9481534322198,11.7,10.4,2,3,overcast,6.5,13.7,0.0,11.0,15.5,true
melbourne,Melbourne,24600,2026-08-29T23:00:00+10:00,2026-08-29T13:00:00+00:00,-37.81304457558759,144.9481534322198,11.2,9.5,2,3,overcast,9.3,19.8,0.0,10.1,14.3,true
melbourne,Melbourne,24600,2026-08-30T00:00:00+10:00,2026-08-29T14:00:00+00:00,-37.81304457558759,144.9481534322198,10.5,8.7,2,2,partly_cloudy,8.4,20.9,0.0,9.0,12.8,true
melbourne,Melbourne,24600,2026-08-30T01:00:00+10:00,2026-08-29T15:00:00+00:00,-37.81304457558759,144.9481534322198,9.8,8.3,2,1,mainly_clear,6.1,18.0,0.0,8.6,12.5,true
melbourne,Melbourne,24600,2026-08-30T02:00:00+10:00,2026-08-29T16:00:00+00:00,-37.81304457558759,144.9481534322198,9.4,7.8,2,2,partly_cloudy,5.9,12.6,0.0,8.3,12.3,true
melbourne,Melbourne,24600,2026-08-30T03:00:00+10:00,2026-08-29T17:00:00+00:00,-37.81304457558759,144.9481534322198,8.8,7.3,2,2,partly_cloudy,5.2,12.2,0.0,7.8,11.6,true
melbourne,Melbourne,24600,2026-08-30T04:00:00+10:00,2026-08-29T18:00:00+00:00,-37.81304457558759,144.9481534322198,8.4,7.0,2,3,overcast,3.8,10.4,0.0,7.3,10.9,true
melbourne,Melbourne,24600,2026-08-30T05:00:00+10:00,2026-08-29T19:00:00+00:00,-37.81304457558759,144.9481534322198,8.1,6.7,1,3,overcast,4.0,9.4,0.0,6.9,10.4,true
melbourne,Melbourne,24600,2026-08-30T06:00:00+10:00,2026-08-29T20:00:00+00:00,-37.81304457558759,144.9481534322198,8.0,6.5,1,2,partly_cloudy,4.5,9.0,0.0,7.0,10.4,true
melbourne,Melbourne,24600,2026-08-30T07:00:00+10:00,2026-08-29T21:00:00+00:00,-37.81304457558759,144.9481534322198,8.3,6.9,0,2,partly_cloudy,4.5,9.7,0.0,7.7,11.2,true
melbourne,Melbourne,24600,2026-08-30T08:00:00+10:00,2026-08-29T22:00:00+00:00,-37.81304457558759,144.9481534322198,9.4,8.2,0,2,partly_cloudy,3.5,11.5,0.2,8.8,12.3,true
melbourne,Melbourne,24600,2026-08-30T09:00:00+10:00,2026-08-29T23:00:00+00:00,-37.81304457558759,144.9481534322198,10.9,9.8,0,3,overcast,3.9,14.0,0.65,9.9,14.6,true
melbourne,Melbourne,24600,2026-08-30T10:00:00+10:00,2026-08-30T00:00:00+00:00,-37.81304457558759,144.9481534322198,12.1,10.9,0,3,overcast,5.4,16.9,1.4,11.1,17.2,true
melbourne,Melbourne,24600,2026-08-30T11:00:00+10:00,2026-08-30T01:00:00+00:00,-37.81304457558759,144.9481534322198,12.9,11.6,0,51,light_drizzle,6.6,20.2,2.1,11.1,17.5,true
melbourne,Melbourne,24600,2026-08-30T12:00:00+10:00,2026-08-30T02:00:00+00:00,-37.81304457558759,144.9481534322198,13.5,12.0,0,51,light_drizzle,7.8,23.8,2.5,11.2,17.5,true
melbourne,Melbourne,24600,2026-08-30T13:00:00+10:00,2026-08-30T03:00:00+00:00,-37.81304457558759,144.9481534322198,13.8,12.2,0,51,light_drizzle,8.5,25.9,2.55,10.3,16.0,true
melbourne,Melbourne,24600,2026-08-30T14:00:00+10:00,2026-08-30T04:00:00+00:00,-37.81304457558759,144.9481534322198,13.8,12.1,0,3,overcast,8.7,26.3,2.2,9.7,15.0,true
melbourne,Melbourne,24600,2026-08-30T15:00:00+10:00,2026-08-30T05:00:00+00:00,-37.81304457558759,144.9481534322198,13.6,11.9,0,3,overcast,8.5,25.9,1.25,9.8,15.1,true
melbourne,Melbourne,24600,2026-08-30T16:00:00+10:00,2026-08-30T06:00:00+00:00,-37.81304457558759,144.9481534322198,13.3,11.7,0,3,overcast,8.0,24.8,0.55,10.1,15.5,true
melbourne,Melbourne,24600,2026-08-30T17:00:00+10:00,2026-08-30T07:00:00+00:00,-37.81304457558759,144.9481534322198,12.9,11.6,0,3,overcast,7.1,24.1,0.1,10.4,15.9,true
melbourne,Melbourne,24600,2026-08-30T18:00:00+10:00,2026-08-30T08:00:00+00:00,-37.81304457558759,144.9481534322198,12.5,11.5,0,3,overcast,5.7,23.0,0.0,11.6,17.2,true
melbourne,Melbourne,24600,2026-08-30T19:00:00+10:00,2026-08-30T09:00:00+00:00,-37.81304457558759,144.9481534322198,12.1,11.4,0,3,overcast,4.3,20.9,0.0,11.2,16.0,true
melbourne,Melbourne,24600,2026-08-30T20:00:00+10:00,2026-08-30T10:00:00+00:00,-37.81304457558759,144.9481534322198,11.8,11.3,0,3,overcast,2.7,17.3,0.0,10.6,14.9,true
melbourne,Melbourne,24600,2026-08-30T21:00:00+10:00,2026-08-30T11:00:00+00:00,-37.81304457558759,144.9481534322198,11.4,11.0,0,3,overcast,1.9,12.6,0.0,10.9,15.2,true
melbourne,Melbourne,24600,2026-08-30T22:00:00+10:00,2026-08-30T12:00:00+00:00,-37.81304457558759,144.9481534322198,11.1,10.7,0,3,overcast,2.0,9.0,0.0,11.8,16.4,true
melbourne,Melbourne,24600,2026-08-30T23:00:00+10:00,2026-08-30T13:00:00+00:00,-37.81304457558759,144.9481534322198,10.9,10.4,0,3,overcast,1.9,6.8,,,,false
melbourne,Melbourne,24600,2026-08-31T00:00:00+10:00,2026-08-30T14:00:00+00:00,-37.81304457558759,144.9481534322198,10.7,10.3,0,3,overcast,1.6,5.0,,,,false
melbourne,Melbourne,24600,2026-08-31T01:00:00+10:00,2026-08-30T15:00:00+00:00,-37.81304457558759,144.9481534322198,10.6,10.2,0,3,overcast,1.5,4.3,,,,false
melbourne,Melbourne,24600,2026-08-31T02:00:00+10:00,2026-08-30T16:00:00+00:00,-37.81304457558759,144.9481534322198,10.5,10.2,0,3,overcast,1.4,4.3,,,,false
melbourne,Melbourne,24600,2026-08-31T03:00:00+10:00,2026-08-30T17:00:00+00:00,-37.81304457558759,144.9481534322198,10.5,10.2,0,3,overcast,1.1,5.4,,,,false
melbourne,Melbourne,24600,2026-08-31T04:00:00+10:00,2026-08-30T18:00:00+00:00,-37.81304457558759,144.9481534322198,10.4,10.0,0,3,overcast,1.5,6.1,,,,false
melbourne,Melbourne,24600,2026-08-31T05:00:00+10:00,2026-08-30T19:00:00+00:00,-37.81304457558759,144.9481534322198,10.1,9.6,0,3,overcast,2.6,6.5,,,,false
melbourne,Melbourne,24600,2026-08-31T06:00:00+10:00,2026-08-30T20:00:00+00:00,-37.81304457558759,144.9481534322198,9.8,9.0,0,3,overcast,3.9,7.2,,,,false
melbourne,Melbourne,24600,2026-08-31T07:00:00+10:00,2026-08-30T21:00:00+00:00,-37.81304457558759,144.9481534322198,9.7,8.9,0,3,overcast,4.2,8.3,,,,false
melbourne,Melbourne,24600,2026-08-31T08:00:00+10:00,2026-08-30T22:00:00+00:00,-37.81304457558759,144.9481534322198,10.2,9.5,0,3,overcast,2.8,10.1,,,,false
melbourne,Melbourne,24600,2026-08-31T09:00:00+10:00,2026-08-30T23:00:00+00:00,-37.81304457558759,144.9481534322198,11.0,10.2,0,3,overcast,3.1,12.6,,,,false
melbourne,Melbourne,24600,2026-08-31T10:00:00+10:00,2026-08-31T00:00:00+00:00,-37.81304457558759,144.9481534322198,12.1,11.1,0,3,overcast,4.3,14.8,,,,false
melbourne,Melbourne,24600,2026-08-31T11:00:00+10:00,2026-08-31T01:00:00+00:00,-37.81304457558759,144.9481534322198,13.5,12.7,0,2,partly_cloudy,3.9,15.8,,,,false
melbourne,Melbourne,24600,2026-08-31T12:00:00+10:00,2026-08-31T02:00:00+00:00,-37.81304457558759,144.9481534322198,15.2,14.9,0,1,mainly_clear,2.3,16.2,,,,false
melbourne,Melbourne,24600,2026-08-31T13:00:00+10:00,2026-08-31T03:00:00+00:00,-37.81304457558759,144.9481534322198,16.2,16.6,0,0,clear_sky,0.6,17.6,,,,false
melbourne,Melbourne,24600,2026-08-31T14:00:00+10:00,2026-08-31T04:00:00+00:00,-37.81304457558759,144.9481534322198,16.1,16.2,0,0,clear_sky,3.4,20.9,,,,false
melbourne,Melbourne,24600,2026-08-31T15:00:00+10:00,2026-08-31T05:00:00+00:00,-37.81304457558759,144.9481534322198,15.4,14.3,0,0,clear_sky,7.9,25.2,,,,false
melbourne,Melbourne,24600,2026-08-31T16:00:00+10:00,2026-08-31T06:00:00+00:00,-37.81304457558759,144.9481534322198,14.5,13.1,0,0,clear_sky,10.1,28.1,,,,false
melbourne,Melbourne,24600,2026-08-31T17:00:00+10:00,2026-08-31T07:00:00+00:00,-37.81304457558759,144.9481534322198,13.4,12.1,0,0,clear_sky,8.5,28.4,,,,false
melbourne,Melbourne,24600,2026-08-31T18:00:00+10:00,2026-08-31T08:00:00+00:00,-37.81304457558759,144.9481534322198,12.1,11.3,0,0,clear_sky,4.7,27.0,,,,false
melbourne,Melbourne,24600,2026-08-31T19:00:00+10:00,2026-08-31T09:00:00+00:00,-37.81304457558759,144.9481534322198,11.4,11.1,0,0,clear_sky,0.5,25.9,,,,false
melbourne,Melbourne,24600,2026-08-31T20:00:00+10:00,2026-08-31T10:00:00+00:00,-37.81304457558759,144.9481534322198,11.6,10.9,0,0,clear_sky,3.6,25.2,,,,false
melbourne,Melbourne,24600,2026-08-31T21:00:00+10:00,2026-08-31T11:00:00+00:00,-37.81304457558759,144.9481534322198,12.3,11.1,0,0,clear_sky,8.1,24.1,,,,false
melbourne,Melbourne,24600,2026-08-31T22:00:00+10:00,2026-08-31T12:00:00+00:00,-37.81304457558759,144.9481534322198,12.8,11.2,0,0,clear_sky,11.7,24.5,,,,false
melbourne,Melbourne,24600,2026-08-31T23:00:00+10:00,2026-08-31T13:00:00+00:00,-37.81304457558759,144.9481534322198,12.9,11.0,0,0,clear_sky,13.5,26.3,,,,false
melbourne,Melbourne,24600,2026-09-01T00:00:00+10:00,2026-08-31T14:00:00+00:00,-37.81304457558759,144.9481534322198,12.7,10.7,0,0,clear_sky,14.4,29.2,,,,false
melbourne,Melbourne,24600,2026-09-01T01:00:00+10:00,2026-08-31T15:00:00+00:00,-37.81304457558759,144.9481534322198,12.6,10.4,0,0,clear_sky,15.3,32.4,,,,false
melbourne,Melbourne,24600,2026-09-01T02:00:00+10:00,2026-08-31T16:00:00+00:00,-37.81304457558759,144.9481534322198,12.5,10.2,0,0,clear_sky,16.6,35.3,,,,false
melbourne,Melbourne,24600,2026-09-01T03:00:00+10:00,2026-08-31T17:00:00+00:00,-37.81304457558759,144.9481534322198,12.5,10.0,0,1,mainly_clear,17.8,38.5,,,,false
melbourne,Melbourne,24600,2026-09-01T04:00:00+10:00,2026-08-31T18:00:00+00:00,-37.81304457558759,144.9481534322198,12.4,9.8,0,1,mainly_clear,18.9,41.4,,,,false
melbourne,Melbourne,24600,2026-09-01T05:00:00+10:00,2026-08-31T19:00:00+00:00,-37.81304457558759,144.9481534322198,12.2,9.4,0,2,partly_cloudy,19.8,43.6,,,,false
melbourne,Melbourne,24600,2026-09-01T06:00:00+10:00,2026-08-31T20:00:00+00:00,-37.81304457558759,144.9481534322198,12.0,9.0,0,2,partly_cloudy,20.5,45.7,,,,false
melbourne,Melbourne,24600,2026-09-01T07:00:00+10:00,2026-08-31T21:00:00+00:00,-37.81304457558759,144.9481534322198,12.0,8.8,0,3,overcast,21.3,47.9,,,,false
melbourne,Melbourne,24600,2026-09-01T08:00:00+10:00,2026-08-31T22:00:00+00:00,-37.81304457558759,144.9481534322198,13.3,10.0,0,1,mainly_clear,22.2,51.8,,,,false
melbourne,Melbourne,24600,2026-09-01T09:00:00+10:00,2026-08-31T23:00:00+00:00,-37.81304457558759,144.9481534322198,13.6,10.3,0,1,mainly_clear,22.6,54.7,,,,false
melbourne,Melbourne,24600,2026-09-01T10:00:00+10:00,2026-09-01T00:00:00+00:00,-37.81304457558759,144.9481534322198,14.1,10.7,0,1,mainly_clear,22.9,57.2,,,,false
melbourne,Melbourne,24600,2026-09-01T11:00:00+10:00,2026-09-01T01:00:00+00:00,-37.81304457558759,144.9481534322198,14.9,11.4,3,1,mainly_clear,23.3,60.5,,,,false
melbourne,Melbourne,24600,2026-09-01T12:00:00+10:00,2026-09-01T02:00:00+00:00,-37.81304457558759,144.9481534322198,15.8,12.6,8,2,partly_cloudy,24.0,64.1,,,,false
melbourne,Melbourne,24600,2026-09-01T13:00:00+10:00,2026-09-01T03:00:00+00:00,-37.81304457558759,144.9481534322198,16.9,13.5,13,2,partly_cloudy,24.7,67.7,,,,false
melbourne,Melbourne,24600,2026-09-01T14:00:00+10:00,2026-09-01T04:00:00+00:00,-37.81304457558759,144.9481534322198,17.9,14.3,19,3,overcast,25.1,70.6,,,,false
melbourne,Melbourne,24600,2026-09-01T15:00:00+10:00,2026-09-01T05:00:00+00:00,-37.81304457558759,144.9481534322198,18.6,15.0,25,3,overcast,24.8,72.7,,,,false
melbourne,Melbourne,24600,2026-09-01T16:00:00+10:00,2026-09-01T06:00:00+00:00,-37.81304457558759,144.9481534322198,18.7,15.4,31,3,overcast,23.5,73.1,,,,false
melbourne,Melbourne,24600,2026-09-01T17:00:00+10:00,2026-09-01T07:00:00+00:00,-37.81304457558759,144.9481534322198,18.3,15.3,38,55,dense_drizzle,20.7,71.3,,,,false
melbourne,Melbourne,24600,2026-09-01T18:00:00+10:00,2026-09-01T08:00:00+00:00,-37.81304457558759,144.9481534322198,17.3,14.8,45,55,dense_drizzle,17.6,67.7,,,,false
melbourne,Melbourne,24600,2026-09-01T19:00:00+10:00,2026-09-01T09:00:00+00:00,-37.81304457558759,144.9481534322198,16.0,13.7,52,55,dense_drizzle,16.4,63.0,,,,false
melbourne,Melbourne,24600,2026-09-01T20:00:00+10:00,2026-09-01T10:00:00+00:00,-37.81304457558759,144.9481534322198,14.7,12.1,58,55,dense_drizzle,18.1,58.0,,,,false
melbourne,Melbourne,24600,2026-09-01T21:00:00+10:00,2026-09-01T11:00:00+00:00,-37.81304457558759,144.9481534322198,13.4,10.3,63,55,dense_drizzle,21.0,53.3,,,,false
melbourne,Melbourne,24600,2026-09-01T22:00:00+10:00,2026-09-01T12:00:00+00:00,-37.81304457558759,144.9481534322198,12.4,9.0,65,55,dense_drizzle,22.6,50.4,,,,false
melbourne,Melbourne,24600,2026-09-01T23:00:00+10:00,2026-09-01T13:00:00+00:00,-37.81304457558759,144.9481534322198,11.6,8.2,63,0,clear_sky,21.7,49.0,,,,false
melton,Melton,24650,2026-08-26T00:00:00+10:00,2026-08-25T14:00:00+00:00,-37.68142666335505,144.63596097650208,10.8,8.9,42,3,overcast,14.3,25.2,0.0,3.3,4.0,true
melton,Melton,24650,2026-08-26T01:00:00+10:00,2026-08-25T15:00:00+00:00,-37.68142666335505,144.63596097650208,10.4,8.4,51,51,light_drizzle,14.0,25.9,0.0,3.1,4.0,true
melton,Melton,24650,2026-08-26T02:00:00+10:00,2026-08-25T16:00:00+00:00,-37.68142666335505,144.63596097650208,9.8,7.8,38,1,mainly_clear,12.7,24.8,0.0,3.4,4.6,true
melton,Melton,24650,2026-08-26T03:00:00+10:00,2026-08-25T17:00:00+00:00,-37.68142666335505,144.63596097650208,8.9,6.7,16,0,clear_sky,11.9,22.7,0.0,3.6,4.9,true
melton,Melton,24650,2026-08-26T04:00:00+10:00,2026-08-25T18:00:00+00:00,-37.68142666335505,144.63596097650208,7.9,5.6,0,0,clear_sky,11.3,20.9,0.0,3.9,5.5,true
melton,Melton,24650,2026-08-26T05:00:00+10:00,2026-08-25T19:00:00+00:00,-37.68142666335505,144.63596097650208,7.3,5.2,0,0,clear_sky,8.5,18.7,0.0,4.3,6.1,true
melton,Melton,24650,2026-08-26T06:00:00+10:00,2026-08-25T20:00:00+00:00,-37.68142666335505,144.63596097650208,7.1,5.1,0,0,clear_sky,7.8,14.4,0.0,4.6,6.4,true
melton,Melton,24650,2026-08-26T07:00:00+10:00,2026-08-25T21:00:00+00:00,-37.68142666335505,144.63596097650208,7.0,4.8,0,0,clear_sky,8.5,14.0,0.0,5.4,7.3,true
melton,Melton,24650,2026-08-26T08:00:00+10:00,2026-08-25T22:00:00+00:00,-37.68142666335505,144.63596097650208,8.2,5.8,0,0,clear_sky,12.0,20.2,0.25,5.8,8.1,true
melton,Melton,24650,2026-08-26T09:00:00+10:00,2026-08-25T23:00:00+00:00,-37.68142666335505,144.63596097650208,10.2,8.2,0,0,clear_sky,11.3,23.0,0.9,5.4,7.9,true
melton,Melton,24650,2026-08-26T10:00:00+10:00,2026-08-26T00:00:00+00:00,-37.68142666335505,144.63596097650208,12.3,9.8,0,0,clear_sky,13.9,29.2,1.75,7.7,11.7,true
melton,Melton,24650,2026-08-26T11:00:00+10:00,2026-08-26T01:00:00+00:00,-37.68142666335505,144.63596097650208,13.4,10.3,1,51,light_drizzle,15.1,32.0,2.45,6.6,10.0,true
melton,Melton,24650,2026-08-26T12:00:00+10:00,2026-08-26T02:00:00+00:00,-37.68142666335505,144.63596097650208,13.9,10.8,3,2,partly_cloudy,14.0,32.0,2.35,7.1,10.9,true
melton,Melton,24650,2026-08-26T13:00:00+10:00,2026-08-26T03:00:00+00:00,-37.68142666335505,144.63596097650208,14.3,11.3,4,3,overcast,13.5,30.6,2.3,6.8,10.5,true
melton,Melton,24650,2026-08-26T14:00:00+10:00,2026-08-26T04:00:00+00:00,-37.68142666335505,144.63596097650208,14.1,11.3,3,2,partly_cloudy,12.5,29.9,1.7,6.7,10.3,true
melton,Melton,24650,2026-08-26T15:00:00+10:00,2026-08-26T05:00:00+00:00,-37.68142666335505,144.63596097650208,14.4,11.5,1,2,partly_cloudy,13.3,28.4,0.95,6.7,10.2,true
melton,Melton,24650,2026-08-26T16:00:00+10:00,2026-08-26T06:00:00+00:00,-37.68142666335505,144.63596097650208,13.5,10.7,0,2,partly_cloudy,13.8,28.4,0.5,7.1,10.7,true
melton,Melton,24650,2026-08-26T17:00:00+10:00,2026-08-26T07:00:00+00:00,-37.68142666335505,144.63596097650208,12.3,9.8,0,2,partly_cloudy,12.6,27.4,0.15,7.4,11.0,true
melton,Melton,24650,2026-08-26T18:00:00+10:00,2026-08-26T08:00:00+00:00,-37.68142666335505,144.63596097650208,10.8,8.9,0,2,partly_cloudy,7.8,23.8,0.0,9.5,13.2,true
melton,Melton,24650,2026-08-26T19:00:00+10:00,2026-08-26T09:00:00+00:00,-37.68142666335505,144.63596097650208,9.7,7.9,0,3,overcast,6.7,13.7,0.0,11.9,15.7,true
melton,Melton,24650,2026-08-26T20:00:00+10:00,2026-08-26T10:00:00+00:00,-37.68142666335505,144.63596097650208,9.5,7.5,0,3,overcast,7.5,12.2,0.0,12.6,16.1,true
melton,Melton,24650,2026-08-26T21:00:00+10:00,2026-08-26T11:00:00+00:00,-37.68142666335505,144.63596097650208,9.2,7.2,0,2,partly_cloudy,6.5,12.2,0.0,11.6,14.0,true
melton,Melton,24650,2026-08-26T22:00:00+10:00,2026-08-26T12:00:00+00:00,-37.68142666335505,144.63596097650208,8.3,6.7,0,2,partly_cloudy,4.8,10.4,0.0,11.5,13.8,true
melton,Melton,24650,2026-08-26T23:00:00+10:00,2026-08-26T13:00:00+00:00,-37.68142666335505,144.63596097650208,8.4,6.4,0,3,overcast,7.0,11.9,0.0,11.4,13.6,true
melton,Melton,24650,2026-08-27T00:00:00+10:00,2026-08-26T14:00:00+00:00,-37.68142666335505,144.63596097650208,7.8,5.9,0,3,overcast,6.3,12.2,0.0,10.9,13.1,true
melton,Melton,24650,2026-08-27T01:00:00+10:00,2026-08-26T15:00:00+00:00,-37.68142666335505,144.63596097650208,7.7,5.6,0,1,mainly_clear,6.7,11.5,0.0,10.0,12.3,true
melton,Melton,24650,2026-08-27T02:00:00+10:00,2026-08-26T16:00:00+00:00,-37.68142666335505,144.63596097650208,6.4,4.3,0,0,clear_sky,5.7,11.5,0.0,9.4,11.6,true
melton,Melton,24650,2026-08-27T03:00:00+10:00,2026-08-26T17:00:00+00:00,-37.68142666335505,144.63596097650208,5.4,3.2,0,0,clear_sky,5.2,9.7,0.0,8.8,11.2,true
melton,Melton,24650,2026-08-27T04:00:00+10:00,2026-08-26T18:00:00+00:00,-37.68142666335505,144.63596097650208,5.1,2.8,0,1,mainly_clear,5.4,8.6,0.0,8.6,11.1,true
melton,Melton,24650,2026-08-27T05:00:00+10:00,2026-08-26T19:00:00+00:00,-37.68142666335505,144.63596097650208,4.9,2.6,0,1,mainly_clear,5.0,9.0,0.0,8.6,11.2,true
melton,Melton,24650,2026-08-27T06:00:00+10:00,2026-08-26T20:00:00+00:00,-37.68142666335505,144.63596097650208,4.7,2.3,0,1,mainly_clear,5.2,9.0,0.0,9.3,12.0,true
melton,Melton,24650,2026-08-27T07:00:00+10:00,2026-08-26T21:00:00+00:00,-37.68142666335505,144.63596097650208,4.5,2.1,0,1,mainly_clear,5.9,10.1,0.05,12.7,15.4,true
melton,Melton,24650,2026-08-27T08:00:00+10:00,2026-08-26T22:00:00+00:00,-37.68142666335505,144.63596097650208,6.8,4.3,0,1,mainly_clear,8.2,15.1,0.35,17.9,19.8,true
melton,Melton,24650,2026-08-27T09:00:00+10:00,2026-08-26T23:00:00+00:00,-37.68142666335505,144.63596097650208,10.0,8.0,0,2,partly_cloudy,6.3,15.5,1.15,12.0,15.5,true
melton,Melton,24650,2026-08-27T10:00:00+10:00,2026-08-27T00:00:00+00:00,-37.68142666335505,144.63596097650208,11.8,9.8,0,3,overcast,5.3,16.9,2.35,8.9,13.0,true
melton,Melton,24650,2026-08-27T11:00:00+10:00,2026-08-27T01:00:00+00:00,-37.68142666335505,144.63596097650208,12.8,11.0,0,3,overcast,4.6,16.2,3.45,8.4,12.4,true
melton,Melton,24650,2026-08-27T12:00:00+10:00,2026-08-27T02:00:00+00:00,-37.68142666335505,144.63596097650208,13.4,12.2,0,2,partly_cloudy,4.8,17.3,3.95,8.3,12.2,true
melton,Melton,24650,2026-08-27T13:00:00+10:00,2026-08-27T03:00:00+00:00,-37.68142666335505,144.63596097650208,14.0,13.0,0,0,clear_sky,4.1,17.3,3.7,8.4,12.0,true
melton,Melton,24650,2026-08-27T14:00:00+10:00,2026-08-27T04:00:00+00:00,-37.68142666335505,144.63596097650208,14.5,13.4,0,0,clear_sky,4.0,16.2,2.8,8.4,12.0,true
melton,Melton,24650,2026-08-27T15:00:00+10:00,2026-08-27T05:00:00+00:00,-37.68142666335505,144.63596097650208,14.9,13.1,0,0,clear_sky,6.0,16.6,1.65,8.6,12.1,true
melton,Melton,24650,2026-08-27T16:00:00+10:00,2026-08-27T06:00:00+00:00,-37.68142666335505,144.63596097650208,15.3,12.9,0,2,partly_cloudy,9.4,19.8,0.65,8.3,11.6,true
melton,Melton,24650,2026-08-27T17:00:00+10:00,2026-08-27T07:00:00+00:00,-37.68142666335505,144.63596097650208,14.5,12.3,0,3,overcast,8.5,20.2,0.15,10.6,13.8,true
melton,Melton,24650,2026-08-27T18:00:00+10:00,2026-08-27T08:00:00+00:00,-37.68142666335505,144.63596097650208,12.5,10.8,0,3,overcast,6.5,15.5,0.0,15.9,19.1,true
melton,Melton,24650,2026-08-27T19:00:00+10:00,2026-08-27T09:00:00+00:00,-37.68142666335505,144.63596097650208,11.4,10.6,0,2,partly_cloudy,2.3,11.2,0.0,20.5,23.6,true
melton,Melton,24650,2026-08-27T20:00:00+10:00,2026-08-27T10:00:00+00:00,-37.68142666335505,144.63596097650208,9.6,8.8,0,2,partly_cloudy,0.3,2.9,0.0,24.6,27.5,true
melton,Melton,24650,2026-08-27T21:00:00+10:00,2026-08-27T11:00:00+00:00,-37.68142666335505,144.63596097650208,8.7,7.5,0,3,overcast,1.9,3.2,0.0,28.2,31.0,true
melton,Melton,24650,2026-08-27T22:00:00+10:00,2026-08-27T12:00:00+00:00,-37.68142666335505,144.63596097650208,9.1,7.4,0,3,overcast,5.7,10.1,0.0,28.2,30.3,true
melton,Melton,24650,2026-08-27T23:00:00+10:00,2026-08-27T13:00:00+00:00,-37.68142666335505,144.63596097650208,8.8,6.6,0,3,overcast,8.2,14.0,0.0,22.9,24.3,true
melton,Melton,24650,2026-08-28T00:00:00+10:00,2026-08-27T14:00:00+00:00,-37.68142666335505,144.63596097650208,8.5,6.1,0,2,partly_cloudy,8.4,14.8,0.0,16.9,18.0,true
melton,Melton,24650,2026-08-28T01:00:00+10:00,2026-08-27T15:00:00+00:00,-37.68142666335505,144.63596097650208,7.3,4.9,0,1,mainly_clear,7.7,14.8,0.0,12.6,13.5,true
melton,Melton,24650,2026-08-28T02:00:00+10:00,2026-08-27T16:00:00+00:00,-37.68142666335505,144.63596097650208,6.7,4.2,0,2,partly_cloudy,8.0,13.7,0.0,9.5,10.4,true
melton,Melton,24650,2026-08-28T03:00:00+10:00,2026-08-27T17:00:00+00:00,-37.68142666335505,144.63596097650208,7.1,4.5,0,3,overcast,9.2,15.8,0.0,7.2,8.1,true
melton,Melton,24650,2026-08-28T04:00:00+10:00,2026-08-27T18:00:00+00:00,-37.68142666335505,144.63596097650208,6.9,4.2,0,3,overcast,9.6,16.6,0.0,5.8,6.8,true
melton,Melton,24650,2026-08-28T05:00:00+10:00,2026-08-27T19:00:00+00:00,-37.68142666335505,144.63596097650208,6.7,3.9,0,0,clear_sky,9.8,17.3,0.0,5.2,6.3,true
melton,Melton,24650,2026-08-28T06:00:00+10:00,2026-08-27T20:00:00+00:00,-37.68142666335505,144.63596097650208,6.5,3.9,0,0,clear_sky,8.2,16.9,0.0,5.1,6.2,true
melton,Melton,24650,2026-08-28T07:00:00+10:00,2026-08-27T21:00:00+00:00,-37.68142666335505,144.63596097650208,6.6,4.2,0,0,clear_sky,7.4,14.0,0.05,6.4,7.5,true
melton,Melton,24650,2026-08-28T08:00:00+10:00,2026-08-27T22:00:00+00:00,-37.68142666335505,144.63596097650208,9.4,6.8,0,0,clear_sky,9.1,14.8,0.2,8.1,9.3,true
melton,Melton,24650,2026-08-28T09:00:00+10:00,2026-08-27T23:00:00+00:00,-37.68142666335505,144.63596097650208,12.4,10.0,0,0,clear_sky,8.8,19.1,0.55,10.4,11.6,true
melton,Melton,24650,2026-08-28T10:00:00+10:00,2026-08-28T00:00:00+00:00,-37.68142666335505,144.63596097650208,14.5,12.2,2,3,overcast,9.8,22.0,1.05,8.3,10.2,true
melton,Melton,24650,2026-08-28T11:00:00+10:00,2026-08-28T01:00:00+00:00,-37.68142666335505,144.63596097650208,15.1,12.9,7,2,partly_cloudy,10.4,23.4,1.5,7.2,9.1,true
melton,Melton,24650,2026-08-28T12:00:00+10:00,2026-08-28T02:00:00+00:00,-37.68142666335505,144.63596097650208,16.6,14.1,15,3,overcast,11.8,25.2,1.45,4.9,6.1,true
melton,Melton,24650,2026-08-28T13:00:00+10:00,2026-08-28T03:00:00+00:00,-37.68142666335505,144.63596097650208,17.0,13.9,24,3,overcast,16.9,33.5,2.85,4.0,5.0,true
melton,Melton,24650,2026-08-28T14:00:00+10:00,2026-08-28T04:00:00+00:00,-37.68142666335505,144.63596097650208,16.3,13.6,39,3,overcast,15.5,34.2,2.2,3.8,5.1,true
melton,Melton,24650,2026-08-28T15:00:00+10:00,2026-08-28T05:00:00+00:00,-37.68142666335505,144.63596097650208,13.5,12.7,56,80,slight_rain_showers,11.2,29.9,1.5,4.7,6.6,true
melton,Melton,24650,2026-08-28T16:00:00+10:00,2026-08-28T06:00:00+00:00,-37.68142666335505,144.63596097650208,13.6,13.3,65,53,moderate_drizzle,7.7,20.2,0.65,6.3,9.2,true
melton,Melton,24650,2026-08-28T17:00:00+10:00,2026-08-28T07:00:00+00:00,-37.68142666335505,144.63596097650208,13.5,13.6,58,51,light_drizzle,5.3,18.7,0.15,8.2,12.1,true
melton,Melton,24650,2026-08-28T18:00:00+10:00,2026-08-28T08:00:00+00:00,-37.68142666335505,144.63596097650208,12.5,12.1,42,53,moderate_drizzle,6.7,17.3,0.0,11.3,15.4,true
melton,Melton,24650,2026-08-28T19:00:00+10:00,2026-08-28T09:00:00+00:00,-37.68142666335505,144.63596097650208,11.5,11.2,27,51,light_drizzle,4.8,12.2,0.0,14.8,18.6,true
melton,Melton,24650,2026-08-28T20:00:00+10:00,2026-08-28T10:00:00+00:00,-37.68142666335505,144.63596097650208,10.8,10.6,17,2,partly_cloudy,2.4,7.6,0.0,19.0,23.3,true
melton,Melton,24650,2026-08-28T21:00:00+10:00,2026-08-28T11:00:00+00:00,-37.68142666335505,144.63596097650208,10.1,9.8,8,3,overcast,2.5,4.0,0.0,22.0,26.8,true
melton,Melton,24650,2026-08-28T22:00:00+10:00,2026-08-28T12:00:00+00:00,-37.68142666335505,144.63596097650208,9.3,8.5,2,3,overcast,3.6,5.0,0.0,26.8,32.1,true
melton,Melton,24650,2026-08-28T23:00:00+10:00,2026-08-28T13:00:00+00:00,-37.68142666335505,144.63596097650208,9.0,8.2,0,3,overcast,3.1,5.8,0.0,27.9,33.6,true
melton,Melton,24650,2026-08-29T00:00:00+10:00,2026-08-28T14:00:00+00:00,-37.68142666335505,144.63596097650208,9.2,8.5,0,3,overcast,2.8,6.1,0.0,28.5,34.3,true
melton,Melton,24650,2026-08-29T01:00:00+10:00,2026-08-28T15:00:00+00:00,-37.68142666335505,144.63596097650208,9.3,8.5,0,3,overcast,4.5,8.6,0.0,27.4,33.2,true
melton,Melton,24650,2026-08-29T02:00:00+10:00,2026-08-28T16:00:00+00:00,-37.68142666335505,144.63596097650208,9.2,8.1,0,3,overcast,6.3,11.9,0.0,24.8,30.4,true
melton,Melton,24650,2026-08-29T03:00:00+10:00,2026-08-28T17:00:00+00:00,-37.68142666335505,144.63596097650208,9.2,7.9,0,3,overcast,7.3,13.7,0.0,20.9,25.7,true
melton,Melton,24650,2026-08-29T04:00:00+10:00,2026-08-28T18:00:00+00:00,-37.68142666335505,144.63596097650208,9.4,8.1,0,3,overcast,6.8,13.7,0.0,16.6,20.6,true
melton,Melton,24650,2026-08-29T05:00:00+10:00,2026-08-28T19:00:00+00:00,-37.68142666335505,144.63596097650208,9.0,7.7,0,3,overcast,5.9,11.5,0.0,12.8,16.4,true
melton,Melton,24650,2026-08-29T06:00:00+10:00,2026-08-28T20:00:00+00:00,-37.68142666335505,144.63596097650208,8.3,6.9,0,1,mainly_clear,5.8,10.1,0.0,10.6,13.8,true
melton,Melton,24650,2026-08-29T07:00:00+10:00,2026-08-28T21:00:00+00:00,-37.68142666335505,144.63596097650208,6.7,5.0,0,0,clear_sky,5.1,10.1,0.05,11.3,14.0,true
melton,Melton,24650,2026-08-29T08:00:00+10:00,2026-08-28T22:00:00+00:00,-37.68142666335505,144.63596097650208,7.7,6.0,0,3,overcast,7.6,14.0,0.4,12.3,14.9,true
melton,Melton,24650,2026-08-29T09:00:00+10:00,2026-08-28T23:00:00+00:00,-37.68142666335505,144.63596097650208,9.4,7.9,0,1,mainly_clear,7.5,18.0,1.05,11.6,15.7,true
melton,Melton,24650,2026-08-29T10:00:00+10:00,2026-08-29T00:00:00+00:00,-37.68142666335505,144.63596097650208,10.9,8.9,0,0,clear_sky,9.1,22.0,1.95,11.9,17.6,true
melton,Melton,24650,2026-08-29T11:00:00+10:00,2026-08-29T01:00:00+00:00,-37.68142666335505,144.63596097650208,12.1,9.5,1,3,overcast,10.8,25.6,2.55,11.5,17.9,true
melton,Melton,24650,2026-08-29T12:00:00+10:00,2026-08-29T02:00:00+00:00,-37.68142666335505,144.63596097650208,12.5,10.0,1,3,overcast,9.5,25.9,2.75,11.1,17.2,true
melton,Melton,24650,2026-08-29T13:00:00+10:00,2026-08-29T03:00:00+00:00,-37.68142666335505,144.63596097650208,13.1,10.6,2,3,overcast,9.4,23.0,2.55,11.1,17.1,true
melton,Melton,24650,2026-08-29T14:00:00+10:00,2026-08-29T04:00:00+00:00,-37.68142666335505,144.63596097650208,14.0,11.3,2,3,overcast,11.9,27.0,1.85,11.0,16.8,true
melton,Melton,24650,2026-08-29T15:00:00+10:00,2026-08-29T05:00:00+00:00,-37.68142666335505,144.63596097650208,13.7,10.7,2,3,overcast,13.7,29.5,1.05,11.3,17.0,true
melton,Melton,24650,2026-08-29T16:00:00+10:00,2026-08-29T06:00:00+00:00,-37.68142666335505,144.63596097650208,12.9,10.2,2,3,overcast,12.3,29.5,0.4,12.5,18.7,true
melton,Melton,24650,2026-08-29T17:00:00+10:00,2026-08-29T07:00:00+00:00,-37.68142666335505,144.63596097650208,12.4,10.1,1,3,overcast,9.7,25.2,0.1,13.8,20.7,true
melton,Melton,24650,2026-08-29T18:00:00+10:00,2026-08-29T08:00:00+00:00,-37.68142666335505,144.63596097650208,11.5,10.5,1,1,mainly_clear,2.6,18.7,0.0,15.7,23.2,true
melton,Melton,24650,2026-08-29T19:00:00+10:00,2026-08-29T09:00:00+00:00,-37.68142666335505,144.63596097650208,9.4,8.0,0,3,overcast,5.0,7.6,0.0,14.3,19.7,true
melton,Melton,24650,2026-08-29T20:00:00+10:00,2026-08-29T10:00:00+00:00,-37.68142666335505,144.63596097650208,9.6,8.6,0,3,overcast,3.1,9.7,0.0,14.2,19.1,true
melton,Melton,24650,2026-08-29T21:00:00+10:00,2026-08-29T11:00:00+00:00,-37.68142666335505,144.63596097650208,10.0,8.7,0,3,overcast,4.9,7.9,0.0,14.4,19.3,true
melton,Melton,24650,2026-08-29T22:00:00+10:00,2026-08-29T12:00:00+00:00,-37.68142666335505,144.63596097650208,9.5,7.6,0,3,overcast,8.6,14.0,0.0,12.7,16.9,true
melton,Melton,24650,2026-08-29T23:00:00+10:00,2026-08-29T13:00:00+00:00,-37.68142666335505,144.63596097650208,9.1,7.0,0,3,overcast,9.3,17.3,0.0,11.0,14.6,true
melton,Melton,24650,2026-08-30T00:00:00+10:00,2026-08-29T14:00:00+00:00,-37.68142666335505,144.63596097650208,8.7,6.7,0,3,overcast,8.2,16.9,0.0,9.6,12.7,true
melton,Melton,24650,2026-08-30T01:00:00+10:00,2026-08-29T15:00:00+00:00,-37.68142666335505,144.63596097650208,8.4,6.5,0,2,partly_cloudy,7.6,14.8,0.0,8.4,11.3,true
melton,Melton,24650,2026-08-30T02:00:00+10:00,2026-08-29T16:00:00+00:00,-37.68142666335505,144.63596097650208,8.0,6.1,0,1,mainly_clear,7.0,13.3,0.0,7.5,10.3,true
melton,Melton,24650,2026-08-30T03:00:00+10:00,2026-08-29T17:00:00+00:00,-37.68142666335505,144.63596097650208,7.3,5.4,0,0,clear_sky,6.5,11.9,0.0,7.0,9.7,true
melton,Melton,24650,2026-08-30T04:00:00+10:00,2026-08-29T18:00:00+00:00,-37.68142666335505,144.63596097650208,6.7,4.8,0,0,clear_sky,5.6,11.2,0.0,6.6,9.3,true
melton,Melton,24650,2026-08-30T05:00:00+10:00,2026-08-29T19:00:00+00:00,-37.68142666335505,144.63596097650208,6.3,4.4,0,1,mainly_clear,5.7,10.1,0.0,6.5,9.2,true
melton,Melton,24650,2026-08-30T06:00:00+10:00,2026-08-29T20:00:00+00:00,-37.68142666335505,144.63596097650208,6.1,4.1,0,2,partly_cloudy,6.0,9.0,0.0,6.9,9.6,true
melton,Melton,24650,2026-08-30T07:00:00+10:00,2026-08-29T21:00:00+00:00,-37.68142666335505,144.63596097650208,6.6,4.6,0,3,overcast,5.9,9.7,0.05,8.2,11.0,true
melton,Melton,24650,2026-08-30T08:00:00+10:00,2026-08-29T22:00:00+00:00,-37.68142666335505,144.63596097650208,8.2,6.3,0,3,overcast,5.8,13.3,0.25,10.3,13.8,true
melton,Melton,24650,2026-08-30T09:00:00+10:00,2026-08-29T23:00:00+00:00,-37.68142666335505,144.63596097650208,10.5,8.6,0,3,overcast,7.5,18.4,0.8,10.0,14.0,true
melton,Melton,24650,2026-08-30T10:00:00+10:00,2026-08-30T00:00:00+00:00,-37.68142666335505,144.63596097650208,12.3,10.3,0,3,overcast,9.4,22.3,1.75,9.8,14.4,true
melton,Melton,24650,2026-08-30T11:00:00+10:00,2026-08-30T01:00:00+00:00,-37.68142666335505,144.63596097650208,13.3,11.4,0,3,overcast,9.3,23.4,2.75,10.2,15.3,true
melton,Melton,24650,2026-08-30T12:00:00+10:00,2026-08-30T02:00:00+00:00,-37.68142666335505,144.63596097650208,13.9,12.2,0,3,overcast,8.2,23.0,3.25,10.5,15.6,true
melton,Melton,24650,2026-08-30T13:00:00+10:00,2026-08-30T03:00:00+00:00,-37.68142666335505,144.63596097650208,14.3,12.7,0,3,overcast,7.5,22.7,3.55,10.6,15.5,true
melton,Melton,24650,2026-08-30T14:00:00+10:00,2026-08-30T04:00:00+00:00,-37.68142666335505,144.63596097650208,14.7,13.0,0,3,overcast,8.0,22.0,3.15,9.8,14.4,true
melton,Melton,24650,2026-08-30T15:00:00+10:00,2026-08-30T05:00:00+00:00,-37.68142666335505,144.63596097650208,14.9,13.1,0,2,partly_cloudy,8.7,21.2,1.9,9.8,14.3,true
melton,Melton,24650,2026-08-30T16:00:00+10:00,2026-08-30T06:00:00+00:00,-37.68142666335505,144.63596097650208,14.7,12.9,0,2,partly_cloudy,8.8,20.5,0.8,10.0,14.3,true
melton,Melton,24650,2026-08-30T17:00:00+10:00,2026-08-30T07:00:00+00:00,-37.68142666335505,144.63596097650208,13.8,12.2,0,2,partly_cloudy,7.9,20.5,0.2,10.1,14.6,true
melton,Melton,24650,2026-08-30T18:00:00+10:00,2026-08-30T08:00:00+00:00,-37.68142666335505,144.63596097650208,12.4,11.0,0,3,overcast,7.1,21.2,0.0,11.7,16.0,true
melton,Melton,24650,2026-08-30T19:00:00+10:00,2026-08-30T09:00:00+00:00,-37.68142666335505,144.63596097650208,11.3,10.0,0,3,overcast,6.6,20.5,0.0,12.2,15.8,true
melton,Melton,24650,2026-08-30T20:00:00+10:00,2026-08-30T10:00:00+00:00,-37.68142666335505,144.63596097650208,10.8,9.9,0,3,overcast,4.7,18.0,0.0,12.0,15.0,true
melton,Melton,24650,2026-08-30T21:00:00+10:00,2026-08-30T11:00:00+00:00,-37.68142666335505,144.63596097650208,10.6,10.1,0,3,overcast,1.9,14.8,0.0,12.3,15.3,true
melton,Melton,24650,2026-08-30T22:00:00+10:00,2026-08-30T12:00:00+00:00,-37.68142666335505,144.63596097650208,10.5,10.2,0,3,overcast,0.3,11.5,0.0,13.1,16.1,true
melton,Melton,24650,2026-08-30T23:00:00+10:00,2026-08-30T13:00:00+00:00,-37.68142666335505,144.63596097650208,10.3,9.8,0,3,overcast,1.4,8.6,,,,false
melton,Melton,24650,2026-08-31T00:00:00+10:00,2026-08-30T14:00:00+00:00,-37.68142666335505,144.63596097650208,10.1,9.6,0,3,overcast,2.0,6.1,,,,false
melton,Melton,24650,2026-08-31T01:00:00+10:00,2026-08-30T15:00:00+00:00,-37.68142666335505,144.63596097650208,10.0,9.3,0,3,overcast,2.7,4.7,,,,false
melton,Melton,24650,2026-08-31T02:00:00+10:00,2026-08-30T16:00:00+00:00,-37.68142666335505,144.63596097650208,9.8,9.0,0,3,overcast,3.4,5.0,,,,false
melton,Melton,24650,2026-08-31T03:00:00+10:00,2026-08-30T17:00:00+00:00,-37.68142666335505,144.63596097650208,9.7,8.7,0,3,overcast,4.0,6.1,,,,false
melton,Melton,24650,2026-08-31T04:00:00+10:00,2026-08-30T18:00:00+00:00,-37.68142666335505,144.63596097650208,9.6,8.5,0,3,overcast,4.2,7.2,,,,false
melton,Melton,24650,2026-08-31T05:00:00+10:00,2026-08-30T19:00:00+00:00,-37.68142666335505,144.63596097650208,9.4,8.3,0,3,overcast,4.1,7.6,,,,false
melton,Melton,24650,2026-08-31T06:00:00+10:00,2026-08-30T20:00:00+00:00,-37.68142666335505,144.63596097650208,9.2,8.2,0,3,overcast,3.6,7.6,,,,false
melton,Melton,24650,2026-08-31T07:00:00+10:00,2026-08-30T21:00:00+00:00,-37.68142666335505,144.63596097650208,9.4,8.5,0,3,overcast,2.6,8.3,,,,false
melton,Melton,24650,2026-08-31T08:00:00+10:00,2026-08-30T22:00:00+00:00,-37.68142666335505,144.63596097650208,9.9,9.2,0,3,overcast,0.8,10.8,,,,false
melton,Melton,24650,2026-08-31T09:00:00+10:00,2026-08-30T23:00:00+00:00,-37.68142666335505,144.63596097650208,10.7,9.6,0,3,overcast,4.1,14.0,,,,false
melton,Melton,24650,2026-08-31T10:00:00+10:00,2026-08-31T00:00:00+00:00,-37.68142666335505,144.63596097650208,11.8,10.4,0,3,overcast,6.0,16.6,,,,false
melton,Melton,24650,2026-08-31T11:00:00+10:00,2026-08-31T01:00:00+00:00,-37.68142666335505,144.63596097650208,13.4,12.3,0,2,partly_cloudy,5.1,17.6,,,,false
melton,Melton,24650,2026-08-31T12:00:00+10:00,2026-08-31T02:00:00+00:00,-37.68142666335505,144.63596097650208,15.3,14.9,0,1,mainly_clear,4.2,17.6,,,,false
melton,Melton,24650,2026-08-31T13:00:00+10:00,2026-08-31T03:00:00+00:00,-37.68142666335505,144.63596097650208,16.5,16.5,0,0,clear_sky,5.5,18.4,,,,false
melton,Melton,24650,2026-08-31T14:00:00+10:00,2026-08-31T04:00:00+00:00,-37.68142666335505,144.63596097650208,16.8,16.4,0,0,clear_sky,7.5,20.2,,,,false
melton,Melton,24650,2026-08-31T15:00:00+10:00,2026-08-31T05:00:00+00:00,-37.68142666335505,144.63596097650208,16.4,15.2,0,0,clear_sky,9.7,22.0,,,,false
melton,Melton,24650,2026-08-31T16:00:00+10:00,2026-08-31T06:00:00+00:00,-37.68142666335505,144.63596097650208,15.5,14.2,0,0,clear_sky,10.1,23.4,,,,false
melton,Melton,24650,2026-08-31T17:00:00+10:00,2026-08-31T07:00:00+00:00,-37.68142666335505,144.63596097650208,13.8,12.7,0,0,clear_sky,7.6,24.1,,,,false
melton,Melton,24650,2026-08-31T18:00:00+10:00,2026-08-31T08:00:00+00:00,-37.68142666335505,144.63596097650208,11.6,10.9,0,0,clear_sky,3.6,23.8,,,,false
melton,Melton,24650,2026-08-31T19:00:00+10:00,2026-08-31T09:00:00+00:00,-37.68142666335505,144.63596097650208,10.0,9.4,0,0,clear_sky,2.3,22.3,,,,false
melton,Melton,24650,2026-08-31T20:00:00+10:00,2026-08-31T10:00:00+00:00,-37.68142666335505,144.63596097650208,9.5,8.5,0,0,clear_sky,3.6,18.0,,,,false
melton,Melton,24650,2026-08-31T21:00:00+10:00,2026-08-31T11:00:00+00:00,-37.68142666335505,144.63596097650208,9.5,8.3,0,0,clear_sky,5.0,12.2,,,,false
melton,Melton,24650,2026-08-31T22:00:00+10:00,2026-08-31T12:00:00+00:00,-37.68142666335505,144.63596097650208,9.7,8.3,0,0,clear_sky,6.0,8.3,,,,false
melton,Melton,24650,2026-08-31T23:00:00+10:00,2026-08-31T13:00:00+00:00,-37.68142666335505,144.63596097650208,10.1,8.8,0,1,mainly_clear,6.4,7.6,,,,false
melton,Melton,24650,2026-09-01T00:00:00+10:00,2026-08-31T14:00:00+00:00,-37.68142666335505,144.63596097650208,10.7,9.5,0,2,partly_cloudy,6.5,9.0,,,,false
melton,Melton,24650,2026-09-01T01:00:00+10:00,2026-08-31T15:00:00+00:00,-37.68142666335505,144.63596097650208,11.2,10.0,0,2,partly_cloudy,7.1,11.5,,,,false
melton,Melton,24650,2026-09-01T02:00:00+10:00,2026-08-31T16:00:00+00:00,-37.68142666335505,144.63596097650208,11.3,9.9,0,3,overcast,8.9,16.6,,,,false
melton,Melton,24650,2026-09-01T03:00:00+10:00,2026-08-31T17:00:00+00:00,-37.68142666335505,144.63596097650208,11.4,9.7,0,3,overcast,10.8,23.0,,,,false
melton,Melton,24650,2026-09-01T04:00:00+10:00,2026-08-31T18:00:00+00:00,-37.68142666335505,144.63596097650208,11.4,9.6,0,3,overcast,12.3,27.4,,,,false
melton,Melton,24650,2026-09-01T05:00:00+10:00,2026-08-31T19:00:00+00:00,-37.68142666335505,144.63596097650208,11.5,9.6,0,2,partly_cloudy,12.2,26.3,,,,false
melton,Melton,24650,2026-09-01T06:00:00+10:00,2026-08-31T20:00:00+00:00,-37.68142666335505,144.63596097650208,11.5,9.7,0,2,partly_cloudy,11.8,23.0,,,,false
melton,Melton,24650,2026-09-01T07:00:00+10:00,2026-08-31T21:00:00+00:00,-37.68142666335505,144.63596097650208,11.9,10.1,0,1,mainly_clear,11.7,22.3,,,,false
melton,Melton,24650,2026-09-01T08:00:00+10:00,2026-08-31T22:00:00+00:00,-37.68142666335505,144.63596097650208,13.8,11.0,1,2,partly_cloudy,18.7,37.1,,,,false
melton,Melton,24650,2026-09-01T09:00:00+10:00,2026-08-31T23:00:00+00:00,-37.68142666335505,144.63596097650208,14.5,11.4,2,1,mainly_clear,20.5,39.2,,,,false
melton,Melton,24650,2026-09-01T10:00:00+10:00,2026-09-01T00:00:00+00:00,-37.68142666335505,144.63596097650208,15.1,11.8,4,1,mainly_clear,21.8,41.8,,,,false
melton,Melton,24650,2026-09-01T11:00:00+10:00,2026-09-01T01:00:00+00:00,-37.68142666335505,144.63596097650208,15.8,12.3,7,1,mainly_clear,23.0,44.6,,,,false
melton,Melton,24650,2026-09-01T12:00:00+10:00,2026-09-01T02:00:00+00:00,-37.68142666335505,144.63596097650208,16.7,13.2,11,2,partly_cloudy,24.3,47.9,,,,false
melton,Melton,24650,2026-09-01T13:00:00+10:00,2026-09-01T03:00:00+00:00,-37.68142666335505,144.63596097650208,17.5,13.7,16,2,partly_cloudy,25.5,51.1,,,,false
melton,Melton,24650,2026-09-01T14:00:00+10:00,2026-09-01T04:00:00+00:00,-37.68142666335505,144.63596097650208,18.2,14.1,21,3,overcast,26.2,54.0,,,,false
melton,Melton,24650,2026-09-01T15:00:00+10:00,2026-09-01T05:00:00+00:00,-37.68142666335505,144.63596097650208,18.6,14.4,26,3,overcast,26.3,56.2,,,,false
melton,Melton,24650,2026-09-01T16:00:00+10:00,2026-09-01T06:00:00+00:00,-37.68142666335505,144.63596097650208,18.5,14.5,31,3,overcast,25.2,57.2,,,,false
melton,Melton,24650,2026-09-01T17:00:00+10:00,2026-09-01T07:00:00+00:00,-37.68142666335505,144.63596097650208,17.8,14.2,38,53,moderate_drizzle,22.6,57.2,,,,false
melton,Melton,24650,2026-09-01T18:00:00+10:00,2026-09-01T08:00:00+00:00,-37.68142666335505,144.63596097650208,16.6,13.5,45,53,moderate_drizzle,18.9,56.2,,,,false
melton,Melton,24650,2026-09-01T19:00:00+10:00,2026-09-01T09:00:00+00:00,-37.68142666335505,144.63596097650208,15.0,12.4,51,53,moderate_drizzle,16.3,54.4,,,,false
melton,Melton,24650,2026-09-01T20:00:00+10:00,2026-09-01T10:00:00+00:00,-37.68142666335505,144.63596097650208,13.4,10.9,57,53,moderate_drizzle,16.4,52.2,,,,false
melton,Melton,24650,2026-09-01T21:00:00+10:00,2026-09-01T11:00:00+00:00,-37.68142666335505,144.63596097650208,11.9,9.1,61,53,moderate_drizzle,18.4,50.0,,,,false
melton,Melton,24650,2026-09-01T22:00:00+10:00,2026-09-01T12:00:00+00:00,-37.68142666335505,144.63596097650208,10.8,7.7,63,53,moderate_drizzle,19.9,47.9,,,,false
melton,Melton,24650,2026-09-01T23:00:00+10:00,2026-09-01T13:00:00+00:00,-37.68142666335505,144.63596097650208,9.9,6.8,60,0,clear_sky,19.4,45.7,,,,false
merri_bek,Merri-bek,24700,2026-08-26T00:00:00+10:00,2026-08-25T14:00:00+00:00,-37.72688464752494,144.93745287572685,11.3,9.4,74,53,moderate_drizzle,14.1,27.7,0.0,3.3,4.0,true
merri_bek,Merri-bek,24700,2026-08-26T01:00:00+10:00,2026-08-25T15:00:00+00:00,-37.72688464752494,144.93745287572685,11.0,9.1,100,51,light_drizzle,13.9,28.4,0.0,3.1,4.0,true
merri_bek,Merri-bek,24700,2026-08-26T02:00:00+10:00,2026-08-25T16:00:00+00:00,-37.72688464752494,144.93745287572685,10.7,8.9,89,51,light_drizzle,12.0,27.7,0.0,3.4,4.6,true
merri_bek,Merri-bek,24700,2026-08-26T03:00:00+10:00,2026-08-25T17:00:00+00:00,-37.72688464752494,144.93745287572685,10.6,8.8,62,51,light_drizzle,12.1,23.8,0.0,3.6,4.9,true
merri_bek,Merri-bek,24700,2026-08-26T04:00:00+10:00,2026-08-25T18:00:00+00:00,-37.72688464752494,144.93745287572685,9.9,8.0,37,1,mainly_clear,11.1,24.1,0.0,3.9,5.5,true
merri_bek,Merri-bek,24700,2026-08-26T05:00:00+10:00,2026-08-25T19:00:00+00:00,-37.72688464752494,144.93745287572685,9.1,7.3,22,1,mainly_clear,8.9,21.6,0.0,4.3,6.1,true
merri_bek,Merri-bek,24700,2026-08-26T06:00:00+10:00,2026-08-25T20:00:00+00:00,-37.72688464752494,144.93745287572685,8.6,6.8,10,0,clear_sky,8.1,17.3,0.0,4.6,6.4,true
merri_bek,Merri-bek,24700,2026-08-26T07:00:00+10:00,2026-08-25T21:00:00+00:00,-37.72688464752494,144.93745287572685,8.1,6.1,2,0,clear_sky,8.1,15.5,0.0,5.4,7.3,true
merri_bek,Merri-bek,24700,2026-08-26T08:00:00+10:00,2026-08-25T22:00:00+00:00,-37.72688464752494,144.93745287572685,8.8,6.9,0,1,mainly_clear,8.8,18.7,0.25,5.8,8.1,true
merri_bek,Merri-bek,24700,2026-08-26T09:00:00+10:00,2026-08-25T23:00:00+00:00,-37.72688464752494,144.93745287572685,10.2,8.6,0,1,mainly_clear,7.9,19.8,0.9,5.4,7.9,true
merri_bek,Merri-bek,24700,2026-08-26T10:00:00+10:00,2026-08-26T00:00:00+00:00,-37.72688464752494,144.93745287572685,12.3,10.3,0,1,mainly_clear,10.7,22.7,1.75,7.7,11.7,true
merri_bek,Merri-bek,24700,2026-08-26T11:00:00+10:00,2026-08-26T01:00:00+00:00,-37.72688464752494,144.93745287572685,13.4,10.8,3,51,light_drizzle,14.1,34.6,2.45,6.6,10.0,true
merri_bek,Merri-bek,24700,2026-08-26T12:00:00+10:00,2026-08-26T02:00:00+00:00,-37.72688464752494,144.93745287572685,13.8,11.1,6,1,mainly_clear,13.9,34.9,2.35,7.1,10.9,true
merri_bek,Merri-bek,24700,2026-08-26T13:00:00+10:00,2026-08-26T03:00:00+00:00,-37.72688464752494,144.93745287572685,14.0,11.1,8,1,mainly_clear,15.0,36.7,2.3,6.8,10.5,true
merri_bek,Merri-bek,24700,2026-08-26T14:00:00+10:00,2026-08-26T04:00:00+00:00,-37.72688464752494,144.93745287572685,14.0,11.1,6,1,mainly_clear,14.2,36.7,1.7,6.7,10.3,true
merri_bek,Merri-bek,24700,2026-08-26T15:00:00+10:00,2026-08-26T05:00:00+00:00,-37.72688464752494,144.93745287572685,13.7,10.9,3,1,mainly_clear,13.8,34.9,0.95,6.7,10.2,true
merri_bek,Merri-bek,24700,2026-08-26T16:00:00+10:00,2026-08-26T06:00:00+00:00,-37.72688464752494,144.93745287572685,13.1,10.6,0,1,mainly_clear,12.7,33.5,0.5,7.1,10.7,true
merri_bek,Merri-bek,24700,2026-08-26T17:00:00+10:00,2026-08-26T07:00:00+00:00,-37.72688464752494,144.93745287572685,12.5,10.2,0,1,mainly_clear,11.2,30.2,0.15,7.4,11.0,true
merri_bek,Merri-bek,24700,2026-08-26T18:00:00+10:00,2026-08-26T08:00:00+00:00,-37.72688464752494,144.93745287572685,11.3,9.5,0,1,mainly_clear,8.0,25.2,0.0,9.5,13.2,true
merri_bek,Merri-bek,24700,2026-08-26T19:00:00+10:00,2026-08-26T09:00:00+00:00,-37.72688464752494,144.93745287572685,10.7,9.1,0,3,overcast,6.4,16.9,0.0,11.9,15.7,true
merri_bek,Merri-bek,24700,2026-08-26T20:00:00+10:00,2026-08-26T10:00:00+00:00,-37.72688464752494,144.93745287572685,10.3,8.8,0,3,overcast,5.2,13.0,0.0,12.6,16.1,true
merri_bek,Merri-bek,24700,2026-08-26T21:00:00+10:00,2026-08-26T11:00:00+00:00,-37.72688464752494,144.93745287572685,10.1,8.7,0,3,overcast,4.5,10.1,0.0,11.6,14.0,true
merri_bek,Merri-bek,24700,2026-08-26T22:00:00+10:00,2026-08-26T12:00:00+00:00,-37.72688464752494,144.93745287572685,9.9,8.8,0,3,overcast,3.5,8.6,0.0,11.5,13.8,true
merri_bek,Merri-bek,24700,2026-08-26T23:00:00+10:00,2026-08-26T13:00:00+00:00,-37.72688464752494,144.93745287572685,9.7,8.8,0,2,partly_cloudy,1.8,6.1,0.0,11.4,13.6,true
merri_bek,Merri-bek,24700,2026-08-27T00:00:00+10:00,2026-08-26T14:00:00+00:00,-37.72688464752494,144.93745287572685,9.2,8.4,0,2,partly_cloudy,0.2,2.5,0.0,10.9,13.1,true
merri_bek,Merri-bek,24700,2026-08-27T01:00:00+10:00,2026-08-26T15:00:00+00:00,-37.72688464752494,144.93745287572685,8.8,7.7,0,1,mainly_clear,2.7,5.4,0.0,10.0,12.3,true
merri_bek,Merri-bek,24700,2026-08-27T02:00:00+10:00,2026-08-26T16:00:00+00:00,-37.72688464752494,144.93745287572685,8.1,6.8,0,0,clear_sky,2.9,5.4,0.0,9.4,11.6,true
merri_bek,Merri-bek,24700,2026-08-27T03:00:00+10:00,2026-08-26T17:00:00+00:00,-37.72688464752494,144.93745287572685,7.5,6.0,0,0,clear_sky,2.9,4.7,0.0,8.8,11.2,true
merri_bek,Merri-bek,24700,2026-08-27T04:00:00+10:00,2026-08-26T18:00:00+00:00,-37.72688464752494,144.93745287572685,6.9,5.3,0,0,clear_sky,3.1,5.4,0.0,8.6,11.1,true
merri_bek,Merri-bek,24700,2026-08-27T05:00:00+10:00,2026-08-26T19:00:00+00:00,-37.72688464752494,144.93745287572685,6.5,4.8,0,0,clear_sky,2.4,5.8,0.0,8.6,11.2,true
merri_bek,Merri-bek,24700,2026-08-27T06:00:00+10:00,2026-08-26T20:00:00+00:00,-37.72688464752494,144.93745287572685,5.9,4.0,0,0,clear_sky,3.5,5.8,0.0,9.3,12.0,true
merri_bek,Merri-bek,24700,2026-08-27T07:00:00+10:00,2026-08-26T21:00:00+00:00,-37.72688464752494,144.93745287572685,5.6,3.8,0,0,clear_sky,2.7,5.8,0.05,12.7,15.4,true
merri_bek,Merri-bek,24700,2026-08-27T08:00:00+10:00,2026-08-26T22:00:00+00:00,-37.72688464752494,144.93745287572685,7.2,5.4,0,1,mainly_clear,3.9,9.0,0.35,17.9,19.8,true
merri_bek,Merri-bek,24700,2026-08-27T09:00:00+10:00,2026-08-26T23:00:00+00:00,-37.72688464752494,144.93745287572685,9.6,8.3,0,1,mainly_clear,1.9,9.4,1.15,12.0,15.5,true
merri_bek,Merri-bek,24700,2026-08-27T10:00:00+10:00,2026-08-27T00:00:00+00:00,-37.72688464752494,144.93745287572685,11.4,10.1,0,2,partly_cloudy,2.5,12.2,2.35,8.9,13.0,true
merri_bek,Merri-bek,24700,2026-08-27T11:00:00+10:00,2026-08-27T01:00:00+00:00,-37.72688464752494,144.93745287572685,12.7,11.6,0,3,overcast,1.7,13.0,3.45,8.4,12.4,true
merri_bek,Merri-bek,24700,2026-08-27T12:00:00+10:00,2026-08-27T02:00:00+00:00,-37.72688464752494,144.93745287572685,13.4,12.1,0,3,overcast,1.5,12.2,3.95,8.3,12.2,true
merri_bek,Merri-bek,24700,2026-08-27T13:00:00+10:00,2026-08-27T03:00:00+00:00,-37.72688464752494,144.93745287572685,14.1,13.5,0,1,mainly_clear,2.2,13.0,3.7,8.4,12.0,true
merri_bek,Merri-bek,24700,2026-08-27T14:00:00+10:00,2026-08-27T04:00:00+00:00,-37.72688464752494,144.93745287572685,14.9,14.1,0,1,mainly_clear,3.7,15.1,2.8,8.4,12.0,true
merri_bek,Merri-bek,24700,2026-08-27T15:00:00+10:00,2026-08-27T05:00:00+00:00,-37.72688464752494,144.93745287572685,15.7,14.1,0,1,mainly_clear,5.0,16.9,1.65,8.6,12.1,true
merri_bek,Merri-bek,24700,2026-08-27T16:00:00+10:00,2026-08-27T06:00:00+00:00,-37.72688464752494,144.93745287572685,15.1,13.5,0,2,partly_cloudy,5.2,16.6,0.65,8.3,11.6,true
merri_bek,Merri-bek,24700,2026-08-27T17:00:00+10:00,2026-08-27T07:00:00+00:00,-37.72688464752494,144.93745287572685,13.7,12.2,0,3,overcast,6.9,17.3,0.15,10.6,13.8,true
merri_bek,Merri-bek,24700,2026-08-27T18:00:00+10:00,2026-08-27T08:00:00+00:00,-37.72688464752494,144.93745287572685,12.6,11.8,0,3,overcast,3.1,15.8,0.0,15.9,19.1,true
merri_bek,Merri-bek,24700,2026-08-27T19:00:00+10:00,2026-08-27T09:00:00+00:00,-37.72688464752494,144.93745287572685,12.3,11.9,0,3,overcast,1.5,6.5,0.0,20.5,23.6,true
merri_bek,Merri-bek,24700,2026-08-27T20:00:00+10:00,2026-08-27T10:00:00+00:00,-37.72688464752494,144.93745287572685,11.9,11.4,0,3,overcast,2.0,4.3,0.0,24.6,27.5,true
merri_bek,Merri-bek,24700,2026-08-27T21:00:00+10:00,2026-08-27T11:00:00+00:00,-37.72688464752494,144.93745287572685,11.4,10.8,0,3,overcast,2.1,4.0,0.0,28.2,31.0,true
merri_bek,Merri-bek,24700,2026-08-27T22:00:00+10:00,2026-08-27T12:00:00+00:00,-37.72688464752494,144.93745287572685,11.1,10.6,0,3,overcast,0.9,4.0,0.0,28.2,30.3,true
merri_bek,Merri-bek,24700,2026-08-27T23:00:00+10:00,2026-08-27T13:00:00+00:00,-37.72688464752494,144.93745287572685,10.5,9.5,0,3,overcast,4.0,7.6,0.0,22.9,24.3,true
merri_bek,Merri-bek,24700,2026-08-28T00:00:00+10:00,2026-08-27T14:00:00+00:00,-37.72688464752494,144.93745287572685,10.6,9.1,0,2,partly_cloudy,6.8,13.7,0.0,16.9,18.0,true
merri_bek,Merri-bek,24700,2026-08-28T01:00:00+10:00,2026-08-27T15:00:00+00:00,-37.72688464752494,144.93745287572685,9.1,7.2,0,0,clear_sky,8.1,16.6,0.0,12.6,13.5,true
merri_bek,Merri-bek,24700,2026-08-28T02:00:00+10:00,2026-08-27T16:00:00+00:00,-37.72688464752494,144.93745287572685,8.2,5.8,0,3,overcast,9.0,18.4,0.0,9.5,10.4,true
merri_bek,Merri-bek,24700,2026-08-28T03:00:00+10:00,2026-08-27T17:00:00+00:00,-37.72688464752494,144.93745287572685,7.9,5.5,0,3,overcast,8.0,18.4,0.0,7.2,8.1,true
merri_bek,Merri-bek,24700,2026-08-28T04:00:00+10:00,2026-08-27T18:00:00+00:00,-37.72688464752494,144.93745287572685,7.9,5.5,0,3,overcast,7.9,15.8,0.0,5.8,6.8,true
merri_bek,Merri-bek,24700,2026-08-28T05:00:00+10:00,2026-08-27T19:00:00+00:00,-37.72688464752494,144.93745287572685,7.9,5.5,0,1,mainly_clear,8.0,15.8,0.0,5.2,6.3,true
merri_bek,Merri-bek,24700,2026-08-28T06:00:00+10:00,2026-08-27T20:00:00+00:00,-37.72688464752494,144.93745287572685,7.6,5.0,0,0,clear_sky,8.8,17.3,0.0,5.1,6.2,true
merri_bek,Merri-bek,24700,2026-08-28T07:00:00+10:00,2026-08-27T21:00:00+00:00,-37.72688464752494,144.93745287572685,7.3,4.7,0,0,clear_sky,9.3,19.1,0.05,6.4,7.5,true
merri_bek,Merri-bek,24700,2026-08-28T08:00:00+10:00,2026-08-27T22:00:00+00:00,-37.72688464752494,144.93745287572685,8.6,6.1,2,0,clear_sky,9.4,19.1,0.2,8.1,9.3,true
merri_bek,Merri-bek,24700,2026-08-28T09:00:00+10:00,2026-08-27T23:00:00+00:00,-37.72688464752494,144.93745287572685,11.2,9.5,4,0,clear_sky,6.8,18.4,0.55,10.4,11.6,true
merri_bek,Merri-bek,24700,2026-08-28T10:00:00+10:00,2026-08-28T00:00:00+00:00,-37.72688464752494,144.93745287572685,13.7,12.2,8,1,mainly_clear,4.5,17.3,1.05,8.3,10.2,true
merri_bek,Merri-bek,24700,2026-08-28T11:00:00+10:00,2026-08-28T01:00:00+00:00,-37.72688464752494,144.93745287572685,15.0,13.7,12,3,overcast,4.2,15.1,1.5,7.2,9.1,true
merri_bek,Merri-bek,24700,2026-08-28T12:00:00+10:00,2026-08-28T02:00:00+00:00,-37.72688464752494,144.93745287572685,14.8,13.8,18,3,overcast,3.1,14.8,1.45,4.9,6.1,true
merri_bek,Merri-bek,24700,2026-08-28T13:00:00+10:00,2026-08-28T03:00:00+00:00,-37.72688464752494,144.93745287572685,15.2,14.4,24,3,overcast,1.9,10.1,2.85,4.0,5.0,true
merri_bek,Merri-bek,24700,2026-08-28T14:00:00+10:00,2026-08-28T04:00:00+00:00,-37.72688464752494,144.93745287572685,15.0,14.0,35,3,overcast,3.9,11.5,2.2,3.8,5.1,true
merri_bek,Merri-bek,24700,2026-08-28T15:00:00+10:00,2026-08-28T05:00:00+00:00,-37.72688464752494,144.93745287572685,14.2,13.3,46,51,light_drizzle,5.2,13.7,1.5,4.7,6.6,true
merri_bek,Merri-bek,24700,2026-08-28T16:00:00+10:00,2026-08-28T06:00:00+00:00,-37.72688464752494,144.93745287572685,13.4,13.0,51,53,moderate_drizzle,3.6,13.3,0.65,6.3,9.2,true
merri_bek,Merri-bek,24700,2026-08-28T17:00:00+10:00,2026-08-28T07:00:00+00:00,-37.72688464752494,144.93745287572685,13.2,13.3,43,51,light_drizzle,0.7,10.1,0.15,8.2,12.1,true
merri_bek,Merri-bek,24700,2026-08-28T18:00:00+10:00,2026-08-28T08:00:00+00:00,-37.72688464752494,144.93745287572685,13.0,13.3,27,51,light_drizzle,0.2,5.0,0.0,11.3,15.4,true
merri_bek,Merri-bek,24700,2026-08-28T19:00:00+10:00,2026-08-28T09:00:00+00:00,-37.72688464752494,144.93745287572685,12.7,12.9,14,3,overcast,1.5,2.2,0.0,14.8,18.6,true
merri_bek,Merri-bek,24700,2026-08-28T20:00:00+10:00,2026-08-28T10:00:00+00:00,-37.72688464752494,144.93745287572685,12.3,12.3,7,1,mainly_clear,2.1,2.9,0.0,19.0,23.3,true
merri_bek,Merri-bek,24700,2026-08-28T21:00:00+10:00,2026-08-28T11:00:00+00:00,-37.72688464752494,144.93745287572685,11.2,10.9,3,1,mainly_clear,2.7,4.0,0.0,22.0,26.8,true
merri_bek,Merri-bek,24700,2026-08-28T22:00:00+10:00,2026-08-28T12:00:00+00:00,-37.72688464752494,144.93745287572685,10.2,9.7,0,2,partly_cloudy,3.3,4.7,0.0,26.8,32.1,true
merri_bek,Merri-bek,24700,2026-08-28T23:00:00+10:00,2026-08-28T13:00:00+00:00,-37.72688464752494,144.93745287572685,9.8,9.3,0,51,light_drizzle,3.0,6.5,0.0,27.9,33.6,true
merri_bek,Merri-bek,24700,2026-08-29T00:00:00+10:00,2026-08-28T14:00:00+00:00,-37.72688464752494,144.93745287572685,9.8,9.3,1,3,overcast,2.7,4.3,0.0,28.5,34.3,true
merri_bek,Merri-bek,24700,2026-08-29T01:00:00+10:00,2026-08-28T15:00:00+00:00,-37.72688464752494,144.93745287572685,10.3,10.0,2,3,overcast,3.0,6.1,0.0,27.4,33.2,true
merri_bek,Merri-bek,24700,2026-08-29T02:00:00+10:00,2026-08-28T16:00:00+00:00,-37.72688464752494,144.93745287572685,10.2,9.7,3,3,overcast,3.7,6.5,0.0,24.8,30.4,true
merri_bek,Merri-bek,24700,2026-08-29T03:00:00+10:00,2026-08-28T17:00:00+00:00,-37.72688464752494,144.93745287572685,10.2,9.3,4,3,overcast,5.7,10.4,0.0,20.9,25.7,true
merri_bek,Merri-bek,24700,2026-08-29T04:00:00+10:00,2026-08-28T18:00:00+00:00,-37.72688464752494,144.93745287572685,10.0,8.9,4,3,overcast,7.2,14.4,0.0,16.6,20.6,true
merri_bek,Merri-bek,24700,2026-08-29T05:00:00+10:00,2026-08-28T19:00:00+00:00,-37.72688464752494,144.93745287572685,9.7,8.6,3,3,overcast,6.3,14.8,0.0,12.8,16.4,true
merri_bek,Merri-bek,24700,2026-08-29T06:00:00+10:00,2026-08-28T20:00:00+00:00,-37.72688464752494,144.93745287572685,9.2,8.0,1,2,partly_cloudy,5.5,13.3,0.0,10.6,13.8,true
merri_bek,Merri-bek,24700,2026-08-29T07:00:00+10:00,2026-08-28T21:00:00+00:00,-37.72688464752494,144.93745287572685,8.4,7.4,0,1,mainly_clear,3.3,11.5,0.05,11.3,14.0,true
merri_bek,Merri-bek,24700,2026-08-29T08:00:00+10:00,2026-08-28T22:00:00+00:00,-37.72688464752494,144.93745287572685,8.7,7.7,0,0,clear_sky,3.4,10.1,0.4,12.3,14.9,true
merri_bek,Merri-bek,24700,2026-08-29T09:00:00+10:00,2026-08-28T23:00:00+00:00,-37.72688464752494,144.93745287572685,9.9,8.9,1,0,clear_sky,4.2,13.7,1.05,11.6,15.7,true
merri_bek,Merri-bek,24700,2026-08-29T10:00:00+10:00,2026-08-29T00:00:00+00:00,-37.72688464752494,144.93745287572685,11.4,9.8,2,1,mainly_clear,6.9,20.9,1.95,11.9,17.6,true
merri_bek,Merri-bek,24700,2026-08-29T11:00:00+10:00,2026-08-29T01:00:00+00:00,-37.72688464752494,144.93745287572685,12.3,10.2,2,2,partly_cloudy,8.1,23.4,2.55,11.5,17.9,true
merri_bek,Merri-bek,24700,2026-08-29T12:00:00+10:00,2026-08-29T02:00:00+00:00,-37.72688464752494,144.93745287572685,12.7,10.5,1,2,partly_cloudy,8.4,24.1,2.75,11.1,17.2,true
merri_bek,Merri-bek,24700,2026-08-29T13:00:00+10:00,2026-08-29T03:00:00+00:00,-37.72688464752494,144.93745287572685,13.2,10.9,0,2,partly_cloudy,8.3,24.1,2.55,11.1,17.1,true
merri_bek,Merri-bek,24700,2026-08-29T14:00:00+10:00,2026-08-29T04:00:00+00:00,-37.72688464752494,144.93745287572685,13.4,10.8,0,2,partly_cloudy,11.2,29.2,1.85,11.0,16.8,true
merri_bek,Merri-bek,24700,2026-08-29T15:00:00+10:00,2026-08-29T05:00:00+00:00,-37.72688464752494,144.93745287572685,13.0,10.1,0,3,overcast,13.1,32.8,1.05,11.3,17.0,true
merri_bek,Merri-bek,24700,2026-08-29T16:00:00+10:00,2026-08-29T06:00:00+00:00,-37.72688464752494,144.93745287572685,12.3,9.9,0,3,overcast,10.9,32.8,0.4,12.5,18.7,true
merri_bek,Merri-bek,24700,2026-08-29T17:00:00+10:00,2026-08-29T07:00:00+00:00,-37.72688464752494,144.93745287572685,11.9,10.0,0,3,overcast,8.1,25.6,0.1,13.8,20.7,true
merri_bek,Merri-bek,24700,2026-08-29T18:00:00+10:00,2026-08-29T08:00:00+00:00,-37.72688464752494,144.93745287572685,11.5,10.7,0,0,clear_sky,1.9,18.0,0.0,15.7,23.2,true
merri_bek,Merri-bek,24700,2026-08-29T19:00:00+10:00,2026-08-29T09:00:00+00:00,-37.72688464752494,144.93745287572685,10.1,9.1,0,0,clear_sky,3.1,6.1,0.0,14.3,19.7,true
merri_bek,Merri-bek,24700,2026-08-29T20:00:00+10:00,2026-08-29T10:00:00+00:00,-37.72688464752494,144.93745287572685,10.0,9.2,1,3,overcast,1.6,6.5,0.0,14.2,19.1,true
merri_bek,Merri-bek,24700,2026-08-29T21:00:00+10:00,2026-08-29T11:00:00+00:00,-37.72688464752494,144.93745287572685,10.6,9.8,1,3,overcast,2.2,4.0,0.0,14.4,19.3,true
merri_bek,Merri-bek,24700,2026-08-29T22:00:00+10:00,2026-08-29T12:00:00+00:00,-37.72688464752494,144.93745287572685,10.9,9.8,2,3,overcast,4.8,9.0,0.0,12.7,16.9,true
merri_bek,Merri-bek,24700,2026-08-29T23:00:00+10:00,2026-08-29T13:00:00+00:00,-37.72688464752494,144.93745287572685,10.9,9.4,2,3,overcast,7.1,14.8,0.0,11.0,14.6,true
merri_bek,Merri-bek,24700,2026-08-30T00:00:00+10:00,2026-08-29T14:00:00+00:00,-37.72688464752494,144.93745287572685,10.2,8.6,2,3,overcast,7.1,16.6,0.0,9.6,12.7,true
merri_bek,Merri-bek,24700,2026-08-30T01:00:00+10:00,2026-08-29T15:00:00+00:00,-37.72688464752494,144.93745287572685,9.6,8.1,2,1,mainly_clear,5.9,15.5,0.0,8.4,11.3,true
merri_bek,Merri-bek,24700,2026-08-30T02:00:00+10:00,2026-08-29T16:00:00+00:00,-37.72688464752494,144.93745287572685,8.9,7.4,2,2,partly_cloudy,5.1,12.2,0.0,7.5,10.3,true
merri_bek,Merri-bek,24700,2026-08-30T03:00:00+10:00,2026-08-29T17:00:00+00:00,-37.72688464752494,144.93745287572685,8.3,6.9,2,2,partly_cloudy,4.2,10.1,0.0,7.0,9.7,true
merri_bek,Merri-bek,24700,2026-08-30T04:00:00+10:00,2026-08-29T18:00:00+00:00,-37.72688464752494,144.93745287572685,8.1,6.8,2,2,partly_cloudy,3.8,8.6,0.0,6.6,9.3,true
merri_bek,Merri-bek,24700,2026-08-30T05:00:00+10:00,2026-08-29T19:00:00+00:00,-37.72688464752494,144.93745287572685,7.9,6.5,1,2,partly_cloudy,3.6,7.9,0.0,6.5,9.2,true
merri_bek,Merri-bek,24700,2026-08-30T06:00:00+10:00,2026-08-29T20:00:00+00:00,-37.72688464752494,144.93745287572685,7.7,6.3,1,2,partly_cloudy,3.8,7.9,0.0,6.9,9.6,true
merri_bek,Merri-bek,24700,2026-08-30T07:00:00+10:00,2026-08-29T21:00:00+00:00,-37.72688464752494,144.93745287572685,8.1,6.7,0,2,partly_cloudy,3.7,9.0,0.05,8.2,11.0,true
merri_bek,Merri-bek,24700,2026-08-30T08:00:00+10:00,2026-08-29T22:00:00+00:00,-37.72688464752494,144.93745287572685,9.2,7.9,0,3,overcast,3.6,12.2,0.25,10.3,13.8,true
merri_bek,Merri-bek,24700,2026-08-30T09:00:00+10:00,2026-08-29T23:00:00+00:00,-37.72688464752494,144.93745287572685,10.8,9.5,0,3,overcast,5.0,16.6,0.8,10.0,14.0,true
merri_bek,Merri-bek,24700,2026-08-30T10:00:00+10:00,2026-08-30T00:00:00+00:00,-37.72688464752494,144.93745287572685,12.1,10.6,0,3,overcast,6.9,20.2,1.75,9.8,14.4,true
merri_bek,Merri-bek,24700,2026-08-30T11:00:00+10:00,2026-08-30T01:00:00+00:00,-37.72688464752494,144.93745287572685,12.9,11.3,0,3,overcast,7.9,22.7,2.75,10.2,15.3,true
merri_bek,Merri-bek,24700,2026-08-30T12:00:00+10:00,2026-08-30T02:00:00+00:00,-37.72688464752494,144.93745287572685,13.4,11.8,0,3,overcast,8.1,24.1,3.25,10.5,15.6,true
merri_bek,Merri-bek,24700,2026-08-30T13:00:00+10:00,2026-08-30T03:00:00+00:00,-37.72688464752494,144.93745287572685,13.7,12.0,0,3,overcast,8.4,25.2,3.55,10.6,15.5,true
merri_bek,Merri-bek,24700,2026-08-30T14:00:00+10:00,2026-08-30T04:00:00+00:00,-37.72688464752494,144.93745287572685,13.7,12.0,0,3,overcast,8.7,25.6,3.15,9.8,14.4,true
merri_bek,Merri-bek,24700,2026-08-30T15:00:00+10:00,2026-08-30T05:00:00+00:00,-37.72688464752494,144.93745287572685,13.5,11.8,0,3,overcast,8.5,24.8,1.9,9.8,14.3,true
merri_bek,Merri-bek,24700,2026-08-30T16:00:00+10:00,2026-08-30T06:00:00+00:00,-37.72688464752494,144.93745287572685,13.1,11.5,0,3,overcast,7.9,24.1,0.8,10.0,14.3,true
merri_bek,Merri-bek,24700,2026-08-30T17:00:00+10:00,2026-08-30T07:00:00+00:00,-37.72688464752494,144.93745287572685,12.6,11.2,0,3,overcast,6.5,23.4,0.2,10.1,14.6,true
merri_bek,Merri-bek,24700,2026-08-30T18:00:00+10:00,2026-08-30T08:00:00+00:00,-37.72688464752494,144.93745287572685,11.9,10.8,0,3,overcast,4.6,22.7,0.0,11.7,16.0,true
merri_bek,Merri-bek,24700,2026-08-30T19:00:00+10:00,2026-08-30T09:00:00+00:00,-37.72688464752494,144.93745287572685,11.3,10.5,0,3,overcast,3.3,20.5,0.0,12.2,15.8,true
merri_bek,Merri-bek,24700,2026-08-30T20:00:00+10:00,2026-08-30T10:00:00+00:00,-37.72688464752494,144.93745287572685,10.8,10.1,0,2,partly_cloudy,2.5,16.6,0.0,12.0,15.0,true
merri_bek,Merri-bek,24700,2026-08-30T21:00:00+10:00,2026-08-30T11:00:00+00:00,-37.72688464752494,144.93745287572685,10.3,9.7,0,2,partly_cloudy,1.7,11.2,0.0,12.3,15.3,true
merri_bek,Merri-bek,24700,2026-08-30T22:00:00+10:00,2026-08-30T12:00:00+00:00,-37.72688464752494,144.93745287572685,10.0,9.3,0,2,partly_cloudy,1.3,7.2,0.0,13.1,16.1,true
merri_bek,Merri-bek,24700,2026-08-30T23:00:00+10:00,2026-08-30T13:00:00+00:00,-37.72688464752494,144.93745287572685,9.8,9.2,0,2,partly_cloudy,1.0,5.0,,,,false
merri_bek,Merri-bek,24700,2026-08-31T00:00:00+10:00,2026-08-30T14:00:00+00:00,-37.72688464752494,144.93745287572685,9.8,9.2,0,3,overcast,0.6,3.6,,,,false
merri_bek,Merri-bek,24700,2026-08-31T01:00:00+10:00,2026-08-30T15:00:00+00:00,-37.72688464752494,144.93745287572685,9.7,9.2,0,3,overcast,0.4,2.9,,,,false
merri_bek,Merri-bek,24700,2026-08-31T02:00:00+10:00,2026-08-30T16:00:00+00:00,-37.72688464752494,144.93745287572685,9.7,9.1,0,3,overcast,0.6,2.2,,,,false
merri_bek,Merri-bek,24700,2026-08-31T03:00:00+10:00,2026-08-30T17:00:00+00:00,-37.72688464752494,144.93745287572685,9.7,9.1,0,3,overcast,0.8,2.2,,,,false
merri_bek,Merri-bek,24700,2026-08-31T04:00:00+10:00,2026-08-30T18:00:00+00:00,-37.72688464752494,144.93745287572685,9.7,9.1,0,3,overcast,0.9,2.2,,,,false
merri_bek,Merri-bek,24700,2026-08-31T05:00:00+10:00,2026-08-30T19:00:00+00:00,-37.72688464752494,144.93745287572685,9.5,8.9,0,3,overcast,0.9,1.8,,,,false
merri_bek,Merri-bek,24700,2026-08-31T06:00:00+10:00,2026-08-30T20:00:00+00:00,-37.72688464752494,144.93745287572685,9.4,8.8,0,3,overcast,1.3,1.4,,,,false
merri_bek,Merri-bek,24700,2026-08-31T07:00:00+10:00,2026-08-30T21:00:00+00:00,-37.72688464752494,144.93745287572685,9.5,8.9,0,3,overcast,1.5,2.5,,,,false
merri_bek,Merri-bek,24700,2026-08-31T08:00:00+10:00,2026-08-30T22:00:00+00:00,-37.72688464752494,144.93745287572685,10.1,9.5,0,3,overcast,1.4,5.8,,,,false
merri_bek,Merri-bek,24700,2026-08-31T09:00:00+10:00,2026-08-30T23:00:00+00:00,-37.72688464752494,144.93745287572685,10.9,10.1,0,3,overcast,2.7,10.4,,,,false
merri_bek,Merri-bek,24700,2026-08-31T10:00:00+10:00,2026-08-31T00:00:00+00:00,-37.72688464752494,144.93745287572685,12.0,11.0,0,3,overcast,4.1,14.0,,,,false
merri_bek,Merri-bek,24700,2026-08-31T11:00:00+10:00,2026-08-31T01:00:00+00:00,-37.72688464752494,144.93745287572685,13.5,12.6,0,2,partly_cloudy,4.3,15.8,,,,false
merri_bek,Merri-bek,24700,2026-08-31T12:00:00+10:00,2026-08-31T02:00:00+00:00,-37.72688464752494,144.93745287572685,15.2,14.7,0,1,mainly_clear,4.3,16.9,,,,false
merri_bek,Merri-bek,24700,2026-08-31T13:00:00+10:00,2026-08-31T03:00:00+00:00,-37.72688464752494,144.93745287572685,16.6,16.6,0,0,clear_sky,3.7,17.3,,,,false
merri_bek,Merri-bek,24700,2026-08-31T14:00:00+10:00,2026-08-31T04:00:00+00:00,-37.72688464752494,144.93745287572685,17.4,17.8,0,0,clear_sky,2.1,17.3,,,,false
merri_bek,Merri-bek,24700,2026-08-31T15:00:00+10:00,2026-08-31T05:00:00+00:00,-37.72688464752494,144.93745287572685,17.8,18.0,0,0,clear_sky,0.5,16.6,,,,false
merri_bek,Merri-bek,24700,2026-08-31T16:00:00+10:00,2026-08-31T06:00:00+00:00,-37.72688464752494,144.93745287572685,17.6,17.7,0,0,clear_sky,1.4,15.5,,,,false
merri_bek,Merri-bek,24700,2026-08-31T17:00:00+10:00,2026-08-31T07:00:00+00:00,-37.72688464752494,144.93745287572685,16.2,16.4,0,0,clear_sky,1.5,13.7,,,,false
merri_bek,Merri-bek,24700,2026-08-31T18:00:00+10:00,2026-08-31T08:00:00+00:00,-37.72688464752494,144.93745287572685,14.1,14.4,0,0,clear_sky,0.9,11.2,,,,false
merri_bek,Merri-bek,24700,2026-08-31T19:00:00+10:00,2026-08-31T09:00:00+00:00,-37.72688464752494,144.93745287572685,12.5,12.6,0,0,clear_sky,1.9,11.2,,,,false
merri_bek,Merri-bek,24700,2026-08-31T20:00:00+10:00,2026-08-31T10:00:00+00:00,-37.72688464752494,144.93745287572685,12.1,11.6,0,0,clear_sky,5.1,15.1,,,,false
merri_bek,Merri-bek,24700,2026-08-31T21:00:00+10:00,2026-08-31T11:00:00+00:00,-37.72688464752494,144.93745287572685,12.2,11.0,0,0,clear_sky,9.4,21.2,,,,false
merri_bek,Merri-bek,24700,2026-08-31T22:00:00+10:00,2026-08-31T12:00:00+00:00,-37.72688464752494,144.93745287572685,12.3,10.5,0,0,clear_sky,12.6,25.9,,,,false
merri_bek,Merri-bek,24700,2026-08-31T23:00:00+10:00,2026-08-31T13:00:00+00:00,-37.72688464752494,144.93745287572685,12.3,10.3,0,0,clear_sky,13.5,27.4,,,,false
merri_bek,Merri-bek,24700,2026-09-01T00:00:00+10:00,2026-08-31T14:00:00+00:00,-37.72688464752494,144.93745287572685,12.2,10.3,0,0,clear_sky,13.5,27.7,,,,false
merri_bek,Merri-bek,24700,2026-09-01T01:00:00+10:00,2026-08-31T15:00:00+00:00,-37.72688464752494,144.93745287572685,12.2,10.2,0,0,clear_sky,13.7,29.2,,,,false
merri_bek,Merri-bek,24700,2026-09-01T02:00:00+10:00,2026-08-31T16:00:00+00:00,-37.72688464752494,144.93745287572685,12.2,10.1,0,1,mainly_clear,14.9,32.8,,,,false
merri_bek,Merri-bek,24700,2026-09-01T03:00:00+10:00,2026-08-31T17:00:00+00:00,-37.72688464752494,144.93745287572685,12.2,9.9,0,2,partly_cloudy,16.7,37.4,,,,false
merri_bek,Merri-bek,24700,2026-09-01T04:00:00+10:00,2026-08-31T18:00:00+00:00,-37.72688464752494,144.93745287572685,12.2,9.7,0,3,overcast,18.2,41.4,,,,false
merri_bek,Merri-bek,24700,2026-09-01T05:00:00+10:00,2026-08-31T19:00:00+00:00,-37.72688464752494,144.93745287572685,12.0,9.2,0,3,overcast,19.3,43.2,,,,false
merri_bek,Merri-bek,24700,2026-09-01T06:00:00+10:00,2026-08-31T20:00:00+00:00,-37.72688464752494,144.93745287572685,11.6,8.7,0,3,overcast,20.0,43.9,,,,false
merri_bek,Merri-bek,24700,2026-09-01T07:00:00+10:00,2026-08-31T21:00:00+00:00,-37.72688464752494,144.93745287572685,11.6,8.5,0,3,overcast,20.7,45.4,,,,false
merri_bek,Merri-bek,24700,2026-09-01T08:00:00+10:00,2026-08-31T22:00:00+00:00,-37.72688464752494,144.93745287572685,13.0,9.8,0,2,partly_cloudy,21.5,51.1,,,,false
merri_bek,Merri-bek,24700,2026-09-01T09:00:00+10:00,2026-08-31T23:00:00+00:00,-37.72688464752494,144.93745287572685,13.3,10.0,0,2,partly_cloudy,22.1,53.6,,,,false
merri_bek,Merri-bek,24700,2026-09-01T10:00:00+10:00,2026-09-01T00:00:00+00:00,-37.72688464752494,144.93745287572685,13.8,10.4,0,2,partly_cloudy,22.6,55.8,,,,false
merri_bek,Merri-bek,24700,2026-09-01T11:00:00+10:00,2026-09-01T01:00:00+00:00,-37.72688464752494,144.93745287572685,14.5,11.0,3,2,partly_cloudy,23.3,58.3,,,,false
merri_bek,Merri-bek,24700,2026-09-01T12:00:00+10:00,2026-09-01T02:00:00+00:00,-37.72688464752494,144.93745287572685,15.5,12.2,8,2,partly_cloudy,24.1,61.6,,,,false
merri_bek,Merri-bek,24700,2026-09-01T13:00:00+10:00,2026-09-01T03:00:00+00:00,-37.72688464752494,144.93745287572685,16.5,13.2,13,3,overcast,25.0,64.4,,,,false
merri_bek,Merri-bek,24700,2026-09-01T14:00:00+10:00,2026-09-01T04:00:00+00:00,-37.72688464752494,144.93745287572685,17.5,13.9,19,3,overcast,25.5,67.0,,,,false
merri_bek,Merri-bek,24700,2026-09-01T15:00:00+10:00,2026-09-01T05:00:00+00:00,-37.72688464752494,144.93745287572685,18.1,14.6,25,3,overcast,25.2,68.8,,,,false
merri_bek,Merri-bek,24700,2026-09-01T16:00:00+10:00,2026-09-01T06:00:00+00:00,-37.72688464752494,144.93745287572685,18.3,15.1,31,3,overcast,23.6,69.1,,,,false
merri_bek,Merri-bek,24700,2026-09-01T17:00:00+10:00,2026-09-01T07:00:00+00:00,-37.72688464752494,144.93745287572685,17.9,15.2,38,53,moderate_drizzle,20.3,68.0,,,,false
merri_bek,Merri-bek,24700,2026-09-01T18:00:00+10:00,2026-09-01T08:00:00+00:00,-37.72688464752494,144.93745287572685,17.1,15.0,45,53,moderate_drizzle,16.1,65.5,,,,false
merri_bek,Merri-bek,24700,2026-09-01T19:00:00+10:00,2026-09-01T09:00:00+00:00,-37.72688464752494,144.93745287572685,15.9,14.2,52,53,moderate_drizzle,13.8,61.9,,,,false
merri_bek,Merri-bek,24700,2026-09-01T20:00:00+10:00,2026-09-01T10:00:00+00:00,-37.72688464752494,144.93745287572685,14.7,12.8,58,53,moderate_drizzle,15.0,58.3,,,,false
merri_bek,Merri-bek,24700,2026-09-01T21:00:00+10:00,2026-09-01T11:00:00+00:00,-37.72688464752494,144.93745287572685,13.4,11.0,63,53,moderate_drizzle,18.2,54.7,,,,false
merri_bek,Merri-bek,24700,2026-09-01T22:00:00+10:00,2026-09-01T12:00:00+00:00,-37.72688464752494,144.93745287572685,12.4,9.6,65,53,moderate_drizzle,20.3,52.2,,,,false
merri_bek,Merri-bek,24700,2026-09-01T23:00:00+10:00,2026-09-01T13:00:00+00:00,-37.72688464752494,144.93745287572685,11.5,8.7,63,1,mainly_clear,19.7,50.4,,,,false
monash,Monash,24970,2026-08-26T00:00:00+10:00,2026-08-25T14:00:00+00:00,-37.89673562404778,145.1412216752278,11.1,9.3,58,53,moderate_drizzle,12.9,23.8,0.0,3.8,5.5,true
monash,Monash,24970,2026-08-26T01:00:00+10:00,2026-08-25T15:00:00+00:00,-37.89673562404778,145.1412216752278,10.8,9.0,80,53,moderate_drizzle,12.4,27.4,0.0,3.9,6.0,true
monash,Monash,24970,2026-08-26T02:00:00+10:00,2026-08-25T16:00:00+00:00,-37.89673562404778,145.1412216752278,10.8,9.1,63,51,light_drizzle,11.5,24.1,0.0,4.4,7.0,true
monash,Monash,24970,2026-08-26T03:00:00+10:00,2026-08-25T17:00:00+00:00,-37.89673562404778,145.1412216752278,10.7,8.8,29,51,light_drizzle,11.9,22.3,0.0,4.9,7.8,true
monash,Monash,24970,2026-08-26T04:00:00+10:00,2026-08-25T18:00:00+00:00,-37.89673562404778,145.1412216752278,10.1,8.4,10,51,light_drizzle,9.8,22.3,0.0,5.1,8.1,true
monash,Monash,24970,2026-08-26T05:00:00+10:00,2026-08-25T19:00:00+00:00,-37.89673562404778,145.1412216752278,8.9,7.3,25,2,partly_cloudy,6.7,18.0,0.0,5.3,8.4,true
monash,Monash,24970,2026-08-26T06:00:00+10:00,2026-08-25T20:00:00+00:00,-37.89673562404778,145.1412216752278,8.7,7.2,56,51,light_drizzle,6.3,10.4,0.0,5.4,8.4,true
monash,Monash,24970,2026-08-26T07:00:00+10:00,2026-08-25T21:00:00+00:00,-37.89673562404778,145.1412216752278,8.4,6.9,75,51,light_drizzle,6.2,10.1,0.05,5.9,8.7,true
monash,Monash,24970,2026-08-26T08:00:00+10:00,2026-08-25T22:00:00+00:00,-37.89673562404778,145.1412216752278,9.5,7.8,69,51,light_drizzle,9.6,18.0,0.35,6.5,9.5,true
monash,Monash,24970,2026-08-26T09:00:00+10:00,2026-08-25T23:00:00+00:00,-37.89673562404778,145.1412216752278,10.5,8.9,52,51,light_drizzle,9.2,22.3,1.0,6.5,9.9,true
monash,Monash,24970,2026-08-26T10:00:00+10:00,2026-08-26T00:00:00+00:00,-37.89673562404778,145.1412216752278,12.1,10.0,37,51,light_drizzle,12.5,27.4,1.9,7.9,12.5,true
monash,Monash,24970,2026-08-26T11:00:00+10:00,2026-08-26T01:00:00+00:00,-37.89673562404778,145.1412216752278,13.1,10.6,31,51,light_drizzle,13.4,33.5,2.8,7.3,11.7,true
monash,Monash,24970,2026-08-26T12:00:00+10:00,2026-08-26T02:00:00+00:00,-37.89673562404778,145.1412216752278,13.4,10.6,27,51,light_drizzle,15.3,36.4,2.95,8.0,12.9,true
monash,Monash,24970,2026-08-26T13:00:00+10:00,2026-08-26T03:00:00+00:00,-37.89673562404778,145.1412216752278,13.7,10.8,22,51,light_drizzle,15.2,37.4,2.65,7.3,11.9,true
monash,Monash,24970,2026-08-26T14:00:00+10:00,2026-08-26T04:00:00+00:00,-37.89673562404778,145.1412216752278,13.8,11.0,14,1,mainly_clear,14.8,36.7,2.0,7.1,11.5,true
monash,Monash,24970,2026-08-26T15:00:00+10:00,2026-08-26T05:00:00+00:00,-37.89673562404778,145.1412216752278,13.3,10.7,6,0,clear_sky,13.4,35.6,1.15,7.0,11.3,true
monash,Monash,24970,2026-08-26T16:00:00+10:00,2026-08-26T06:00:00+00:00,-37.89673562404778,145.1412216752278,13.0,10.5,0,0,clear_sky,12.6,32.0,0.5,7.2,11.5,true
monash,Monash,24970,2026-08-26T17:00:00+10:00,2026-08-26T07:00:00+00:00,-37.89673562404778,145.1412216752278,12.4,10.1,0,2,partly_cloudy,10.4,28.8,0.1,7.6,11.8,true
monash,Monash,24970,2026-08-26T18:00:00+10:00,2026-08-26T08:00:00+00:00,-37.89673562404778,145.1412216752278,11.0,9.3,0,3,overcast,7.2,22.7,0.0,9.2,13.4,true
monash,Monash,24970,2026-08-26T19:00:00+10:00,2026-08-26T09:00:00+00:00,-37.89673562404778,145.1412216752278,10.7,8.9,0,3,overcast,7.3,15.5,0.0,11.3,15.5,true
monash,Monash,24970,2026-08-26T20:00:00+10:00,2026-08-26T10:00:00+00:00,-37.89673562404778,145.1412216752278,10.1,8.5,0,3,overcast,6.3,14.4,0.0,12.5,16.8,true
monash,Monash,24970,2026-08-26T21:00:00+10:00,2026-08-26T11:00:00+00:00,-37.89673562404778,145.1412216752278,9.6,8.1,0,3,overcast,5.2,11.9,0.0,12.4,16.3,true
monash,Monash,24970,2026-08-26T22:00:00+10:00,2026-08-26T12:00:00+00:00,-37.89673562404778,145.1412216752278,9.4,7.9,0,3,overcast,5.2,10.1,0.0,12.8,16.7,true
monash,Monash,24970,2026-08-26T23:00:00+10:00,2026-08-26T13:00:00+00:00,-37.89673562404778,145.1412216752278,9.1,7.7,0,3,overcast,4.5,9.7,0.0,13.3,17.2,true
monash,Monash,24970,2026-08-27T00:00:00+10:00,2026-08-26T14:00:00+00:00,-37.89673562404778,145.1412216752278,8.8,7.5,0,3,overcast,3.6,8.3,0.0,13.6,17.6,true
monash,Monash,24970,2026-08-27T01:00:00+10:00,2026-08-26T15:00:00+00:00,-37.89673562404778,145.1412216752278,8.6,7.6,0,3,overcast,1.4,6.8,0.0,13.6,17.6,true
monash,Monash,24970,2026-08-27T02:00:00+10:00,2026-08-26T16:00:00+00:00,-37.89673562404778,145.1412216752278,8.1,7.0,0,3,overcast,1.5,4.3,0.0,13.6,17.7,true
monash,Monash,24970,2026-08-27T03:00:00+10:00,2026-08-26T17:00:00+00:00,-37.89673562404778,145.1412216752278,7.2,5.9,0,3,overcast,2.8,6.5,0.0,13.5,17.7,true
monash,Monash,24970,2026-08-27T04:00:00+10:00,2026-08-26T18:00:00+00:00,-37.89673562404778,145.1412216752278,6.3,4.9,0,2,partly_cloudy,3.2,6.5,0.0,13.2,17.5,true
monash,Monash,24970,2026-08-27T05:00:00+10:00,2026-08-26T19:00:00+00:00,-37.89673562404778,145.1412216752278,6.1,4.7,0,1,mainly_clear,2.0,5.8,0.0,13.0,17.2,true
monash,Monash,24970,2026-08-27T06:00:00+10:00,2026-08-26T20:00:00+00:00,-37.89673562404778,145.1412216752278,6.0,4.7,0,0,clear_sky,1.0,3.2,0.0,13.4,17.5,true
monash,Monash,24970,2026-08-27T07:00:00+10:00,2026-08-26T21:00:00+00:00,-37.89673562404778,145.1412216752278,5.2,3.8,0,1,mainly_clear,1.4,3.2,0.05,16.2,19.8,true
monash,Monash,24970,2026-08-27T08:00:00+10:00,2026-08-26T22:00:00+00:00,-37.89673562404778,145.1412216752278,6.9,5.3,0,1,mainly_clear,3.6,9.4,0.35,20.4,22.5,true
monash,Monash,24970,2026-08-27T09:00:00+10:00,2026-08-26T23:00:00+00:00,-37.89673562404778,145.1412216752278,9.3,8.2,0,0,clear_sky,2.3,10.8,1.1,15.4,18.1,true
monash,Monash,24970,2026-08-27T10:00:00+10:00,2026-08-27T00:00:00+00:00,-37.89673562404778,145.1412216752278,11.2,10.2,0,1,mainly_clear,2.2,12.6,2.15,10.3,14.5,true
monash,Monash,24970,2026-08-27T11:00:00+10:00,2026-08-27T01:00:00+00:00,-37.89673562404778,145.1412216752278,12.6,11.5,0,2,partly_cloudy,2.6,13.7,2.65,9.5,13.8,true
monash,Monash,24970,2026-08-27T12:00:00+10:00,2026-08-27T02:00:00+00:00,-37.89673562404778,145.1412216752278,13.5,12.4,0,3,overcast,3.2,15.1,3.25,9.2,13.4,true
monash,Monash,24970,2026-08-27T13:00:00+10:00,2026-08-27T03:00:00+00:00,-37.89673562404778,145.1412216752278,14.1,13.0,0,1,mainly_clear,4.6,17.3,3.3,9.6,13.7,true
monash,Monash,24970,2026-08-27T14:00:00+10:00,2026-08-27T04:00:00+00:00,-37.89673562404778,145.1412216752278,14.5,13.5,0,0,clear_sky,4.6,17.6,2.6,9.9,13.9,true
monash,Monash,24970,2026-08-27T15:00:00+10:00,2026-08-27T05:00:00+00:00,-37.89673562404778,145.1412216752278,14.4,12.9,0,0,clear_sky,5.5,18.0,1.5,10.1,14.2,true
monash,Monash,24970,2026-08-27T16:00:00+10:00,2026-08-27T06:00:00+00:00,-37.89673562404778,145.1412216752278,13.6,11.9,0,0,clear_sky,8.0,21.6,0.6,9.9,13.9,true
monash,Monash,24970,2026-08-27T17:00:00+10:00,2026-08-27T07:00:00+00:00,-37.89673562404778,145.1412216752278,12.8,11.4,0,2,partly_cloudy,5.4,21.6,0.15,11.4,15.3,true
monash,Monash,24970,2026-08-27T18:00:00+10:00,2026-08-27T08:00:00+00:00,-37.89673562404778,145.1412216752278,11.7,11.1,0,3,overcast,0.9,11.9,0.0,15.5,19.2,true
monash,Monash,24970,2026-08-27T19:00:00+10:00,2026-08-27T09:00:00+00:00,-37.89673562404778,145.1412216752278,11.5,10.6,0,3,overcast,3.1,6.1,0.0,19.1,22.8,true
monash,Monash,24970,2026-08-27T20:00:00+10:00,2026-08-27T10:00:00+00:00,-37.89673562404778,145.1412216752278,11.4,10.6,0,3,overcast,1.8,6.1,0.0,22.3,25.8,true
monash,Monash,24970,2026-08-27T21:00:00+10:00,2026-08-27T11:00:00+00:00,-37.89673562404778,145.1412216752278,10.6,10.0,0,3,overcast,0.4,4.0,0.0,25.4,28.8,true
monash,Monash,24970,2026-08-27T22:00:00+10:00,2026-08-27T12:00:00+00:00,-37.89673562404778,145.1412216752278,10.0,9.0,0,3,overcast,2.9,5.0,0.0,26.4,29.2,true
monash,Monash,24970,2026-08-27T23:00:00+10:00,2026-08-27T13:00:00+00:00,-37.89673562404778,145.1412216752278,9.2,7.9,0,3,overcast,3.1,5.4,0.0,23.2,25.2,true
monash,Monash,24970,2026-08-28T00:00:00+10:00,2026-08-27T14:00:00+00:00,-37.89673562404778,145.1412216752278,9.5,7.8,0,3,overcast,5.7,10.4,0.0,19.4,21.0,true
monash,Monash,24970,2026-08-28T01:00:00+10:00,2026-08-27T15:00:00+00:00,-37.89673562404778,145.1412216752278,9.3,7.3,0,1,mainly_clear,8.8,16.9,0.0,16.6,18.0,true
monash,Monash,24970,2026-08-28T02:00:00+10:00,2026-08-27T16:00:00+00:00,-37.89673562404778,145.1412216752278,8.2,5.9,0,1,mainly_clear,10.2,20.2,0.0,13.8,15.0,true
monash,Monash,24970,2026-08-28T03:00:00+10:00,2026-08-27T17:00:00+00:00,-37.89673562404778,145.1412216752278,7.6,5.5,0,3,overcast,7.6,19.8,0.0,11.1,12.2,true
monash,Monash,24970,2026-08-28T04:00:00+10:00,2026-08-27T18:00:00+00:00,-37.89673562404778,145.1412216752278,7.3,5.0,0,3,overcast,7.7,15.5,0.0,8.7,9.7,true
monash,Monash,24970,2026-08-28T05:00:00+10:00,2026-08-27T19:00:00+00:00,-37.89673562404778,145.1412216752278,7.3,5.0,0,0,clear_sky,7.4,14.8,0.0,7.4,8.6,true
monash,Monash,24970,2026-08-28T06:00:00+10:00,2026-08-27T20:00:00+00:00,-37.89673562404778,145.1412216752278,7.3,4.8,0,0,clear_sky,8.0,15.1,0.0,6.6,8.0,true
monash,Monash,24970,2026-08-28T07:00:00+10:00,2026-08-27T21:00:00+00:00,-37.89673562404778,145.1412216752278,7.1,4.5,0,0,clear_sky,8.5,16.9,0.0,7.2,8.5,true
monash,Monash,24970,2026-08-28T08:00:00+10:00,2026-08-27T22:00:00+00:00,-37.89673562404778,145.1412216752278,8.7,6.1,2,0,clear_sky,9.6,18.4,0.1,8.5,10.0,true
monash,Monash,24970,2026-08-28T09:00:00+10:00,2026-08-27T23:00:00+00:00,-37.89673562404778,145.1412216752278,11.1,9.1,6,0,clear_sky,7.7,19.1,0.35,10.3,11.9,true
monash,Monash,24970,2026-08-28T10:00:00+10:00,2026-08-28T00:00:00+00:00,-37.89673562404778,145.1412216752278,13.3,11.4,10,1,mainly_clear,6.9,19.1,0.85,8.8,10.7,true
monash,Monash,24970,2026-08-28T11:00:00+10:00,2026-08-28T01:00:00+00:00,-37.89673562404778,145.1412216752278,14.4,12.8,15,3,overcast,6.3,19.4,1.8,7.7,9.7,true
monash,Monash,24970,2026-08-28T12:00:00+10:00,2026-08-28T02:00:00+00:00,-37.89673562404778,145.1412216752278,14.0,12.6,20,3,overcast,5.1,19.1,2.65,5.8,7.7,true
monash,Monash,24970,2026-08-28T13:00:00+10:00,2026-08-28T03:00:00+00:00,-37.89673562404778,145.1412216752278,14.0,13.0,24,3,overcast,4.0,14.0,3.1,6.0,8.6,true
monash,Monash,24970,2026-08-28T14:00:00+10:00,2026-08-28T04:00:00+00:00,-37.89673562404778,145.1412216752278,13.9,13.5,28,51,light_drizzle,1.9,11.5,2.5,7.4,11.3,true
monash,Monash,24970,2026-08-28T15:00:00+10:00,2026-08-28T05:00:00+00:00,-37.89673562404778,145.1412216752278,13.7,13.0,31,53,moderate_drizzle,5.9,14.8,1.55,8.7,13.7,true
monash,Monash,24970,2026-08-28T16:00:00+10:00,2026-08-28T06:00:00+00:00,-37.89673562404778,145.1412216752278,13.4,13.0,31,53,moderate_drizzle,5.3,16.2,0.65,10.0,15.7,true
monash,Monash,24970,2026-08-28T17:00:00+10:00,2026-08-28T07:00:00+00:00,-37.89673562404778,145.1412216752278,13.2,13.1,26,3,overcast,3.4,14.0,0.15,11.0,17.3,true
monash,Monash,24970,2026-08-28T18:00:00+10:00,2026-08-28T08:00:00+00:00,-37.89673562404778,145.1412216752278,12.7,12.8,17,3,overcast,1.6,8.6,0.0,13.9,20.7,true
monash,Monash,24970,2026-08-28T19:00:00+10:00,2026-08-28T09:00:00+00:00,-37.89673562404778,145.1412216752278,12.4,12.3,10,3,overcast,3.4,6.5,0.0,17.2,23.7,true
monash,Monash,24970,2026-08-28T20:00:00+10:00,2026-08-28T10:00:00+00:00,-37.89673562404778,145.1412216752278,11.8,11.7,5,51,light_drizzle,3.5,6.5,0.0,20.1,27.0,true
monash,Monash,24970,2026-08-28T21:00:00+10:00,2026-08-28T11:00:00+00:00,-37.89673562404778,145.1412216752278,11.0,10.6,2,2,partly_cloudy,4.0,6.5,0.0,21.8,28.8,true
monash,Monash,24970,2026-08-28T22:00:00+10:00,2026-08-28T12:00:00+00:00,-37.89673562404778,145.1412216752278,10.4,9.7,0,3,overcast,4.4,6.8,0.0,22.8,29.9,true
monash,Monash,24970,2026-08-28T23:00:00+10:00,2026-08-28T13:00:00+00:00,-37.89673562404778,145.1412216752278,10.3,9.5,1,3,overcast,4.3,8.3,0.0,23.4,30.6,true
monash,Monash,24970,2026-08-29T00:00:00+10:00,2026-08-28T14:00:00+00:00,-37.89673562404778,145.1412216752278,10.3,9.7,3,3,overcast,2.2,7.2,0.0,23.7,31.0,true
monash,Monash,24970,2026-08-29T01:00:00+10:00,2026-08-28T15:00:00+00:00,-37.89673562404778,145.1412216752278,10.4,10.0,4,51,light_drizzle,1.5,3.2,0.0,23.3,30.3,true
monash,Monash,24970,2026-08-29T02:00:00+10:00,2026-08-28T16:00:00+00:00,-37.89673562404778,145.1412216752278,10.0,9.5,3,51,light_drizzle,1.9,2.9,0.0,21.3,27.4,true
monash,Monash,24970,2026-08-29T03:00:00+10:00,2026-08-28T17:00:00+00:00,-37.89673562404778,145.1412216752278,9.9,9.2,1,51,light_drizzle,3.9,5.0,0.0,17.9,23.1,true
monash,Monash,24970,2026-08-29T04:00:00+10:00,2026-08-28T18:00:00+00:00,-37.89673562404778,145.1412216752278,9.7,8.9,0,51,light_drizzle,4.4,7.2,0.0,14.8,19.2,true
monash,Monash,24970,2026-08-29T05:00:00+10:00,2026-08-28T19:00:00+00:00,-37.89673562404778,145.1412216752278,9.0,8.0,0,1,mainly_clear,3.9,7.6,0.0,12.3,16.1,true
monash,Monash,24970,2026-08-29T06:00:00+10:00,2026-08-28T20:00:00+00:00,-37.89673562404778,145.1412216752278,8.0,7.0,1,3,overcast,3.5,6.1,0.0,11.1,14.4,true
monash,Monash,24970,2026-08-29T07:00:00+10:00,2026-08-28T21:00:00+00:00,-37.89673562404778,145.1412216752278,7.5,6.3,2,3,overcast,3.6,5.4,0.05,12.4,15.3,true
monash,Monash,24970,2026-08-29T08:00:00+10:00,2026-08-28T22:00:00+00:00,-37.89673562404778,145.1412216752278,8.8,7.6,1,3,overcast,4.9,11.5,0.25,14.0,16.9,true
monash,Monash,24970,2026-08-29T09:00:00+10:00,2026-08-28T23:00:00+00:00,-37.89673562404778,145.1412216752278,9.5,8.3,0,2,partly_cloudy,4.8,15.5,0.7,12.3,16.1,true
monash,Monash,24970,2026-08-29T10:00:00+10:00,2026-08-29T00:00:00+00:00,-37.89673562404778,145.1412216752278,11.0,9.5,0,2,partly_cloudy,5.6,17.6,1.25,12.3,17.6,true
monash,Monash,24970,2026-08-29T11:00:00+10:00,2026-08-29T01:00:00+00:00,-37.89673562404778,145.1412216752278,11.8,10.0,6,51,light_drizzle,7.5,22.0,1.5,11.9,17.9,true
monash,Monash,24970,2026-08-29T12:00:00+10:00,2026-08-29T02:00:00+00:00,-37.89673562404778,145.1412216752278,12.3,10.5,13,51,light_drizzle,8.0,23.4,1.55,12.0,18.6,true
monash,Monash,24970,2026-08-29T13:00:00+10:00,2026-08-29T03:00:00+00:00,-37.89673562404778,145.1412216752278,12.9,10.9,18,3,overcast,9.1,25.2,1.6,11.8,18.5,true
monash,Monash,24970,2026-08-29T14:00:00+10:00,2026-08-29T04:00:00+00:00,-37.89673562404778,145.1412216752278,12.7,10.1,16,3,overcast,12.4,31.0,1.2,11.8,18.7,true
monash,Monash,24970,2026-08-29T15:00:00+10:00,2026-08-29T05:00:00+00:00,-37.89673562404778,145.1412216752278,12.2,9.5,11,3,overcast,12.9,32.4,0.7,12.8,20.3,true
monash,Monash,24970,2026-08-29T16:00:00+10:00,2026-08-29T06:00:00+00:00,-37.89673562404778,145.1412216752278,12.0,9.7,6,2,partly_cloudy,10.6,30.6,0.3,14.8,23.3,true
monash,Monash,24970,2026-08-29T17:00:00+10:00,2026-08-29T07:00:00+00:00,-37.89673562404778,145.1412216752278,11.7,9.8,3,3,overcast,8.6,23.8,0.1,16.6,26.0,true
monash,Monash,24970,2026-08-29T18:00:00+10:00,2026-08-29T08:00:00+00:00,-37.89673562404778,145.1412216752278,10.7,10.0,1,0,clear_sky,1.1,18.7,0.0,16.3,24.9,true
monash,Monash,24970,2026-08-29T19:00:00+10:00,2026-08-29T09:00:00+00:00,-37.89673562404778,145.1412216752278,9.7,8.8,0,2,partly_cloudy,1.7,2.9,0.0,15.7,22.8,true
monash,Monash,24970,2026-08-29T20:00:00+10:00,2026-08-29T10:00:00+00:00,-37.89673562404778,145.1412216752278,10.0,9.2,0,3,overcast,1.5,3.2,0.0,16.1,23.0,true
monash,Monash,24970,2026-08-29T21:00:00+10:00,2026-08-29T11:00:00+00:00,-37.89673562404778,145.1412216752278,10.6,9.6,0,3,overcast,3.8,6.5,0.0,16.3,23.1,true
monash,Monash,24970,2026-08-29T22:00:00+10:00,2026-08-29T12:00:00+00:00,-37.89673562404778,145.1412216752278,10.6,9.5,0,51,light_drizzle,5.1,9.7,0.0,15.3,21.4,true
monash,Monash,24970,2026-08-29T23:00:00+10:00,2026-08-29T13:00:00+00:00,-37.89673562404778,145.1412216752278,10.5,9.6,1,51,light_drizzle,4.6,10.1,0.0,14.3,20.2,true
monash,Monash,24970,2026-08-30T00:00:00+10:00,2026-08-29T14:00:00+00:00,-37.89673562404778,145.1412216752278,10.3,9.5,2,51,light_drizzle,4.1,8.6,0.0,12.9,18.2,true
monash,Monash,24970,2026-08-30T01:00:00+10:00,2026-08-29T15:00:00+00:00,-37.89673562404778,145.1412216752278,9.3,8.4,2,3,overcast,2.9,7.2,0.0,11.4,16.2,true
monash,Monash,24970,2026-08-30T02:00:00+10:00,2026-08-29T16:00:00+00:00,-37.89673562404778,145.1412216752278,8.9,8.0,2,3,overcast,2.9,4.7,0.0,10.5,15.0,true
monash,Monash,24970,2026-08-30T03:00:00+10:00,2026-08-29T17:00:00+00:00,-37.89673562404778,145.1412216752278,8.4,7.4,1,3,overcast,3.2,6.5,0.0,9.8,14.2,true
monash,Monash,24970,2026-08-30T04:00:00+10:00,2026-08-29T18:00:00+00:00,-37.89673562404778,145.1412216752278,8.1,7.1,0,3,overcast,2.6,5.0,0.0,9.3,13.6,true
monash,Monash,24970,2026-08-30T05:00:00+10:00,2026-08-29T19:00:00+00:00,-37.89673562404778,145.1412216752278,7.9,6.8,0,3,overcast,2.9,4.7,0.0,9.0,13.3,true
monash,Monash,24970,2026-08-30T06:00:00+10:00,2026-08-29T20:00:00+00:00,-37.89673562404778,145.1412216752278,7.9,6.6,0,3,overcast,3.8,5.0,0.0,9.3,13.6,true
monash,Monash,24970,2026-08-30T07:00:00+10:00,2026-08-29T21:00:00+00:00,-37.89673562404778,145.1412216752278,8.2,7.0,0,3,overcast,3.6,6.5,0.0,10.9,15.2,true
monash,Monash,24970,2026-08-30T08:00:00+10:00,2026-08-29T22:00:00+00:00,-37.89673562404778,145.1412216752278,9.2,8.3,0,3,overcast,1.9,10.1,0.2,12.5,17.0,true
monash,Monash,24970,2026-08-30T09:00:00+10:00,2026-08-29T23:00:00+00:00,-37.89673562404778,145.1412216752278,10.5,9.6,0,3,overcast,3.7,15.1,0.55,12.6,17.5,true
monash,Monash,24970,2026-08-30T10:00:00+10:00,2026-08-30T00:00:00+00:00,-37.89673562404778,145.1412216752278,11.7,10.4,0,3,overcast,6.5,19.4,1.15,12.1,17.4,true
monash,Monash,24970,2026-08-30T11:00:00+10:00,2026-08-30T01:00:00+00:00,-37.89673562404778,145.1412216752278,12.6,11.2,1,3,overcast,7.7,22.0,1.8,12.1,18.2,true
monash,Monash,24970,2026-08-30T12:00:00+10:00,2026-08-30T02:00:00+00:00,-37.89673562404778,145.1412216752278,13.3,11.9,3,3,overcast,8.3,23.8,2.35,11.8,18.1,true
monash,Monash,24970,2026-08-30T13:00:00+10:00,2026-08-30T03:00:00+00:00,-37.89673562404778,145.1412216752278,13.7,12.2,4,3,overcast,8.8,25.2,2.55,11.8,18.2,true
monash,Monash,24970,2026-08-30T14:00:00+10:00,2026-08-30T04:00:00+00:00,-37.89673562404778,145.1412216752278,13.7,12.0,3,3,overcast,9.6,25.9,2.25,10.2,15.7,true
monash,Monash,24970,2026-08-30T15:00:00+10:00,2026-08-30T05:00:00+00:00,-37.89673562404778,145.1412216752278,13.4,11.6,1,3,overcast,9.9,26.3,1.35,10.0,15.2,true
monash,Monash,24970,2026-08-30T16:00:00+10:00,2026-08-30T06:00:00+00:00,-37.89673562404778,145.1412216752278,13.0,11.2,0,3,overcast,9.4,25.9,0.55,10.0,15.1,true
monash,Monash,24970,2026-08-30T17:00:00+10:00,2026-08-30T07:00:00+00:00,-37.89673562404778,145.1412216752278,12.2,10.8,0,3,overcast,7.2,25.9,0.1,10.0,15.3,true
monash,Monash,24970,2026-08-30T18:00:00+10:00,2026-08-30T08:00:00+00:00,-37.89673562404778,145.1412216752278,11.3,10.3,0,3,overcast,4.4,25.2,0.0,11.4,16.5,true
monash,Monash,24970,2026-08-30T19:00:00+10:00,2026-08-30T09:00:00+00:00,-37.89673562404778,145.1412216752278,10.6,9.7,0,3,overcast,3.6,23.0,0.0,11.4,15.7,true
monash,Monash,24970,2026-08-30T20:00:00+10:00,2026-08-30T10:00:00+00:00,-37.89673562404778,145.1412216752278,10.3,9.3,0,3,overcast,3.1,18.0,0.0,11.5,15.7,true
monash,Monash,24970,2026-08-30T21:00:00+10:00,2026-08-30T11:00:00+00:00,-37.89673562404778,145.1412216752278,10.1,9.3,0,3,overcast,1.9,11.2,0.0,12.4,16.7,true
monash,Monash,24970,2026-08-30T22:00:00+10:00,2026-08-30T12:00:00+00:00,-37.89673562404778,145.1412216752278,10.0,9.2,0,3,overcast,1.0,6.1,0.0,13.6,18.2,true
monash,Monash,24970,2026-08-30T23:00:00+10:00,2026-08-30T13:00:00+00:00,-37.89673562404778,145.1412216752278,9.8,9.0,0,3,overcast,1.1,4.0,,,,false
monash,Monash,24970,2026-08-31T00:00:00+10:00,2026-08-30T14:00:00+00:00,-37.89673562404778,145.1412216752278,9.6,8.9,0,3,overcast,1.4,3.2,,,,false
monash,Monash,24970,2026-08-31T01:00:00+10:00,2026-08-30T15:00:00+00:00,-37.89673562404778,145.1412216752278,9.5,8.7,0,3,overcast,1.7,3.2,,,,false
monash,Monash,24970,2026-08-31T02:00:00+10:00,2026-08-30T16:00:00+00:00,-37.89673562404778,145.1412216752278,9.3,8.6,0,3,overcast,1.9,3.6,,,,false
monash,Monash,24970,2026-08-31T03:00:00+10:00,2026-08-30T17:00:00+00:00,-37.89673562404778,145.1412216752278,9.2,8.5,0,3,overcast,2.0,4.7,,,,false
monash,Monash,24970,2026-08-31T04:00:00+10:00,2026-08-30T18:00:00+00:00,-37.89673562404778,145.1412216752278,9.1,8.4,0,3,overcast,2.3,5.4,,,,false
monash,Monash,24970,2026-08-31T05:00:00+10:00,2026-08-30T19:00:00+00:00,-37.89673562404778,145.1412216752278,8.8,7.9,0,3,overcast,2.9,5.8,,,,false
monash,Monash,24970,2026-08-31T06:00:00+10:00,2026-08-30T20:00:00+00:00,-37.89673562404778,145.1412216752278,8.5,7.5,0,3,overcast,3.4,6.1,,,,false
monash,Monash,24970,2026-08-31T07:00:00+10:00,2026-08-30T21:00:00+00:00,-37.89673562404778,145.1412216752278,8.6,7.6,0,3,overcast,3.8,7.2,,,,false
monash,Monash,24970,2026-08-31T08:00:00+10:00,2026-08-30T22:00:00+00:00,-37.89673562404778,145.1412216752278,9.5,8.5,0,3,overcast,4.0,9.4,,,,false
monash,Monash,24970,2026-08-31T09:00:00+10:00,2026-08-30T23:00:00+00:00,-37.89673562404778,145.1412216752278,10.7,9.8,0,3,overcast,4.1,11.9,,,,false
monash,Monash,24970,2026-08-31T10:00:00+10:00,2026-08-31T00:00:00+00:00,-37.89673562404778,145.1412216752278,12.1,11.3,0,3,overcast,4.0,14.0,,,,false
monash,Monash,24970,2026-08-31T11:00:00+10:00,2026-08-31T01:00:00+00:00,-37.89673562404778,145.1412216752278,13.6,12.8,0,2,partly_cloudy,3.8,15.5,,,,false
monash,Monash,24970,2026-08-31T12:00:00+10:00,2026-08-31T02:00:00+00:00,-37.89673562404778,145.1412216752278,15.2,14.5,0,1,mainly_clear,3.5,16.6,,,,false
monash,Monash,24970,2026-08-31T13:00:00+10:00,2026-08-31T03:00:00+00:00,-37.89673562404778,145.1412216752278,16.2,16.1,0,0,clear_sky,2.5,17.3,,,,false
monash,Monash,24970,2026-08-31T14:00:00+10:00,2026-08-31T04:00:00+00:00,-37.89673562404778,145.1412216752278,16.4,16.8,0,0,clear_sky,1.2,18.4,,,,false
monash,Monash,24970,2026-08-31T15:00:00+10:00,2026-08-31T05:00:00+00:00,-37.89673562404778,145.1412216752278,16.1,15.7,0,0,clear_sky,4.5,19.4,,,,false
monash,Monash,24970,2026-08-31T16:00:00+10:00,2026-08-31T06:00:00+00:00,-37.89673562404778,145.1412216752278,15.4,14.9,0,0,clear_sky,6.6,19.8,,,,false
monash,Monash,24970,2026-08-31T17:00:00+10:00,2026-08-31T07:00:00+00:00,-37.89673562404778,145.1412216752278,14.2,13.7,0,0,clear_sky,5.8,19.4,,,,false
monash,Monash,24970,2026-08-31T18:00:00+10:00,2026-08-31T08:00:00+00:00,-37.89673562404778,145.1412216752278,12.5,12.2,0,0,clear_sky,3.5,18.4,,,,false
monash,Monash,24970,2026-08-31T19:00:00+10:00,2026-08-31T09:00:00+00:00,-37.89673562404778,145.1412216752278,11.4,11.1,0,0,clear_sky,1.7,18.4,,,,false
monash,Monash,24970,2026-08-31T20:00:00+10:00,2026-08-31T10:00:00+00:00,-37.89673562404778,145.1412216752278,11.2,10.5,0,0,clear_sky,4.2,19.4,,,,false
monash,Monash,24970,2026-08-31T21:00:00+10:00,2026-08-31T11:00:00+00:00,-37.89673562404778,145.1412216752278,11.5,10.2,0,0,clear_sky,8.6,21.2,,,,false
monash,Monash,24970,2026-08-31T22:00:00+10:00,2026-08-31T12:00:00+00:00,-37.89673562404778,145.1412216752278,11.8,9.9,0,0,clear_sky,11.8,23.0,,,,false
monash,Monash,24970,2026-08-31T23:00:00+10:00,2026-08-31T13:00:00+00:00,-37.89673562404778,145.1412216752278,11.6,9.6,0,0,clear_sky,12.9,23.8,,,,false
monash,Monash,24970,2026-09-01T00:00:00+10:00,2026-08-31T14:00:00+00:00,-37.89673562404778,145.1412216752278,11.4,9.3,0,0,clear_sky,12.9,24.5,,,,false
monash,Monash,24970,2026-09-01T01:00:00+10:00,2026-08-31T15:00:00+00:00,-37.89673562404778,145.1412216752278,11.3,9.2,0,1,mainly_clear,13.2,26.3,,,,false
monash,Monash,24970,2026-09-01T02:00:00+10:00,2026-08-31T16:00:00+00:00,-37.89673562404778,145.1412216752278,11.6,9.4,0,1,mainly_clear,14.8,30.2,,,,false
monash,Monash,24970,2026-09-01T03:00:00+10:00,2026-08-31T17:00:00+00:00,-37.89673562404778,145.1412216752278,12.1,9.6,0,2,partly_cloudy,17.0,35.3,,,,false
monash,Monash,24970,2026-09-01T04:00:00+10:00,2026-08-31T18:00:00+00:00,-37.89673562404778,145.1412216752278,12.4,9.8,0,2,partly_cloudy,18.9,39.2,,,,false
monash,Monash,24970,2026-09-01T05:00:00+10:00,2026-08-31T19:00:00+00:00,-37.89673562404778,145.1412216752278,12.4,9.6,0,3,overcast,19.6,40.7,,,,false
monash,Monash,24970,2026-09-01T06:00:00+10:00,2026-08-31T20:00:00+00:00,-37.89673562404778,145.1412216752278,12.2,9.3,0,3,overcast,19.8,41.4,,,,false
monash,Monash,24970,2026-09-01T07:00:00+10:00,2026-08-31T21:00:00+00:00,-37.89673562404778,145.1412216752278,12.3,9.3,0,3,overcast,20.2,42.5,,,,false
monash,Monash,24970,2026-09-01T08:00:00+10:00,2026-08-31T22:00:00+00:00,-37.89673562404778,145.1412216752278,13.8,10.6,0,1,mainly_clear,22.1,46.8,,,,false
monash,Monash,24970,2026-09-01T09:00:00+10:00,2026-08-31T23:00:00+00:00,-37.89673562404778,145.1412216752278,14.2,10.9,0,1,mainly_clear,22.6,48.6,,,,false
monash,Monash,24970,2026-09-01T10:00:00+10:00,2026-09-01T00:00:00+00:00,-37.89673562404778,145.1412216752278,14.7,11.3,0,1,mainly_clear,22.9,51.1,,,,false
monash,Monash,24970,2026-09-01T11:00:00+10:00,2026-09-01T01:00:00+00:00,-37.89673562404778,145.1412216752278,15.3,11.9,4,1,mainly_clear,23.3,54.4,,,,false
monash,Monash,24970,2026-09-01T12:00:00+10:00,2026-09-01T02:00:00+00:00,-37.89673562404778,145.1412216752278,16.1,13.0,10,2,partly_cloudy,23.9,58.7,,,,false
monash,Monash,24970,2026-09-01T13:00:00+10:00,2026-09-01T03:00:00+00:00,-37.89673562404778,145.1412216752278,16.9,13.8,17,2,partly_cloudy,24.3,63.4,,,,false
monash,Monash,24970,2026-09-01T14:00:00+10:00,2026-09-01T04:00:00+00:00,-37.89673562404778,145.1412216752278,17.7,14.4,24,3,overcast,24.3,67.3,,,,false
monash,Monash,24970,2026-09-01T15:00:00+10:00,2026-09-01T05:00:00+00:00,-37.89673562404778,145.1412216752278,18.1,14.9,31,3,overcast,23.8,70.2,,,,false
monash,Monash,24970,2026-09-01T16:00:00+10:00,2026-09-01T06:00:00+00:00,-37.89673562404778,145.1412216752278,18.2,15.2,39,3,overcast,22.3,71.3,,,,false
monash,Monash,24970,2026-09-01T17:00:00+10:00,2026-09-01T07:00:00+00:00,-37.89673562404778,145.1412216752278,17.7,15.2,47,55,dense_drizzle,19.3,69.8,,,,false
monash,Monash,24970,2026-09-01T18:00:00+10:00,2026-09-01T08:00:00+00:00,-37.89673562404778,145.1412216752278,16.8,14.7,55,55,dense_drizzle,16.2,66.2,,,,false
monash,Monash,24970,2026-09-01T19:00:00+10:00,2026-09-01T09:00:00+00:00,-37.89673562404778,145.1412216752278,15.7,13.7,62,55,dense_drizzle,15.6,61.9,,,,false
monash,Monash,24970,2026-09-01T20:00:00+10:00,2026-09-01T10:00:00+00:00,-37.89673562404778,145.1412216752278,14.5,12.0,68,55,dense_drizzle,18.2,56.9,,,,false
monash,Monash,24970,2026-09-01T21:00:00+10:00,2026-09-01T11:00:00+00:00,-37.89673562404778,145.1412216752278,13.3,10.2,74,55,dense_drizzle,21.6,52.6,,,,false
monash,Monash,24970,2026-09-01T22:00:00+10:00,2026-09-01T12:00:00+00:00,-37.89673562404778,145.1412216752278,12.3,8.8,76,55,dense_drizzle,23.2,49.7,,,,false
monash,Monash,24970,2026-09-01T23:00:00+10:00,2026-09-01T13:00:00+00:00,-37.89673562404778,145.1412216752278,11.4,8.0,75,1,mainly_clear,21.7,48.6,,,,false
moonee_valley,Moonee Valley,25060,2026-08-26T00:00:00+10:00,2026-08-25T14:00:00+00:00,-37.74941300567491,144.887461013023,11.3,9.5,74,51,light_drizzle,13.2,25.6,0.0,3.3,4.0,true
moonee_valley,Moonee Valley,25060,2026-08-26T01:00:00+10:00,2026-08-25T15:00:00+00:00,-37.74941300567491,144.887461013023,11.0,9.1,100,51,light_drizzle,13.6,28.1,0.0,3.1,4.0,true
moonee_valley,Moonee Valley,25060,2026-08-26T02:00:00+10:00,2026-08-25T16:00:00+00:00,-37.74941300567491,144.887461013023,10.5,8.7,89,3,overcast,11.8,27.4,0.0,3.4,4.6,true
moonee_valley,Moonee Valley,25060,2026-08-26T03:00:00+10:00,2026-08-25T17:00:00+00:00,-37.74941300567491,144.887461013023,10.1,8.2,62,1,mainly_clear,11.2,23.4,0.0,3.6,4.9,true
moonee_valley,Moonee Valley,25060,2026-08-26T04:00:00+10:00,2026-08-25T18:00:00+00:00,-37.74941300567491,144.887461013023,9.3,7.3,37,0,clear_sky,10.4,23.0,0.0,3.9,5.5,true
moonee_valley,Moonee Valley,25060,2026-08-26T05:00:00+10:00,2026-08-25T19:00:00+00:00,-37.74941300567491,144.887461013023,8.5,6.6,22,0,clear_sky,8.4,20.5,0.0,4.3,6.1,true
moonee_valley,Moonee Valley,25060,2026-08-26T06:00:00+10:00,2026-08-25T20:00:00+00:00,-37.74941300567491,144.887461013023,8.2,6.2,10,0,clear_sky,8.2,16.9,0.0,4.6,6.4,true
moonee_valley,Moonee Valley,25060,2026-08-26T07:00:00+10:00,2026-08-25T21:00:00+00:00,-37.74941300567491,144.887461013023,7.9,5.7,2,0,clear_sky,9.1,18.0,0.0,5.4,7.3,true
moonee_valley,Moonee Valley,25060,2026-08-26T08:00:00+10:00,2026-08-25T22:00:00+00:00,-37.74941300567491,144.887461013023,8.6,6.4,0,1,mainly_clear,9.8,20.9,0.25,5.8,8.1,true
moonee_valley,Moonee Valley,25060,2026-08-26T09:00:00+10:00,2026-08-25T23:00:00+00:00,-37.74941300567491,144.887461013023,10.2,8.4,0,0,clear_sky,9.0,22.0,0.9,5.4,7.9,true
moonee_valley,Moonee Valley,25060,2026-08-26T10:00:00+10:00,2026-08-26T00:00:00+00:00,-37.74941300567491,144.887461013023,12.2,10.1,0,1,mainly_clear,11.6,25.9,1.75,7.7,11.7,true
moonee_valley,Moonee Valley,25060,2026-08-26T11:00:00+10:00,2026-08-26T01:00:00+00:00,-37.74941300567491,144.887461013023,13.4,10.7,3,1,mainly_clear,14.0,34.6,2.45,6.6,10.0,true
moonee_valley,Moonee Valley,25060,2026-08-26T12:00:00+10:00,2026-08-26T02:00:00+00:00,-37.74941300567491,144.887461013023,13.9,11.0,6,1,mainly_clear,13.8,34.6,2.35,7.1,10.9,true
moonee_valley,Moonee Valley,25060,2026-08-26T13:00:00+10:00,2026-08-26T03:00:00+00:00,-37.74941300567491,144.887461013023,14.1,11.3,8,2,partly_cloudy,14.1,34.9,2.3,6.8,10.5,true
moonee_valley,Moonee Valley,25060,2026-08-26T14:00:00+10:00,2026-08-26T04:00:00+00:00,-37.74941300567491,144.887461013023,14.0,11.0,6,2,partly_cloudy,13.2,34.9,1.7,6.7,10.3,true
moonee_valley,Moonee Valley,25060,2026-08-26T15:00:00+10:00,2026-08-26T05:00:00+00:00,-37.74941300567491,144.887461013023,14.0,11.1,3,2,partly_cloudy,13.4,32.8,0.95,6.7,10.2,true
moonee_valley,Moonee Valley,25060,2026-08-26T16:00:00+10:00,2026-08-26T06:00:00+00:00,-37.74941300567491,144.887461013023,13.2,10.5,0,1,mainly_clear,12.8,32.4,0.5,7.1,10.7,true
moonee_valley,Moonee Valley,25060,2026-08-26T17:00:00+10:00,2026-08-26T07:00:00+00:00,-37.74941300567491,144.887461013023,12.5,10.1,0,1,mainly_clear,11.0,30.2,0.15,7.4,11.0,true
moonee_valley,Moonee Valley,25060,2026-08-26T18:00:00+10:00,2026-08-26T08:00:00+00:00,-37.74941300567491,144.887461013023,11.5,9.6,0,2,partly_cloudy,7.8,24.8,0.0,9.5,13.2,true
moonee_valley,Moonee Valley,25060,2026-08-26T19:00:00+10:00,2026-08-26T09:00:00+00:00,-37.74941300567491,144.887461013023,10.8,9.2,0,3,overcast,6.3,16.6,0.0,11.9,15.7,true
moonee_valley,Moonee Valley,25060,2026-08-26T20:00:00+10:00,2026-08-26T10:00:00+00:00,-37.74941300567491,144.887461013023,10.5,9.0,0,3,overcast,5.2,13.0,0.0,12.6,16.1,true
moonee_valley,Moonee Valley,25060,2026-08-26T21:00:00+10:00,2026-08-26T11:00:00+00:00,-37.74941300567491,144.887461013023,10.4,8.8,0,3,overcast,5.6,11.2,0.0,11.6,14.0,true
moonee_valley,Moonee Valley,25060,2026-08-26T22:00:00+10:00,2026-08-26T12:00:00+00:00,-37.74941300567491,144.887461013023,10.3,8.8,0,3,overcast,4.9,11.2,0.0,11.5,13.8,true
moonee_valley,Moonee Valley,25060,2026-08-26T23:00:00+10:00,2026-08-26T13:00:00+00:00,-37.74941300567491,144.887461013023,10.0,8.6,0,3,overcast,3.7,9.4,0.0,11.4,13.6,true
moonee_valley,Moonee Valley,25060,2026-08-27T00:00:00+10:00,2026-08-26T14:00:00+00:00,-37.74941300567491,144.887461013023,9.3,7.8,0,2,partly_cloudy,4.0,7.9,0.0,10.9,13.1,true
moonee_valley,Moonee Valley,25060,2026-08-27T01:00:00+10:00,2026-08-26T15:00:00+00:00,-37.74941300567491,144.887461013023,8.9,7.4,0,1,mainly_clear,3.8,9.0,0.0,10.0,12.3,true
moonee_valley,Moonee Valley,25060,2026-08-27T02:00:00+10:00,2026-08-26T16:00:00+00:00,-37.74941300567491,144.887461013023,7.9,6.2,0,0,clear_sky,3.6,7.6,0.0,9.4,11.6,true
moonee_valley,Moonee Valley,25060,2026-08-27T03:00:00+10:00,2026-08-26T17:00:00+00:00,-37.74941300567491,144.887461013023,7.0,5.2,0,0,clear_sky,3.7,6.8,0.0,8.8,11.2,true
moonee_valley,Moonee Valley,25060,2026-08-27T04:00:00+10:00,2026-08-26T18:00:00+00:00,-37.74941300567491,144.887461013023,6.4,4.4,0,0,clear_sky,4.1,7.9,0.0,8.6,11.1,true
moonee_valley,Moonee Valley,25060,2026-08-27T05:00:00+10:00,2026-08-26T19:00:00+00:00,-37.74941300567491,144.887461013023,6.0,4.0,0,1,mainly_clear,4.2,8.3,0.0,8.6,11.2,true
moonee_valley,Moonee Valley,25060,2026-08-27T06:00:00+10:00,2026-08-26T20:00:00+00:00,-37.74941300567491,144.887461013023,5.7,3.6,0,0,clear_sky,4.3,8.6,0.0,9.3,12.0,true
moonee_valley,Moonee Valley,25060,2026-08-27T07:00:00+10:00,2026-08-26T21:00:00+00:00,-37.74941300567491,144.887461013023,5.6,3.5,0,0,clear_sky,4.4,8.6,0.05,12.7,15.4,true
moonee_valley,Moonee Valley,25060,2026-08-27T08:00:00+10:00,2026-08-26T22:00:00+00:00,-37.74941300567491,144.887461013023,7.5,5.3,0,1,mainly_clear,6.2,12.2,0.35,17.9,19.8,true
moonee_valley,Moonee Valley,25060,2026-08-27T09:00:00+10:00,2026-08-26T23:00:00+00:00,-37.74941300567491,144.887461013023,10.0,8.5,0,1,mainly_clear,3.6,12.2,1.15,12.0,15.5,true
moonee_valley,Moonee Valley,25060,2026-08-27T10:00:00+10:00,2026-08-27T00:00:00+00:00,-37.74941300567491,144.887461013023,11.7,10.2,0,2,partly_cloudy,3.4,14.0,2.35,8.9,13.0,true
moonee_valley,Moonee Valley,25060,2026-08-27T11:00:00+10:00,2026-08-27T01:00:00+00:00,-37.74941300567491,144.887461013023,12.9,11.8,0,3,overcast,1.5,13.7,3.45,8.4,12.4,true
moonee_valley,Moonee Valley,25060,2026-08-27T12:00:00+10:00,2026-08-27T02:00:00+00:00,-37.74941300567491,144.887461013023,13.7,12.6,0,3,overcast,1.4,11.9,3.95,8.3,12.2,true
moonee_valley,Moonee Valley,25060,2026-08-27T13:00:00+10:00,2026-08-27T03:00:00+00:00,-37.74941300567491,144.887461013023,14.4,13.9,0,1,mainly_clear,2.0,12.6,3.7,8.4,12.0,true
moonee_valley,Moonee Valley,25060,2026-08-27T14:00:00+10:00,2026-08-27T04:00:00+00:00,-37.74941300567491,144.887461013023,15.2,14.4,0,1,mainly_clear,3.6,15.1,2.8,8.4,12.0,true
moonee_valley,Moonee Valley,25060,2026-08-27T15:00:00+10:00,2026-08-27T05:00:00+00:00,-37.74941300567491,144.887461013023,15.8,14.2,0,1,mainly_clear,5.0,16.9,1.65,8.6,12.1,true
moonee_valley,Moonee Valley,25060,2026-08-27T16:00:00+10:00,2026-08-27T06:00:00+00:00,-37.74941300567491,144.887461013023,15.1,13.4,0,3,overcast,5.9,16.9,0.65,8.3,11.6,true
moonee_valley,Moonee Valley,25060,2026-08-27T17:00:00+10:00,2026-08-27T07:00:00+00:00,-37.74941300567491,144.887461013023,13.9,12.5,0,3,overcast,4.9,16.6,0.15,10.6,13.8,true
moonee_valley,Moonee Valley,25060,2026-08-27T18:00:00+10:00,2026-08-27T08:00:00+00:00,-37.74941300567491,144.887461013023,12.8,11.9,0,3,overcast,2.4,11.9,0.0,15.9,19.1,true
moonee_valley,Moonee Valley,25060,2026-08-27T19:00:00+10:00,2026-08-27T09:00:00+00:00,-37.74941300567491,144.887461013023,12.4,11.9,0,3,overcast,1.5,5.8,0.0,20.5,23.6,true
moonee_valley,Moonee Valley,25060,2026-08-27T20:00:00+10:00,2026-08-27T10:00:00+00:00,-37.74941300567491,144.887461013023,11.7,11.2,0,2,partly_cloudy,0.6,3.6,0.0,24.6,27.5,true
moonee_valley,Moonee Valley,25060,2026-08-27T21:00:00+10:00,2026-08-27T11:00:00+00:00,-37.74941300567491,144.887461013023,11.1,10.2,0,3,overcast,2.0,4.0,0.0,28.2,31.0,true
moonee_valley,Moonee Valley,25060,2026-08-27T22:00:00+10:00,2026-08-27T12:00:00+00:00,-37.74941300567491,144.887461013023,11.2,10.4,0,3,overcast,1.9,4.3,0.0,28.2,30.3,true
moonee_valley,Moonee Valley,25060,2026-08-27T23:00:00+10:00,2026-08-27T13:00:00+00:00,-37.74941300567491,144.887461013023,10.8,9.5,0,3,overcast,5.2,10.1,0.0,22.9,24.3,true
moonee_valley,Moonee Valley,25060,2026-08-28T00:00:00+10:00,2026-08-27T14:00:00+00:00,-37.74941300567491,144.887461013023,10.5,8.8,0,2,partly_cloudy,7.3,15.1,0.0,16.9,18.0,true
moonee_valley,Moonee Valley,25060,2026-08-28T01:00:00+10:00,2026-08-27T15:00:00+00:00,-37.74941300567491,144.887461013023,9.1,7.0,0,1,mainly_clear,8.7,16.9,0.0,12.6,13.5,true
moonee_valley,Moonee Valley,25060,2026-08-28T02:00:00+10:00,2026-08-27T16:00:00+00:00,-37.74941300567491,144.887461013023,8.2,5.8,0,3,overcast,8.7,17.3,0.0,9.5,10.4,true
moonee_valley,Moonee Valley,25060,2026-08-28T03:00:00+10:00,2026-08-27T17:00:00+00:00,-37.74941300567491,144.887461013023,8.2,5.7,0,3,overcast,8.3,17.6,0.0,7.2,8.1,true
moonee_valley,Moonee Valley,25060,2026-08-28T04:00:00+10:00,2026-08-27T18:00:00+00:00,-37.74941300567491,144.887461013023,8.4,5.9,0,3,overcast,8.8,17.3,0.0,5.8,6.8,true
moonee_valley,Moonee Valley,25060,2026-08-28T05:00:00+10:00,2026-08-27T19:00:00+00:00,-37.74941300567491,144.887461013023,8.2,5.7,0,0,clear_sky,8.8,17.3,0.0,5.2,6.3,true
moonee_valley,Moonee Valley,25060,2026-08-28T06:00:00+10:00,2026-08-27T20:00:00+00:00,-37.74941300567491,144.887461013023,7.8,5.3,0,0,clear_sky,8.7,17.3,0.0,5.1,6.2,true
moonee_valley,Moonee Valley,25060,2026-08-28T07:00:00+10:00,2026-08-27T21:00:00+00:00,-37.74941300567491,144.887461013023,7.6,5.0,0,0,clear_sky,8.5,18.0,0.05,6.4,7.5,true
moonee_valley,Moonee Valley,25060,2026-08-28T08:00:00+10:00,2026-08-27T22:00:00+00:00,-37.74941300567491,144.887461013023,9.0,6.5,2,0,clear_sky,8.9,17.6,0.2,8.1,9.3,true
moonee_valley,Moonee Valley,25060,2026-08-28T09:00:00+10:00,2026-08-27T23:00:00+00:00,-37.74941300567491,144.887461013023,11.7,9.8,4,0,clear_sky,6.6,16.9,0.55,10.4,11.6,true
moonee_valley,Moonee Valley,25060,2026-08-28T10:00:00+10:00,2026-08-28T00:00:00+00:00,-37.74941300567491,144.887461013023,14.0,12.4,8,3,overcast,5.2,16.9,1.05,8.3,10.2,true
moonee_valley,Moonee Valley,25060,2026-08-28T11:00:00+10:00,2026-08-28T01:00:00+00:00,-37.74941300567491,144.887461013023,15.0,13.4,12,3,overcast,6.3,18.0,1.5,7.2,9.1,true
moonee_valley,Moonee Valley,25060,2026-08-28T12:00:00+10:00,2026-08-28T02:00:00+00:00,-37.74941300567491,144.887461013023,15.1,13.8,18,3,overcast,4.9,18.4,1.45,4.9,6.1,true
moonee_valley,Moonee Valley,25060,2026-08-28T13:00:00+10:00,2026-08-28T03:00:00+00:00,-37.74941300567491,144.887461013023,16.0,14.6,24,3,overcast,6.5,17.3,2.85,4.0,5.0,true
moonee_valley,Moonee Valley,25060,2026-08-28T14:00:00+10:00,2026-08-28T04:00:00+00:00,-37.74941300567491,144.887461013023,15.4,14.2,35,51,light_drizzle,6.5,17.3,2.2,3.8,5.1,true
moonee_valley,Moonee Valley,25060,2026-08-28T15:00:00+10:00,2026-08-28T05:00:00+00:00,-37.74941300567491,144.887461013023,14.1,13.1,46,53,moderate_drizzle,7.6,18.7,1.5,4.7,6.6,true
moonee_valley,Moonee Valley,25060,2026-08-28T16:00:00+10:00,2026-08-28T06:00:00+00:00,-37.74941300567491,144.887461013023,13.5,13.1,51,51,light_drizzle,4.5,16.9,0.65,6.3,9.2,true
moonee_valley,Moonee Valley,25060,2026-08-28T17:00:00+10:00,2026-08-28T07:00:00+00:00,-37.74941300567491,144.887461013023,13.3,13.3,43,53,moderate_drizzle,2.2,11.9,0.15,8.2,12.1,true
moonee_valley,Moonee Valley,25060,2026-08-28T18:00:00+10:00,2026-08-28T08:00:00+00:00,-37.74941300567491,144.887461013023,12.8,12.9,27,51,light_drizzle,2.3,6.8,0.0,11.3,15.4,true
moonee_valley,Moonee Valley,25060,2026-08-28T19:00:00+10:00,2026-08-28T09:00:00+00:00,-37.74941300567491,144.887461013023,12.6,12.9,14,51,light_drizzle,1.3,4.3,0.0,14.8,18.6,true
moonee_valley,Moonee Valley,25060,2026-08-28T20:00:00+10:00,2026-08-28T10:00:00+00:00,-37.74941300567491,144.887461013023,12.2,12.3,7,0,clear_sky,1.0,2.2,0.0,19.0,23.3,true
moonee_valley,Moonee Valley,25060,2026-08-28T21:00:00+10:00,2026-08-28T11:00:00+00:00,-37.74941300567491,144.887461013023,11.1,10.9,3,1,mainly_clear,2.8,4.0,0.0,22.0,26.8,true
moonee_valley,Moonee Valley,25060,2026-08-28T22:00:00+10:00,2026-08-28T12:00:00+00:00,-37.74941300567491,144.887461013023,10.3,9.7,0,3,overcast,4.5,7.6,0.0,26.8,32.1,true
moonee_valley,Moonee Valley,25060,2026-08-28T23:00:00+10:00,2026-08-28T13:00:00+00:00,-37.74941300567491,144.887461013023,10.0,9.4,0,3,overcast,4.3,9.4,0.0,27.9,33.6,true
moonee_valley,Moonee Valley,25060,2026-08-29T00:00:00+10:00,2026-08-28T14:00:00+00:00,-37.74941300567491,144.887461013023,10.0,9.3,1,3,overcast,4.2,8.3,0.0,28.5,34.3,true
moonee_valley,Moonee Valley,25060,2026-08-29T01:00:00+10:00,2026-08-28T15:00:00+00:00,-37.74941300567491,144.887461013023,10.3,9.7,2,3,overcast,4.2,9.4,0.0,27.4,33.2,true
moonee_valley,Moonee Valley,25060,2026-08-29T02:00:00+10:00,2026-08-28T16:00:00+00:00,-37.74941300567491,144.887461013023,10.2,9.3,3,3,overcast,5.3,10.1,0.0,24.8,30.4,true
moonee_valley,Moonee Valley,25060,2026-08-29T03:00:00+10:00,2026-08-28T17:00:00+00:00,-37.74941300567491,144.887461013023,10.0,8.8,4,3,overcast,7.2,14.4,0.0,20.9,25.7,true
moonee_valley,Moonee Valley,25060,2026-08-29T04:00:00+10:00,2026-08-28T18:00:00+00:00,-37.74941300567491,144.887461013023,9.7,8.3,4,3,overcast,8.0,17.3,0.0,16.6,20.6,true
moonee_valley,Moonee Valley,25060,2026-08-29T05:00:00+10:00,2026-08-28T19:00:00+00:00,-37.74941300567491,144.887461013023,9.3,8.1,3,3,overcast,6.2,16.6,0.0,12.8,16.4,true
moonee_valley,Moonee Valley,25060,2026-08-29T06:00:00+10:00,2026-08-28T20:00:00+00:00,-37.74941300567491,144.887461013023,8.8,7.6,1,1,mainly_clear,4.9,13.3,0.0,10.6,13.8,true
moonee_valley,Moonee Valley,25060,2026-08-29T07:00:00+10:00,2026-08-28T21:00:00+00:00,-37.74941300567491,144.887461013023,7.9,6.7,0,1,mainly_clear,4.0,10.8,0.05,11.3,14.0,true
moonee_valley,Moonee Valley,25060,2026-08-29T08:00:00+10:00,2026-08-28T22:00:00+00:00,-37.74941300567491,144.887461013023,8.3,7.0,0,0,clear_sky,5.4,11.9,0.4,12.3,14.9,true
moonee_valley,Moonee Valley,25060,2026-08-29T09:00:00+10:00,2026-08-28T23:00:00+00:00,-37.74941300567491,144.887461013023,9.9,8.6,1,0,clear_sky,5.6,16.2,1.05,11.6,15.7,true
moonee_valley,Moonee Valley,25060,2026-08-29T10:00:00+10:00,2026-08-29T00:00:00+00:00,-37.74941300567491,144.887461013023,11.4,9.6,2,1,mainly_clear,7.8,22.3,1.95,11.9,17.6,true
moonee_valley,Moonee Valley,25060,2026-08-29T11:00:00+10:00,2026-08-29T01:00:00+00:00,-37.74941300567491,144.887461013023,12.3,10.2,2,1,mainly_clear,8.5,24.5,2.55,11.5,17.9,true
moonee_valley,Moonee Valley,25060,2026-08-29T12:00:00+10:00,2026-08-29T02:00:00+00:00,-37.74941300567491,144.887461013023,12.8,10.5,1,2,partly_cloudy,8.6,24.8,2.75,11.1,17.2,true
moonee_valley,Moonee Valley,25060,2026-08-29T13:00:00+10:00,2026-08-29T03:00:00+00:00,-37.74941300567491,144.887461013023,13.3,11.0,0,2,partly_cloudy,8.2,24.1,2.55,11.1,17.1,true
moonee_valley,Moonee Valley,25060,2026-08-29T14:00:00+10:00,2026-08-29T04:00:00+00:00,-37.74941300567491,144.887461013023,13.8,11.3,0,2,partly_cloudy,11.0,28.8,1.85,11.0,16.8,true
moonee_valley,Moonee Valley,25060,2026-08-29T15:00:00+10:00,2026-08-29T05:00:00+00:00,-37.74941300567491,144.887461013023,13.3,10.5,0,3,overcast,12.6,31.7,1.05,11.3,17.0,true
moonee_valley,Moonee Valley,25060,2026-08-29T16:00:00+10:00,2026-08-29T06:00:00+00:00,-37.74941300567491,144.887461013023,12.6,10.1,0,3,overcast,10.9,31.3,0.4,12.5,18.7,true
moonee_valley,Moonee Valley,25060,2026-08-29T17:00:00+10:00,2026-08-29T07:00:00+00:00,-37.74941300567491,144.887461013023,12.1,10.1,0,3,overcast,8.5,26.6,0.1,13.8,20.7,true
moonee_valley,Moonee Valley,25060,2026-08-29T18:00:00+10:00,2026-08-29T08:00:00+00:00,-37.74941300567491,144.887461013023,11.6,10.8,0,1,mainly_clear,2.0,19.4,0.0,15.7,23.2,true
moonee_valley,Moonee Valley,25060,2026-08-29T19:00:00+10:00,2026-08-29T09:00:00+00:00,-37.74941300567491,144.887461013023,10.3,9.2,0,1,mainly_clear,3.4,6.1,0.0,14.3,19.7,true
moonee_valley,Moonee Valley,25060,2026-08-29T20:00:00+10:00,2026-08-29T10:00:00+00:00,-37.74941300567491,144.887461013023,10.4,9.4,1,3,overcast,2.7,7.2,0.0,14.2,19.1,true
moonee_valley,Moonee Valley,25060,2026-08-29T21:00:00+10:00,2026-08-29T11:00:00+00:00,-37.74941300567491,144.887461013023,10.9,9.9,1,3,overcast,3.1,6.1,0.0,14.4,19.3,true
moonee_valley,Moonee Valley,25060,2026-08-29T22:00:00+10:00,2026-08-29T12:00:00+00:00,-37.74941300567491,144.887461013023,11.0,9.6,2,3,overcast,5.9,11.9,0.0,12.7,16.9,true
moonee_valley,Moonee Valley,25060,2026-08-29T23:00:00+10:00,2026-08-29T13:00:00+00:00,-37.74941300567491,144.887461013023,10.6,8.6,2,3,overcast,9.3,21.6,0.0,11.0,14.6,true
moonee_valley,Moonee Valley,25060,2026-08-30T00:00:00+10:00,2026-08-29T14:00:00+00:00,-37.74941300567491,144.887461013023,9.8,7.9,2,2,partly_cloudy,7.8,21.6,0.0,9.6,12.7,true
moonee_valley,Moonee Valley,25060,2026-08-30T01:00:00+10:00,2026-08-29T15:00:00+00:00,-37.74941300567491,144.887461013023,9.3,7.6,2,1,mainly_clear,6.3,17.3,0.0,8.4,11.3,true
moonee_valley,Moonee Valley,25060,2026-08-30T02:00:00+10:00,2026-08-29T16:00:00+00:00,-37.74941300567491,144.887461013023,8.7,7.0,2,1,mainly_clear,5.8,13.7,0.0,7.5,10.3,true
moonee_valley,Moonee Valley,25060,2026-08-30T03:00:00+10:00,2026-08-29T17:00:00+00:00,-37.74941300567491,144.887461013023,8.0,6.4,2,1,mainly_clear,4.7,11.9,0.0,7.0,9.7,true
moonee_valley,Moonee Valley,25060,2026-08-30T04:00:00+10:00,2026-08-29T18:00:00+00:00,-37.74941300567491,144.887461013023,7.6,6.1,2,1,mainly_clear,4.2,9.4,0.0,6.6,9.3,true
moonee_valley,Moonee Valley,25060,2026-08-30T05:00:00+10:00,2026-08-29T19:00:00+00:00,-37.74941300567491,144.887461013023,7.3,5.7,1,1,mainly_clear,4.6,9.0,0.0,6.5,9.2,true
moonee_valley,Moonee Valley,25060,2026-08-30T06:00:00+10:00,2026-08-29T20:00:00+00:00,-37.74941300567491,144.887461013023,7.2,5.4,1,1,mainly_clear,5.3,9.7,0.0,6.9,9.6,true
moonee_valley,Moonee Valley,25060,2026-08-30T07:00:00+10:00,2026-08-29T21:00:00+00:00,-37.74941300567491,144.887461013023,7.6,5.8,0,1,mainly_clear,5.6,11.2,0.05,8.2,11.0,true
moonee_valley,Moonee Valley,25060,2026-08-30T08:00:00+10:00,2026-08-29T22:00:00+00:00,-37.74941300567491,144.887461013023,8.9,7.3,0,2,partly_cloudy,5.1,13.7,0.25,10.3,13.8,true
moonee_valley,Moonee Valley,25060,2026-08-30T09:00:00+10:00,2026-08-29T23:00:00+00:00,-37.74941300567491,144.887461013023,10.7,9.2,0,2,partly_cloudy,5.6,17.3,0.8,10.0,14.0,true
moonee_valley,Moonee Valley,25060,2026-08-30T10:00:00+10:00,2026-08-30T00:00:00+00:00,-37.74941300567491,144.887461013023,12.2,10.7,0,3,overcast,6.8,20.2,1.75,9.8,14.4,true
moonee_valley,Moonee Valley,25060,2026-08-30T11:00:00+10:00,2026-08-30T01:00:00+00:00,-37.74941300567491,144.887461013023,13.1,11.5,0,3,overcast,7.4,22.0,2.75,10.2,15.3,true
moonee_valley,Moonee Valley,25060,2026-08-30T12:00:00+10:00,2026-08-30T02:00:00+00:00,-37.74941300567491,144.887461013023,13.6,12.1,0,3,overcast,7.6,23.0,3.25,10.5,15.6,true
moonee_valley,Moonee Valley,25060,2026-08-30T13:00:00+10:00,2026-08-30T03:00:00+00:00,-37.74941300567491,144.887461013023,14.0,12.4,0,3,overcast,7.9,23.8,3.55,10.6,15.5,true
moonee_valley,Moonee Valley,25060,2026-08-30T14:00:00+10:00,2026-08-30T04:00:00+00:00,-37.74941300567491,144.887461013023,14.1,12.4,0,3,overcast,8.1,24.1,3.15,9.8,14.4,true
moonee_valley,Moonee Valley,25060,2026-08-30T15:00:00+10:00,2026-08-30T05:00:00+00:00,-37.74941300567491,144.887461013023,14.0,12.3,0,3,overcast,8.2,23.8,1.9,9.8,14.3,true
moonee_valley,Moonee Valley,25060,2026-08-30T16:00:00+10:00,2026-08-30T06:00:00+00:00,-37.74941300567491,144.887461013023,13.6,12.0,0,3,overcast,7.7,23.4,0.8,10.0,14.3,true
moonee_valley,Moonee Valley,25060,2026-08-30T17:00:00+10:00,2026-08-30T07:00:00+00:00,-37.74941300567491,144.887461013023,13.0,11.6,0,3,overcast,6.5,23.0,0.2,10.1,14.6,true
moonee_valley,Moonee Valley,25060,2026-08-30T18:00:00+10:00,2026-08-30T08:00:00+00:00,-37.74941300567491,144.887461013023,12.1,11.0,0,3,overcast,5.0,22.3,0.0,11.7,16.0,true
moonee_valley,Moonee Valley,25060,2026-08-30T19:00:00+10:00,2026-08-30T09:00:00+00:00,-37.74941300567491,144.887461013023,11.4,10.6,0,3,overcast,3.5,20.5,0.0,12.2,15.8,true
moonee_valley,Moonee Valley,25060,2026-08-30T20:00:00+10:00,2026-08-30T10:00:00+00:00,-37.74941300567491,144.887461013023,11.0,10.4,0,3,overcast,2.5,16.6,0.0,12.0,15.0,true
moonee_valley,Moonee Valley,25060,2026-08-30T21:00:00+10:00,2026-08-30T11:00:00+00:00,-37.74941300567491,144.887461013023,10.9,10.3,0,2,partly_cloudy,1.9,11.2,0.0,12.3,15.3,true
moonee_valley,Moonee Valley,25060,2026-08-30T22:00:00+10:00,2026-08-30T12:00:00+00:00,-37.74941300567491,144.887461013023,10.7,10.2,0,2,partly_cloudy,1.6,6.8,0.0,13.1,16.1,true
moonee_valley,Moonee Valley,25060,2026-08-30T23:00:00+10:00,2026-08-30T13:00:00+00:00,-37.74941300567491,144.887461013023,10.6,10.1,0,2,partly_cloudy,1.0,4.7,,,,false
moonee_valley,Moonee Valley,25060,2026-08-31T00:00:00+10:00,2026-08-30T14:00:00+00:00,-37.74941300567491,144.887461013023,10.5,10.2,0,3,overcast,0.4,4.0,,,,false
moonee_valley,Moonee Valley,25060,2026-08-31T01:00:00+10:00,2026-08-30T15:00:00+00:00,-37.74941300567491,144.887461013023,10.4,10.0,0,3,overcast,1.0,3.2,,,,false
moonee_valley,Moonee Valley,25060,2026-08-31T02:00:00+10:00,2026-08-30T16:00:00+00:00,-37.74941300567491,144.887461013023,10.4,10.0,0,3,overcast,1.1,2.9,,,,false
moonee_valley,Moonee Valley,25060,2026-08-31T03:00:00+10:00,2026-08-30T17:00:00+00:00,-37.74941300567491,144.887461013023,10.4,10.0,0,3,overcast,0.9,2.9,,,,false
moonee_valley,Moonee Valley,25060,2026-08-31T04:00:00+10:00,2026-08-30T18:00:00+00:00,-37.74941300567491,144.887461013023,10.3,9.9,0,3,overcast,1.0,3.2,,,,false
moonee_valley,Moonee Valley,25060,2026-08-31T05:00:00+10:00,2026-08-30T19:00:00+00:00,-37.74941300567491,144.887461013023,10.0,9.4,0,3,overcast,1.9,4.7,,,,false
moonee_valley,Moonee Valley,25060,2026-08-31T06:00:00+10:00,2026-08-30T20:00:00+00:00,-37.74941300567491,144.887461013023,9.6,8.8,0,3,overcast,3.5,6.5,,,,false
moonee_valley,Moonee Valley,25060,2026-08-31T07:00:00+10:00,2026-08-30T21:00:00+00:00,-37.74941300567491,144.887461013023,9.6,8.7,0,3,overcast,3.8,8.6,,,,false
moonee_valley,Moonee Valley,25060,2026-08-31T08:00:00+10:00,2026-08-30T22:00:00+00:00,-37.74941300567491,144.887461013023,10.1,9.4,0,3,overcast,1.5,10.8,,,,false
moonee_valley,Moonee Valley,25060,2026-08-31T09:00:00+10:00,2026-08-30T23:00:00+00:00,-37.74941300567491,144.887461013023,10.8,10.0,0,3,overcast,2.1,13.3,,,,false
moonee_valley,Moonee Valley,25060,2026-08-31T10:00:00+10:00,2026-08-31T00:00:00+00:00,-37.74941300567491,144.887461013023,11.9,10.7,0,3,overcast,4.7,15.5,,,,false
moonee_valley,Moonee Valley,25060,2026-08-31T11:00:00+10:00,2026-08-31T01:00:00+00:00,-37.74941300567491,144.887461013023,13.4,12.3,0,2,partly_cloudy,5.2,16.6,,,,false
moonee_valley,Moonee Valley,25060,2026-08-31T12:00:00+10:00,2026-08-31T02:00:00+00:00,-37.74941300567491,144.887461013023,15.2,14.6,0,1,mainly_clear,4.8,17.3,,,,false
moonee_valley,Moonee Valley,25060,2026-08-31T13:00:00+10:00,2026-08-31T03:00:00+00:00,-37.74941300567491,144.887461013023,16.5,16.6,0,0,clear_sky,3.7,18.0,,,,false
moonee_valley,Moonee Valley,25060,2026-08-31T14:00:00+10:00,2026-08-31T04:00:00+00:00,-37.74941300567491,144.887461013023,17.0,17.2,0,0,clear_sky,3.4,19.4,,,,false
moonee_valley,Moonee Valley,25060,2026-08-31T15:00:00+10:00,2026-08-31T05:00:00+00:00,-37.74941300567491,144.887461013023,16.9,16.3,0,0,clear_sky,6.1,21.2,,,,false
moonee_valley,Moonee Valley,25060,2026-08-31T16:00:00+10:00,2026-08-31T06:00:00+00:00,-37.74941300567491,144.887461013023,16.3,15.4,0,0,clear_sky,7.9,22.3,,,,false
moonee_valley,Moonee Valley,25060,2026-08-31T17:00:00+10:00,2026-08-31T07:00:00+00:00,-37.74941300567491,144.887461013023,14.9,14.1,0,0,clear_sky,6.7,22.7,,,,false
moonee_valley,Moonee Valley,25060,2026-08-31T18:00:00+10:00,2026-08-31T08:00:00+00:00,-37.74941300567491,144.887461013023,13.0,12.4,0,0,clear_sky,3.6,22.3,,,,false
moonee_valley,Moonee Valley,25060,2026-08-31T19:00:00+10:00,2026-08-31T09:00:00+00:00,-37.74941300567491,144.887461013023,11.7,11.5,0,0,clear_sky,0.4,22.7,,,,false
moonee_valley,Moonee Valley,25060,2026-08-31T20:00:00+10:00,2026-08-31T10:00:00+00:00,-37.74941300567491,144.887461013023,11.6,10.8,0,0,clear_sky,4.2,23.8,,,,false
moonee_valley,Moonee Valley,25060,2026-08-31T21:00:00+10:00,2026-08-31T11:00:00+00:00,-37.74941300567491,144.887461013023,12.1,10.7,0,0,clear_sky,9.2,25.2,,,,false
moonee_valley,Moonee Valley,25060,2026-08-31T22:00:00+10:00,2026-08-31T12:00:00+00:00,-37.74941300567491,144.887461013023,12.4,10.6,0,0,clear_sky,13.0,27.0,,,,false
moonee_valley,Moonee Valley,25060,2026-08-31T23:00:00+10:00,2026-08-31T13:00:00+00:00,-37.74941300567491,144.887461013023,12.4,10.4,0,0,clear_sky,14.2,28.4,,,,false
moonee_valley,Moonee Valley,25060,2026-09-01T00:00:00+10:00,2026-08-31T14:00:00+00:00,-37.74941300567491,144.887461013023,12.3,10.2,0,0,clear_sky,14.2,29.9,,,,false
moonee_valley,Moonee Valley,25060,2026-09-01T01:00:00+10:00,2026-08-31T15:00:00+00:00,-37.74941300567491,144.887461013023,12.1,10.1,0,0,clear_sky,14.4,32.0,,,,false
moonee_valley,Moonee Valley,25060,2026-09-01T02:00:00+10:00,2026-08-31T16:00:00+00:00,-37.74941300567491,144.887461013023,12.0,9.7,0,1,mainly_clear,15.7,35.3,,,,false
moonee_valley,Moonee Valley,25060,2026-09-01T03:00:00+10:00,2026-08-31T17:00:00+00:00,-37.74941300567491,144.887461013023,11.8,9.4,0,2,partly_cloudy,17.1,39.2,,,,false
moonee_valley,Moonee Valley,25060,2026-09-01T04:00:00+10:00,2026-08-31T18:00:00+00:00,-37.74941300567491,144.887461013023,11.7,9.0,0,3,overcast,18.4,42.1,,,,false
moonee_valley,Moonee Valley,25060,2026-09-01T05:00:00+10:00,2026-08-31T19:00:00+00:00,-37.74941300567491,144.887461013023,11.5,8.7,0,3,overcast,18.9,42.8,,,,false
moonee_valley,Moonee Valley,25060,2026-09-01T06:00:00+10:00,2026-08-31T20:00:00+00:00,-37.74941300567491,144.887461013023,11.3,8.4,0,3,overcast,19.1,42.1,,,,false
moonee_valley,Moonee Valley,25060,2026-09-01T07:00:00+10:00,2026-08-31T21:00:00+00:00,-37.74941300567491,144.887461013023,11.4,8.4,0,2,partly_cloudy,19.5,43.2,,,,false
moonee_valley,Moonee Valley,25060,2026-09-01T08:00:00+10:00,2026-08-31T22:00:00+00:00,-37.74941300567491,144.887461013023,12.7,9.4,0,2,partly_cloudy,22.0,51.8,,,,false
moonee_valley,Moonee Valley,25060,2026-09-01T09:00:00+10:00,2026-08-31T23:00:00+00:00,-37.74941300567491,144.887461013023,13.1,9.7,0,1,mainly_clear,22.8,54.4,,,,false
moonee_valley,Moonee Valley,25060,2026-09-01T10:00:00+10:00,2026-09-01T00:00:00+00:00,-37.74941300567491,144.887461013023,13.7,10.2,0,1,mainly_clear,23.2,56.9,,,,false
moonee_valley,Moonee Valley,25060,2026-09-01T11:00:00+10:00,2026-09-01T01:00:00+00:00,-37.74941300567491,144.887461013023,14.5,10.9,3,1,mainly_clear,23.8,59.8,,,,false
moonee_valley,Moonee Valley,25060,2026-09-01T12:00:00+10:00,2026-09-01T02:00:00+00:00,-37.74941300567491,144.887461013023,15.6,12.1,8,2,partly_cloudy,24.8,63.0,,,,false
moonee_valley,Moonee Valley,25060,2026-09-01T13:00:00+10:00,2026-09-01T03:00:00+00:00,-37.74941300567491,144.887461013023,16.7,13.1,13,2,partly_cloudy,25.8,66.2,,,,false
moonee_valley,Moonee Valley,25060,2026-09-01T14:00:00+10:00,2026-09-01T04:00:00+00:00,-37.74941300567491,144.887461013023,17.8,13.9,19,3,overcast,26.3,68.8,,,,false
moonee_valley,Moonee Valley,25060,2026-09-01T15:00:00+10:00,2026-09-01T05:00:00+00:00,-37.74941300567491,144.887461013023,18.5,14.7,25,3,overcast,25.9,70.9,,,,false
moonee_valley,Moonee Valley,25060,2026-09-01T16:00:00+10:00,2026-09-01T06:00:00+00:00,-37.74941300567491,144.887461013023,18.7,15.1,31,3,overcast,24.4,71.3,,,,false
moonee_valley,Moonee Valley,25060,2026-09-01T17:00:00+10:00,2026-09-01T07:00:00+00:00,-37.74941300567491,144.887461013023,18.2,15.1,38,53,moderate_drizzle,20.9,70.2,,,,false
moonee_valley,Moonee Valley,25060,2026-09-01T18:00:00+10:00,2026-09-01T08:00:00+00:00,-37.74941300567491,144.887461013023,17.2,14.8,45,53,moderate_drizzle,16.6,67.3,,,,false
moonee_valley,Moonee Valley,25060,2026-09-01T19:00:00+10:00,2026-09-01T09:00:00+00:00,-37.74941300567491,144.887461013023,15.9,13.8,52,53,moderate_drizzle,13.9,63.7,,,,false
moonee_valley,Moonee Valley,25060,2026-09-01T20:00:00+10:00,2026-09-01T10:00:00+00:00,-37.74941300567491,144.887461013023,14.4,12.2,58,53,moderate_drizzle,15.4,59.8,,,,false
moonee_valley,Moonee Valley,25060,2026-09-01T21:00:00+10:00,2026-09-01T11:00:00+00:00,-37.74941300567491,144.887461013023,13.1,10.3,63,53,moderate_drizzle,18.7,56.2,,,,false
moonee_valley,Moonee Valley,25060,2026-09-01T22:00:00+10:00,2026-09-01T12:00:00+00:00,-37.74941300567491,144.887461013023,12.0,8.9,65,53,moderate_drizzle,20.8,53.3,,,,false
moonee_valley,Moonee Valley,25060,2026-09-01T23:00:00+10:00,2026-09-01T13:00:00+00:00,-37.74941300567491,144.887461013023,11.1,7.9,63,0,clear_sky,20.5,51.1,,,,false
mornington_peninsula,Mornington Peninsula,25340,2026-08-26T00:00:00+10:00,2026-08-25T14:00:00+00:00,-38.33087456312881,145.0821873780605,10.9,8.6,0,51,light_drizzle,15.9,32.8,0.0,5.0,8.6,true
mornington_peninsula,Mornington Peninsula,25340,2026-08-26T01:00:00+10:00,2026-08-25T15:00:00+00:00,-38.33087456312881,145.0821873780605,10.8,7.9,0,0,clear_sky,17.6,32.8,0.0,5.7,10.0,true
mornington_peninsula,Mornington Peninsula,25340,2026-08-26T02:00:00+10:00,2026-08-25T16:00:00+00:00,-38.33087456312881,145.0821873780605,10.4,7.5,0,1,mainly_clear,16.5,33.5,0.0,6.5,11.3,true
mornington_peninsula,Mornington Peninsula,25340,2026-08-26T03:00:00+10:00,2026-08-25T17:00:00+00:00,-38.33087456312881,145.0821873780605,10.1,7.6,0,1,mainly_clear,13.0,31.0,0.0,7.2,12.4,true
mornington_peninsula,Mornington Peninsula,25340,2026-08-26T04:00:00+10:00,2026-08-25T18:00:00+00:00,-38.33087456312881,145.0821873780605,9.7,7.5,0,2,partly_cloudy,12.0,24.5,0.0,7.2,12.4,true
mornington_peninsula,Mornington Peninsula,25340,2026-08-26T05:00:00+10:00,2026-08-25T19:00:00+00:00,-38.33087456312881,145.0821873780605,10.0,7.7,0,2,partly_cloudy,12.1,22.3,0.0,7.1,12.2,true
mornington_peninsula,Mornington Peninsula,25340,2026-08-26T06:00:00+10:00,2026-08-25T20:00:00+00:00,-38.33087456312881,145.0821873780605,10.1,7.7,0,1,mainly_clear,11.9,23.4,0.0,6.7,11.4,true
mornington_peninsula,Mornington Peninsula,25340,2026-08-26T07:00:00+10:00,2026-08-25T21:00:00+00:00,-38.33087456312881,145.0821873780605,9.8,7.3,0,0,clear_sky,11.5,23.0,0.05,6.5,10.9,true
mornington_peninsula,Mornington Peninsula,25340,2026-08-26T08:00:00+10:00,2026-08-25T22:00:00+00:00,-38.33087456312881,145.0821873780605,11.0,8.4,0,2,partly_cloudy,12.5,22.0,0.35,6.7,11.1,true
mornington_peninsula,Mornington Peninsula,25340,2026-08-26T09:00:00+10:00,2026-08-25T23:00:00+00:00,-38.33087456312881,145.0821873780605,12.2,8.8,0,1,mainly_clear,16.5,32.8,1.1,7.6,13.0,true
mornington_peninsula,Mornington Peninsula,25340,2026-08-26T10:00:00+10:00,2026-08-26T00:00:00+00:00,-38.33087456312881,145.0821873780605,12.9,9.6,0,2,partly_cloudy,17.6,37.1,2.05,7.4,12.5,true
mornington_peninsula,Mornington Peninsula,25340,2026-08-26T11:00:00+10:00,2026-08-26T01:00:00+00:00,-38.33087456312881,145.0821873780605,13.1,9.7,0,51,light_drizzle,18.6,38.9,2.9,7.2,12.3,true
mornington_peninsula,Mornington Peninsula,25340,2026-08-26T12:00:00+10:00,2026-08-26T02:00:00+00:00,-38.33087456312881,145.0821873780605,13.5,10.1,0,2,partly_cloudy,18.3,39.2,3.25,7.3,12.4,true
mornington_peninsula,Mornington Peninsula,25340,2026-08-26T13:00:00+10:00,2026-08-26T03:00:00+00:00,-38.33087456312881,145.0821873780605,13.6,10.1,0,51,light_drizzle,19.0,40.0,2.85,7.0,11.9,true
mornington_peninsula,Mornington Peninsula,25340,2026-08-26T14:00:00+10:00,2026-08-26T04:00:00+00:00,-38.33087456312881,145.0821873780605,13.5,9.9,1,3,overcast,18.6,40.3,2.2,6.9,11.8,true
mornington_peninsula,Mornington Peninsula,25340,2026-08-26T15:00:00+10:00,2026-08-26T05:00:00+00:00,-38.33087456312881,145.0821873780605,13.2,9.8,2,2,partly_cloudy,18.2,38.9,1.3,6.8,11.6,true
mornington_peninsula,Mornington Peninsula,25340,2026-08-26T16:00:00+10:00,2026-08-26T06:00:00+00:00,-38.33087456312881,145.0821873780605,12.9,9.6,2,2,partly_cloudy,17.1,37.8,0.5,6.8,11.5,true
mornington_peninsula,Mornington Peninsula,25340,2026-08-26T17:00:00+10:00,2026-08-26T07:00:00+00:00,-38.33087456312881,145.0821873780605,12.1,9.2,2,1,mainly_clear,15.0,34.9,0.1,6.8,11.4,true
mornington_peninsula,Mornington Peninsula,25340,2026-08-26T18:00:00+10:00,2026-08-26T08:00:00+00:00,-38.33087456312881,145.0821873780605,10.9,8.4,1,1,mainly_clear,12.4,29.2,0.0,6.9,11.4,true
mornington_peninsula,Mornington Peninsula,25340,2026-08-26T19:00:00+10:00,2026-08-26T09:00:00+00:00,-38.33087456312881,145.0821873780605,10.4,7.8,0,3,overcast,12.3,24.1,0.0,7.2,11.7,true
mornington_peninsula,Mornington Peninsula,25340,2026-08-26T20:00:00+10:00,2026-08-26T10:00:00+00:00,-38.33087456312881,145.0821873780605,10.2,7.7,0,3,overcast,10.6,23.0,0.0,7.4,11.9,true
mornington_peninsula,Mornington Peninsula,25340,2026-08-26T21:00:00+10:00,2026-08-26T11:00:00+00:00,-38.33087456312881,145.0821873780605,9.6,7.5,0,1,mainly_clear,8.0,19.8,0.0,7.6,12.2,true
mornington_peninsula,Mornington Peninsula,25340,2026-08-26T22:00:00+10:00,2026-08-26T12:00:00+00:00,-38.33087456312881,145.0821873780605,9.0,7.0,0,1,mainly_clear,6.8,15.1,0.0,7.7,12.4,true
mornington_peninsula,Mornington Peninsula,25340,2026-08-26T23:00:00+10:00,2026-08-26T13:00:00+00:00,-38.33087456312881,145.0821873780605,8.9,7.0,0,2,partly_cloudy,6.0,13.0,0.0,7.9,12.6,true
mornington_peninsula,Mornington Peninsula,25340,2026-08-27T00:00:00+10:00,2026-08-26T14:00:00+00:00,-38.33087456312881,145.0821873780605,9.2,7.3,0,3,overcast,6.1,11.2,0.0,8.2,13.0,true
mornington_peninsula,Mornington Peninsula,25340,2026-08-27T01:00:00+10:00,2026-08-26T15:00:00+00:00,-38.33087456312881,145.0821873780605,9.6,7.8,0,2,partly_cloudy,5.6,12.2,0.0,8.3,13.2,true
mornington_peninsula,Mornington Peninsula,25340,2026-08-27T02:00:00+10:00,2026-08-26T16:00:00+00:00,-38.33087456312881,145.0821873780605,8.8,7.1,0,0,clear_sky,4.8,10.1,0.0,8.1,12.9,true
mornington_peninsula,Mornington Peninsula,25340,2026-08-27T03:00:00+10:00,2026-08-26T17:00:00+00:00,-38.33087456312881,145.0821873780605,8.4,6.7,0,0,clear_sky,4.1,7.9,0.0,7.9,12.6,true
mornington_peninsula,Mornington Peninsula,25340,2026-08-27T04:00:00+10:00,2026-08-26T18:00:00+00:00,-38.33087456312881,145.0821873780605,8.7,7.2,0,1,mainly_clear,2.5,6.8,0.0,7.8,12.4,true
mornington_peninsula,Mornington Peninsula,25340,2026-08-27T05:00:00+10:00,2026-08-26T19:00:00+00:00,-38.33087456312881,145.0821873780605,8.9,7.4,0,2,partly_cloudy,2.7,4.7,0.0,7.8,12.3,true
mornington_peninsula,Mornington Peninsula,25340,2026-08-27T06:00:00+10:00,2026-08-26T20:00:00+00:00,-38.33087456312881,145.0821873780605,8.9,7.3,0,1,mainly_clear,3.2,5.4,0.0,8.0,12.4,true
mornington_peninsula,Mornington Peninsula,25340,2026-08-27T07:00:00+10:00,2026-08-26T21:00:00+00:00,-38.33087456312881,145.0821873780605,8.2,6.5,0,2,partly_cloudy,4.7,7.6,0.05,8.7,12.9,true
mornington_peninsula,Mornington Peninsula,25340,2026-08-27T08:00:00+10:00,2026-08-26T22:00:00+00:00,-38.33087456312881,145.0821873780605,10.2,8.6,0,3,overcast,7.0,11.9,0.3,9.0,12.4,true
mornington_peninsula,Mornington Peninsula,25340,2026-08-27T09:00:00+10:00,2026-08-26T23:00:00+00:00,-38.33087456312881,145.0821873780605,11.6,10.1,0,2,partly_cloudy,6.1,15.1,0.9,8.5,11.8,true
mornington_peninsula,Mornington Peninsula,25340,2026-08-27T10:00:00+10:00,2026-08-27T00:00:00+00:00,-38.33087456312881,145.0821873780605,12.2,10.2,0,3,overcast,8.3,20.2,1.85,7.4,11.7,true
mornington_peninsula,Mornington Peninsula,25340,2026-08-27T11:00:00+10:00,2026-08-27T01:00:00+00:00,-38.33087456312881,145.0821873780605,12.6,10.3,1,1,mainly_clear,9.6,23.4,2.35,7.2,11.6,true
mornington_peninsula,Mornington Peninsula,25340,2026-08-27T12:00:00+10:00,2026-08-27T02:00:00+00:00,-38.33087456312881,145.0821873780605,12.9,10.7,2,1,mainly_clear,11.2,26.6,2.7,7.5,11.8,true
mornington_peninsula,Mornington Peninsula,25340,2026-08-27T13:00:00+10:00,2026-08-27T03:00:00+00:00,-38.33087456312881,145.0821873780605,12.8,10.6,2,0,clear_sky,12.2,28.4,2.8,8.0,12.4,true
mornington_peninsula,Mornington Peninsula,25340,2026-08-27T14:00:00+10:00,2026-08-27T04:00:00+00:00,-38.33087456312881,145.0821873780605,12.9,10.7,2,0,clear_sky,11.1,28.4,2.35,8.2,12.5,true
mornington_peninsula,Mornington Peninsula,25340,2026-08-27T15:00:00+10:00,2026-08-27T05:00:00+00:00,-38.33087456312881,145.0821873780605,13.1,10.9,1,0,clear_sky,8.7,25.9,1.4,8.1,12.3,true
mornington_peninsula,Mornington Peninsula,25340,2026-08-27T16:00:00+10:00,2026-08-27T06:00:00+00:00,-38.33087456312881,145.0821873780605,13.0,11.0,0,0,clear_sky,7.9,20.9,0.55,7.8,11.8,true
mornington_peninsula,Mornington Peninsula,25340,2026-08-27T17:00:00+10:00,2026-08-27T07:00:00+00:00,-38.33087456312881,145.0821873780605,12.2,11.0,0,0,clear_sky,4.5,18.0,0.1,7.5,11.2,true
mornington_peninsula,Mornington Peninsula,25340,2026-08-27T18:00:00+10:00,2026-08-27T08:00:00+00:00,-38.33087456312881,145.0821873780605,10.0,8.6,0,1,mainly_clear,3.9,9.4,0.0,7.5,10.9,true
mornington_peninsula,Mornington Peninsula,25340,2026-08-27T19:00:00+10:00,2026-08-27T09:00:00+00:00,-38.33087456312881,145.0821873780605,9.6,8.0,0,1,mainly_clear,4.9,9.7,0.0,7.5,10.6,true
mornington_peninsula,Mornington Peninsula,25340,2026-08-27T20:00:00+10:00,2026-08-27T10:00:00+00:00,-38.33087456312881,145.0821873780605,9.4,7.6,0,3,overcast,5.4,11.2,0.0,7.3,10.0,true
mornington_peninsula,Mornington Peninsula,25340,2026-08-27T21:00:00+10:00,2026-08-27T11:00:00+00:00,-38.33087456312881,145.0821873780605,9.7,7.7,0,3,overcast,6.5,12.6,0.0,7.0,9.4,true
mornington_peninsula,Mornington Peninsula,25340,2026-08-27T22:00:00+10:00,2026-08-27T12:00:00+00:00,-38.33087456312881,145.0821873780605,10.9,8.7,0,3,overcast,8.6,16.2,0.0,7.0,9.1,true
mornington_peninsula,Mornington Peninsula,25340,2026-08-27T23:00:00+10:00,2026-08-27T13:00:00+00:00,-38.33087456312881,145.0821873780605,11.1,9.0,0,2,partly_cloudy,9.2,17.6,0.0,6.6,8.5,true
mornington_peninsula,Mornington Peninsula,25340,2026-08-28T00:00:00+10:00,2026-08-27T14:00:00+00:00,-38.33087456312881,145.0821873780605,10.5,8.1,0,1,mainly_clear,11.3,20.2,0.0,6.6,8.3,true
mornington_peninsula,Mornington Peninsula,25340,2026-08-28T01:00:00+10:00,2026-08-27T15:00:00+00:00,-38.33087456312881,145.0821873780605,10.2,7.7,0,3,overcast,12.8,22.7,0.0,6.8,8.5,true
mornington_peninsula,Mornington Peninsula,25340,2026-08-28T02:00:00+10:00,2026-08-27T16:00:00+00:00,-38.33087456312881,145.0821873780605,10.3,7.8,0,1,mainly_clear,13.4,24.5,0.0,6.7,8.3,true
mornington_peninsula,Mornington Peninsula,25340,2026-08-28T03:00:00+10:00,2026-08-27T17:00:00+00:00,-38.33087456312881,145.0821873780605,10.3,7.6,0,0,clear_sky,15.5,27.7,0.0,6.2,7.7,true
mornington_peninsula,Mornington Peninsula,25340,2026-08-28T04:00:00+10:00,2026-08-27T18:00:00+00:00,-38.33087456312881,145.0821873780605,9.8,7.2,0,0,clear_sky,13.9,28.8,0.0,5.6,7.0,true
mornington_peninsula,Mornington Peninsula,25340,2026-08-28T05:00:00+10:00,2026-08-27T19:00:00+00:00,-38.33087456312881,145.0821873780605,9.5,6.8,0,0,clear_sky,14.4,27.0,0.0,4.7,5.9,true
mornington_peninsula,Mornington Peninsula,25340,2026-08-28T06:00:00+10:00,2026-08-27T20:00:00+00:00,-38.33087456312881,145.0821873780605,9.6,6.7,0,0,clear_sky,15.5,29.2,0.0,4.0,5.1,true
mornington_peninsula,Mornington Peninsula,25340,2026-08-28T07:00:00+10:00,2026-08-27T21:00:00+00:00,-38.33087456312881,145.0821873780605,9.5,6.5,0,1,mainly_clear,15.6,29.9,0.0,4.0,5.2,true
mornington_peninsula,Mornington Peninsula,25340,2026-08-28T08:00:00+10:00,2026-08-27T22:00:00+00:00,-38.33087456312881,145.0821873780605,10.4,7.3,2,0,clear_sky,16.4,32.0,0.15,3.8,4.9,true
mornington_peninsula,Mornington Peninsula,25340,2026-08-28T09:00:00+10:00,2026-08-27T23:00:00+00:00,-38.33087456312881,145.0821873780605,11.2,8.1,4,2,partly_cloudy,16.7,34.2,0.65,3.8,4.8,true
mornington_peninsula,Mornington Peninsula,25340,2026-08-28T10:00:00+10:00,2026-08-28T00:00:00+00:00,-38.33087456312881,145.0821873780605,12.0,9.1,8,3,overcast,15.7,34.6,1.75,3.8,4.9,true
mornington_peninsula,Mornington Peninsula,25340,2026-08-28T11:00:00+10:00,2026-08-28T01:00:00+00:00,-38.33087456312881,145.0821873780605,12.2,9.6,15,3,overcast,14.5,33.8,2.5,4.9,7.3,true
mornington_peninsula,Mornington Peninsula,25340,2026-08-28T12:00:00+10:00,2026-08-28T02:00:00+00:00,-38.33087456312881,145.0821873780605,11.9,10.0,24,53,moderate_drizzle,12.2,31.0,3.3,7.6,12.5,true
mornington_peninsula,Mornington Peninsula,25340,2026-08-28T13:00:00+10:00,2026-08-28T03:00:00+00:00,-38.33087456312881,145.0821873780605,12.7,11.2,31,51,light_drizzle,11.4,25.6,3.35,10.7,17.9,true
mornington_peninsula,Mornington Peninsula,25340,2026-08-28T14:00:00+10:00,2026-08-28T04:00:00+00:00,-38.33087456312881,145.0821873780605,13.7,11.9,37,3,overcast,14.1,29.5,2.65,10.8,18.1,true
mornington_peninsula,Mornington Peninsula,25340,2026-08-28T15:00:00+10:00,2026-08-28T05:00:00+00:00,-38.33087456312881,145.0821873780605,13.6,12.1,42,3,overcast,12.0,29.9,1.65,10.9,18.4,true
mornington_peninsula,Mornington Peninsula,25340,2026-08-28T16:00:00+10:00,2026-08-28T06:00:00+00:00,-38.33087456312881,145.0821873780605,13.7,12.4,41,1,mainly_clear,10.1,25.6,0.7,11.0,18.5,true
mornington_peninsula,Mornington Peninsula,25340,2026-08-28T17:00:00+10:00,2026-08-28T07:00:00+00:00,-38.33087456312881,145.0821873780605,13.1,11.7,30,1,mainly_clear,9.6,22.7,0.15,11.2,18.8,true
mornington_peninsula,Mornington Peninsula,25340,2026-08-28T18:00:00+10:00,2026-08-28T08:00:00+00:00,-38.33087456312881,145.0821873780605,11.2,10.2,13,0,clear_sky,6.1,19.4,0.0,11.8,19.5,true
mornington_peninsula,Mornington Peninsula,25340,2026-08-28T19:00:00+10:00,2026-08-28T09:00:00+00:00,-38.33087456312881,145.0821873780605,9.5,8.2,0,0,clear_sky,4.5,11.9,0.0,12.5,20.3,true
mornington_peninsula,Mornington Peninsula,25340,2026-08-28T20:00:00+10:00,2026-08-28T10:00:00+00:00,-38.33087456312881,145.0821873780605,9.0,7.5,0,0,clear_sky,4.7,9.0,0.0,11.8,18.7,true
mornington_peninsula,Mornington Peninsula,25340,2026-08-28T21:00:00+10:00,2026-08-28T11:00:00+00:00,-38.33087456312881,145.0821873780605,8.7,7.1,0,2,partly_cloudy,6.1,11.5,0.0,11.4,18.0,true
mornington_peninsula,Mornington Peninsula,25340,2026-08-28T22:00:00+10:00,2026-08-28T12:00:00+00:00,-38.33087456312881,145.0821873780605,9.7,8.1,0,2,partly_cloudy,6.7,13.3,0.0,12.1,19.2,true
mornington_peninsula,Mornington Peninsula,25340,2026-08-28T23:00:00+10:00,2026-08-28T13:00:00+00:00,-38.33087456312881,145.0821873780605,9.3,7.8,0,2,partly_cloudy,5.6,13.0,0.0,12.3,19.6,true
mornington_peninsula,Mornington Peninsula,25340,2026-08-29T00:00:00+10:00,2026-08-28T14:00:00+00:00,-38.33087456312881,145.0821873780605,8.5,6.9,0,1,mainly_clear,5.3,10.4,0.0,12.5,19.8,true
mornington_peninsula,Mornington Peninsula,25340,2026-08-29T01:00:00+10:00,2026-08-28T15:00:00+00:00,-38.33087456312881,145.0821873780605,8.2,6.3,0,0,clear_sky,6.9,13.0,0.0,12.5,19.7,true
mornington_peninsula,Mornington Peninsula,25340,2026-08-29T02:00:00+10:00,2026-08-28T16:00:00+00:00,-38.33087456312881,145.0821873780605,8.0,6.0,0,1,mainly_clear,6.6,13.3,0.0,12.1,19.2,true
mornington_peninsula,Mornington Peninsula,25340,2026-08-29T03:00:00+10:00,2026-08-28T17:00:00+00:00,-38.33087456312881,145.0821873780605,8.0,6.0,0,1,mainly_clear,6.7,13.0,0.0,11.9,19.1,true
mornington_peninsula,Mornington Peninsula,25340,2026-08-29T04:00:00+10:00,2026-08-28T18:00:00+00:00,-38.33087456312881,145.0821873780605,8.1,6.1,0,2,partly_cloudy,7.1,13.7,0.0,12.3,20.0,true
mornington_peninsula,Mornington Peninsula,25340,2026-08-29T05:00:00+10:00,2026-08-28T19:00:00+00:00,-38.33087456312881,145.0821873780605,8.3,6.2,0,3,overcast,7.5,14.4,0.0,12.4,20.2,true
mornington_peninsula,Mornington Peninsula,25340,2026-08-29T06:00:00+10:00,2026-08-28T20:00:00+00:00,-38.33087456312881,145.0821873780605,9.2,7.0,0,3,overcast,7.6,15.1,0.0,12.8,20.8,true
mornington_peninsula,Mornington Peninsula,25340,2026-08-29T07:00:00+10:00,2026-08-28T21:00:00+00:00,-38.33087456312881,145.0821873780605,9.2,7.2,0,3,overcast,8.1,14.8,0.05,13.4,21.5,true
mornington_peninsula,Mornington Peninsula,25340,2026-08-29T08:00:00+10:00,2026-08-28T22:00:00+00:00,-38.33087456312881,145.0821873780605,10.3,8.3,0,3,overcast,11.3,21.2,0.2,14.4,23.1,true
mornington_peninsula,Mornington Peninsula,25340,2026-08-29T09:00:00+10:00,2026-08-28T23:00:00+00:00,-38.33087456312881,145.0821873780605,10.6,8.6,0,3,overcast,11.4,24.1,0.65,13.8,22.4,true
mornington_peninsula,Mornington Peninsula,25340,2026-08-29T10:00:00+10:00,2026-08-29T00:00:00+00:00,-38.33087456312881,145.0821873780605,11.0,8.8,2,3,overcast,12.2,26.6,1.15,12.9,21.2,true
mornington_peninsula,Mornington Peninsula,25340,2026-08-29T11:00:00+10:00,2026-08-29T01:00:00+00:00,-38.33087456312881,145.0821873780605,11.3,9.0,11,3,overcast,12.4,27.4,1.55,12.8,21.1,true
mornington_peninsula,Mornington Peninsula,25340,2026-08-29T12:00:00+10:00,2026-08-29T02:00:00+00:00,-38.33087456312881,145.0821873780605,11.9,9.3,23,3,overcast,13.9,30.2,1.85,11.7,19.3,true
mornington_peninsula,Mornington Peninsula,25340,2026-08-29T13:00:00+10:00,2026-08-29T03:00:00+00:00,-38.33087456312881,145.0821873780605,11.9,9.2,29,3,overcast,14.6,31.3,1.85,11.6,19.3,true
mornington_peninsula,Mornington Peninsula,25340,2026-08-29T14:00:00+10:00,2026-08-29T04:00:00+00:00,-38.33087456312881,145.0821873780605,11.9,8.9,24,51,light_drizzle,16.9,35.3,1.4,12.7,21.0,true
mornington_peninsula,Mornington Peninsula,25340,2026-08-29T15:00:00+10:00,2026-08-29T05:00:00+00:00,-38.33087456312881,145.0821873780605,11.8,8.8,13,51,light_drizzle,16.2,35.3,0.85,14.1,23.3,true
mornington_peninsula,Mornington Peninsula,25340,2026-08-29T16:00:00+10:00,2026-08-29T06:00:00+00:00,-38.33087456312881,145.0821873780605,12.1,9.4,4,2,partly_cloudy,14.5,33.5,0.4,17.5,28.9,true
mornington_peninsula,Mornington Peninsula,25340,2026-08-29T17:00:00+10:00,2026-08-29T07:00:00+00:00,-38.33087456312881,145.0821873780605,11.6,9.9,1,0,clear_sky,8.4,29.9,0.1,15.5,25.6,true
mornington_peninsula,Mornington Peninsula,25340,2026-08-29T18:00:00+10:00,2026-08-29T08:00:00+00:00,-38.33087456312881,145.0821873780605,9.8,8.4,0,1,mainly_clear,5.6,15.8,0.0,13.7,22.5,true
mornington_peninsula,Mornington Peninsula,25340,2026-08-29T19:00:00+10:00,2026-08-29T09:00:00+00:00,-38.33087456312881,145.0821873780605,9.7,8.0,0,2,partly_cloudy,7.0,14.0,0.0,11.6,18.9,true
mornington_peninsula,Mornington Peninsula,25340,2026-08-29T20:00:00+10:00,2026-08-29T10:00:00+00:00,-38.33087456312881,145.0821873780605,10.2,8.5,0,3,overcast,7.9,15.8,0.0,10.4,16.8,true
mornington_peninsula,Mornington Peninsula,25340,2026-08-29T21:00:00+10:00,2026-08-29T11:00:00+00:00,-38.33087456312881,145.0821873780605,10.6,8.2,0,2,partly_cloudy,12.7,22.7,0.0,10.6,17.2,true
mornington_peninsula,Mornington Peninsula,25340,2026-08-29T22:00:00+10:00,2026-08-29T12:00:00+00:00,-38.33087456312881,145.0821873780605,10.5,8.1,0,3,overcast,12.7,25.6,0.0,11.7,18.9,true
mornington_peninsula,Mornington Peninsula,25340,2026-08-29T23:00:00+10:00,2026-08-29T13:00:00+00:00,-38.33087456312881,145.0821873780605,10.7,8.7,0,3,overcast,10.3,23.8,0.0,11.9,19.2,true
mornington_peninsula,Mornington Peninsula,25340,2026-08-30T00:00:00+10:00,2026-08-29T14:00:00+00:00,-38.33087456312881,145.0821873780605,10.8,9.0,0,3,overcast,8.9,19.4,0.0,11.5,18.5,true
mornington_peninsula,Mornington Peninsula,25340,2026-08-30T01:00:00+10:00,2026-08-29T15:00:00+00:00,-38.33087456312881,145.0821873780605,10.3,8.7,0,1,mainly_clear,7.5,16.6,0.0,11.2,18.2,true
mornington_peninsula,Mornington Peninsula,25340,2026-08-30T02:00:00+10:00,2026-08-29T16:00:00+00:00,-38.33087456312881,145.0821873780605,9.5,7.9,0,1,mainly_clear,6.9,14.4,0.0,11.4,18.5,true
mornington_peninsula,Mornington Peninsula,25340,2026-08-30T03:00:00+10:00,2026-08-29T17:00:00+00:00,-38.33087456312881,145.0821873780605,9.6,7.9,0,1,mainly_clear,7.2,13.3,0.0,10.9,17.8,true
mornington_peninsula,Mornington Peninsula,25340,2026-08-30T04:00:00+10:00,2026-08-29T18:00:00+00:00,-38.33087456312881,145.0821873780605,9.7,8.0,0,3,overcast,8.6,15.8,0.0,10.7,17.3,true
mornington_peninsula,Mornington Peninsula,25340,2026-08-30T05:00:00+10:00,2026-08-29T19:00:00+00:00,-38.33087456312881,145.0821873780605,9.8,8.2,0,3,overcast,8.5,15.8,0.0,10.5,17.1,true
mornington_peninsula,Mornington Peninsula,25340,2026-08-30T06:00:00+10:00,2026-08-29T20:00:00+00:00,-38.33087456312881,145.0821873780605,10.1,8.6,0,3,overcast,8.6,15.8,0.0,10.1,16.4,true
mornington_peninsula,Mornington Peninsula,25340,2026-08-30T07:00:00+10:00,2026-08-29T21:00:00+00:00,-38.33087456312881,145.0821873780605,10.5,9.0,0,3,overcast,9.2,16.9,0.05,10.2,16.2,true
mornington_peninsula,Mornington Peninsula,25340,2026-08-30T08:00:00+10:00,2026-08-29T22:00:00+00:00,-38.33087456312881,145.0821873780605,11.0,9.4,0,3,overcast,9.8,20.2,0.25,10.7,16.8,true
mornington_peninsula,Mornington Peninsula,25340,2026-08-30T09:00:00+10:00,2026-08-29T23:00:00+00:00,-38.33087456312881,145.0821873780605,11.5,9.7,0,3,overcast,11.3,24.5,0.75,12.0,19.2,true
mornington_peninsula,Mornington Peninsula,25340,2026-08-30T10:00:00+10:00,2026-08-30T00:00:00+00:00,-38.33087456312881,145.0821873780605,12.0,10.0,2,3,overcast,12.9,27.7,1.4,12.3,19.8,true
mornington_peninsula,Mornington Peninsula,25340,2026-08-30T11:00:00+10:00,2026-08-30T01:00:00+00:00,-38.33087456312881,145.0821873780605,12.4,10.3,8,51,light_drizzle,13.6,29.2,2.6,11.9,19.3,true
mornington_peninsula,Mornington Peninsula,25340,2026-08-30T12:00:00+10:00,2026-08-30T02:00:00+00:00,-38.33087456312881,145.0821873780605,12.8,10.6,16,51,light_drizzle,13.7,29.9,3.45,10.8,17.8,true
mornington_peninsula,Mornington Peninsula,25340,2026-08-30T13:00:00+10:00,2026-08-30T03:00:00+00:00,-38.33087456312881,145.0821873780605,13.0,10.8,20,51,light_drizzle,13.4,30.2,3.35,10.3,16.9,true
mornington_peninsula,Mornington Peninsula,25340,2026-08-30T14:00:00+10:00,2026-08-30T04:00:00+00:00,-38.33087456312881,145.0821873780605,13.1,10.9,17,3,overcast,12.6,30.2,2.65,9.7,16.0,true
mornington_peninsula,Mornington Peninsula,25340,2026-08-30T15:00:00+10:00,2026-08-30T05:00:00+00:00,-38.33087456312881,145.0821873780605,13.1,11.0,10,3,overcast,11.8,29.9,1.65,9.8,16.2,true
mornington_peninsula,Mornington Peninsula,25340,2026-08-30T16:00:00+10:00,2026-08-30T06:00:00+00:00,-38.33087456312881,145.0821873780605,12.9,10.9,4,3,overcast,10.7,29.2,0.75,9.8,16.2,true
mornington_peninsula,Mornington Peninsula,25340,2026-08-30T17:00:00+10:00,2026-08-30T07:00:00+00:00,-38.33087456312881,145.0821873780605,12.3,10.6,2,3,overcast,9.0,27.7,0.15,9.6,15.9,true
mornington_peninsula,Mornington Peninsula,25340,2026-08-30T18:00:00+10:00,2026-08-30T08:00:00+00:00,-38.33087456312881,145.0821873780605,11.6,10.3,1,3,overcast,6.8,25.9,0.0,9.6,15.6,true
mornington_peninsula,Mornington Peninsula,25340,2026-08-30T19:00:00+10:00,2026-08-30T09:00:00+00:00,-38.33087456312881,145.0821873780605,11.1,10.0,0,3,overcast,5.4,23.0,0.0,8.9,14.2,true
mornington_peninsula,Mornington Peninsula,25340,2026-08-30T20:00:00+10:00,2026-08-30T10:00:00+00:00,-38.33087456312881,145.0821873780605,10.9,9.9,0,3,overcast,4.7,18.7,0.0,8.9,14.2,true
mornington_peninsula,Mornington Peninsula,25340,2026-08-30T21:00:00+10:00,2026-08-30T11:00:00+00:00,-38.33087456312881,145.0821873780605,10.8,9.9,0,3,overcast,4.6,13.7,0.0,9.2,14.4,true
mornington_peninsula,Mornington Peninsula,25340,2026-08-30T22:00:00+10:00,2026-08-30T12:00:00+00:00,-38.33087456312881,145.0821873780605,10.8,9.8,0,3,overcast,4.6,10.1,0.0,9.8,15.4,true
mornington_peninsula,Mornington Peninsula,25340,2026-08-30T23:00:00+10:00,2026-08-30T13:00:00+00:00,-38.33087456312881,145.0821873780605,10.7,9.8,0,3,overcast,4.5,8.6,,,,false
mornington_peninsula,Mornington Peninsula,25340,2026-08-31T00:00:00+10:00,2026-08-30T14:00:00+00:00,-38.33087456312881,145.0821873780605,10.6,9.6,0,3,overcast,4.8,8.6,,,,false
mornington_peninsula,Mornington Peninsula,25340,2026-08-31T01:00:00+10:00,2026-08-30T15:00:00+00:00,-38.33087456312881,145.0821873780605,10.6,9.5,0,3,overcast,5.1,9.4,,,,false
mornington_peninsula,Mornington Peninsula,25340,2026-08-31T02:00:00+10:00,2026-08-30T16:00:00+00:00,-38.33087456312881,145.0821873780605,10.7,9.4,0,3,overcast,5.8,10.4,,,,false
mornington_peninsula,Mornington Peninsula,25340,2026-08-31T03:00:00+10:00,2026-08-30T17:00:00+00:00,-38.33087456312881,145.0821873780605,10.8,9.4,0,3,overcast,6.9,12.2,,,,false
mornington_peninsula,Mornington Peninsula,25340,2026-08-31T04:00:00+10:00,2026-08-30T18:00:00+00:00,-38.33087456312881,145.0821873780605,10.8,9.3,0,3,overcast,7.2,13.7,,,,false
mornington_peninsula,Mornington Peninsula,25340,2026-08-31T05:00:00+10:00,2026-08-30T19:00:00+00:00,-38.33087456312881,145.0821873780605,10.6,9.2,0,3,overcast,6.4,13.7,,,,false
mornington_peninsula,Mornington Peninsula,25340,2026-08-31T06:00:00+10:00,2026-08-30T20:00:00+00:00,-38.33087456312881,145.0821873780605,10.2,9.0,0,3,overcast,5.0,13.0,,,,false
mornington_peninsula,Mornington Peninsula,25340,2026-08-31T07:00:00+10:00,2026-08-30T21:00:00+00:00,-38.33087456312881,145.0821873780605,10.2,9.2,0,3,overcast,3.8,13.3,,,,false
mornington_peninsula,Mornington Peninsula,25340,2026-08-31T08:00:00+10:00,2026-08-30T22:00:00+00:00,-38.33087456312881,145.0821873780605,10.7,9.6,0,3,overcast,4.4,15.5,,,,false
mornington_peninsula,Mornington Peninsula,25340,2026-08-31T09:00:00+10:00,2026-08-30T23:00:00+00:00,-38.33087456312881,145.0821873780605,11.5,10.0,0,3,overcast,6.8,18.0,,,,false
mornington_peninsula,Mornington Peninsula,25340,2026-08-31T10:00:00+10:00,2026-08-31T00:00:00+00:00,-38.33087456312881,145.0821873780605,12.2,10.5,0,3,overcast,8.7,20.5,,,,false
mornington_peninsula,Mornington Peninsula,25340,2026-08-31T11:00:00+10:00,2026-08-31T01:00:00+00:00,-38.33087456312881,145.0821873780605,12.6,10.8,0,3,overcast,9.3,22.0,,,,false
mornington_peninsula,Mornington Peninsula,25340,2026-08-31T12:00:00+10:00,2026-08-31T02:00:00+00:00,-38.33087456312881,145.0821873780605,12.9,11.2,0,2,partly_cloudy,9.2,22.7,,,,false
mornington_peninsula,Mornington Peninsula,25340,2026-08-31T13:00:00+10:00,2026-08-31T03:00:00+00:00,-38.33087456312881,145.0821873780605,13.2,11.9,0,1,mainly_clear,8.6,23.4,,,,false
mornington_peninsula,Mornington Peninsula,25340,2026-08-31T14:00:00+10:00,2026-08-31T04:00:00+00:00,-38.33087456312881,145.0821873780605,13.7,12.6,0,1,mainly_clear,7.3,24.1,,,,false
mornington_peninsula,Mornington Peninsula,25340,2026-08-31T15:00:00+10:00,2026-08-31T05:00:00+00:00,-38.33087456312881,145.0821873780605,14.3,13.0,0,0,clear_sky,5.4,24.1,,,,false
mornington_peninsula,Mornington Peninsula,25340,2026-08-31T16:00:00+10:00,2026-08-31T06:00:00+00:00,-38.33087456312881,145.0821873780605,14.2,13.2,0,0,clear_sky,3.3,23.0,,,,false
mornington_peninsula,Mornington Peninsula,25340,2026-08-31T17:00:00+10:00,2026-08-31T07:00:00+00:00,-38.33087456312881,145.0821873780605,13.0,12.4,0,0,clear_sky,0.8,19.1,,,,false
mornington_peninsula,Mornington Peninsula,25340,2026-08-31T18:00:00+10:00,2026-08-31T08:00:00+00:00,-38.33087456312881,145.0821873780605,11.3,10.5,0,0,clear_sky,2.0,14.0,,,,false
mornington_peninsula,Mornington Peninsula,25340,2026-08-31T19:00:00+10:00,2026-08-31T09:00:00+00:00,-38.33087456312881,145.0821873780605,9.9,8.9,0,0,clear_sky,3.7,10.8,,,,false
mornington_peninsula,Mornington Peninsula,25340,2026-08-31T20:00:00+10:00,2026-08-31T10:00:00+00:00,-38.33087456312881,145.0821873780605,9.2,8.0,0,0,clear_sky,4.9,10.8,,,,false
mornington_peninsula,Mornington Peninsula,25340,2026-08-31T21:00:00+10:00,2026-08-31T11:00:00+00:00,-38.33087456312881,145.0821873780605,9.0,7.3,0,0,clear_sky,7.0,13.0,,,,false
mornington_peninsula,Mornington Peninsula,25340,2026-08-31T22:00:00+10:00,2026-08-31T12:00:00+00:00,-38.33087456312881,145.0821873780605,9.2,7.2,0,0,clear_sky,9.7,17.3,,,,false
mornington_peninsula,Mornington Peninsula,25340,2026-08-31T23:00:00+10:00,2026-08-31T13:00:00+00:00,-38.33087456312881,145.0821873780605,10.1,7.7,0,0,clear_sky,13.3,24.5,,,,false
mornington_peninsula,Mornington Peninsula,25340,2026-09-01T00:00:00+10:00,2026-08-31T14:00:00+00:00,-38.33087456312881,145.0821873780605,11.4,8.7,0,0,clear_sky,18.1,33.5,,,,false
mornington_peninsula,Mornington Peninsula,25340,2026-09-01T01:00:00+10:00,2026-08-31T15:00:00+00:00,-38.33087456312881,145.0821873780605,12.4,9.3,0,0,clear_sky,22.5,41.8,,,,false
mornington_peninsula,Mornington Peninsula,25340,2026-09-01T02:00:00+10:00,2026-08-31T16:00:00+00:00,-38.33087456312881,145.0821873780605,12.7,9.3,0,0,clear_sky,25.5,47.9,,,,false
mornington_peninsula,Mornington Peninsula,25340,2026-09-01T03:00:00+10:00,2026-08-31T17:00:00+00:00,-38.33087456312881,145.0821873780605,12.7,9.0,0,1,mainly_clear,27.5,52.6,,,,false
mornington_peninsula,Mornington Peninsula,25340,2026-09-01T04:00:00+10:00,2026-08-31T18:00:00+00:00,-38.33087456312881,145.0821873780605,12.7,8.7,0,1,mainly_clear,29.0,56.5,,,,false
mornington_peninsula,Mornington Peninsula,25340,2026-09-01T05:00:00+10:00,2026-08-31T19:00:00+00:00,-38.33087456312881,145.0821873780605,12.6,8.4,0,1,mainly_clear,30.4,59.0,,,,false
mornington_peninsula,Mornington Peninsula,25340,2026-09-01T06:00:00+10:00,2026-08-31T20:00:00+00:00,-38.33087456312881,145.0821873780605,12.4,8.0,0,1,mainly_clear,31.3,60.5,,,,false
mornington_peninsula,Mornington Peninsula,25340,2026-09-01T07:00:00+10:00,2026-08-31T21:00:00+00:00,-38.33087456312881,145.0821873780605,12.5,7.9,0,1,mainly_clear,32.1,61.9,,,,false
mornington_peninsula,Mornington Peninsula,25340,2026-09-01T08:00:00+10:00,2026-08-31T22:00:00+00:00,-38.33087456312881,145.0821873780605,13.4,9.1,0,0,clear_sky,31.7,65.9,,,,false
mornington_peninsula,Mornington Peninsula,25340,2026-09-01T09:00:00+10:00,2026-08-31T23:00:00+00:00,-38.33087456312881,145.0821873780605,13.6,9.2,0,0,clear_sky,31.8,67.0,,,,false
mornington_peninsula,Mornington Peninsula,25340,2026-09-01T10:00:00+10:00,2026-09-01T00:00:00+00:00,-38.33087456312881,145.0821873780605,13.9,9.4,0,1,mainly_clear,31.8,68.0,,,,false
mornington_peninsula,Mornington Peninsula,25340,2026-09-01T11:00:00+10:00,2026-09-01T01:00:00+00:00,-38.33087456312881,145.0821873780605,14.4,9.9,5,1,mainly_clear,32.2,69.1,,,,false
mornington_peninsula,Mornington Peninsula,25340,2026-09-01T12:00:00+10:00,2026-09-01T02:00:00+00:00,-38.33087456312881,145.0821873780605,15.1,10.6,12,1,mainly_clear,32.9,70.2,,,,false
mornington_peninsula,Mornington Peninsula,25340,2026-09-01T13:00:00+10:00,2026-09-01T03:00:00+00:00,-38.33087456312881,145.0821873780605,15.9,11.0,20,2,partly_cloudy,33.9,70.9,,,,false
mornington_peninsula,Mornington Peninsula,25340,2026-09-01T14:00:00+10:00,2026-09-01T04:00:00+00:00,-38.33087456312881,145.0821873780605,16.6,11.4,28,3,overcast,34.6,71.6,,,,false
mornington_peninsula,Mornington Peninsula,25340,2026-09-01T15:00:00+10:00,2026-09-01T05:00:00+00:00,-38.33087456312881,145.0821873780605,17.0,11.8,36,3,overcast,34.5,71.6,,,,false
mornington_peninsula,Mornington Peninsula,25340,2026-09-01T16:00:00+10:00,2026-09-01T06:00:00+00:00,-38.33087456312881,145.0821873780605,17.0,11.9,43,3,overcast,33.4,71.6,,,,false
mornington_peninsula,Mornington Peninsula,25340,2026-09-01T17:00:00+10:00,2026-09-01T07:00:00+00:00,-38.33087456312881,145.0821873780605,16.5,11.9,50,55,dense_drizzle,30.4,71.3,,,,false
mornington_peninsula,Mornington Peninsula,25340,2026-09-01T18:00:00+10:00,2026-09-01T08:00:00+00:00,-38.33087456312881,145.0821873780605,15.6,11.5,56,55,dense_drizzle,26.3,70.2,,,,false
mornington_peninsula,Mornington Peninsula,25340,2026-09-01T19:00:00+10:00,2026-09-01T09:00:00+00:00,-38.33087456312881,145.0821873780605,14.4,10.9,61,55,dense_drizzle,22.9,69.1,,,,false
mornington_peninsula,Mornington Peninsula,25340,2026-09-01T20:00:00+10:00,2026-09-01T10:00:00+00:00,-38.33087456312881,145.0821873780605,13.1,9.8,65,55,dense_drizzle,21.8,67.7,,,,false
mornington_peninsula,Mornington Peninsula,25340,2026-09-01T21:00:00+10:00,2026-09-01T11:00:00+00:00,-38.33087456312881,145.0821873780605,12.0,8.6,69,55,dense_drizzle,22.6,65.9,,,,false
mornington_peninsula,Mornington Peninsula,25340,2026-09-01T22:00:00+10:00,2026-09-01T12:00:00+00:00,-38.33087456312881,145.0821873780605,11.2,7.6,69,55,dense_drizzle,23.7,63.7,,,,false
mornington_peninsula,Mornington Peninsula,25340,2026-09-01T23:00:00+10:00,2026-09-01T13:00:00+00:00,-38.33087456312881,145.0821873780605,10.6,7.0,65,1,mainly_clear,23.8,60.8,,,,false
nillumbik,Nillumbik,25710,2026-08-26T00:00:00+10:00,2026-08-25T14:00:00+00:00,-37.62918137048658,145.21705692779534,10.1,8.4,56,51,light_drizzle,11.5,21.2,0.0,9.8,10.5,true
nillumbik,Nillumbik,25710,2026-08-26T01:00:00+10:00,2026-08-25T15:00:00+00:00,-37.62918137048658,145.21705692779534,9.8,7.5,80,53,moderate_drizzle,15.1,28.4,0.0,5.2,6.0,true
nillumbik,Nillumbik,25710,2026-08-26T02:00:00+10:00,2026-08-25T16:00:00+00:00,-37.62918137048658,145.21705692779534,9.7,7.6,71,51,light_drizzle,13.9,29.2,0.0,3.7,4.9,true
nillumbik,Nillumbik,25710,2026-08-26T03:00:00+10:00,2026-08-25T17:00:00+00:00,-37.62918137048658,145.21705692779534,9.7,7.6,48,51,light_drizzle,14.0,26.6,0.0,3.8,5.1,true
nillumbik,Nillumbik,25710,2026-08-26T04:00:00+10:00,2026-08-25T18:00:00+00:00,-37.62918137048658,145.21705692779534,9.4,7.3,31,51,light_drizzle,13.3,27.4,0.0,4.2,5.8,true
nillumbik,Nillumbik,25710,2026-08-26T05:00:00+10:00,2026-08-25T19:00:00+00:00,-37.62918137048658,145.21705692779534,9.0,6.8,27,51,light_drizzle,12.4,25.9,0.0,4.8,6.6,true
nillumbik,Nillumbik,25710,2026-08-26T06:00:00+10:00,2026-08-25T20:00:00+00:00,-37.62918137048658,145.21705692779534,8.2,6.3,29,51,light_drizzle,9.9,23.0,0.0,5.3,7.2,true
nillumbik,Nillumbik,25710,2026-08-26T07:00:00+10:00,2026-08-25T21:00:00+00:00,-37.62918137048658,145.21705692779534,7.7,5.7,31,51,light_drizzle,9.0,18.4,0.0,6.2,8.3,true
nillumbik,Nillumbik,25710,2026-08-26T08:00:00+10:00,2026-08-25T22:00:00+00:00,-37.62918137048658,145.21705692779534,8.2,6.3,33,1,mainly_clear,8.7,17.6,0.2,6.7,9.1,true
nillumbik,Nillumbik,25710,2026-08-26T09:00:00+10:00,2026-08-25T23:00:00+00:00,-37.62918137048658,145.21705692779534,9.0,6.6,34,2,partly_cloudy,12.9,26.6,0.7,6.1,8.6,true
nillumbik,Nillumbik,25710,2026-08-26T10:00:00+10:00,2026-08-26T00:00:00+00:00,-37.62918137048658,145.21705692779534,10.8,8.5,33,51,light_drizzle,13.1,29.2,1.75,8.3,12.2,true
nillumbik,Nillumbik,25710,2026-08-26T11:00:00+10:00,2026-08-26T01:00:00+00:00,-37.62918137048658,145.21705692779534,11.6,8.6,26,51,light_drizzle,16.5,33.5,2.5,7.3,10.9,true
nillumbik,Nillumbik,25710,2026-08-26T12:00:00+10:00,2026-08-26T02:00:00+00:00,-37.62918137048658,145.21705692779534,12.5,9.2,16,51,light_drizzle,17.1,35.6,2.55,7.3,11.0,true
nillumbik,Nillumbik,25710,2026-08-26T13:00:00+10:00,2026-08-26T03:00:00+00:00,-37.62918137048658,145.21705692779534,12.9,9.5,8,3,overcast,16.7,35.6,2.45,7.2,10.9,true
nillumbik,Nillumbik,25710,2026-08-26T14:00:00+10:00,2026-08-26T04:00:00+00:00,-37.62918137048658,145.21705692779534,12.8,9.3,4,51,light_drizzle,17.9,36.7,1.7,7.5,11.2,true
nillumbik,Nillumbik,25710,2026-08-26T15:00:00+10:00,2026-08-26T05:00:00+00:00,-37.62918137048658,145.21705692779534,12.7,9.3,1,1,mainly_clear,16.5,36.4,1.1,7.2,10.9,true
nillumbik,Nillumbik,25710,2026-08-26T16:00:00+10:00,2026-08-26T06:00:00+00:00,-37.62918137048658,145.21705692779534,12.2,9.0,0,0,clear_sky,15.3,33.5,0.5,7.5,11.1,true
nillumbik,Nillumbik,25710,2026-08-26T17:00:00+10:00,2026-08-26T07:00:00+00:00,-37.62918137048658,145.21705692779534,11.3,8.6,0,0,clear_sky,12.4,30.6,0.1,8.0,11.6,true
nillumbik,Nillumbik,25710,2026-08-26T18:00:00+10:00,2026-08-26T08:00:00+00:00,-37.62918137048658,145.21705692779534,9.0,7.1,0,1,mainly_clear,6.9,23.8,0.0,9.9,13.6,true
nillumbik,Nillumbik,25710,2026-08-26T19:00:00+10:00,2026-08-26T09:00:00+00:00,-37.62918137048658,145.21705692779534,8.1,6.2,0,2,partly_cloudy,6.8,13.0,0.0,12.1,15.9,true
nillumbik,Nillumbik,25710,2026-08-26T20:00:00+10:00,2026-08-26T10:00:00+00:00,-37.62918137048658,145.21705692779534,7.9,6.0,0,3,overcast,6.3,12.2,0.0,12.9,16.4,true
nillumbik,Nillumbik,25710,2026-08-26T21:00:00+10:00,2026-08-26T11:00:00+00:00,-37.62918137048658,145.21705692779534,7.8,6.2,0,3,overcast,5.2,11.9,0.0,11.8,14.5,true
nillumbik,Nillumbik,25710,2026-08-26T22:00:00+10:00,2026-08-26T12:00:00+00:00,-37.62918137048658,145.21705692779534,8.0,6.4,0,51,light_drizzle,5.2,9.7,0.0,11.8,14.3,true
nillumbik,Nillumbik,25710,2026-08-26T23:00:00+10:00,2026-08-26T13:00:00+00:00,-37.62918137048658,145.21705692779534,7.8,6.2,0,51,light_drizzle,4.7,9.7,0.0,11.8,14.4,true
nillumbik,Nillumbik,25710,2026-08-27T00:00:00+10:00,2026-08-26T14:00:00+00:00,-37.62918137048658,145.21705692779534,7.3,5.8,0,3,overcast,4.0,8.6,0.0,11.6,14.2,true
nillumbik,Nillumbik,25710,2026-08-27T01:00:00+10:00,2026-08-26T15:00:00+00:00,-37.62918137048658,145.21705692779534,7.5,6.2,0,3,overcast,1.8,6.8,0.0,11.1,13.9,true
nillumbik,Nillumbik,25710,2026-08-27T02:00:00+10:00,2026-08-26T16:00:00+00:00,-37.62918137048658,145.21705692779534,7.5,6.4,0,3,overcast,0.6,4.3,0.0,10.8,13.7,true
nillumbik,Nillumbik,25710,2026-08-27T03:00:00+10:00,2026-08-26T17:00:00+00:00,-37.62918137048658,145.21705692779534,6.9,5.8,0,2,partly_cloudy,0.7,2.9,0.0,10.6,13.6,true
nillumbik,Nillumbik,25710,2026-08-27T04:00:00+10:00,2026-08-26T18:00:00+00:00,-37.62918137048658,145.21705692779534,6.3,5.0,0,2,partly_cloudy,1.3,2.9,0.0,10.5,13.9,true
nillumbik,Nillumbik,25710,2026-08-27T05:00:00+10:00,2026-08-26T19:00:00+00:00,-37.62918137048658,145.21705692779534,5.5,4.0,0,1,mainly_clear,2.1,3.6,0.0,10.8,14.2,true
nillumbik,Nillumbik,25710,2026-08-27T06:00:00+10:00,2026-08-26T20:00:00+00:00,-37.62918137048658,145.21705692779534,4.8,3.1,0,0,clear_sky,2.7,4.3,0.0,11.4,14.8,true
nillumbik,Nillumbik,25710,2026-08-27T07:00:00+10:00,2026-08-26T21:00:00+00:00,-37.62918137048658,145.21705692779534,4.4,2.6,0,1,mainly_clear,3.3,6.1,0.05,16.4,19.8,true
nillumbik,Nillumbik,25710,2026-08-27T08:00:00+10:00,2026-08-26T22:00:00+00:00,-37.62918137048658,145.21705692779534,6.5,4.8,0,1,mainly_clear,4.6,10.1,0.35,21.0,23.2,true
nillumbik,Nillumbik,25710,2026-08-27T09:00:00+10:00,2026-08-26T23:00:00+00:00,-37.62918137048658,145.21705692779534,9.1,7.9,0,1,mainly_clear,2.0,10.1,1.15,13.6,17.1,true
nillumbik,Nillumbik,25710,2026-08-27T10:00:00+10:00,2026-08-27T00:00:00+00:00,-37.62918137048658,145.21705692779534,10.5,9.1,0,3,overcast,3.4,13.0,2.3,10.4,14.6,true
nillumbik,Nillumbik,25710,2026-08-27T11:00:00+10:00,2026-08-27T01:00:00+00:00,-37.62918137048658,145.21705692779534,11.9,10.6,0,3,overcast,3.0,14.4,3.4,10.0,14.0,true
nillumbik,Nillumbik,25710,2026-08-27T12:00:00+10:00,2026-08-27T02:00:00+00:00,-37.62918137048658,145.21705692779534,12.6,11.3,0,3,overcast,2.6,13.3,3.95,9.8,13.8,true
nillumbik,Nillumbik,25710,2026-08-27T13:00:00+10:00,2026-08-27T03:00:00+00:00,-37.62918137048658,145.21705692779534,13.6,12.9,0,1,mainly_clear,4.3,15.1,3.65,10.0,14.1,true
nillumbik,Nillumbik,25710,2026-08-27T14:00:00+10:00,2026-08-27T04:00:00+00:00,-37.62918137048658,145.21705692779534,14.3,13.1,0,0,clear_sky,7.4,19.4,2.8,10.3,14.3,true
nillumbik,Nillumbik,25710,2026-08-27T15:00:00+10:00,2026-08-27T05:00:00+00:00,-37.62918137048658,145.21705692779534,14.4,12.3,0,0,clear_sky,9.3,22.0,1.65,10.5,14.5,true
nillumbik,Nillumbik,25710,2026-08-27T16:00:00+10:00,2026-08-27T06:00:00+00:00,-37.62918137048658,145.21705692779534,14.2,12.4,0,0,clear_sky,7.9,22.0,0.65,10.0,13.8,true
nillumbik,Nillumbik,25710,2026-08-27T17:00:00+10:00,2026-08-27T07:00:00+00:00,-37.62918137048658,145.21705692779534,13.4,12.5,0,0,clear_sky,4.0,17.3,0.15,11.9,15.4,true
nillumbik,Nillumbik,25710,2026-08-27T18:00:00+10:00,2026-08-27T08:00:00+00:00,-37.62918137048658,145.21705692779534,10.8,9.5,0,1,mainly_clear,4.4,7.2,0.0,17.1,20.5,true
nillumbik,Nillumbik,25710,2026-08-27T19:00:00+10:00,2026-08-27T09:00:00+00:00,-37.62918137048658,145.21705692779534,10.6,9.7,0,3,overcast,0.7,6.5,0.0,21.2,24.4,true
nillumbik,Nillumbik,25710,2026-08-27T20:00:00+10:00,2026-08-27T10:00:00+00:00,-37.62918137048658,145.21705692779534,10.1,9.1,0,3,overcast,1.6,3.2,0.0,25.0,28.0,true
nillumbik,Nillumbik,25710,2026-08-27T21:00:00+10:00,2026-08-27T11:00:00+00:00,-37.62918137048658,145.21705692779534,9.0,7.6,0,3,overcast,3.9,6.5,0.0,28.4,31.2,true
nillumbik,Nillumbik,25710,2026-08-27T22:00:00+10:00,2026-08-27T12:00:00+00:00,-37.62918137048658,145.21705692779534,8.1,6.6,0,2,partly_cloudy,3.8,7.6,0.0,28.3,30.5,true
nillumbik,Nillumbik,25710,2026-08-27T23:00:00+10:00,2026-08-27T13:00:00+00:00,-37.62918137048658,145.21705692779534,8.0,6.5,0,3,overcast,3.7,7.9,0.0,23.4,25.1,true
nillumbik,Nillumbik,25710,2026-08-28T00:00:00+10:00,2026-08-27T14:00:00+00:00,-37.62918137048658,145.21705692779534,7.7,5.8,0,1,mainly_clear,5.9,10.8,0.0,17.5,19.0,true
nillumbik,Nillumbik,25710,2026-08-28T01:00:00+10:00,2026-08-27T15:00:00+00:00,-37.62918137048658,145.21705692779534,6.6,4.2,0,0,clear_sky,8.0,14.4,0.0,13.2,14.6,true
nillumbik,Nillumbik,25710,2026-08-28T02:00:00+10:00,2026-08-27T16:00:00+00:00,-37.62918137048658,145.21705692779534,5.8,3.1,0,2,partly_cloudy,9.0,15.8,0.0,10.0,11.4,true
nillumbik,Nillumbik,25710,2026-08-28T03:00:00+10:00,2026-08-27T17:00:00+00:00,-37.62918137048658,145.21705692779534,6.3,3.6,0,3,overcast,8.9,16.2,0.0,7.7,9.0,true
nillumbik,Nillumbik,25710,2026-08-28T04:00:00+10:00,2026-08-27T18:00:00+00:00,-37.62918137048658,145.21705692779534,7.1,4.1,0,3,overcast,10.6,18.4,0.0,6.3,7.7,true
nillumbik,Nillumbik,25710,2026-08-28T05:00:00+10:00,2026-08-27T19:00:00+00:00,-37.62918137048658,145.21705692779534,7.8,4.8,0,2,partly_cloudy,10.7,19.8,0.0,5.7,7.2,true
nillumbik,Nillumbik,25710,2026-08-28T06:00:00+10:00,2026-08-27T20:00:00+00:00,-37.62918137048658,145.21705692779534,7.4,4.4,0,0,clear_sky,10.3,19.1,0.0,5.6,7.1,true
nillumbik,Nillumbik,25710,2026-08-28T07:00:00+10:00,2026-08-27T21:00:00+00:00,-37.62918137048658,145.21705692779534,7.2,4.2,0,0,clear_sky,10.7,18.7,0.05,6.9,8.3,true
nillumbik,Nillumbik,25710,2026-08-28T08:00:00+10:00,2026-08-27T22:00:00+00:00,-37.62918137048658,145.21705692779534,9.8,7.0,1,0,clear_sky,11.1,19.1,0.2,8.2,9.5,true
nillumbik,Nillumbik,25710,2026-08-28T09:00:00+10:00,2026-08-27T23:00:00+00:00,-37.62918137048658,145.21705692779534,12.3,9.9,3,0,clear_sky,10.0,20.5,0.4,10.6,12.0,true
nillumbik,Nillumbik,25710,2026-08-28T10:00:00+10:00,2026-08-28T00:00:00+00:00,-37.62918137048658,145.21705692779534,13.5,10.9,6,1,mainly_clear,9.4,21.2,0.75,8.7,10.9,true
nillumbik,Nillumbik,25710,2026-08-28T11:00:00+10:00,2026-08-28T01:00:00+00:00,-37.62918137048658,145.21705692779534,14.3,12.4,11,3,overcast,8.3,21.6,1.25,7.4,9.5,true
nillumbik,Nillumbik,25710,2026-08-28T12:00:00+10:00,2026-08-28T02:00:00+00:00,-37.62918137048658,145.21705692779534,14.0,12.6,17,3,overcast,5.0,21.2,1.3,6.0,7.7,true
nillumbik,Nillumbik,25710,2026-08-28T13:00:00+10:00,2026-08-28T03:00:00+00:00,-37.62918137048658,145.21705692779534,14.0,12.9,24,3,overcast,3.5,14.8,2.05,5.9,7.5,true
nillumbik,Nillumbik,25710,2026-08-28T14:00:00+10:00,2026-08-28T04:00:00+00:00,-37.62918137048658,145.21705692779534,14.3,13.1,33,3,overcast,4.4,13.7,2.45,5.8,7.7,true
nillumbik,Nillumbik,25710,2026-08-28T15:00:00+10:00,2026-08-28T05:00:00+00:00,-37.62918137048658,145.21705692779534,14.1,13.0,42,3,overcast,3.9,11.5,1.5,6.3,8.7,true
nillumbik,Nillumbik,25710,2026-08-28T16:00:00+10:00,2026-08-28T06:00:00+00:00,-37.62918137048658,145.21705692779534,12.7,11.6,45,51,light_drizzle,6.3,13.0,0.65,7.5,10.5,true
nillumbik,Nillumbik,25710,2026-08-28T17:00:00+10:00,2026-08-28T07:00:00+00:00,-37.62918137048658,145.21705692779534,11.6,11.6,36,80,slight_rain_showers,2.2,12.2,0.15,8.5,12.1,true
nillumbik,Nillumbik,25710,2026-08-28T18:00:00+10:00,2026-08-28T08:00:00+00:00,-37.62918137048658,145.21705692779534,11.2,11.3,22,51,light_drizzle,0.9,4.7,0.0,11.6,15.5,true
nillumbik,Nillumbik,25710,2026-08-28T19:00:00+10:00,2026-08-28T09:00:00+00:00,-37.62918137048658,145.21705692779534,11.4,11.4,10,3,overcast,1.1,2.9,0.0,15.1,18.8,true
nillumbik,Nillumbik,25710,2026-08-28T20:00:00+10:00,2026-08-28T10:00:00+00:00,-37.62918137048658,145.21705692779534,11.1,10.7,5,3,overcast,3.0,5.4,0.0,18.9,23.2,true
nillumbik,Nillumbik,25710,2026-08-28T21:00:00+10:00,2026-08-28T11:00:00+00:00,-37.62918137048658,145.21705692779534,10.4,9.8,3,0,clear_sky,3.5,6.5,0.0,21.7,26.4,true
nillumbik,Nillumbik,25710,2026-08-28T22:00:00+10:00,2026-08-28T12:00:00+00:00,-37.62918137048658,145.21705692779534,9.7,9.1,2,0,clear_sky,2.7,6.1,0.0,26.5,31.9,true
nillumbik,Nillumbik,25710,2026-08-28T23:00:00+10:00,2026-08-28T13:00:00+00:00,-37.62918137048658,145.21705692779534,9.1,8.4,1,1,mainly_clear,2.3,5.4,0.0,28.0,33.9,true
nillumbik,Nillumbik,25710,2026-08-29T00:00:00+10:00,2026-08-28T14:00:00+00:00,-37.62918137048658,145.21705692779534,8.6,7.7,0,3,overcast,3.1,5.8,0.0,28.8,35.2,true
nillumbik,Nillumbik,25710,2026-08-29T01:00:00+10:00,2026-08-28T15:00:00+00:00,-37.62918137048658,145.21705692779534,9.6,9.1,0,3,overcast,2.8,6.8,0.0,28.2,34.8,true
nillumbik,Nillumbik,25710,2026-08-29T02:00:00+10:00,2026-08-28T16:00:00+00:00,-37.62918137048658,145.21705692779534,9.7,9.1,1,3,overcast,3.2,6.5,0.0,25.7,32.0,true
nillumbik,Nillumbik,25710,2026-08-29T03:00:00+10:00,2026-08-28T17:00:00+00:00,-37.62918137048658,145.21705692779534,9.7,9.0,1,3,overcast,4.5,10.1,0.0,22.5,28.1,true
nillumbik,Nillumbik,25710,2026-08-29T04:00:00+10:00,2026-08-28T18:00:00+00:00,-37.62918137048658,145.21705692779534,9.6,8.2,2,3,overcast,8.5,14.8,0.0,19.4,24.8,true
nillumbik,Nillumbik,25710,2026-08-29T05:00:00+10:00,2026-08-28T19:00:00+00:00,-37.62918137048658,145.21705692779534,9.4,7.8,2,51,light_drizzle,9.3,18.4,0.0,16.9,22.2,true
nillumbik,Nillumbik,25710,2026-08-29T06:00:00+10:00,2026-08-28T20:00:00+00:00,-37.62918137048658,145.21705692779534,9.0,7.5,1,51,light_drizzle,8.4,17.6,0.0,15.7,20.5,true
nillumbik,Nillumbik,25710,2026-08-29T07:00:00+10:00,2026-08-28T21:00:00+00:00,-37.62918137048658,145.21705692779534,8.5,7.0,0,51,light_drizzle,7.3,16.2,0.05,17.2,21.7,true
nillumbik,Nillumbik,25710,2026-08-29T08:00:00+10:00,2026-08-28T22:00:00+00:00,-37.62918137048658,145.21705692779534,8.5,7.4,0,51,light_drizzle,5.0,14.4,0.35,18.5,22.8,true
nillumbik,Nillumbik,25710,2026-08-29T09:00:00+10:00,2026-08-28T23:00:00+00:00,-37.62918137048658,145.21705692779534,9.1,7.8,0,1,mainly_clear,5.7,15.1,0.95,15.3,20.4,true
nillumbik,Nillumbik,25710,2026-08-29T10:00:00+10:00,2026-08-29T00:00:00+00:00,-37.62918137048658,145.21705692779534,10.1,8.2,0,51,light_drizzle,8.3,20.2,1.6,13.9,20.3,true
nillumbik,Nillumbik,25710,2026-08-29T11:00:00+10:00,2026-08-29T01:00:00+00:00,-37.62918137048658,145.21705692779534,11.0,8.7,0,2,partly_cloudy,9.7,23.0,2.0,13.1,19.8,true
nillumbik,Nillumbik,25710,2026-08-29T12:00:00+10:00,2026-08-29T02:00:00+00:00,-37.62918137048658,145.21705692779534,11.7,9.2,0,2,partly_cloudy,10.1,24.1,2.2,12.1,18.1,true
nillumbik,Nillumbik,25710,2026-08-29T13:00:00+10:00,2026-08-29T03:00:00+00:00,-37.62918137048658,145.21705692779534,12.3,9.8,0,1,mainly_clear,10.1,23.8,2.1,11.8,17.5,true
nillumbik,Nillumbik,25710,2026-08-29T14:00:00+10:00,2026-08-29T04:00:00+00:00,-37.62918137048658,145.21705692779534,12.9,10.1,0,2,partly_cloudy,12.2,27.4,1.55,11.4,16.7,true
nillumbik,Nillumbik,25710,2026-08-29T15:00:00+10:00,2026-08-29T05:00:00+00:00,-37.62918137048658,145.21705692779534,12.4,9.2,0,3,overcast,15.7,33.1,0.85,11.4,16.6,true
nillumbik,Nillumbik,25710,2026-08-29T16:00:00+10:00,2026-08-29T06:00:00+00:00,-37.62918137048658,145.21705692779534,11.3,8.1,0,3,overcast,15.3,33.1,0.35,12.2,17.9,true
nillumbik,Nillumbik,25710,2026-08-29T17:00:00+10:00,2026-08-29T07:00:00+00:00,-37.62918137048658,145.21705692779534,10.7,8.0,0,2,partly_cloudy,12.4,31.0,0.1,13.5,19.8,true
nillumbik,Nillumbik,25710,2026-08-29T18:00:00+10:00,2026-08-29T08:00:00+00:00,-37.62918137048658,145.21705692779534,10.2,8.6,0,1,mainly_clear,4.7,25.2,0.0,14.1,20.1,true
nillumbik,Nillumbik,25710,2026-08-29T19:00:00+10:00,2026-08-29T09:00:00+00:00,-37.62918137048658,145.21705692779534,8.2,6.8,0,0,clear_sky,3.6,9.0,0.0,14.1,19.1,true
nillumbik,Nillumbik,25710,2026-08-29T20:00:00+10:00,2026-08-29T10:00:00+00:00,-37.62918137048658,145.21705692779534,7.3,5.6,0,1,mainly_clear,4.6,8.3,0.0,14.8,19.7,true
nillumbik,Nillumbik,25710,2026-08-29T21:00:00+10:00,2026-08-29T11:00:00+00:00,-37.62918137048658,145.21705692779534,7.7,6.2,0,3,overcast,3.8,7.9,0.0,15.6,21.0,true
nillumbik,Nillumbik,25710,2026-08-29T22:00:00+10:00,2026-08-29T12:00:00+00:00,-37.62918137048658,145.21705692779534,8.4,7.1,0,3,overcast,3.8,7.2,0.0,14.5,19.5,true
nillumbik,Nillumbik,25710,2026-08-29T23:00:00+10:00,2026-08-29T13:00:00+00:00,-37.62918137048658,145.21705692779534,8.9,7.4,0,51,light_drizzle,5.7,10.4,0.0,13.2,17.7,true
nillumbik,Nillumbik,25710,2026-08-30T00:00:00+10:00,2026-08-29T14:00:00+00:00,-37.62918137048658,145.21705692779534,8.7,7.2,0,51,light_drizzle,5.8,10.8,0.0,12.3,16.4,true
nillumbik,Nillumbik,25710,2026-08-30T01:00:00+10:00,2026-08-29T15:00:00+00:00,-37.62918137048658,145.21705692779534,8.8,7.5,0,51,light_drizzle,5.9,11.2,0.0,11.5,15.3,true
nillumbik,Nillumbik,25710,2026-08-30T02:00:00+10:00,2026-08-29T16:00:00+00:00,-37.62918137048658,145.21705692779534,8.3,7.1,0,51,light_drizzle,4.4,11.2,0.0,11.2,15.1,true
nillumbik,Nillumbik,25710,2026-08-30T03:00:00+10:00,2026-08-29T17:00:00+00:00,-37.62918137048658,145.21705692779534,8.1,7.1,0,3,overcast,3.4,8.6,0.0,11.2,15.0,true
nillumbik,Nillumbik,25710,2026-08-30T04:00:00+10:00,2026-08-29T18:00:00+00:00,-37.62918137048658,145.21705692779534,8.1,7.0,0,3,overcast,3.4,7.6,0.0,11.3,15.1,true
nillumbik,Nillumbik,25710,2026-08-30T05:00:00+10:00,2026-08-29T19:00:00+00:00,-37.62918137048658,145.21705692779534,8.0,7.0,0,3,overcast,2.6,7.6,0.0,11.4,15.3,true
nillumbik,Nillumbik,25710,2026-08-30T06:00:00+10:00,2026-08-29T20:00:00+00:00,-37.62918137048658,145.21705692779534,7.9,7.0,0,3,overcast,1.8,8.3,0.0,12.2,16.2,true
nillumbik,Nillumbik,25710,2026-08-30T07:00:00+10:00,2026-08-29T21:00:00+00:00,-37.62918137048658,145.21705692779534,8.1,7.2,0,3,overcast,1.5,9.7,0.0,13.5,17.4,true
nillumbik,Nillumbik,25710,2026-08-30T08:00:00+10:00,2026-08-29T22:00:00+00:00,-37.62918137048658,145.21705692779534,8.8,7.8,0,3,overcast,2.3,12.2,0.2,15.1,19.0,true
nillumbik,Nillumbik,25710,2026-08-30T09:00:00+10:00,2026-08-29T23:00:00+00:00,-37.62918137048658,145.21705692779534,9.7,8.5,0,3,overcast,5.1,15.5,0.6,14.3,18.5,true
nillumbik,Nillumbik,25710,2026-08-30T10:00:00+10:00,2026-08-30T00:00:00+00:00,-37.62918137048658,145.21705692779534,10.7,9.1,0,3,overcast,7.6,18.7,1.5,12.6,17.6,true
nillumbik,Nillumbik,25710,2026-08-30T11:00:00+10:00,2026-08-30T01:00:00+00:00,-37.62918137048658,145.21705692779534,11.5,9.8,1,3,overcast,8.9,21.2,2.25,11.8,17.0,true
nillumbik,Nillumbik,25710,2026-08-30T12:00:00+10:00,2026-08-30T02:00:00+00:00,-37.62918137048658,145.21705692779534,12.3,10.5,2,3,overcast,10.0,23.8,2.95,11.3,16.4,true
nillumbik,Nillumbik,25710,2026-08-30T13:00:00+10:00,2026-08-30T03:00:00+00:00,-37.62918137048658,145.21705692779534,12.9,10.9,2,3,overcast,10.7,25.6,3.15,11.2,16.2,true
nillumbik,Nillumbik,25710,2026-08-30T14:00:00+10:00,2026-08-30T04:00:00+00:00,-37.62918137048658,145.21705692779534,13.0,10.9,2,3,overcast,11.5,26.3,2.9,10.5,15.1,true
nillumbik,Nillumbik,25710,2026-08-30T15:00:00+10:00,2026-08-30T05:00:00+00:00,-37.62918137048658,145.21705692779534,12.9,10.7,1,3,overcast,12.0,25.9,1.8,10.7,15.2,true
nillumbik,Nillumbik,25710,2026-08-30T16:00:00+10:00,2026-08-30T06:00:00+00:00,-37.62918137048658,145.21705692779534,12.5,10.3,0,3,overcast,11.7,25.6,0.8,10.8,15.4,true
nillumbik,Nillumbik,25710,2026-08-30T17:00:00+10:00,2026-08-30T07:00:00+00:00,-37.62918137048658,145.21705692779534,11.7,9.7,0,2,partly_cloudy,10.0,25.9,0.15,11.1,15.7,true
nillumbik,Nillumbik,25710,2026-08-30T18:00:00+10:00,2026-08-30T08:00:00+00:00,-37.62918137048658,145.21705692779534,10.5,8.9,0,1,mainly_clear,7.3,25.9,0.0,12.6,17.1,true
nillumbik,Nillumbik,25710,2026-08-30T19:00:00+10:00,2026-08-30T09:00:00+00:00,-37.62918137048658,145.21705692779534,9.5,8.2,0,0,clear_sky,4.9,24.5,0.0,12.8,16.6,true
nillumbik,Nillumbik,25710,2026-08-30T20:00:00+10:00,2026-08-30T10:00:00+00:00,-37.62918137048658,145.21705692779534,8.9,7.7,0,0,clear_sky,3.1,19.8,0.0,12.6,16.0,true
nillumbik,Nillumbik,25710,2026-08-30T21:00:00+10:00,2026-08-30T11:00:00+00:00,-37.62918137048658,145.21705692779534,8.4,7.4,0,0,clear_sky,1.6,13.3,0.0,12.8,16.1,true
nillumbik,Nillumbik,25710,2026-08-30T22:00:00+10:00,2026-08-30T12:00:00+00:00,-37.62918137048658,145.21705692779534,8.0,7.0,0,0,clear_sky,0.7,8.3,0.0,13.4,16.6,true
nillumbik,Nillumbik,25710,2026-08-30T23:00:00+10:00,2026-08-30T13:00:00+00:00,-37.62918137048658,145.21705692779534,7.7,6.6,0,1,mainly_clear,0.6,5.0,,,,false
nillumbik,Nillumbik,25710,2026-08-31T00:00:00+10:00,2026-08-30T14:00:00+00:00,-37.62918137048658,145.21705692779534,7.4,6.3,0,2,partly_cloudy,0.6,3.2,,,,false
nillumbik,Nillumbik,25710,2026-08-31T01:00:00+10:00,2026-08-30T15:00:00+00:00,-37.62918137048658,145.21705692779534,7.3,6.2,0,3,overcast,0.9,2.2,,,,false
nillumbik,Nillumbik,25710,2026-08-31T02:00:00+10:00,2026-08-30T16:00:00+00:00,-37.62918137048658,145.21705692779534,7.5,6.3,0,3,overcast,1.5,2.5,,,,false
nillumbik,Nillumbik,25710,2026-08-31T03:00:00+10:00,2026-08-30T17:00:00+00:00,-37.62918137048658,145.21705692779534,7.8,6.5,0,3,overcast,2.7,4.3,,,,false
nillumbik,Nillumbik,25710,2026-08-31T04:00:00+10:00,2026-08-30T18:00:00+00:00,-37.62918137048658,145.21705692779534,8.0,6.7,0,3,overcast,3.6,5.8,,,,false
nillumbik,Nillumbik,25710,2026-08-31T05:00:00+10:00,2026-08-30T19:00:00+00:00,-37.62918137048658,145.21705692779534,8.0,6.6,0,3,overcast,4.6,6.8,,,,false
nillumbik,Nillumbik,25710,2026-08-31T06:00:00+10:00,2026-08-30T20:00:00+00:00,-37.62918137048658,145.21705692779534,7.9,6.4,0,3,overcast,5.5,7.9,,,,false
nillumbik,Nillumbik,25710,2026-08-31T07:00:00+10:00,2026-08-30T21:00:00+00:00,-37.62918137048658,145.21705692779534,8.2,6.7,0,3,overcast,5.6,9.0,,,,false
nillumbik,Nillumbik,25710,2026-08-31T08:00:00+10:00,2026-08-30T22:00:00+00:00,-37.62918137048658,145.21705692779534,9.1,7.7,0,3,overcast,4.7,10.4,,,,false
nillumbik,Nillumbik,25710,2026-08-31T09:00:00+10:00,2026-08-30T23:00:00+00:00,-37.62918137048658,145.21705692779534,10.3,9.2,0,2,partly_cloudy,3.3,11.9,,,,false
nillumbik,Nillumbik,25710,2026-08-31T10:00:00+10:00,2026-08-31T00:00:00+00:00,-37.62918137048658,145.21705692779534,11.8,11.0,0,1,mainly_clear,2.0,13.0,,,,false
nillumbik,Nillumbik,25710,2026-08-31T11:00:00+10:00,2026-08-31T01:00:00+00:00,-37.62918137048658,145.21705692779534,13.9,13.3,0,1,mainly_clear,0.9,12.6,,,,false
nillumbik,Nillumbik,25710,2026-08-31T12:00:00+10:00,2026-08-31T02:00:00+00:00,-37.62918137048658,145.21705692779534,16.3,16.4,0,0,clear_sky,1.4,11.9,,,,false
nillumbik,Nillumbik,25710,2026-08-31T13:00:00+10:00,2026-08-31T03:00:00+00:00,-37.62918137048658,145.21705692779534,18.0,18.3,0,0,clear_sky,2.5,11.9,,,,false
nillumbik,Nillumbik,25710,2026-08-31T14:00:00+10:00,2026-08-31T04:00:00+00:00,-37.62918137048658,145.21705692779534,18.9,18.7,0,0,clear_sky,4.5,13.7,,,,false
nillumbik,Nillumbik,25710,2026-08-31T15:00:00+10:00,2026-08-31T05:00:00+00:00,-37.62918137048658,145.21705692779534,19.1,17.9,0,0,clear_sky,7.5,16.6,,,,false
nillumbik,Nillumbik,25710,2026-08-31T16:00:00+10:00,2026-08-31T06:00:00+00:00,-37.62918137048658,145.21705692779534,18.5,16.9,0,0,clear_sky,9.7,18.7,,,,false
nillumbik,Nillumbik,25710,2026-08-31T17:00:00+10:00,2026-08-31T07:00:00+00:00,-37.62918137048658,145.21705692779534,16.4,14.8,0,0,clear_sky,9.8,19.1,,,,false
nillumbik,Nillumbik,25710,2026-08-31T18:00:00+10:00,2026-08-31T08:00:00+00:00,-37.62918137048658,145.21705692779534,13.5,11.9,0,0,clear_sky,9.2,18.7,,,,false
nillumbik,Nillumbik,25710,2026-08-31T19:00:00+10:00,2026-08-31T09:00:00+00:00,-37.62918137048658,145.21705692779534,11.4,9.8,0,0,clear_sky,9.3,18.7,,,,false
nillumbik,Nillumbik,25710,2026-08-31T20:00:00+10:00,2026-08-31T10:00:00+00:00,-37.62918137048658,145.21705692779534,10.6,8.8,0,0,clear_sky,10.4,19.8,,,,false
nillumbik,Nillumbik,25710,2026-08-31T21:00:00+10:00,2026-08-31T11:00:00+00:00,-37.62918137048658,145.21705692779534,10.6,8.5,0,0,clear_sky,11.8,21.6,,,,false
nillumbik,Nillumbik,25710,2026-08-31T22:00:00+10:00,2026-08-31T12:00:00+00:00,-37.62918137048658,145.21705692779534,10.7,8.4,0,0,clear_sky,13.4,24.1,,,,false
nillumbik,Nillumbik,25710,2026-08-31T23:00:00+10:00,2026-08-31T13:00:00+00:00,-37.62918137048658,145.21705692779534,11.0,8.5,0,1,mainly_clear,15.5,28.4,,,,false
nillumbik,Nillumbik,25710,2026-09-01T00:00:00+10:00,2026-08-31T14:00:00+00:00,-37.62918137048658,145.21705692779534,11.6,8.9,0,2,partly_cloudy,17.7,33.1,,,,false
nillumbik,Nillumbik,25710,2026-09-01T01:00:00+10:00,2026-08-31T15:00:00+00:00,-37.62918137048658,145.21705692779534,12.0,9.2,0,3,overcast,19.0,37.1,,,,false
nillumbik,Nillumbik,25710,2026-09-01T02:00:00+10:00,2026-08-31T16:00:00+00:00,-37.62918137048658,145.21705692779534,12.1,9.3,0,3,overcast,18.9,38.9,,,,false
nillumbik,Nillumbik,25710,2026-09-01T03:00:00+10:00,2026-08-31T17:00:00+00:00,-37.62918137048658,145.21705692779534,12.0,9.3,0,3,overcast,18.0,39.2,,,,false
nillumbik,Nillumbik,25710,2026-09-01T04:00:00+10:00,2026-08-31T18:00:00+00:00,-37.62918137048658,145.21705692779534,11.9,9.2,0,3,overcast,17.7,39.6,,,,false
nillumbik,Nillumbik,25710,2026-09-01T05:00:00+10:00,2026-08-31T19:00:00+00:00,-37.62918137048658,145.21705692779534,11.7,8.9,0,3,overcast,18.3,39.6,,,,false
nillumbik,Nillumbik,25710,2026-09-01T06:00:00+10:00,2026-08-31T20:00:00+00:00,-37.62918137048658,145.21705692779534,11.5,8.5,0,3,overcast,19.4,39.2,,,,false
nillumbik,Nillumbik,25710,2026-09-01T07:00:00+10:00,2026-08-31T21:00:00+00:00,-37.62918137048658,145.21705692779534,11.5,8.3,0,3,overcast,21.0,40.3,,,,false
nillumbik,Nillumbik,25710,2026-09-01T08:00:00+10:00,2026-08-31T22:00:00+00:00,-37.62918137048658,145.21705692779534,12.7,8.7,0,3,overcast,26.2,50.4,,,,false
nillumbik,Nillumbik,25710,2026-09-01T09:00:00+10:00,2026-08-31T23:00:00+00:00,-37.62918137048658,145.21705692779534,13.0,8.7,0,3,overcast,28.0,52.9,,,,false
nillumbik,Nillumbik,25710,2026-09-01T10:00:00+10:00,2026-09-01T00:00:00+00:00,-37.62918137048658,145.21705692779534,13.4,8.9,0,3,overcast,28.7,55.1,,,,false
nillumbik,Nillumbik,25710,2026-09-01T11:00:00+10:00,2026-09-01T01:00:00+00:00,-37.62918137048658,145.21705692779534,14.0,9.5,3,51,light_drizzle,28.7,56.9,,,,false
nillumbik,Nillumbik,25710,2026-09-01T12:00:00+10:00,2026-09-01T02:00:00+00:00,-37.62918137048658,145.21705692779534,14.8,10.6,8,51,light_drizzle,28.3,59.0,,,,false
nillumbik,Nillumbik,25710,2026-09-01T13:00:00+10:00,2026-09-01T03:00:00+00:00,-37.62918137048658,145.21705692779534,15.6,11.5,13,51,light_drizzle,27.8,60.5,,,,false
nillumbik,Nillumbik,25710,2026-09-01T14:00:00+10:00,2026-09-01T04:00:00+00:00,-37.62918137048658,145.21705692779534,16.4,12.3,18,51,light_drizzle,27.1,61.9,,,,false
nillumbik,Nillumbik,25710,2026-09-01T15:00:00+10:00,2026-09-01T05:00:00+00:00,-37.62918137048658,145.21705692779534,16.9,12.9,24,51,light_drizzle,26.4,62.6,,,,false
nillumbik,Nillumbik,25710,2026-09-01T16:00:00+10:00,2026-09-01T06:00:00+00:00,-37.62918137048658,145.21705692779534,17.0,13.2,31,51,light_drizzle,25.5,63.0,,,,false
nillumbik,Nillumbik,25710,2026-09-01T17:00:00+10:00,2026-09-01T07:00:00+00:00,-37.62918137048658,145.21705692779534,16.7,13.2,39,53,moderate_drizzle,24.0,62.6,,,,false
nillumbik,Nillumbik,25710,2026-09-01T18:00:00+10:00,2026-09-01T08:00:00+00:00,-37.62918137048658,145.21705692779534,16.0,12.9,48,53,moderate_drizzle,21.9,61.6,,,,false
nillumbik,Nillumbik,25710,2026-09-01T19:00:00+10:00,2026-09-01T09:00:00+00:00,-37.62918137048658,145.21705692779534,15.0,12.4,56,53,moderate_drizzle,19.6,60.1,,,,false
nillumbik,Nillumbik,25710,2026-09-01T20:00:00+10:00,2026-09-01T10:00:00+00:00,-37.62918137048658,145.21705692779534,14.0,11.7,63,53,moderate_drizzle,17.9,58.3,,,,false
nillumbik,Nillumbik,25710,2026-09-01T21:00:00+10:00,2026-09-01T11:00:00+00:00,-37.62918137048658,145.21705692779534,12.9,10.9,70,53,moderate_drizzle,16.6,56.2,,,,false
nillumbik,Nillumbik,25710,2026-09-01T22:00:00+10:00,2026-09-01T12:00:00+00:00,-37.62918137048658,145.21705692779534,11.9,10.0,73,53,moderate_drizzle,15.8,53.6,,,,false
nillumbik,Nillumbik,25710,2026-09-01T23:00:00+10:00,2026-09-01T13:00:00+00:00,-37.62918137048658,145.21705692779534,10.9,8.9,71,51,light_drizzle,15.1,50.8,,,,false
port_phillip,Port Phillip,25900,2026-08-26T00:00:00+10:00,2026-08-25T14:00:00+00:00,-37.85872196338894,144.98330895235486,12.0,9.3,74,53,moderate_drizzle,19.3,37.4,0.0,3.6,5.3,true
port_phillip,Port Phillip,25900,2026-08-26T01:00:00+10:00,2026-08-25T15:00:00+00:00,-37.85872196338894,144.98330895235486,11.8,9.3,100,51,light_drizzle,17.6,38.9,0.0,3.8,5.9,true
port_phillip,Port Phillip,25900,2026-08-26T02:00:00+10:00,2026-08-25T16:00:00+00:00,-37.85872196338894,144.98330895235486,11.8,9.2,89,51,light_drizzle,17.3,33.8,0.0,4.2,6.6,true
port_phillip,Port Phillip,25900,2026-08-26T03:00:00+10:00,2026-08-25T17:00:00+00:00,-37.85872196338894,144.98330895235486,11.7,9.1,62,51,light_drizzle,16.4,33.8,0.0,4.3,6.9,true
port_phillip,Port Phillip,25900,2026-08-26T04:00:00+10:00,2026-08-25T18:00:00+00:00,-37.85872196338894,144.98330895235486,11.2,8.7,37,1,mainly_clear,14.0,32.0,0.0,4.4,7.0,true
port_phillip,Port Phillip,25900,2026-08-26T05:00:00+10:00,2026-08-25T19:00:00+00:00,-37.85872196338894,144.98330895235486,10.6,8.2,22,2,partly_cloudy,13.1,27.0,0.0,4.5,7.0,true
port_phillip,Port Phillip,25900,2026-08-26T06:00:00+10:00,2026-08-25T20:00:00+00:00,-37.85872196338894,144.98330895235486,10.0,8.0,10,1,mainly_clear,11.1,25.2,0.0,4.4,6.9,true
port_phillip,Port Phillip,25900,2026-08-26T07:00:00+10:00,2026-08-25T21:00:00+00:00,-37.85872196338894,144.98330895235486,9.6,7.6,2,1,mainly_clear,10.4,21.2,0.05,4.8,7.3,true
port_phillip,Port Phillip,25900,2026-08-26T08:00:00+10:00,2026-08-25T22:00:00+00:00,-37.85872196338894,144.98330895235486,10.0,8.1,0,1,mainly_clear,9.9,21.6,0.3,5.3,7.9,true
port_phillip,Port Phillip,25900,2026-08-26T09:00:00+10:00,2026-08-25T23:00:00+00:00,-37.85872196338894,144.98330895235486,11.0,9.1,0,0,clear_sky,10.3,24.1,0.95,5.9,9.3,true
port_phillip,Port Phillip,25900,2026-08-26T10:00:00+10:00,2026-08-26T00:00:00+00:00,-37.85872196338894,144.98330895235486,12.5,10.2,0,0,clear_sky,13.2,29.5,1.9,8.3,13.3,true
port_phillip,Port Phillip,25900,2026-08-26T11:00:00+10:00,2026-08-26T01:00:00+00:00,-37.85872196338894,144.98330895235486,13.3,10.8,3,51,light_drizzle,14.1,34.6,2.6,7.3,11.8,true
port_phillip,Port Phillip,25900,2026-08-26T12:00:00+10:00,2026-08-26T02:00:00+00:00,-37.85872196338894,144.98330895235486,13.7,11.1,6,1,mainly_clear,16.0,38.9,2.9,7.5,12.1,true
port_phillip,Port Phillip,25900,2026-08-26T13:00:00+10:00,2026-08-26T03:00:00+00:00,-37.85872196338894,144.98330895235486,13.9,10.9,8,1,mainly_clear,16.5,40.7,2.7,7.1,11.5,true
port_phillip,Port Phillip,25900,2026-08-26T14:00:00+10:00,2026-08-26T04:00:00+00:00,-37.85872196338894,144.98330895235486,13.9,11.1,6,1,mainly_clear,16.5,40.3,2.0,6.9,11.2,true
port_phillip,Port Phillip,25900,2026-08-26T15:00:00+10:00,2026-08-26T05:00:00+00:00,-37.85872196338894,144.98330895235486,13.6,10.7,3,0,clear_sky,15.5,39.6,1.15,7.0,11.3,true
port_phillip,Port Phillip,25900,2026-08-26T16:00:00+10:00,2026-08-26T06:00:00+00:00,-37.85872196338894,144.98330895235486,13.3,10.5,0,1,mainly_clear,14.8,37.1,0.5,7.1,11.5,true
port_phillip,Port Phillip,25900,2026-08-26T17:00:00+10:00,2026-08-26T07:00:00+00:00,-37.85872196338894,144.98330895235486,12.9,10.2,0,1,mainly_clear,13.7,34.2,0.1,7.4,11.8,true
port_phillip,Port Phillip,25900,2026-08-26T18:00:00+10:00,2026-08-26T08:00:00+00:00,-37.85872196338894,144.98330895235486,12.1,9.7,0,2,partly_cloudy,12.1,28.8,0.0,8.5,12.6,true
port_phillip,Port Phillip,25900,2026-08-26T19:00:00+10:00,2026-08-26T09:00:00+00:00,-37.85872196338894,144.98330895235486,12.1,9.7,0,3,overcast,12.2,24.5,0.0,9.7,13.7,true
port_phillip,Port Phillip,25900,2026-08-26T20:00:00+10:00,2026-08-26T10:00:00+00:00,-37.85872196338894,144.98330895235486,11.8,9.6,0,3,overcast,11.0,23.4,0.0,10.4,14.3,true
port_phillip,Port Phillip,25900,2026-08-26T21:00:00+10:00,2026-08-26T11:00:00+00:00,-37.85872196338894,144.98330895235486,11.6,9.6,0,3,overcast,9.7,20.9,0.0,9.8,13.1,true
port_phillip,Port Phillip,25900,2026-08-26T22:00:00+10:00,2026-08-26T12:00:00+00:00,-37.85872196338894,144.98330895235486,11.5,9.7,0,3,overcast,8.2,18.4,0.0,9.9,13.1,true
port_phillip,Port Phillip,25900,2026-08-26T23:00:00+10:00,2026-08-26T13:00:00+00:00,-37.85872196338894,144.98330895235486,11.1,9.8,0,2,partly_cloudy,5.2,15.1,0.0,9.9,13.1,true
port_phillip,Port Phillip,25900,2026-08-27T00:00:00+10:00,2026-08-26T14:00:00+00:00,-37.85872196338894,144.98330895235486,10.3,9.5,0,3,overcast,1.8,9.7,0.0,9.2,12.0,true
port_phillip,Port Phillip,25900,2026-08-27T01:00:00+10:00,2026-08-26T15:00:00+00:00,-37.85872196338894,144.98330895235486,9.9,8.9,0,1,mainly_clear,2.4,4.3,0.0,8.4,11.1,true
port_phillip,Port Phillip,25900,2026-08-27T02:00:00+10:00,2026-08-26T16:00:00+00:00,-37.85872196338894,144.98330895235486,9.1,7.8,0,1,mainly_clear,4.5,8.3,0.0,8.0,10.6,true
port_phillip,Port Phillip,25900,2026-08-27T03:00:00+10:00,2026-08-26T17:00:00+00:00,-37.85872196338894,144.98330895235486,8.4,6.9,0,1,mainly_clear,4.7,9.4,0.0,7.7,10.3,true
port_phillip,Port Phillip,25900,2026-08-27T04:00:00+10:00,2026-08-26T18:00:00+00:00,-37.85872196338894,144.98330895235486,7.9,6.3,0,0,clear_sky,4.8,9.0,0.0,7.5,10.0,true
port_phillip,Port Phillip,25900,2026-08-27T05:00:00+10:00,2026-08-26T19:00:00+00:00,-37.85872196338894,144.98330895235486,7.7,6.0,0,0,clear_sky,4.6,10.1,0.0,7.4,9.9,true
port_phillip,Port Phillip,25900,2026-08-27T06:00:00+10:00,2026-08-26T20:00:00+00:00,-37.85872196338894,144.98330895235486,7.2,5.4,0,0,clear_sky,4.1,9.4,0.0,7.7,10.1,true
port_phillip,Port Phillip,25900,2026-08-27T07:00:00+10:00,2026-08-26T21:00:00+00:00,-37.85872196338894,144.98330895235486,6.5,4.7,0,0,clear_sky,4.0,7.9,0.05,9.8,12.0,true
port_phillip,Port Phillip,25900,2026-08-27T08:00:00+10:00,2026-08-26T22:00:00+00:00,-37.85872196338894,144.98330895235486,7.8,5.9,0,0,clear_sky,5.6,11.5,0.35,13.2,14.9,true
port_phillip,Port Phillip,25900,2026-08-27T09:00:00+10:00,2026-08-26T23:00:00+00:00,-37.85872196338894,144.98330895235486,9.5,8.0,0,0,clear_sky,3.7,12.6,1.1,9.6,12.1,true
port_phillip,Port Phillip,25900,2026-08-27T10:00:00+10:00,2026-08-27T00:00:00+00:00,-37.85872196338894,144.98330895235486,11.2,10.0,0,1,mainly_clear,2.7,13.0,2.25,8.7,12.8,true
port_phillip,Port Phillip,25900,2026-08-27T11:00:00+10:00,2026-08-27T01:00:00+00:00,-37.85872196338894,144.98330895235486,12.5,11.5,0,2,partly_cloudy,1.5,13.3,3.0,8.5,13.0,true
port_phillip,Port Phillip,25900,2026-08-27T12:00:00+10:00,2026-08-27T02:00:00+00:00,-37.85872196338894,144.98330895235486,13.4,12.8,0,3,overcast,1.5,12.6,3.3,8.3,12.7,true
port_phillip,Port Phillip,25900,2026-08-27T13:00:00+10:00,2026-08-27T03:00:00+00:00,-37.85872196338894,144.98330895235486,13.9,13.4,0,1,mainly_clear,1.4,13.0,3.1,8.4,12.5,true
port_phillip,Port Phillip,25900,2026-08-27T14:00:00+10:00,2026-08-27T04:00:00+00:00,-37.85872196338894,144.98330895235486,14.2,13.4,0,0,clear_sky,3.8,15.1,2.3,8.5,12.5,true
port_phillip,Port Phillip,25900,2026-08-27T15:00:00+10:00,2026-08-27T05:00:00+00:00,-37.85872196338894,144.98330895235486,13.9,12.2,0,0,clear_sky,8.1,22.3,1.4,8.5,12.3,true
port_phillip,Port Phillip,25900,2026-08-27T16:00:00+10:00,2026-08-27T06:00:00+00:00,-37.85872196338894,144.98330895235486,13.4,11.2,0,0,clear_sky,10.9,26.6,0.55,8.1,11.7,true
port_phillip,Port Phillip,25900,2026-08-27T17:00:00+10:00,2026-08-27T07:00:00+00:00,-37.85872196338894,144.98330895235486,13.0,11.7,0,3,overcast,4.9,26.3,0.15,9.3,12.6,true
port_phillip,Port Phillip,25900,2026-08-27T18:00:00+10:00,2026-08-27T08:00:00+00:00,-37.85872196338894,144.98330895235486,12.5,11.9,0,3,overcast,1.7,10.1,0.0,12.4,15.5,true
port_phillip,Port Phillip,25900,2026-08-27T19:00:00+10:00,2026-08-27T09:00:00+00:00,-37.85872196338894,144.98330895235486,12.6,11.6,0,3,overcast,4.0,8.3,0.0,14.8,17.6,true
port_phillip,Port Phillip,25900,2026-08-27T20:00:00+10:00,2026-08-27T10:00:00+00:00,-37.85872196338894,144.98330895235486,12.1,11.4,0,3,overcast,2.4,8.3,0.0,16.7,19.3,true
port_phillip,Port Phillip,25900,2026-08-27T21:00:00+10:00,2026-08-27T11:00:00+00:00,-37.85872196338894,144.98330895235486,11.2,10.6,0,3,overcast,1.1,4.0,0.0,18.8,21.1,true
port_phillip,Port Phillip,25900,2026-08-27T22:00:00+10:00,2026-08-27T12:00:00+00:00,-37.85872196338894,144.98330895235486,10.6,9.6,0,3,overcast,3.5,7.2,0.0,19.3,21.3,true
port_phillip,Port Phillip,25900,2026-08-27T23:00:00+10:00,2026-08-27T13:00:00+00:00,-37.85872196338894,144.98330895235486,10.4,9.3,0,3,overcast,3.6,7.2,0.0,17.3,18.9,true
port_phillip,Port Phillip,25900,2026-08-28T00:00:00+10:00,2026-08-27T14:00:00+00:00,-37.85872196338894,144.98330895235486,10.9,9.3,0,3,overcast,6.5,11.9,0.0,14.3,15.8,true
port_phillip,Port Phillip,25900,2026-08-28T01:00:00+10:00,2026-08-27T15:00:00+00:00,-37.85872196338894,144.98330895235486,10.6,8.7,0,1,mainly_clear,9.3,17.6,0.0,11.8,13.2,true
port_phillip,Port Phillip,25900,2026-08-28T02:00:00+10:00,2026-08-27T16:00:00+00:00,-37.85872196338894,144.98330895235486,9.5,7.4,0,2,partly_cloudy,9.4,19.4,0.0,9.6,10.9,true
port_phillip,Port Phillip,25900,2026-08-28T03:00:00+10:00,2026-08-27T17:00:00+00:00,-37.85872196338894,144.98330895235486,8.8,6.7,0,3,overcast,8.2,18.7,0.0,7.5,8.6,true
port_phillip,Port Phillip,25900,2026-08-28T04:00:00+10:00,2026-08-27T18:00:00+00:00,-37.85872196338894,144.98330895235486,8.6,6.3,0,3,overcast,8.3,16.6,0.0,5.8,6.9,true
port_phillip,Port Phillip,25900,2026-08-28T05:00:00+10:00,2026-08-27T19:00:00+00:00,-37.85872196338894,144.98330895235486,8.8,6.3,0,0,clear_sky,9.1,17.3,0.0,4.9,6.0,true
port_phillip,Port Phillip,25900,2026-08-28T06:00:00+10:00,2026-08-27T20:00:00+00:00,-37.85872196338894,144.98330895235486,8.7,6.2,0,0,clear_sky,9.1,17.6,0.0,4.5,5.7,true
port_phillip,Port Phillip,25900,2026-08-28T07:00:00+10:00,2026-08-27T21:00:00+00:00,-37.85872196338894,144.98330895235486,8.4,5.9,0,0,clear_sky,8.7,18.4,0.0,5.4,6.7,true
port_phillip,Port Phillip,25900,2026-08-28T08:00:00+10:00,2026-08-27T22:00:00+00:00,-37.85872196338894,144.98330895235486,9.5,7.1,2,0,clear_sky,9.3,18.4,0.15,6.9,8.5,true
port_phillip,Port Phillip,25900,2026-08-28T09:00:00+10:00,2026-08-27T23:00:00+00:00,-37.85872196338894,144.98330895235486,11.4,9.5,4,0,clear_sky,7.9,19.8,0.5,8.7,10.4,true
port_phillip,Port Phillip,25900,2026-08-28T10:00:00+10:00,2026-08-28T00:00:00+00:00,-37.85872196338894,144.98330895235486,13.5,11.7,8,2,partly_cloudy,6.9,19.1,1.25,6.8,8.5,true
port_phillip,Port Phillip,25900,2026-08-28T11:00:00+10:00,2026-08-28T01:00:00+00:00,-37.85872196338894,144.98330895235486,14.6,13.3,12,3,overcast,4.3,19.1,2.3,5.4,7.1,true
port_phillip,Port Phillip,25900,2026-08-28T12:00:00+10:00,2026-08-28T02:00:00+00:00,-37.85872196338894,144.98330895235486,14.6,13.6,18,3,overcast,2.7,14.8,2.7,5.1,7.1,true
port_phillip,Port Phillip,25900,2026-08-28T13:00:00+10:00,2026-08-28T03:00:00+00:00,-37.85872196338894,144.98330895235486,14.7,14.0,24,3,overcast,1.8,9.7,3.05,6.3,9.4,true
port_phillip,Port Phillip,25900,2026-08-28T14:00:00+10:00,2026-08-28T04:00:00+00:00,-37.85872196338894,144.98330895235486,14.4,13.8,35,51,light_drizzle,3.7,10.8,2.4,7.9,12.3,true
port_phillip,Port Phillip,25900,2026-08-28T15:00:00+10:00,2026-08-28T05:00:00+00:00,-37.85872196338894,144.98330895235486,13.8,13.3,46,53,moderate_drizzle,5.1,14.8,1.55,10.0,15.8,true
port_phillip,Port Phillip,25900,2026-08-28T16:00:00+10:00,2026-08-28T06:00:00+00:00,-37.85872196338894,144.98330895235486,13.5,13.9,51,80,slight_rain_showers,0.9,14.0,0.65,11.0,17.6,true
port_phillip,Port Phillip,25900,2026-08-28T17:00:00+10:00,2026-08-28T07:00:00+00:00,-37.85872196338894,144.98330895235486,13.6,13.9,43,3,overcast,0.9,7.9,0.15,12.2,19.4,true
port_phillip,Port Phillip,25900,2026-08-28T18:00:00+10:00,2026-08-28T08:00:00+00:00,-37.85872196338894,144.98330895235486,13.2,13.7,27,3,overcast,0.9,5.8,0.0,14.2,21.7,true
port_phillip,Port Phillip,25900,2026-08-28T19:00:00+10:00,2026-08-28T09:00:00+00:00,-37.85872196338894,144.98330895235486,13.0,13.1,14,51,light_drizzle,2.8,5.4,0.0,15.5,22.2,true
port_phillip,Port Phillip,25900,2026-08-28T20:00:00+10:00,2026-08-28T10:00:00+00:00,-37.85872196338894,144.98330895235486,12.6,12.3,7,51,light_drizzle,4.8,8.6,0.0,17.2,24.0,true
port_phillip,Port Phillip,25900,2026-08-28T21:00:00+10:00,2026-08-28T11:00:00+00:00,-37.85872196338894,144.98330895235486,11.8,11.4,3,1,mainly_clear,3.6,10.1,0.0,18.0,24.6,true
port_phillip,Port Phillip,25900,2026-08-28T22:00:00+10:00,2026-08-28T12:00:00+00:00,-37.85872196338894,144.98330895235486,11.1,10.5,0,1,mainly_clear,3.6,5.8,0.0,18.1,24.2,true
port_phillip,Port Phillip,25900,2026-08-28T23:00:00+10:00,2026-08-28T13:00:00+00:00,-37.85872196338894,144.98330895235486,11.0,10.5,0,2,partly_cloudy,2.4,5.8,0.0,17.6,23.3,true
port_phillip,Port Phillip,25900,2026-08-29T00:00:00+10:00,2026-08-28T14:00:00+00:00,-37.85872196338894,144.98330895235486,10.7,10.3,1,51,light_drizzle,1.7,3.2,0.0,17.2,22.5,true
port_phillip,Port Phillip,25900,2026-08-29T01:00:00+10:00,2026-08-28T15:00:00+00:00,-37.85872196338894,144.98330895235486,11.1,10.5,2,51,light_drizzle,4.4,7.9,0.0,16.4,21.2,true
port_phillip,Port Phillip,25900,2026-08-29T02:00:00+10:00,2026-08-28T16:00:00+00:00,-37.85872196338894,144.98330895235486,10.7,9.9,3,3,overcast,5.1,8.3,0.0,14.8,19.2,true
port_phillip,Port Phillip,25900,2026-08-29T03:00:00+10:00,2026-08-28T17:00:00+00:00,-37.85872196338894,144.98330895235486,10.9,9.6,4,51,light_drizzle,9.0,16.2,0.0,12.9,16.6,true
port_phillip,Port Phillip,25900,2026-08-29T04:00:00+10:00,2026-08-28T18:00:00+00:00,-37.85872196338894,144.98330895235486,10.7,9.3,4,3,overcast,9.6,18.0,0.0,10.6,13.9,true
port_phillip,Port Phillip,25900,2026-08-29T05:00:00+10:00,2026-08-28T19:00:00+00:00,-37.85872196338894,144.98330895235486,10.2,8.9,3,2,partly_cloudy,8.3,17.6,0.0,9.1,12.2,true
port_phillip,Port Phillip,25900,2026-08-29T06:00:00+10:00,2026-08-28T20:00:00+00:00,-37.85872196338894,144.98330895235486,9.4,8.0,1,1,mainly_clear,7.7,15.5,0.0,8.3,11.2,true
port_phillip,Port Phillip,25900,2026-08-29T07:00:00+10:00,2026-08-28T21:00:00+00:00,-37.85872196338894,144.98330895235486,8.8,7.3,0,0,clear_sky,6.8,14.4,0.05,8.6,11.2,true
port_phillip,Port Phillip,25900,2026-08-29T08:00:00+10:00,2026-08-28T22:00:00+00:00,-37.85872196338894,144.98330895235486,9.2,7.8,0,0,clear_sky,6.7,14.8,0.3,9.5,12.0,true
port_phillip,Port Phillip,25900,2026-08-29T09:00:00+10:00,2026-08-28T23:00:00+00:00,-37.85872196338894,144.98330895235486,9.9,8.6,1,1,mainly_clear,6.9,19.1,0.8,9.2,12.7,true
port_phillip,Port Phillip,25900,2026-08-29T10:00:00+10:00,2026-08-29T00:00:00+00:00,-37.85872196338894,144.98330895235486,11.1,9.8,2,1,mainly_clear,7.0,20.2,1.45,10.8,16.5,true
port_phillip,Port Phillip,25900,2026-08-29T11:00:00+10:00,2026-08-29T01:00:00+00:00,-37.85872196338894,144.98330895235486,12.0,10.4,2,1,mainly_clear,8.5,24.1,1.75,11.2,17.9,true
port_phillip,Port Phillip,25900,2026-08-29T12:00:00+10:00,2026-08-29T02:00:00+00:00,-37.85872196338894,144.98330895235486,12.7,10.9,1,1,mainly_clear,8.7,24.8,1.65,11.4,18.3,true
port_phillip,Port Phillip,25900,2026-08-29T13:00:00+10:00,2026-08-29T03:00:00+00:00,-37.85872196338894,144.98330895235486,13.1,11.2,0,3,overcast,10.4,27.7,1.65,13.7,21.9,true
port_phillip,Port Phillip,25900,2026-08-29T14:00:00+10:00,2026-08-29T04:00:00+00:00,-37.85872196338894,144.98330895235486,13.0,10.4,0,3,overcast,13.1,33.1,1.25,13.4,21.2,true
port_phillip,Port Phillip,25900,2026-08-29T15:00:00+10:00,2026-08-29T05:00:00+00:00,-37.85872196338894,144.98330895235486,12.8,10.2,0,51,light_drizzle,12.8,33.5,0.75,16.3,25.8,true
port_phillip,Port Phillip,25900,2026-08-29T16:00:00+10:00,2026-08-29T06:00:00+00:00,-37.85872196338894,144.98330895235486,12.5,10.5,0,3,overcast,9.8,31.0,0.35,15.7,24.7,true
port_phillip,Port Phillip,25900,2026-08-29T17:00:00+10:00,2026-08-29T07:00:00+00:00,-37.85872196338894,144.98330895235486,12.3,10.5,0,3,overcast,8.6,23.4,0.1,15.9,25.0,true
port_phillip,Port Phillip,25900,2026-08-29T18:00:00+10:00,2026-08-29T08:00:00+00:00,-37.85872196338894,144.98330895235486,11.6,11.0,0,0,clear_sky,1.5,18.0,0.0,16.1,24.9,true
port_phillip,Port Phillip,25900,2026-08-29T19:00:00+10:00,2026-08-29T09:00:00+00:00,-37.85872196338894,144.98330895235486,10.7,9.9,0,2,partly_cloudy,1.9,2.9,0.0,15.1,22.5,true
port_phillip,Port Phillip,25900,2026-08-29T20:00:00+10:00,2026-08-29T10:00:00+00:00,-37.85872196338894,144.98330895235486,11.1,10.2,1,3,overcast,3.1,4.7,0.0,14.1,20.5,true
port_phillip,Port Phillip,25900,2026-08-29T21:00:00+10:00,2026-08-29T11:00:00+00:00,-37.85872196338894,144.98330895235486,11.9,10.7,1,3,overcast,6.3,11.5,0.0,12.7,18.2,true
port_phillip,Port Phillip,25900,2026-08-29T22:00:00+10:00,2026-08-29T12:00:00+00:00,-37.85872196338894,144.98330895235486,11.9,10.4,2,3,overcast,8.3,15.8,0.0,11.0,15.5,true
port_phillip,Port Phillip,25900,2026-08-29T23:00:00+10:00,2026-08-29T13:00:00+00:00,-37.85872196338894,144.98330895235486,11.5,9.9,2,51,light_drizzle,9.3,17.3,0.0,10.1,14.3,true
port_phillip,Port Phillip,25900,2026-08-30T00:00:00+10:00,2026-08-29T14:00:00+00:00,-37.85872196338894,144.98330895235486,11.0,9.5,2,51,light_drizzle,9.0,19.1,0.0,9.0,12.8,true
port_phillip,Port Phillip,25900,2026-08-30T01:00:00+10:00,2026-08-29T15:00:00+00:00,-37.85872196338894,144.98330895235486,10.3,8.9,2,3,overcast,7.2,17.6,0.0,8.6,12.5,true
port_phillip,Port Phillip,25900,2026-08-30T02:00:00+10:00,2026-08-29T16:00:00+00:00,-37.85872196338894,144.98330895235486,10.0,8.6,2,3,overcast,7.4,14.0,0.0,8.3,12.3,true
port_phillip,Port Phillip,25900,2026-08-30T03:00:00+10:00,2026-08-29T17:00:00+00:00,-37.85872196338894,144.98330895235486,9.6,8.1,2,2,partly_cloudy,7.0,14.0,0.0,7.8,11.6,true
port_phillip,Port Phillip,25900,2026-08-30T04:00:00+10:00,2026-08-29T18:00:00+00:00,-37.85872196338894,144.98330895235486,9.0,7.6,2,3,overcast,5.6,13.3,0.0,7.3,10.9,true
port_phillip,Port Phillip,25900,2026-08-30T05:00:00+10:00,2026-08-29T19:00:00+00:00,-37.85872196338894,144.98330895235486,8.8,7.3,1,2,partly_cloudy,5.6,11.9,0.0,6.9,10.4,true
port_phillip,Port Phillip,25900,2026-08-30T06:00:00+10:00,2026-08-29T20:00:00+00:00,-37.85872196338894,144.98330895235486,8.7,7.2,1,2,partly_cloudy,5.9,11.2,0.0,7.0,10.4,true
port_phillip,Port Phillip,25900,2026-08-30T07:00:00+10:00,2026-08-29T21:00:00+00:00,-37.85872196338894,144.98330895235486,9.0,7.5,0,1,mainly_clear,5.7,11.2,0.0,7.7,11.2,true
port_phillip,Port Phillip,25900,2026-08-30T08:00:00+10:00,2026-08-29T22:00:00+00:00,-37.85872196338894,144.98330895235486,9.8,8.6,0,2,partly_cloudy,5.0,13.0,0.2,8.8,12.3,true
port_phillip,Port Phillip,25900,2026-08-30T09:00:00+10:00,2026-08-29T23:00:00+00:00,-37.85872196338894,144.98330895235486,11.0,9.9,0,3,overcast,4.9,16.2,0.65,9.9,14.6,true
port_phillip,Port Phillip,25900,2026-08-30T10:00:00+10:00,2026-08-30T00:00:00+00:00,-37.85872196338894,144.98330895235486,12.1,10.8,0,3,overcast,6.3,19.4,1.4,11.1,17.2,true
port_phillip,Port Phillip,25900,2026-08-30T11:00:00+10:00,2026-08-30T01:00:00+00:00,-37.85872196338894,144.98330895235486,12.8,11.4,0,51,light_drizzle,7.5,22.7,2.1,11.1,17.5,true
port_phillip,Port Phillip,25900,2026-08-30T12:00:00+10:00,2026-08-30T02:00:00+00:00,-37.85872196338894,144.98330895235486,13.4,11.8,0,51,light_drizzle,8.6,25.9,2.5,11.2,17.5,true
port_phillip,Port Phillip,25900,2026-08-30T13:00:00+10:00,2026-08-30T03:00:00+00:00,-37.85872196338894,144.98330895235486,13.8,12.0,0,51,light_drizzle,9.5,28.1,2.55,10.3,16.0,true
port_phillip,Port Phillip,25900,2026-08-30T14:00:00+10:00,2026-08-30T04:00:00+00:00,-37.85872196338894,144.98330895235486,13.8,12.0,0,3,overcast,9.8,28.4,2.2,9.7,15.0,true
port_phillip,Port Phillip,25900,2026-08-30T15:00:00+10:00,2026-08-30T05:00:00+00:00,-37.85872196338894,144.98330895235486,13.5,11.7,0,3,overcast,9.8,27.7,1.25,9.8,15.1,true
port_phillip,Port Phillip,25900,2026-08-30T16:00:00+10:00,2026-08-30T06:00:00+00:00,-37.85872196338894,144.98330895235486,13.2,11.5,0,3,overcast,9.4,26.6,0.55,10.1,15.5,true
port_phillip,Port Phillip,25900,2026-08-30T17:00:00+10:00,2026-08-30T07:00:00+00:00,-37.85872196338894,144.98330895235486,12.8,11.3,0,3,overcast,8.5,25.9,0.1,10.4,15.9,true
port_phillip,Port Phillip,25900,2026-08-30T18:00:00+10:00,2026-08-30T08:00:00+00:00,-37.85872196338894,144.98330895235486,12.4,11.2,0,3,overcast,7.2,24.8,0.0,11.6,17.2,true
port_phillip,Port Phillip,25900,2026-08-30T19:00:00+10:00,2026-08-30T09:00:00+00:00,-37.85872196338894,144.98330895235486,12.1,11.1,0,3,overcast,5.9,23.0,0.0,11.2,16.0,true
port_phillip,Port Phillip,25900,2026-08-30T20:00:00+10:00,2026-08-30T10:00:00+00:00,-37.85872196338894,144.98330895235486,11.8,11.0,0,3,overcast,4.0,19.8,0.0,10.6,14.9,true
port_phillip,Port Phillip,25900,2026-08-30T21:00:00+10:00,2026-08-30T11:00:00+00:00,-37.85872196338894,144.98330895235486,11.5,11.0,0,3,overcast,1.9,15.5,0.0,10.9,15.2,true
port_phillip,Port Phillip,25900,2026-08-30T22:00:00+10:00,2026-08-30T12:00:00+00:00,-37.85872196338894,144.98330895235486,11.2,10.9,0,3,overcast,0.8,11.5,0.0,11.8,16.4,true
port_phillip,Port Phillip,25900,2026-08-30T23:00:00+10:00,2026-08-30T13:00:00+00:00,-37.85872196338894,144.98330895235486,11.0,10.6,0,3,overcast,1.1,8.3,,,,false
port_phillip,Port Phillip,25900,2026-08-31T00:00:00+10:00,2026-08-30T14:00:00+00:00,-37.85872196338894,144.98330895235486,10.8,10.4,0,3,overcast,1.1,5.0,,,,false
port_phillip,Port Phillip,25900,2026-08-31T01:00:00+10:00,2026-08-30T15:00:00+00:00,-37.85872196338894,144.98330895235486,10.6,10.2,0,3,overcast,1.1,3.2,,,,false
port_phillip,Port Phillip,25900,2026-08-31T02:00:00+10:00,2026-08-30T16:00:00+00:00,-37.85872196338894,144.98330895235486,10.6,10.2,0,3,overcast,1.4,3.2,,,,false
port_phillip,Port Phillip,25900,2026-08-31T03:00:00+10:00,2026-08-30T17:00:00+00:00,-37.85872196338894,144.98330895235486,10.5,10.1,0,3,overcast,2.1,4.3,,,,false
port_phillip,Port Phillip,25900,2026-08-31T04:00:00+10:00,2026-08-30T18:00:00+00:00,-37.85872196338894,144.98330895235486,10.5,10.0,0,3,overcast,2.7,5.8,,,,false
port_phillip,Port Phillip,25900,2026-08-31T05:00:00+10:00,2026-08-30T19:00:00+00:00,-37.85872196338894,144.98330895235486,10.2,9.6,0,3,overcast,3.7,7.2,,,,false
port_phillip,Port Phillip,25900,2026-08-31T06:00:00+10:00,2026-08-30T20:00:00+00:00,-37.85872196338894,144.98330895235486,9.9,9.1,0,3,overcast,4.7,8.6,,,,false
port_phillip,Port Phillip,25900,2026-08-31T07:00:00+10:00,2026-08-30T21:00:00+00:00,-37.85872196338894,144.98330895235486,9.9,9.0,0,3,overcast,5.1,10.1,,,,false
port_phillip,Port Phillip,25900,2026-08-31T08:00:00+10:00,2026-08-30T22:00:00+00:00,-37.85872196338894,144.98330895235486,10.3,9.5,0,3,overcast,4.2,11.5,,,,false
port_phillip,Port Phillip,25900,2026-08-31T09:00:00+10:00,2026-08-30T23:00:00+00:00,-37.85872196338894,144.98330895235486,11.1,10.4,0,3,overcast,3.6,12.6,,,,false
port_phillip,Port Phillip,25900,2026-08-31T10:00:00+10:00,2026-08-31T00:00:00+00:00,-37.85872196338894,144.98330895235486,12.1,11.3,0,3,overcast,3.8,14.0,,,,false
port_phillip,Port Phillip,25900,2026-08-31T11:00:00+10:00,2026-08-31T01:00:00+00:00,-37.85872196338894,144.98330895235486,13.4,12.9,0,2,partly_cloudy,2.9,15.1,,,,false
port_phillip,Port Phillip,25900,2026-08-31T12:00:00+10:00,2026-08-31T02:00:00+00:00,-37.85872196338894,144.98330895235486,14.9,14.8,0,1,mainly_clear,1.3,16.2,,,,false
port_phillip,Port Phillip,25900,2026-08-31T13:00:00+10:00,2026-08-31T03:00:00+00:00,-37.85872196338894,144.98330895235486,15.8,16.1,0,0,clear_sky,1.0,18.0,,,,false
port_phillip,Port Phillip,25900,2026-08-31T14:00:00+10:00,2026-08-31T04:00:00+00:00,-37.85872196338894,144.98330895235486,15.6,15.5,0,0,clear_sky,4.3,22.0,,,,false
port_phillip,Port Phillip,25900,2026-08-31T15:00:00+10:00,2026-08-31T05:00:00+00:00,-37.85872196338894,144.98330895235486,14.7,13.5,0,0,clear_sky,8.3,27.0,,,,false
port_phillip,Port Phillip,25900,2026-08-31T16:00:00+10:00,2026-08-31T06:00:00+00:00,-37.85872196338894,144.98330895235486,13.8,12.3,0,0,clear_sky,10.3,30.2,,,,false
port_phillip,Port Phillip,25900,2026-08-31T17:00:00+10:00,2026-08-31T07:00:00+00:00,-37.85872196338894,144.98330895235486,12.9,11.5,0,0,clear_sky,8.6,29.5,,,,false
port_phillip,Port Phillip,25900,2026-08-31T18:00:00+10:00,2026-08-31T08:00:00+00:00,-37.85872196338894,144.98330895235486,11.8,10.9,0,0,clear_sky,5.1,27.0,,,,false
port_phillip,Port Phillip,25900,2026-08-31T19:00:00+10:00,2026-08-31T09:00:00+00:00,-37.85872196338894,144.98330895235486,11.3,10.9,0,0,clear_sky,1.4,24.8,,,,false
port_phillip,Port Phillip,25900,2026-08-31T20:00:00+10:00,2026-08-31T10:00:00+00:00,-37.85872196338894,144.98330895235486,11.6,10.9,0,0,clear_sky,3.9,24.5,,,,false
port_phillip,Port Phillip,25900,2026-08-31T21:00:00+10:00,2026-08-31T11:00:00+00:00,-37.85872196338894,144.98330895235486,12.3,10.9,0,0,clear_sky,9.0,24.5,,,,false
port_phillip,Port Phillip,25900,2026-08-31T22:00:00+10:00,2026-08-31T12:00:00+00:00,-37.85872196338894,144.98330895235486,12.8,11.0,0,0,clear_sky,13.0,25.2,,,,false
port_phillip,Port Phillip,25900,2026-08-31T23:00:00+10:00,2026-08-31T13:00:00+00:00,-37.85872196338894,144.98330895235486,12.8,10.7,0,0,clear_sky,14.9,26.6,,,,false
port_phillip,Port Phillip,25900,2026-09-01T00:00:00+10:00,2026-08-31T14:00:00+00:00,-37.85872196338894,144.98330895235486,12.6,10.4,0,0,clear_sky,15.8,29.2,,,,false
port_phillip,Port Phillip,25900,2026-09-01T01:00:00+10:00,2026-08-31T15:00:00+00:00,-37.85872196338894,144.98330895235486,12.5,10.1,0,0,clear_sky,16.7,31.7,,,,false
port_phillip,Port Phillip,25900,2026-09-01T02:00:00+10:00,2026-08-31T16:00:00+00:00,-37.85872196338894,144.98330895235486,12.5,10.0,0,1,mainly_clear,18.2,34.9,,,,false
port_phillip,Port Phillip,25900,2026-09-01T03:00:00+10:00,2026-08-31T17:00:00+00:00,-37.85872196338894,144.98330895235486,12.7,10.0,0,2,partly_cloudy,19.4,38.2,,,,false
port_phillip,Port Phillip,25900,2026-09-01T04:00:00+10:00,2026-08-31T18:00:00+00:00,-37.85872196338894,144.98330895235486,12.8,9.9,0,3,overcast,20.7,41.4,,,,false
port_phillip,Port Phillip,25900,2026-09-01T05:00:00+10:00,2026-08-31T19:00:00+00:00,-37.85872196338894,144.98330895235486,12.6,9.6,0,3,overcast,21.6,43.6,,,,false
port_phillip,Port Phillip,25900,2026-09-01T06:00:00+10:00,2026-08-31T20:00:00+00:00,-37.85872196338894,144.98330895235486,12.5,9.3,0,2,partly_cloudy,22.3,45.7,,,,false
port_phillip,Port Phillip,25900,2026-09-01T07:00:00+10:00,2026-08-31T21:00:00+00:00,-37.85872196338894,144.98330895235486,12.5,9.2,0,2,partly_cloudy,22.9,47.9,,,,false
port_phillip,Port Phillip,25900,2026-09-01T08:00:00+10:00,2026-08-31T22:00:00+00:00,-37.85872196338894,144.98330895235486,13.7,10.2,0,2,partly_cloudy,24.3,51.8,,,,false
port_phillip,Port Phillip,25900,2026-09-01T09:00:00+10:00,2026-08-31T23:00:00+00:00,-37.85872196338894,144.98330895235486,14.1,10.5,0,1,mainly_clear,24.9,54.7,,,,false
port_phillip,Port Phillip,25900,2026-09-01T10:00:00+10:00,2026-09-01T00:00:00+00:00,-37.85872196338894,144.98330895235486,14.5,10.9,0,1,mainly_clear,25.2,57.2,,,,false
port_phillip,Port Phillip,25900,2026-09-01T11:00:00+10:00,2026-09-01T01:00:00+00:00,-37.85872196338894,144.98330895235486,15.2,11.6,3,2,partly_cloudy,25.3,60.5,,,,false
port_phillip,Port Phillip,25900,2026-09-01T12:00:00+10:00,2026-09-01T02:00:00+00:00,-37.85872196338894,144.98330895235486,16.2,12.8,8,2,partly_cloudy,25.6,64.1,,,,false
port_phillip,Port Phillip,25900,2026-09-01T13:00:00+10:00,2026-09-01T03:00:00+00:00,-37.85872196338894,144.98330895235486,17.3,13.7,13,2,partly_cloudy,25.9,67.7,,,,false
port_phillip,Port Phillip,25900,2026-09-01T14:00:00+10:00,2026-09-01T04:00:00+00:00,-37.85872196338894,144.98330895235486,18.2,14.5,19,3,overcast,26.0,70.6,,,,false
port_phillip,Port Phillip,25900,2026-09-01T15:00:00+10:00,2026-09-01T05:00:00+00:00,-37.85872196338894,144.98330895235486,18.8,15.3,25,3,overcast,25.6,73.1,,,,false
port_phillip,Port Phillip,25900,2026-09-01T16:00:00+10:00,2026-09-01T06:00:00+00:00,-37.85872196338894,144.98330895235486,19.0,15.6,31,3,overcast,24.3,73.8,,,,false
port_phillip,Port Phillip,25900,2026-09-01T17:00:00+10:00,2026-09-01T07:00:00+00:00,-37.85872196338894,144.98330895235486,18.5,15.4,38,53,moderate_drizzle,21.9,72.7,,,,false
port_phillip,Port Phillip,25900,2026-09-01T18:00:00+10:00,2026-09-01T08:00:00+00:00,-37.85872196338894,144.98330895235486,17.5,14.8,45,53,moderate_drizzle,19.5,70.2,,,,false
port_phillip,Port Phillip,25900,2026-09-01T19:00:00+10:00,2026-09-01T09:00:00+00:00,-37.85872196338894,144.98330895235486,16.3,13.5,52,53,moderate_drizzle,19.3,67.0,,,,false
port_phillip,Port Phillip,25900,2026-09-01T20:00:00+10:00,2026-09-01T10:00:00+00:00,-37.85872196338894,144.98330895235486,14.9,11.7,58,53,moderate_drizzle,21.5,63.4,,,,false
port_phillip,Port Phillip,25900,2026-09-01T21:00:00+10:00,2026-09-01T11:00:00+00:00,-37.85872196338894,144.98330895235486,13.6,9.9,63,53,moderate_drizzle,24.4,60.1,,,,false
port_phillip,Port Phillip,25900,2026-09-01T22:00:00+10:00,2026-09-01T12:00:00+00:00,-37.85872196338894,144.98330895235486,12.6,8.6,65,53,moderate_drizzle,25.9,57.6,,,,false
port_phillip,Port Phillip,25900,2026-09-01T23:00:00+10:00,2026-09-01T13:00:00+00:00,-37.85872196338894,144.98330895235486,11.8,7.9,63,0,clear_sky,24.6,56.5,,,,false
stonnington,Stonnington,26350,2026-08-26T00:00:00+10:00,2026-08-25T14:00:00+00:00,-37.86128611194329,145.03906713769834,12.0,9.3,74,53,moderate_drizzle,19.3,37.4,0.0,3.8,5.5,true
stonnington,Stonnington,26350,2026-08-26T01:00:00+10:00,2026-08-25T15:00:00+00:00,-37.86128611194329,145.03906713769834,11.8,9.3,100,51,light_drizzle,17.6,38.9,0.0,3.9,6.0,true
stonnington,Stonnington,26350,2026-08-26T02:00:00+10:00,2026-08-25T16:00:00+00:00,-37.86128611194329,145.03906713769834,11.8,9.2,89,51,light_drizzle,17.3,33.8,0.0,4.4,7.0,true
stonnington,Stonnington,26350,2026-08-26T03:00:00+10:00,2026-08-25T17:00:00+00:00,-37.86128611194329,145.03906713769834,11.7,9.1,62,51,light_drizzle,16.4,33.8,0.0,4.9,7.8,true
stonnington,Stonnington,26350,2026-08-26T04:00:00+10:00,2026-08-25T18:00:00+00:00,-37.86128611194329,145.03906713769834,11.2,8.7,37,1,mainly_clear,14.0,32.0,0.0,5.1,8.1,true
stonnington,Stonnington,26350,2026-08-26T05:00:00+10:00,2026-08-25T19:00:00+00:00,-37.86128611194329,145.03906713769834,10.6,8.2,22,2,partly_cloudy,13.1,27.0,0.0,5.3,8.4,true
stonnington,Stonnington,26350,2026-08-26T06:00:00+10:00,2026-08-25T20:00:00+00:00,-37.86128611194329,145.03906713769834,10.0,8.0,10,1,mainly_clear,11.1,25.2,0.0,5.4,8.4,true
stonnington,Stonnington,26350,2026-08-26T07:00:00+10:00,2026-08-25T21:00:00+00:00,-37.86128611194329,145.03906713769834,9.6,7.6,2,1,mainly_clear,10.4,21.2,0.05,5.9,8.7,true
stonnington,Stonnington,26350,2026-08-26T08:00:00+10:00,2026-08-25T22:00:00+00:00,-37.86128611194329,145.03906713769834,10.0,8.1,0,1,mainly_clear,9.9,21.6,0.35,6.5,9.5,true
stonnington,Stonnington,26350,2026-08-26T09:00:00+10:00,2026-08-25T23:00:00+00:00,-37.86128611194329,145.03906713769834,11.0,9.1,0,0,clear_sky,10.3,24.1,1.0,6.5,9.9,true
stonnington,Stonnington,26350,2026-08-26T10:00:00+10:00,2026-08-26T00:00:00+00:00,-37.86128611194329,145.03906713769834,12.5,10.2,0,0,clear_sky,13.2,29.5,1.9,7.9,12.5,true
stonnington,Stonnington,26350,2026-08-26T11:00:00+10:00,2026-08-26T01:00:00+00:00,-37.86128611194329,145.03906713769834,13.3,10.8,3,51,light_drizzle,14.1,34.6,2.8,7.3,11.7,true
stonnington,Stonnington,26350,2026-08-26T12:00:00+10:00,2026-08-26T02:00:00+00:00,-37.86128611194329,145.03906713769834,13.7,11.1,6,1,mainly_clear,16.0,38.9,2.95,8.0,12.9,true
stonnington,Stonnington,26350,2026-08-26T13:00:00+10:00,2026-08-26T03:00:00+00:00,-37.86128611194329,145.03906713769834,13.9,10.9,8,1,mainly_clear,16.5,40.7,2.65,7.3,11.9,true
stonnington,Stonnington,26350,2026-08-26T14:00:00+10:00,2026-08-26T04:00:00+00:00,-37.86128611194329,145.03906713769834,13.9,11.1,6,1,mainly_clear,16.5,40.3,2.0,7.1,11.5,true
stonnington,Stonnington,26350,2026-08-26T15:00:00+10:00,2026-08-26T05:00:00+00:00,-37.86128611194329,145.03906713769834,13.6,10.7,3,0,clear_sky,15.5,39.6,1.15,7.0,11.3,true
stonnington,Stonnington,26350,2026-08-26T16:00:00+10:00,2026-08-26T06:00:00+00:00,-37.86128611194329,145.03906713769834,13.3,10.5,0,1,mainly_clear,14.8,37.1,0.5,7.2,11.5,true
stonnington,Stonnington,26350,2026-08-26T17:00:00+10:00,2026-08-26T07:00:00+00:00,-37.86128611194329,145.03906713769834,12.9,10.2,0,1,mainly_clear,13.7,34.2,0.1,7.6,11.8,true
stonnington,Stonnington,26350,2026-08-26T18:00:00+10:00,2026-08-26T08:00:00+00:00,-37.86128611194329,145.03906713769834,12.1,9.7,0,2,partly_cloudy,12.1,28.8,0.0,9.2,13.4,true
stonnington,Stonnington,26350,2026-08-26T19:00:00+10:00,2026-08-26T09:00:00+00:00,-37.86128611194329,145.03906713769834,12.1,9.7,0,3,overcast,12.2,24.5,0.0,11.3,15.5,true
stonnington,Stonnington,26350,2026-08-26T20:00:00+10:00,2026-08-26T10:00:00+00:00,-37.86128611194329,145.03906713769834,11.8,9.6,0,3,overcast,11.0,23.4,0.0,12.5,16.8,true
stonnington,Stonnington,26350,2026-08-26T21:00:00+10:00,2026-08-26T11:00:00+00:00,-37.86128611194329,145.03906713769834,11.6,9.6,0,3,overcast,9.7,20.9,0.0,12.4,16.3,true
stonnington,Stonnington,26350,2026-08-26T22:00:00+10:00,2026-08-26T12:00:00+00:00,-37.86128611194329,145.03906713769834,11.5,9.7,0,3,overcast,8.2,18.4,0.0,12.8,16.7,true
stonnington,Stonnington,26350,2026-08-26T23:00:00+10:00,2026-08-26T13:00:00+00:00,-37.86128611194329,145.03906713769834,11.1,9.8,0,2,partly_cloudy,5.2,15.1,0.0,13.3,17.2,true
stonnington,Stonnington,26350,2026-08-27T00:00:00+10:00,2026-08-26T14:00:00+00:00,-37.86128611194329,145.03906713769834,10.3,9.5,0,3,overcast,1.8,9.7,0.0,13.6,17.6,true
stonnington,Stonnington,26350,2026-08-27T01:00:00+10:00,2026-08-26T15:00:00+00:00,-37.86128611194329,145.03906713769834,9.9,8.9,0,1,mainly_clear,2.4,4.3,0.0,13.6,17.6,true
stonnington,Stonnington,26350,2026-08-27T02:00:00+10:00,2026-08-26T16:00:00+00:00,-37.86128611194329,145.03906713769834,9.1,7.8,0,1,mainly_clear,4.5,8.3,0.0,13.6,17.7,true
stonnington,Stonnington,26350,2026-08-27T03:00:00+10:00,2026-08-26T17:00:00+00:00,-37.86128611194329,145.03906713769834,8.4,6.9,0,1,mainly_clear,4.7,9.4,0.0,13.5,17.7,true
stonnington,Stonnington,26350,2026-08-27T04:00:00+10:00,2026-08-26T18:00:00+00:00,-37.86128611194329,145.03906713769834,7.9,6.3,0,0,clear_sky,4.8,9.0,0.0,13.2,17.5,true
stonnington,Stonnington,26350,2026-08-27T05:00:00+10:00,2026-08-26T19:00:00+00:00,-37.86128611194329,145.03906713769834,7.7,6.0,0,0,clear_sky,4.6,10.1,0.0,13.0,17.2,true
stonnington,Stonnington,26350,2026-08-27T06:00:00+10:00,2026-08-26T20:00:00+00:00,-37.86128611194329,145.03906713769834,7.2,5.4,0,0,clear_sky,4.1,9.4,0.0,13.4,17.5,true
stonnington,Stonnington,26350,2026-08-27T07:00:00+10:00,2026-08-26T21:00:00+00:00,-37.86128611194329,145.03906713769834,6.5,4.7,0,0,clear_sky,4.0,7.9,0.05,16.2,19.8,true
stonnington,Stonnington,26350,2026-08-27T08:00:00+10:00,2026-08-26T22:00:00+00:00,-37.86128611194329,145.03906713769834,7.8,5.9,0,0,clear_sky,5.6,11.5,0.35,20.4,22.5,true
stonnington,Stonnington,26350,2026-08-27T09:00:00+10:00,2026-08-26T23:00:00+00:00,-37.86128611194329,145.03906713769834,9.5,8.0,0,0,clear_sky,3.7,12.6,1.1,15.4,18.1,true
stonnington,Stonnington,26350,2026-08-27T10:00:00+10:00,2026-08-27T00:00:00+00:00,-37.86128611194329,145.03906713769834,11.2,10.0,0,1,mainly_clear,2.7,13.0,2.15,10.3,14.5,true
stonnington,Stonnington,26350,2026-08-27T11:00:00+10:00,2026-08-27T01:00:00+00:00,-37.86128611194329,145.03906713769834,12.5,11.5,0,2,partly_cloudy,1.5,13.3,2.65,9.5,13.8,true
stonnington,Stonnington,26350,2026-08-27T12:00:00+10:00,2026-08-27T02:00:00+00:00,-37.86128611194329,145.03906713769834,13.4,12.8,0,3,overcast,1.5,12.6,3.25,9.2,13.4,true
stonnington,Stonnington,26350,2026-08-27T13:00:00+10:00,2026-08-27T03:00:00+00:00,-37.86128611194329,145.03906713769834,13.9,13.4,0,1,mainly_clear,1.4,13.0,3.3,9.6,13.7,true
stonnington,Stonnington,26350,2026-08-27T14:00:00+10:00,2026-08-27T04:00:00+00:00,-37.86128611194329,145.03906713769834,14.2,13.4,0,0,clear_sky,3.8,15.1,2.6,9.9,13.9,true
stonnington,Stonnington,26350,2026-08-27T15:00:00+10:00,2026-08-27T05:00:00+00:00,-37.86128611194329,145.03906713769834,13.9,12.2,0,0,clear_sky,8.1,22.3,1.5,10.1,14.2,true
stonnington,Stonnington,26350,2026-08-27T16:00:00+10:00,2026-08-27T06:00:00+00:00,-37.86128611194329,145.03906713769834,13.4,11.2,0,0,clear_sky,10.9,26.6,0.6,9.9,13.9,true
stonnington,Stonnington,26350,2026-08-27T17:00:00+10:00,2026-08-27T07:00:00+00:00,-37.86128611194329,145.03906713769834,13.0,11.7,0,3,overcast,4.9,26.3,0.15,11.4,15.3,true
stonnington,Stonnington,26350,2026-08-27T18:00:00+10:00,2026-08-27T08:00:00+00:00,-37.86128611194329,145.03906713769834,12.5,11.9,0,3,overcast,1.7,10.1,0.0,15.5,19.2,true
stonnington,Stonnington,26350,2026-08-27T19:00:00+10:00,2026-08-27T09:00:00+00:00,-37.86128611194329,145.03906713769834,12.6,11.6,0,3,overcast,4.0,8.3,0.0,19.1,22.8,true
stonnington,Stonnington,26350,2026-08-27T20:00:00+10:00,2026-08-27T10:00:00+00:00,-37.86128611194329,145.03906713769834,12.1,11.4,0,3,overcast,2.4,8.3,0.0,22.3,25.8,true
stonnington,Stonnington,26350,2026-08-27T21:00:00+10:00,2026-08-27T11:00:00+00:00,-37.86128611194329,145.03906713769834,11.2,10.6,0,3,overcast,1.1,4.0,0.0,25.4,28.8,true
stonnington,Stonnington,26350,2026-08-27T22:00:00+10:00,2026-08-27T12:00:00+00:00,-37.86128611194329,145.03906713769834,10.6,9.6,0,3,overcast,3.5,7.2,0.0,26.4,29.2,true
stonnington,Stonnington,26350,2026-08-27T23:00:00+10:00,2026-08-27T13:00:00+00:00,-37.86128611194329,145.03906713769834,10.4,9.3,0,3,overcast,3.6,7.2,0.0,23.2,25.2,true
stonnington,Stonnington,26350,2026-08-28T00:00:00+10:00,2026-08-27T14:00:00+00:00,-37.86128611194329,145.03906713769834,10.9,9.3,0,3,overcast,6.5,11.9,0.0,19.4,21.0,true
stonnington,Stonnington,26350,2026-08-28T01:00:00+10:00,2026-08-27T15:00:00+00:00,-37.86128611194329,145.03906713769834,10.6,8.7,0,1,mainly_clear,9.3,17.6,0.0,16.6,18.0,true
stonnington,Stonnington,26350,2026-08-28T02:00:00+10:00,2026-08-27T16:00:00+00:00,-37.86128611194329,145.03906713769834,9.5,7.4,0,2,partly_cloudy,9.4,19.4,0.0,13.8,15.0,true
stonnington,Stonnington,26350,2026-08-28T03:00:00+10:00,2026-08-27T17:00:00+00:00,-37.86128611194329,145.03906713769834,8.8,6.7,0,3,overcast,8.2,18.7,0.0,11.1,12.2,true
stonnington,Stonnington,26350,2026-08-28T04:00:00+10:00,2026-08-27T18:00:00+00:00,-37.86128611194329,145.03906713769834,8.6,6.3,0,3,overcast,8.3,16.6,0.0,8.7,9.7,true
stonnington,Stonnington,26350,2026-08-28T05:00:00+10:00,2026-08-27T19:00:00+00:00,-37.86128611194329,145.03906713769834,8.8,6.3,0,0,clear_sky,9.1,17.3,0.0,7.4,8.6,true
stonnington,Stonnington,26350,2026-08-28T06:00:00+10:00,2026-08-27T20:00:00+00:00,-37.86128611194329,145.03906713769834,8.7,6.2,0,0,clear_sky,9.1,17.6,0.0,6.6,8.0,true
stonnington,Stonnington,26350,2026-08-28T07:00:00+10:00,2026-08-27T21:00:00+00:00,-37.86128611194329,145.03906713769834,8.4,5.9,0,0,clear_sky,8.7,18.4,0.0,7.2,8.5,true
stonnington,Stonnington,26350,2026-08-28T08:00:00+10:00,2026-08-27T22:00:00+00:00,-37.86128611194329,145.03906713769834,9.5,7.1,2,0,clear_sky,9.3,18.4,0.1,8.5,10.0,true
stonnington,Stonnington,26350,2026-08-28T09:00:00+10:00,2026-08-27T23:00:00+00:00,-37.86128611194329,145.03906713769834,11.4,9.5,4,0,clear_sky,7.9,19.8,0.35,10.3,11.9,true
stonnington,Stonnington,26350,2026-08-28T10:00:00+10:00,2026-08-28T00:00:00+00:00,-37.86128611194329,145.03906713769834,13.5,11.7,8,2,partly_cloudy,6.9,19.1,0.85,8.8,10.7,true
stonnington,Stonnington,26350,2026-08-28T11:00:00+10:00,2026-08-28T01:00:00+00:00,-37.86128611194329,145.03906713769834,14.6,13.3,12,3,overcast,4.3,19.1,1.8,7.7,9.7,true
stonnington,Stonnington,26350,2026-08-28T12:00:00+10:00,2026-08-28T02:00:00+00:00,-37.86128611194329,145.03906713769834,14.6,13.6,18,3,overcast,2.7,14.8,2.65,5.8,7.7,true
stonnington,Stonnington,26350,2026-08-28T13:00:00+10:00,2026-08-28T03:00:00+00:00,-37.86128611194329,145.03906713769834,14.7,14.0,24,3,overcast,1.8,9.7,3.1,6.0,8.6,true
stonnington,Stonnington,26350,2026-08-28T14:00:00+10:00,2026-08-28T04:00:00+00:00,-37.86128611194329,145.03906713769834,14.4,13.8,35,51,light_drizzle,3.7,10.8,2.5,7.4,11.3,true
stonnington,Stonnington,26350,2026-08-28T15:00:00+10:00,2026-08-28T05:00:00+00:00,-37.86128611194329,145.03906713769834,13.8,13.3,46,53,moderate_drizzle,5.1,14.8,1.55,8.7,13.7,true
stonnington,Stonnington,26350,2026-08-28T16:00:00+10:00,2026-08-28T06:00:00+00:00,-37.86128611194329,145.03906713769834,13.5,13.9,51,80,slight_rain_showers,0.9,14.0,0.65,10.0,15.7,true
stonnington,Stonnington,26350,2026-08-28T17:00:00+10:00,2026-08-28T07:00:00+00:00,-37.86128611194329,145.03906713769834,13.6,13.9,43,3,overcast,0.9,7.9,0.15,11.0,17.3,true
stonnington,Stonnington,26350,2026-08-28T18:00:00+10:00,2026-08-28T08:00:00+00:00,-37.86128611194329,145.03906713769834,13.2,13.7,27,3,overcast,0.9,5.8,0.0,13.9,20.7,true
stonnington,Stonnington,26350,2026-08-28T19:00:00+10:00,2026-08-28T09:00:00+00:00,-37.86128611194329,145.03906713769834,13.0,13.1,14,51,light_drizzle,2.8,5.4,0.0,17.2,23.7,true
stonnington,Stonnington,26350,2026-08-28T20:00:00+10:00,2026-08-28T10:00:00+00:00,-37.86128611194329,145.03906713769834,12.6,12.3,7,51,light_drizzle,4.8,8.6,0.0,20.1,27.0,true
stonnington,Stonnington,26350,2026-08-28T21:00:00+10:00,2026-08-28T11:00:00+00:00,-37.86128611194329,145.03906713769834,11.8,11.4,3,1,mainly_clear,3.6,10.1,0.0,21.8,28.8,true
stonnington,Stonnington,26350,2026-08-28T22:00:00+10:00,2026-08-28T12:00:00+00:00,-37.86128611194329,145.03906713769834,11.1,10.5,0,1,mainly_clear,3.6,5.8,0.0,22.8,29.9,true
stonnington,Stonnington,26350,2026-08-28T23:00:00+10:00,2026-08-28T13:00:00+00:00,-37.86128611194329,145.03906713769834,11.0,10.5,0,2,partly_cloudy,2.4,5.8,0.0,23.4,30.6,true
stonnington,Stonnington,26350,2026-08-29T00:00:00+10:00,2026-08-28T14:00:00+00:00,-37.86128611194329,145.03906713769834,10.7,10.3,1,51,light_drizzle,1.7,3.2,0.0,23.7,31.0,true
stonnington,Stonnington,26350,2026-08-29T01:00:00+10:00,2026-08-28T15:00:00+00:00,-37.86128611194329,145.03906713769834,11.1,10.5,2,51,light_drizzle,4.4,7.9,0.0,23.3,30.3,true
stonnington,Stonnington,26350,2026-08-29T02:00:00+10:00,2026-08-28T16:00:00+00:00,-37.86128611194329,145.03906713769834,10.7,9.9,3,3,overcast,5.1,8.3,0.0,21.3,27.4,true
stonnington,Stonnington,26350,2026-08-29T03:00:00+10:00,2026-08-28T17:00:00+00:00,-37.86128611194329,145.03906713769834,10.9,9.6,4,51,light_drizzle,9.0,16.2,0.0,17.9,23.1,true
stonnington,Stonnington,26350,2026-08-29T04:00:00+10:00,2026-08-28T18:00:00+00:00,-37.86128611194329,145.03906713769834,10.7,9.3,4,3,overcast,9.6,18.0,0.0,14.8,19.2,true
stonnington,Stonnington,26350,2026-08-29T05:00:00+10:00,2026-08-28T19:00:00+00:00,-37.86128611194329,145.03906713769834,10.2,8.9,3,2,partly_cloudy,8.3,17.6,0.0,12.3,16.1,true
stonnington,Stonnington,26350,2026-08-29T06:00:00+10:00,2026-08-28T20:00:00+00:00,-37.86128611194329,145.03906713769834,9.4,8.0,1,1,mainly_clear,7.7,15.5,0.0,11.1,14.4,true
stonnington,Stonnington,26350,2026-08-29T07:00:00+10:00,2026-08-28T21:00:00+00:00,-37.86128611194329,145.03906713769834,8.8,7.3,0,0,clear_sky,6.8,14.4,0.05,12.4,15.3,true
stonnington,Stonnington,26350,2026-08-29T08:00:00+10:00,2026-08-28T22:00:00+00:00,-37.86128611194329,145.03906713769834,9.2,7.8,0,0,clear_sky,6.7,14.8,0.25,14.0,16.9,true
stonnington,Stonnington,26350,2026-08-29T09:00:00+10:00,2026-08-28T23:00:00+00:00,-37.86128611194329,145.03906713769834,9.9,8.6,1,1,mainly_clear,6.9,19.1,0.7,12.3,16.1,true
stonnington,Stonnington,26350,2026-08-29T10:00:00+10:00,2026-08-29T00:00:00+00:00,-37.86128611194329,145.03906713769834,11.1,9.8,2,1,mainly_clear,7.0,20.2,1.25,12.3,17.6,true
stonnington,Stonnington,26350,2026-08-29T11:00:00+10:00,2026-08-29T01:00:00+00:00,-37.86128611194329,145.03906713769834,12.0,10.4,2,1,mainly_clear,8.5,24.1,1.5,11.9,17.9,true
stonnington,Stonnington,26350,2026-08-29T12:00:00+10:00,2026-08-29T02:00:00+00:00,-37.86128611194329,145.03906713769834,12.7,10.9,1,1,mainly_clear,8.7,24.8,1.55,12.0,18.6,true
stonnington,Stonnington,26350,2026-08-29T13:00:00+10:00,2026-08-29T03:00:00+00:00,-37.86128611194329,145.03906713769834,13.1,11.2,0,3,overcast,10.4,27.7,1.6,11.8,18.5,true
stonnington,Stonnington,26350,2026-08-29T14:00:00+10:00,2026-08-29T04:00:00+00:00,-37.86128611194329,145.03906713769834,13.0,10.4,0,3,overcast,13.1,33.1,1.2,11.8,18.7,true
stonnington,Stonnington,26350,2026-08-29T15:00:00+10:00,2026-08-29T05:00:00+00:00,-37.86128611194329,145.03906713769834,12.8,10.2,0,51,light_drizzle,12.8,33.5,0.7,12.8,20.3,true
stonnington,Stonnington,26350,2026-08-29T16:00:00+10:00,2026-08-29T06:00:00+00:00,-37.86128611194329,145.03906713769834,12.5,10.5,0,3,overcast,9.8,31.0,0.3,14.8,23.3,true
stonnington,Stonnington,26350,2026-08-29T17:00:00+10:00,2026-08-29T07:00:00+00:00,-37.86128611194329,145.03906713769834,12.3,10.5,0,3,overcast,8.6,23.4,0.1,16.6,26.0,true
stonnington,Stonnington,26350,2026-08-29T18:00:00+10:00,2026-08-29T08:00:00+00:00,-37.86128611194329,145.03906713769834,11.6,11.0,0,0,clear_sky,1.5,18.0,0.0,16.3,24.9,true
stonnington,Stonnington,26350,2026-08-29T19:00:00+10:00,2026-08-29T09:00:00+00:00,-37.86128611194329,145.03906713769834,10.7,9.9,0,2,partly_cloudy,1.9,2.9,0.0,15.7,22.8,true
stonnington,Stonnington,26350,2026-08-29T20:00:00+10:00,2026-08-29T10:00:00+00:00,-37.86128611194329,145.03906713769834,11.1,10.2,1,3,overcast,3.1,4.7,0.0,16.1,23.0,true
stonnington,Stonnington,26350,2026-08-29T21:00:00+10:00,2026-08-29T11:00:00+00:00,-37.86128611194329,145.03906713769834,11.9,10.7,1,3,overcast,6.3,11.5,0.0,16.3,23.1,true
stonnington,Stonnington,26350,2026-08-29T22:00:00+10:00,2026-08-29T12:00:00+00:00,-37.86128611194329,145.03906713769834,11.9,10.4,2,3,overcast,8.3,15.8,0.0,15.3,21.4,true
stonnington,Stonnington,26350,2026-08-29T23:00:00+10:00,2026-08-29T13:00:00+00:00,-37.86128611194329,145.03906713769834,11.5,9.9,2,51,light_drizzle,9.3,17.3,0.0,14.3,20.2,true
stonnington,Stonnington,26350,2026-08-30T00:00:00+10:00,2026-08-29T14:00:00+00:00,-37.86128611194329,145.03906713769834,11.0,9.5,2,51,light_drizzle,9.0,19.1,0.0,12.9,18.2,true
stonnington,Stonnington,26350,2026-08-30T01:00:00+10:00,2026-08-29T15:00:00+00:00,-37.86128611194329,145.03906713769834,10.3,8.9,2,3,overcast,7.2,17.6,0.0,11.4,16.2,true
stonnington,Stonnington,26350,2026-08-30T02:00:00+10:00,2026-08-29T16:00:00+00:00,-37.86128611194329,145.03906713769834,10.0,8.6,2,3,overcast,7.4,14.0,0.0,10.5,15.0,true
stonnington,Stonnington,26350,2026-08-30T03:00:00+10:00,2026-08-29T17:00:00+00:00,-37.86128611194329,145.03906713769834,9.6,8.1,2,2,partly_cloudy,7.0,14.0,0.0,9.8,14.2,true
stonnington,Stonnington,26350,2026-08-30T04:00:00+10:00,2026-08-29T18:00:00+00:00,-37.86128611194329,145.03906713769834,9.0,7.6,2,3,overcast,5.6,13.3,0.0,9.3,13.6,true
stonnington,Stonnington,26350,2026-08-30T05:00:00+10:00,2026-08-29T19:00:00+00:00,-37.86128611194329,145.03906713769834,8.8,7.3,1,2,partly_cloudy,5.6,11.9,0.0,9.0,13.3,true
stonnington,Stonnington,26350,2026-08-30T06:00:00+10:00,2026-08-29T20:00:00+00:00,-37.86128611194329,145.03906713769834,8.7,7.2,1,2,partly_cloudy,5.9,11.2,0.0,9.3,13.6,true
stonnington,Stonnington,26350,2026-08-30T07:00:00+10:00,2026-08-29T21:00:00+00:00,-37.86128611194329,145.03906713769834,9.0,7.5,0,1,mainly_clear,5.7,11.2,0.0,10.9,15.2,true
stonnington,Stonnington,26350,2026-08-30T08:00:00+10:00,2026-08-29T22:00:00+00:00,-37.86128611194329,145.03906713769834,9.8,8.6,0,2,partly_cloudy,5.0,13.0,0.2,12.5,17.0,true
stonnington,Stonnington,26350,2026-08-30T09:00:00+10:00,2026-08-29T23:00:00+00:00,-37.86128611194329,145.03906713769834,11.0,9.9,0,3,overcast,4.9,16.2,0.55,12.6,17.5,true
stonnington,Stonnington,26350,2026-08-30T10:00:00+10:00,2026-08-30T00:00:00+00:00,-37.86128611194329,145.03906713769834,12.1,10.8,0,3,overcast,6.3,19.4,1.15,12.1,17.4,true
stonnington,Stonnington,26350,2026-08-30T11:00:00+10:00,2026-08-30T01:00:00+00:00,-37.86128611194329,145.03906713769834,12.8,11.4,0,51,light_drizzle,7.5,22.7,1.8,12.1,18.2,true
stonnington,Stonnington,26350,2026-08-30T12:00:00+10:00,2026-08-30T02:00:00+00:00,-37.86128611194329,145.03906713769834,13.4,11.8,0,51,light_drizzle,8.6,25.9,2.35,11.8,18.1,true
stonnington,Stonnington,26350,2026-08-30T13:00:00+10:00,2026-08-30T03:00:00+00:00,-37.86128611194329,145.03906713769834,13.8,12.0,0,51,light_drizzle,9.5,28.1,2.55,11.8,18.2,true
stonnington,Stonnington,26350,2026-08-30T14:00:00+10:00,2026-08-30T04:00:00+00:00,-37.86128611194329,145.03906713769834,13.8,12.0,0,3,overcast,9.8,28.4,2.25,10.2,15.7,true
stonnington,Stonnington,26350,2026-08-30T15:00:00+10:00,2026-08-30T05:00:00+00:00,-37.86128611194329,145.03906713769834,13.5,11.7,0,3,overcast,9.8,27.7,1.35,10.0,15.2,true
stonnington,Stonnington,26350,2026-08-30T16:00:00+10:00,2026-08-30T06:00:00+00:00,-37.86128611194329,145.03906713769834,13.2,11.5,0,3,overcast,9.4,26.6,0.55,10.0,15.1,true
stonnington,Stonnington,26350,2026-08-30T17:00:00+10:00,2026-08-30T07:00:00+00:00,-37.86128611194329,145.03906713769834,12.8,11.3,0,3,overcast,8.5,25.9,0.1,10.0,15.3,true
stonnington,Stonnington,26350,2026-08-30T18:00:00+10:00,2026-08-30T08:00:00+00:00,-37.86128611194329,145.03906713769834,12.4,11.2,0,3,overcast,7.2,24.8,0.0,11.4,16.5,true
stonnington,Stonnington,26350,2026-08-30T19:00:00+10:00,2026-08-30T09:00:00+00:00,-37.86128611194329,145.03906713769834,12.1,11.1,0,3,overcast,5.9,23.0,0.0,11.4,15.7,true
stonnington,Stonnington,26350,2026-08-30T20:00:00+10:00,2026-08-30T10:00:00+00:00,-37.86128611194329,145.03906713769834,11.8,11.0,0,3,overcast,4.0,19.8,0.0,11.5,15.7,true
stonnington,Stonnington,26350,2026-08-30T21:00:00+10:00,2026-08-30T11:00:00+00:00,-37.86128611194329,145.03906713769834,11.5,11.0,0,3,overcast,1.9,15.5,0.0,12.4,16.7,true
stonnington,Stonnington,26350,2026-08-30T22:00:00+10:00,2026-08-30T12:00:00+00:00,-37.86128611194329,145.03906713769834,11.2,10.9,0,3,overcast,0.8,11.5,0.0,13.6,18.2,true
stonnington,Stonnington,26350,2026-08-30T23:00:00+10:00,2026-08-30T13:00:00+00:00,-37.86128611194329,145.03906713769834,11.0,10.6,0,3,overcast,1.1,8.3,,,,false
stonnington,Stonnington,26350,2026-08-31T00:00:00+10:00,2026-08-30T14:00:00+00:00,-37.86128611194329,145.03906713769834,10.8,10.4,0,3,overcast,1.1,5.0,,,,false
stonnington,Stonnington,26350,2026-08-31T01:00:00+10:00,2026-08-30T15:00:00+00:00,-37.86128611194329,145.03906713769834,10.6,10.2,0,3,overcast,1.1,3.2,,,,false
stonnington,Stonnington,26350,2026-08-31T02:00:00+10:00,2026-08-30T16:00:00+00:00,-37.86128611194329,145.03906713769834,10.6,10.2,0,3,overcast,1.4,3.2,,,,false
stonnington,Stonnington,26350,2026-08-31T03:00:00+10:00,2026-08-30T17:00:00+00:00,-37.86128611194329,145.03906713769834,10.5,10.1,0,3,overcast,2.1,4.3,,,,false
stonnington,Stonnington,26350,2026-08-31T04:00:00+10:00,2026-08-30T18:00:00+00:00,-37.86128611194329,145.03906713769834,10.5,10.0,0,3,overcast,2.7,5.8,,,,false
stonnington,Stonnington,26350,2026-08-31T05:00:00+10:00,2026-08-30T19:00:00+00:00,-37.86128611194329,145.03906713769834,10.2,9.6,0,3,overcast,3.7,7.2,,,,false
stonnington,Stonnington,26350,2026-08-31T06:00:00+10:00,2026-08-30T20:00:00+00:00,-37.86128611194329,145.03906713769834,9.9,9.1,0,3,overcast,4.7,8.6,,,,false
stonnington,Stonnington,26350,2026-08-31T07:00:00+10:00,2026-08-30T21:00:00+00:00,-37.86128611194329,145.03906713769834,9.9,9.0,0,3,overcast,5.1,10.1,,,,false
stonnington,Stonnington,26350,2026-08-31T08:00:00+10:00,2026-08-30T22:00:00+00:00,-37.86128611194329,145.03906713769834,10.3,9.5,0,3,overcast,4.2,11.5,,,,false
stonnington,Stonnington,26350,2026-08-31T09:00:00+10:00,2026-08-30T23:00:00+00:00,-37.86128611194329,145.03906713769834,11.1,10.4,0,3,overcast,3.6,12.6,,,,false
stonnington,Stonnington,26350,2026-08-31T10:00:00+10:00,2026-08-31T00:00:00+00:00,-37.86128611194329,145.03906713769834,12.1,11.3,0,3,overcast,3.8,14.0,,,,false
stonnington,Stonnington,26350,2026-08-31T11:00:00+10:00,2026-08-31T01:00:00+00:00,-37.86128611194329,145.03906713769834,13.4,12.9,0,2,partly_cloudy,2.9,15.1,,,,false
stonnington,Stonnington,26350,2026-08-31T12:00:00+10:00,2026-08-31T02:00:00+00:00,-37.86128611194329,145.03906713769834,14.9,14.8,0,1,mainly_clear,1.3,16.2,,,,false
stonnington,Stonnington,26350,2026-08-31T13:00:00+10:00,2026-08-31T03:00:00+00:00,-37.86128611194329,145.03906713769834,15.8,16.1,0,0,clear_sky,1.0,18.0,,,,false
stonnington,Stonnington,26350,2026-08-31T14:00:00+10:00,2026-08-31T04:00:00+00:00,-37.86128611194329,145.03906713769834,15.6,15.5,0,0,clear_sky,4.3,22.0,,,,false
stonnington,Stonnington,26350,2026-08-31T15:00:00+10:00,2026-08-31T05:00:00+00:00,-37.86128611194329,145.03906713769834,14.7,13.5,0,0,clear_sky,8.3,27.0,,,,false
stonnington,Stonnington,26350,2026-08-31T16:00:00+10:00,2026-08-31T06:00:00+00:00,-37.86128611194329,145.03906713769834,13.8,12.3,0,0,clear_sky,10.3,30.2,,,,false
stonnington,Stonnington,26350,2026-08-31T17:00:00+10:00,2026-08-31T07:00:00+00:00,-37.86128611194329,145.03906713769834,12.9,11.5,0,0,clear_sky,8.6,29.5,,,,false
stonnington,Stonnington,26350,2026-08-31T18:00:00+10:00,2026-08-31T08:00:00+00:00,-37.86128611194329,145.03906713769834,11.8,10.9,0,0,clear_sky,5.1,27.0,,,,false
stonnington,Stonnington,26350,2026-08-31T19:00:00+10:00,2026-08-31T09:00:00+00:00,-37.86128611194329,145.03906713769834,11.3,10.9,0,0,clear_sky,1.4,24.8,,,,false
stonnington,Stonnington,26350,2026-08-31T20:00:00+10:00,2026-08-31T10:00:00+00:00,-37.86128611194329,145.03906713769834,11.6,10.9,0,0,clear_sky,3.9,24.5,,,,false
stonnington,Stonnington,26350,2026-08-31T21:00:00+10:00,2026-08-31T11:00:00+00:00,-37.86128611194329,145.03906713769834,12.3,10.9,0,0,clear_sky,9.0,24.5,,,,false
stonnington,Stonnington,26350,2026-08-31T22:00:00+10:00,2026-08-31T12:00:00+00:00,-37.86128611194329,145.03906713769834,12.8,11.0,0,0,clear_sky,13.0,25.2,,,,false
stonnington,Stonnington,26350,2026-08-31T23:00:00+10:00,2026-08-31T13:00:00+00:00,-37.86128611194329,145.03906713769834,12.8,10.7,0,0,clear_sky,14.9,26.6,,,,false
stonnington,Stonnington,26350,2026-09-01T00:00:00+10:00,2026-08-31T14:00:00+00:00,-37.86128611194329,145.03906713769834,12.6,10.4,0,0,clear_sky,15.8,29.2,,,,false
stonnington,Stonnington,26350,2026-09-01T01:00:00+10:00,2026-08-31T15:00:00+00:00,-37.86128611194329,145.03906713769834,12.5,10.1,0,0,clear_sky,16.7,31.7,,,,false
stonnington,Stonnington,26350,2026-09-01T02:00:00+10:00,2026-08-31T16:00:00+00:00,-37.86128611194329,145.03906713769834,12.5,10.0,0,1,mainly_clear,18.2,34.9,,,,false
stonnington,Stonnington,26350,2026-09-01T03:00:00+10:00,2026-08-31T17:00:00+00:00,-37.86128611194329,145.03906713769834,12.7,10.0,0,2,partly_cloudy,19.4,38.2,,,,false
stonnington,Stonnington,26350,2026-09-01T04:00:00+10:00,2026-08-31T18:00:00+00:00,-37.86128611194329,145.03906713769834,12.8,9.9,0,3,overcast,20.7,41.4,,,,false
stonnington,Stonnington,26350,2026-09-01T05:00:00+10:00,2026-08-31T19:00:00+00:00,-37.86128611194329,145.03906713769834,12.6,9.6,0,3,overcast,21.6,43.6,,,,false
stonnington,Stonnington,26350,2026-09-01T06:00:00+10:00,2026-08-31T20:00:00+00:00,-37.86128611194329,145.03906713769834,12.5,9.3,0,2,partly_cloudy,22.3,45.7,,,,false
stonnington,Stonnington,26350,2026-09-01T07:00:00+10:00,2026-08-31T21:00:00+00:00,-37.86128611194329,145.03906713769834,12.5,9.2,0,2,partly_cloudy,22.9,47.9,,,,false
stonnington,Stonnington,26350,2026-09-01T08:00:00+10:00,2026-08-31T22:00:00+00:00,-37.86128611194329,145.03906713769834,13.7,10.2,0,2,partly_cloudy,24.3,51.8,,,,false
stonnington,Stonnington,26350,2026-09-01T09:00:00+10:00,2026-08-31T23:00:00+00:00,-37.86128611194329,145.03906713769834,14.1,10.5,0,1,mainly_clear,24.9,54.7,,,,false
stonnington,Stonnington,26350,2026-09-01T10:00:00+10:00,2026-09-01T00:00:00+00:00,-37.86128611194329,145.03906713769834,14.5,10.9,0,1,mainly_clear,25.2,57.2,,,,false
stonnington,Stonnington,26350,2026-09-01T11:00:00+10:00,2026-09-01T01:00:00+00:00,-37.86128611194329,145.03906713769834,15.2,11.6,3,2,partly_cloudy,25.3,60.5,,,,false
stonnington,Stonnington,26350,2026-09-01T12:00:00+10:00,2026-09-01T02:00:00+00:00,-37.86128611194329,145.03906713769834,16.2,12.8,8,2,partly_cloudy,25.6,64.1,,,,false
stonnington,Stonnington,26350,2026-09-01T13:00:00+10:00,2026-09-01T03:00:00+00:00,-37.86128611194329,145.03906713769834,17.3,13.7,13,2,partly_cloudy,25.9,67.7,,,,false
stonnington,Stonnington,26350,2026-09-01T14:00:00+10:00,2026-09-01T04:00:00+00:00,-37.86128611194329,145.03906713769834,18.2,14.5,19,3,overcast,26.0,70.6,,,,false
stonnington,Stonnington,26350,2026-09-01T15:00:00+10:00,2026-09-01T05:00:00+00:00,-37.86128611194329,145.03906713769834,18.8,15.3,25,3,overcast,25.6,73.1,,,,false
stonnington,Stonnington,26350,2026-09-01T16:00:00+10:00,2026-09-01T06:00:00+00:00,-37.86128611194329,145.03906713769834,19.0,15.6,31,3,overcast,24.3,73.8,,,,false
stonnington,Stonnington,26350,2026-09-01T17:00:00+10:00,2026-09-01T07:00:00+00:00,-37.86128611194329,145.03906713769834,18.5,15.4,38,53,moderate_drizzle,21.9,72.7,,,,false
stonnington,Stonnington,26350,2026-09-01T18:00:00+10:00,2026-09-01T08:00:00+00:00,-37.86128611194329,145.03906713769834,17.5,14.8,45,53,moderate_drizzle,19.5,70.2,,,,false
stonnington,Stonnington,26350,2026-09-01T19:00:00+10:00,2026-09-01T09:00:00+00:00,-37.86128611194329,145.03906713769834,16.3,13.5,52,53,moderate_drizzle,19.3,67.0,,,,false
stonnington,Stonnington,26350,2026-09-01T20:00:00+10:00,2026-09-01T10:00:00+00:00,-37.86128611194329,145.03906713769834,14.9,11.7,58,53,moderate_drizzle,21.5,63.4,,,,false
stonnington,Stonnington,26350,2026-09-01T21:00:00+10:00,2026-09-01T11:00:00+00:00,-37.86128611194329,145.03906713769834,13.6,9.9,63,53,moderate_drizzle,24.4,60.1,,,,false
stonnington,Stonnington,26350,2026-09-01T22:00:00+10:00,2026-09-01T12:00:00+00:00,-37.86128611194329,145.03906713769834,12.6,8.6,65,53,moderate_drizzle,25.9,57.6,,,,false
stonnington,Stonnington,26350,2026-09-01T23:00:00+10:00,2026-09-01T13:00:00+00:00,-37.86128611194329,145.03906713769834,11.8,7.9,63,0,clear_sky,24.6,56.5,,,,false
whitehorse,Whitehorse,26980,2026-08-26T00:00:00+10:00,2026-08-25T14:00:00+00:00,-37.828669714588216,145.15642882976957,11.1,9.3,56,53,moderate_drizzle,12.9,23.8,0.0,3.8,5.5,true
whitehorse,Whitehorse,26980,2026-08-26T01:00:00+10:00,2026-08-25T15:00:00+00:00,-37.828669714588216,145.15642882976957,10.8,9.0,80,53,moderate_drizzle,12.4,27.4,0.0,3.9,6.0,true
whitehorse,Whitehorse,26980,2026-08-26T02:00:00+10:00,2026-08-25T16:00:00+00:00,-37.828669714588216,145.15642882976957,10.8,9.1,71,51,light_drizzle,11.5,24.1,0.0,4.4,7.0,true
whitehorse,Whitehorse,26980,2026-08-26T03:00:00+10:00,2026-08-25T17:00:00+00:00,-37.828669714588216,145.15642882976957,10.7,8.8,48,51,light_drizzle,11.9,22.3,0.0,4.9,7.8,true
whitehorse,Whitehorse,26980,2026-08-26T04:00:00+10:00,2026-08-25T18:00:00+00:00,-37.828669714588216,145.15642882976957,10.1,8.4,31,51,light_drizzle,9.8,22.3,0.0,5.1,8.1,true
whitehorse,Whitehorse,26980,2026-08-26T05:00:00+10:00,2026-08-25T19:00:00+00:00,-37.828669714588216,145.15642882976957,8.9,7.3,27,2,partly_cloudy,6.7,18.0,0.0,5.3,8.4,true
whitehorse,Whitehorse,26980,2026-08-26T06:00:00+10:00,2026-08-25T20:00:00+00:00,-37.828669714588216,145.15642882976957,8.7,7.2,29,51,light_drizzle,6.3,10.4,0.0,5.4,8.4,true
whitehorse,Whitehorse,26980,2026-08-26T07:00:00+10:00,2026-08-25T21:00:00+00:00,-37.828669714588216,145.15642882976957,8.4,6.9,31,51,light_drizzle,6.2,10.1,0.05,5.9,8.7,true
whitehorse,Whitehorse,26980,2026-08-26T08:00:00+10:00,2026-08-25T22:00:00+00:00,-37.828669714588216,145.15642882976957,9.5,7.8,33,51,light_drizzle,9.6,18.0,0.35,6.5,9.5,true
whitehorse,Whitehorse,26980,2026-08-26T09:00:00+10:00,2026-08-25T23:00:00+00:00,-37.828669714588216,145.15642882976957,10.5,8.9,34,51,light_drizzle,9.2,22.3,1.0,6.5,9.9,true
whitehorse,Whitehorse,26980,2026-08-26T10:00:00+10:00,2026-08-26T00:00:00+00:00,-37.828669714588216,145.15642882976957,12.1,10.0,33,51,light_drizzle,12.5,27.4,1.9,7.9,12.5,true
whitehorse,Whitehorse,26980,2026-08-26T11:00:00+10:00,2026-08-26T01:00:00+00:00,-37.828669714588216,145.15642882976957,13.1,10.6,26,51,light_drizzle,13.4,33.5,2.8,7.3,11.7,true
whitehorse,Whitehorse,26980,2026-08-26T12:00:00+10:00,2026-08-26T02:00:00+00:00,-37.828669714588216,145.15642882976957,13.4,10.6,16,51,light_drizzle,15.3,36.4,2.95,8.0,12.9,true
whitehorse,Whitehorse,26980,2026-08-26T13:00:00+10:00,2026-08-26T03:00:00+00:00,-37.828669714588216,145.15642882976957,13.7,10.8,8,51,light_drizzle,15.2,37.4,2.65,7.3,11.9,true
whitehorse,Whitehorse,26980,2026-08-26T14:00:00+10:00,2026-08-26T04:00:00+00:00,-37.828669714588216,145.15642882976957,13.8,11.0,4,1,mainly_clear,14.8,36.7,2.0,7.1,11.5,true
whitehorse,Whitehorse,26980,2026-08-26T15:00:00+10:00,2026-08-26T05:00:00+00:00,-37.828669714588216,145.15642882976957,13.3,10.7,1,0,clear_sky,13.4,35.6,1.15,7.0,11.3,true
whitehorse,Whitehorse,26980,2026-08-26T16:00:00+10:00,2026-08-26T06:00:00+00:00,-37.828669714588216,145.15642882976957,13.0,10.5,0,0,clear_sky,12.6,32.0,0.5,7.2,11.5,true
whitehorse,Whitehorse,26980,2026-08-26T17:00:00+10:00,2026-08-26T07:00:00+00:00,-37.828669714588216,145.15642882976957,12.4,10.1,0,2,partly_cloudy,10.4,28.8,0.1,7.6,11.8,true
whitehorse,Whitehorse,26980,2026-08-26T18:00:00+10:00,2026-08-26T08:00:00+00:00,-37.828669714588216,145.15642882976957,11.0,9.3,0,3,overcast,7.2,22.7,0.0,9.2,13.4,true
whitehorse,Whitehorse,26980,2026-08-26T19:00:00+10:00,2026-08-26T09:00:00+00:00,-37.828669714588216,145.15642882976957,10.7,8.9,0,3,overcast,7.3,15.5,0.0,11.3,15.5,true
whitehorse,Whitehorse,26980,2026-08-26T20:00:00+10:00,2026-08-26T10:00:00+00:00,-37.828669714588216,145.15642882976957,10.1,8.5,0,3,overcast,6.3,14.4,0.0,12.5,16.8,true
whitehorse,Whitehorse,26980,2026-08-26T21:00:00+10:00,2026-08-26T11:00:00+00:00,-37.828669714588216,145.15642882976957,9.6,8.1,0,3,overcast,5.2,11.9,0.0,12.4,16.3,true
whitehorse,Whitehorse,26980,2026-08-26T22:00:00+10:00,2026-08-26T12:00:00+00:00,-37.828669714588216,145.15642882976957,9.4,7.9,0,3,overcast,5.2,10.1,0.0,12.8,16.7,true
whitehorse,Whitehorse,26980,2026-08-26T23:00:00+10:00,2026-08-26T13:00:00+00:00,-37.828669714588216,145.15642882976957,9.1,7.7,0,3,overcast,4.5,9.7,0.0,13.3,17.2,true
whitehorse,Whitehorse,26980,2026-08-27T00:00:00+10:00,2026-08-26T14:00:00+00:00,-37.828669714588216,145.15642882976957,8.8,7.5,0,3,overcast,3.6,8.3,0.0,13.6,17.6,true
whitehorse,Whitehorse,26980,2026-08-27T01:00:00+10:00,2026-08-26T15:00:00+00:00,-37.828669714588216,145.15642882976957,8.6,7.6,0,3,overcast,1.4,6.8,0.0,13.6,17.6,true
whitehorse,Whitehorse,26980,2026-08-27T02:00:00+10:00,2026-08-26T16:00:00+00:00,-37.828669714588216,145.15642882976957,8.1,7.0,0,3,overcast,1.5,4.3,0.0,13.6,17.7,true
whitehorse,Whitehorse,26980,2026-08-27T03:00:00+10:00,2026-08-26T17:00:00+00:00,-37.828669714588216,145.15642882976957,7.2,5.9,0,3,overcast,2.8,6.5,0.0,13.5,17.7,true
whitehorse,Whitehorse,26980,2026-08-27T04:00:00+10:00,2026-08-26T18:00:00+00:00,-37.828669714588216,145.15642882976957,6.3,4.9,0,2,partly_cloudy,3.2,6.5,0.0,13.2,17.5,true
whitehorse,Whitehorse,26980,2026-08-27T05:00:00+10:00,2026-08-26T19:00:00+00:00,-37.828669714588216,145.15642882976957,6.1,4.7,0,1,mainly_clear,2.0,5.8,0.0,13.0,17.2,true
whitehorse,Whitehorse,26980,2026-08-27T06:00:00+10:00,2026-08-26T20:00:00+00:00,-37.828669714588216,145.15642882976957,6.0,4.7,0,0,clear_sky,1.0,3.2,0.0,13.4,17.5,true
whitehorse,Whitehorse,26980,2026-08-27T07:00:00+10:00,2026-08-26T21:00:00+00:00,-37.828669714588216,145.15642882976957,5.2,3.8,0,1,mainly_clear,1.4,3.2,0.05,16.2,19.8,true
whitehorse,Whitehorse,26980,2026-08-27T08:00:00+10:00,2026-08-26T22:00:00+00:00,-37.828669714588216,145.15642882976957,6.9,5.3,0,1,mainly_clear,3.6,9.4,0.35,20.4,22.5,true
whitehorse,Whitehorse,26980,2026-08-27T09:00:00+10:00,2026-08-26T23:00:00+00:00,-37.828669714588216,145.15642882976957,9.3,8.2,0,0,clear_sky,2.3,10.8,1.1,15.4,18.1,true
whitehorse,Whitehorse,26980,2026-08-27T10:00:00+10:00,2026-08-27T00:00:00+00:00,-37.828669714588216,145.15642882976957,11.2,10.2,0,1,mainly_clear,2.2,12.6,2.15,10.3,14.5,true
whitehorse,Whitehorse,26980,2026-08-27T11:00:00+10:00,2026-08-27T01:00:00+00:00,-37.828669714588216,145.15642882976957,12.6,11.5,0,2,partly_cloudy,2.6,13.7,2.65,9.5,13.8,true
whitehorse,Whitehorse,26980,2026-08-27T12:00:00+10:00,2026-08-27T02:00:00+00:00,-37.828669714588216,145.15642882976957,13.5,12.4,0,3,overcast,3.2,15.1,3.25,9.2,13.4,true
whitehorse,Whitehorse,26980,2026-08-27T13:00:00+10:00,2026-08-27T03:00:00+00:00,-37.828669714588216,145.15642882976957,14.1,13.0,0,1,mainly_clear,4.6,17.3,3.3,9.6,13.7,true
whitehorse,Whitehorse,26980,2026-08-27T14:00:00+10:00,2026-08-27T04:00:00+00:00,-37.828669714588216,145.15642882976957,14.5,13.5,0,0,clear_sky,4.6,17.6,2.6,9.9,13.9,true
whitehorse,Whitehorse,26980,2026-08-27T15:00:00+10:00,2026-08-27T05:00:00+00:00,-37.828669714588216,145.15642882976957,14.4,12.9,0,0,clear_sky,5.5,18.0,1.5,10.1,14.2,true
whitehorse,Whitehorse,26980,2026-08-27T16:00:00+10:00,2026-08-27T06:00:00+00:00,-37.828669714588216,145.15642882976957,13.6,11.9,0,0,clear_sky,8.0,21.6,0.6,9.9,13.9,true
whitehorse,Whitehorse,26980,2026-08-27T17:00:00+10:00,2026-08-27T07:00:00+00:00,-37.828669714588216,145.15642882976957,12.8,11.4,0,2,partly_cloudy,5.4,21.6,0.15,11.4,15.3,true
whitehorse,Whitehorse,26980,2026-08-27T18:00:00+10:00,2026-08-27T08:00:00+00:00,-37.828669714588216,145.15642882976957,11.7,11.1,0,3,overcast,0.9,11.9,0.0,15.5,19.2,true
whitehorse,Whitehorse,26980,2026-08-27T19:00:00+10:00,2026-08-27T09:00:00+00:00,-37.828669714588216,145.15642882976957,11.5,10.6,0,3,overcast,3.1,6.1,0.0,19.1,22.8,true
whitehorse,Whitehorse,26980,2026-08-27T20:00:00+10:00,2026-08-27T10:00:00+00:00,-37.828669714588216,145.15642882976957,11.4,10.6,0,3,overcast,1.8,6.1,0.0,22.3,25.8,true
whitehorse,Whitehorse,26980,2026-08-27T21:00:00+10:00,2026-08-27T11:00:00+00:00,-37.828669714588216,145.15642882976957,10.6,10.0,0,3,overcast,0.4,4.0,0.0,25.4,28.8,true
whitehorse,Whitehorse,26980,2026-08-27T22:00:00+10:00,2026-08-27T12:00:00+00:00,-37.828669714588216,145.15642882976957,10.0,9.0,0,3,overcast,2.9,5.0,0.0,26.4,29.2,true
whitehorse,Whitehorse,26980,2026-08-27T23:00:00+10:00,2026-08-27T13:00:00+00:00,-37.828669714588216,145.15642882976957,9.2,7.9,0,3,overcast,3.1,5.4,0.0,23.2,25.2,true
whitehorse,Whitehorse,26980,2026-08-28T00:00:00+10:00,2026-08-27T14:00:00+00:00,-37.828669714588216,145.15642882976957,9.5,7.8,0,3,overcast,5.7,10.4,0.0,19.4,21.0,true
whitehorse,Whitehorse,26980,2026-08-28T01:00:00+10:00,2026-08-27T15:00:00+00:00,-37.828669714588216,145.15642882976957,9.3,7.3,0,1,mainly_clear,8.8,16.9,0.0,16.6,18.0,true
whitehorse,Whitehorse,26980,2026-08-28T02:00:00+10:00,2026-08-27T16:00:00+00:00,-37.828669714588216,145.15642882976957,8.2,5.9,0,1,mainly_clear,10.2,20.2,0.0,13.8,15.0,true
whitehorse,Whitehorse,26980,2026-08-28T03:00:00+10:00,2026-08-27T17:00:00+00:00,-37.828669714588216,145.15642882976957,7.6,5.5,0,3,overcast,7.6,19.8,0.0,11.1,12.2,true
whitehorse,Whitehorse,26980,2026-08-28T04:00:00+10:00,2026-08-27T18:00:00+00:00,-37.828669714588216,145.15642882976957,7.3,5.0,0,3,overcast,7.7,15.5,0.0,8.7,9.7,true
whitehorse,Whitehorse,26980,2026-08-28T05:00:00+10:00,2026-08-27T19:00:00+00:00,-37.828669714588216,145.15642882976957,7.3,5.0,0,0,clear_sky,7.4,14.8,0.0,7.4,8.6,true
whitehorse,Whitehorse,26980,2026-08-28T06:00:00+10:00,2026-08-27T20:00:00+00:00,-37.828669714588216,145.15642882976957,7.3,4.8,0,0,clear_sky,8.0,15.1,0.0,6.6,8.0,true
whitehorse,Whitehorse,26980,2026-08-28T07:00:00+10:00,2026-08-27T21:00:00+00:00,-37.828669714588216,145.15642882976957,7.1,4.5,0,0,clear_sky,8.5,16.9,0.0,7.2,8.5,true
whitehorse,Whitehorse,26980,2026-08-28T08:00:00+10:00,2026-08-27T22:00:00+00:00,-37.828669714588216,145.15642882976957,8.7,6.1,1,0,clear_sky,9.6,18.4,0.1,8.5,10.0,true
whitehorse,Whitehorse,26980,2026-08-28T09:00:00+10:00,2026-08-27T23:00:00+00:00,-37.828669714588216,145.15642882976957,11.1,9.1,3,0,clear_sky,7.7,19.1,0.35,10.3,11.9,true
whitehorse,Whitehorse,26980,2026-08-28T10:00:00+10:00,2026-08-28T00:00:00+00:00,-37.828669714588216,145.15642882976957,13.3,11.4,6,1,mainly_clear,6.9,19.1,0.85,8.8,10.7,true
whitehorse,Whitehorse,26980,2026-08-28T11:00:00+10:00,2026-08-28T01:00:00+00:00,-37.828669714588216,145.15642882976957,14.4,12.8,11,3,overcast,6.3,19.4,1.8,7.7,9.7,true
whitehorse,Whitehorse,26980,2026-08-28T12:00:00+10:00,2026-08-28T02:00:00+00:00,-37.828669714588216,145.15642882976957,14.0,12.6,17,3,overcast,5.1,19.1,2.65,5.8,7.7,true
whitehorse,Whitehorse,26980,2026-08-28T13:00:00+10:00,2026-08-28T03:00:00+00:00,-37.828669714588216,145.15642882976957,14.0,13.0,24,3,overcast,4.0,14.0,3.1,6.0,8.6,true
whitehorse,Whitehorse,26980,2026-08-28T14:00:00+10:00,2026-08-28T04:00:00+00:00,-37.828669714588216,145.15642882976957,13.9,13.5,33,51,light_drizzle,1.9,11.5,2.5,7.4,11.3,true
whitehorse,Whitehorse,26980,2026-08-28T15:00:00+10:00,2026-08-28T05:00:00+00:00,-37.828669714588216,145.15642882976957,13.7,13.0,42,53,moderate_drizzle,5.9,14.8,1.55,8.7,13.7,true
whitehorse,Whitehorse,26980,2026-08-28T16:00:00+10:00,2026-08-28T06:00:00+00:00,-37.828669714588216,145.15642882976957,13.4,13.0,45,53,moderate_drizzle,5.3,16.2,0.65,10.0,15.7,true
whitehorse,Whitehorse,26980,2026-08-28T17:00:00+10:00,2026-08-28T07:00:00+00:00,-37.828669714588216,145.15642882976957,13.2,13.1,36,3,overcast,3.4,14.0,0.15,11.0,17.3,true
whitehorse,Whitehorse,26980,2026-08-28T18:00:00+10:00,2026-08-28T08:00:00+00:00,-37.828669714588216,145.15642882976957,12.7,12.8,22,3,overcast,1.6,8.6,0.0,13.9,20.7,true
whitehorse,Whitehorse,26980,2026-08-28T19:00:00+10:00,2026-08-28T09:00:00+00:00,-37.828669714588216,145.15642882976957,12.4,12.3,10,3,overcast,3.4,6.5,0.0,17.2,23.7,true
whitehorse,Whitehorse,26980,2026-08-28T20:00:00+10:00,2026-08-28T10:00:00+00:00,-37.828669714588216,145.15642882976957,11.8,11.7,5,51,light_drizzle,3.5,6.5,0.0,20.1,27.0,true
whitehorse,Whitehorse,26980,2026-08-28T21:00:00+10:00,2026-08-28T11:00:00+00:00,-37.828669714588216,145.15642882976957,11.0,10.6,3,2,partly_cloudy,4.0,6.5,0.0,21.8,28.8,true
whitehorse,Whitehorse,26980,2026-08-28T22:00:00+10:00,2026-08-28T12:00:00+00:00,-37.828669714588216,145.15642882976957,10.4,9.7,2,3,overcast,4.4,6.8,0.0,22.8,29.9,true
whitehorse,Whitehorse,26980,2026-08-28T23:00:00+10:00,2026-08-28T13:00:00+00:00,-37.828669714588216,145.15642882976957,10.3,9.5,1,3,overcast,4.3,8.3,0.0,23.4,30.6,true
whitehorse,Whitehorse,26980,2026-08-29T00:00:00+10:00,2026-08-28T14:00:00+00:00,-37.828669714588216,145.15642882976957,10.3,9.7,0,3,overcast,2.2,7.2,0.0,23.7,31.0,true
whitehorse,Whitehorse,26980,2026-08-29T01:00:00+10:00,2026-08-28T15:00:00+00:00,-37.828669714588216,145.15642882976957,10.4,10.0,0,51,light_drizzle,1.5,3.2,0.0,23.3,30.3,true
whitehorse,Whitehorse,26980,2026-08-29T02:00:00+10:00,2026-08-28T16:00:00+00:00,-37.828669714588216,145.15642882976957,10.0,9.5,1,51,light_drizzle,1.9,2.9,0.0,21.3,27.4,true
whitehorse,Whitehorse,26980,2026-08-29T03:00:00+10:00,2026-08-28T17:00:00+00:00,-37.828669714588216,145.15642882976957,9.9,9.2,1,51,light_drizzle,3.9,5.0,0.0,17.9,23.1,true
whitehorse,Whitehorse,26980,2026-08-29T04:00:00+10:00,2026-08-28T18:00:00+00:00,-37.828669714588216,145.15642882976957,9.7,8.9,2,51,light_drizzle,4.4,7.2,0.0,14.8,19.2,true
whitehorse,Whitehorse,26980,2026-08-29T05:00:00+10:00,2026-08-28T19:00:00+00:00,-37.828669714588216,145.15642882976957,9.0,8.0,2,1,mainly_clear,3.9,7.6,0.0,12.3,16.1,true
whitehorse,Whitehorse,26980,2026-08-29T06:00:00+10:00,2026-08-28T20:00:00+00:00,-37.828669714588216,145.15642882976957,8.0,7.0,1,3,overcast,3.5,6.1,0.0,11.1,14.4,true
whitehorse,Whitehorse,26980,2026-08-29T07:00:00+10:00,2026-08-28T21:00:00+00:00,-37.828669714588216,145.15642882976957,7.5,6.3,0,3,overcast,3.6,5.4,0.05,12.4,15.3,true
whitehorse,Whitehorse,26980,2026-08-29T08:00:00+10:00,2026-08-28T22:00:00+00:00,-37.828669714588216,145.15642882976957,8.8,7.6,0,3,overcast,4.9,11.5,0.25,14.0,16.9,true
whitehorse,Whitehorse,26980,2026-08-29T09:00:00+10:00,2026-08-28T23:00:00+00:00,-37.828669714588216,145.15642882976957,9.5,8.3,0,2,partly_cloudy,4.8,15.5,0.7,12.3,16.1,true
whitehorse,Whitehorse,26980,2026-08-29T10:00:00+10:00,2026-08-29T00:00:00+00:00,-37.828669714588216,145.15642882976957,11.0,9.5,0,2,partly_cloudy,5.6,17.6,1.25,12.3,17.6,true
whitehorse,Whitehorse,26980,2026-08-29T11:00:00+10:00,2026-08-29T01:00:00+00:00,-37.828669714588216,145.15642882976957,11.8,10.0,0,51,light_drizzle,7.5,22.0,1.5,11.9,17.9,true
whitehorse,Whitehorse,26980,2026-08-29T12:00:00+10:00,2026-08-29T02:00:00+00:00,-37.828669714588216,145.15642882976957,12.3,10.5,0,51,light_drizzle,8.0,23.4,1.55,12.0,18.6,true
whitehorse,Whitehorse,26980,2026-08-29T13:00:00+10:00,2026-08-29T03:00:00+00:00,-37.828669714588216,145.15642882976957,12.9,10.9,0,3,overcast,9.1,25.2,1.6,11.8,18.5,true
whitehorse,Whitehorse,26980,2026-08-29T14:00:00+10:00,2026-08-29T04:00:00+00:00,-37.828669714588216,145.15642882976957,12.7,10.1,0,3,overcast,12.4,31.0,1.2,11.8,18.7,true
whitehorse,Whitehorse,26980,2026-08-29T15:00:00+10:00,2026-08-29T05:00:00+00:00,-37.828669714588216,145.15642882976957,12.2,9.5,0,3,overcast,12.9,32.4,0.7,12.8,20.3,true
whitehorse,Whitehorse,26980,2026-08-29T16:00:00+10:00,2026-08-29T06:00:00+00:00,-37.828669714588216,145.15642882976957,12.0,9.7,0,2,partly_cloudy,10.6,30.6,0.3,14.8,23.3,true
whitehorse,Whitehorse,26980,2026-08-29T17:00:00+10:00,2026-08-29T07:00:00+00:00,-37.828669714588216,145.15642882976957,11.7,9.8,0,3,overcast,8.6,23.8,0.1,16.6,26.0,true
whitehorse,Whitehorse,26980,2026-08-29T18:00:00+10:00,2026-08-29T08:00:00+00:00,-37.828669714588216,145.15642882976957,10.7,10.0,0,0,clear_sky,1.1,18.7,0.0,16.3,24.9,true
whitehorse,Whitehorse,26980,2026-08-29T19:00:00+10:00,2026-08-29T09:00:00+00:00,-37.828669714588216,145.15642882976957,9.7,8.8,0,2,partly_cloudy,1.7,2.9,0.0,15.7,22.8,true
whitehorse,Whitehorse,26980,2026-08-29T20:00:00+10:00,2026-08-29T10:00:00+00:00,-37.828669714588216,145.15642882976957,10.0,9.2,0,3,overcast,1.5,3.2,0.0,16.1,23.0,true
whitehorse,Whitehorse,26980,2026-08-29T21:00:00+10:00,2026-08-29T11:00:00+00:00,-37.828669714588216,145.15642882976957,10.6,9.6,0,3,overcast,3.8,6.5,0.0,16.3,23.1,true
whitehorse,Whitehorse,26980,2026-08-29T22:00:00+10:00,2026-08-29T12:00:00+00:00,-37.828669714588216,145.15642882976957,10.6,9.5,0,51,light_drizzle,5.1,9.7,0.0,15.3,21.4,true
whitehorse,Whitehorse,26980,2026-08-29T23:00:00+10:00,2026-08-29T13:00:00+00:00,-37.828669714588216,145.15642882976957,10.5,9.6,0,51,light_drizzle,4.6,10.1,0.0,14.3,20.2,true
whitehorse,Whitehorse,26980,2026-08-30T00:00:00+10:00,2026-08-29T14:00:00+00:00,-37.828669714588216,145.15642882976957,10.3,9.5,0,51,light_drizzle,4.1,8.6,0.0,12.9,18.2,true
whitehorse,Whitehorse,26980,2026-08-30T01:00:00+10:00,2026-08-29T15:00:00+00:00,-37.828669714588216,145.15642882976957,9.3,8.4,0,3,overcast,2.9,7.2,0.0,11.4,16.2,true
whitehorse,Whitehorse,26980,2026-08-30T02:00:00+10:00,2026-08-29T16:00:00+00:00,-37.828669714588216,145.15642882976957,8.9,8.0,0,3,overcast,2.9,4.7,0.0,10.5,15.0,true
whitehorse,Whitehorse,26980,2026-08-30T03:00:00+10:00,2026-08-29T17:00:00+00:00,-37.828669714588216,145.15642882976957,8.4,7.4,0,3,overcast,3.2,6.5,0.0,9.8,14.2,true
whitehorse,Whitehorse,26980,2026-08-30T04:00:00+10:00,2026-08-29T18:00:00+00:00,-37.828669714588216,145.15642882976957,8.1,7.1,0,3,overcast,2.6,5.0,0.0,9.3,13.6,true
whitehorse,Whitehorse,26980,2026-08-30T05:00:00+10:00,2026-08-29T19:00:00+00:00,-37.828669714588216,145.15642882976957,7.9,6.8,0,3,overcast,2.9,4.7,0.0,9.0,13.3,true
whitehorse,Whitehorse,26980,2026-08-30T06:00:00+10:00,2026-08-29T20:00:00+00:00,-37.828669714588216,145.15642882976957,7.9,6.6,0,3,overcast,3.8,5.0,0.0,9.3,13.6,true
whitehorse,Whitehorse,26980,2026-08-30T07:00:00+10:00,2026-08-29T21:00:00+00:00,-37.828669714588216,145.15642882976957,8.2,7.0,0,3,overcast,3.6,6.5,0.0,10.9,15.2,true
whitehorse,Whitehorse,26980,2026-08-30T08:00:00+10:00,2026-08-29T22:00:00+00:00,-37.828669714588216,145.15642882976957,9.2,8.3,0,3,overcast,1.9,10.1,0.2,12.5,17.0,true
whitehorse,Whitehorse,26980,2026-08-30T09:00:00+10:00,2026-08-29T23:00:00+00:00,-37.828669714588216,145.15642882976957,10.5,9.6,0,3,overcast,3.7,15.1,0.55,12.6,17.5,true
whitehorse,Whitehorse,26980,2026-08-30T10:00:00+10:00,2026-08-30T00:00:00+00:00,-37.828669714588216,145.15642882976957,11.7,10.4,0,3,overcast,6.5,19.4,1.15,12.1,17.4,true
whitehorse,Whitehorse,26980,2026-08-30T11:00:00+10:00,2026-08-30T01:00:00+00:00,-37.828669714588216,145.15642882976957,12.6,11.2,1,3,overcast,7.7,22.0,1.8,12.1,18.2,true
whitehorse,Whitehorse,26980,2026-08-30T12:00:00+10:00,2026-08-30T02:00:00+00:00,-37.828669714588216,145.15642882976957,13.3,11.9,2,3,overcast,8.3,23.8,2.35,11.8,18.1,true
whitehorse,Whitehorse,26980,2026-08-30T13:00:00+10:00,2026-08-30T03:00:00+00:00,-37.828669714588216,145.15642882976957,13.7,12.2,2,3,overcast,8.8,25.2,2.55,11.8,18.2,true
whitehorse,Whitehorse,26980,2026-08-30T14:00:00+10:00,2026-08-30T04:00:00+00:00,-37.828669714588216,145.15642882976957,13.7,12.0,2,3,overcast,9.6,25.9,2.25,10.2,15.7,true
whitehorse,Whitehorse,26980,2026-08-30T15:00:00+10:00,2026-08-30T05:00:00+00:00,-37.828669714588216,145.15642882976957,13.4,11.6,1,3,overcast,9.9,26.3,1.35,10.0,15.2,true
whitehorse,Whitehorse,26980,2026-08-30T16:00:00+10:00,2026-08-30T06:00:00+00:00,-37.828669714588216,145.15642882976957,13.0,11.2,0,3,overcast,9.4,25.9,0.55,10.0,15.1,true
whitehorse,Whitehorse,26980,2026-08-30T17:00:00+10:00,2026-08-30T07:00:00+00:00,-37.828669714588216,145.15642882976957,12.2,10.8,0,3,overcast,7.2,25.9,0.1,10.0,15.3,true
whitehorse,Whitehorse,26980,2026-08-30T18:00:00+10:00,2026-08-30T08:00:00+00:00,-37.828669714588216,145.15642882976957,11.3,10.3,0,3,overcast,4.4,25.2,0.0,11.4,16.5,true
whitehorse,Whitehorse,26980,2026-08-30T19:00:00+10:00,2026-08-30T09:00:00+00:00,-37.828669714588216,145.15642882976957,10.6,9.7,0,3,overcast,3.6,23.0,0.0,11.4,15.7,true
whitehorse,Whitehorse,26980,2026-08-30T20:00:00+10:00,2026-08-30T10:00:00+00:00,-37.828669714588216,145.15642882976957,10.3,9.3,0,3,overcast,3.1,18.0,0.0,11.5,15.7,true
whitehorse,Whitehorse,26980,2026-08-30T21:00:00+10:00,2026-08-30T11:00:00+00:00,-37.828669714588216,145.15642882976957,10.1,9.3,0,3,overcast,1.9,11.2,0.0,12.4,16.7,true
whitehorse,Whitehorse,26980,2026-08-30T22:00:00+10:00,2026-08-30T12:00:00+00:00,-37.828669714588216,145.15642882976957,10.0,9.2,0,3,overcast,1.0,6.1,0.0,13.6,18.2,true
whitehorse,Whitehorse,26980,2026-08-30T23:00:00+10:00,2026-08-30T13:00:00+00:00,-37.828669714588216,145.15642882976957,9.8,9.0,0,3,overcast,1.1,4.0,,,,false
whitehorse,Whitehorse,26980,2026-08-31T00:00:00+10:00,2026-08-30T14:00:00+00:00,-37.828669714588216,145.15642882976957,9.6,8.9,0,3,overcast,1.4,3.2,,,,false
whitehorse,Whitehorse,26980,2026-08-31T01:00:00+10:00,2026-08-30T15:00:00+00:00,-37.828669714588216,145.15642882976957,9.5,8.7,0,3,overcast,1.7,3.2,,,,false
whitehorse,Whitehorse,26980,2026-08-31T02:00:00+10:00,2026-08-30T16:00:00+00:00,-37.828669714588216,145.15642882976957,9.3,8.6,0,3,overcast,1.9,3.6,,,,false
whitehorse,Whitehorse,26980,2026-08-31T03:00:00+10:00,2026-08-30T17:00:00+00:00,-37.828669714588216,145.15642882976957,9.2,8.5,0,3,overcast,2.0,4.7,,,,false
whitehorse,Whitehorse,26980,2026-08-31T04:00:00+10:00,2026-08-30T18:00:00+00:00,-37.828669714588216,145.15642882976957,9.1,8.4,0,3,overcast,2.3,5.4,,,,false
whitehorse,Whitehorse,26980,2026-08-31T05:00:00+10:00,2026-08-30T19:00:00+00:00,-37.828669714588216,145.15642882976957,8.8,7.9,0,3,overcast,2.9,5.8,,,,false
whitehorse,Whitehorse,26980,2026-08-31T06:00:00+10:00,2026-08-30T20:00:00+00:00,-37.828669714588216,145.15642882976957,8.5,7.5,0,3,overcast,3.4,6.1,,,,false
whitehorse,Whitehorse,26980,2026-08-31T07:00:00+10:00,2026-08-30T21:00:00+00:00,-37.828669714588216,145.15642882976957,8.6,7.6,0,3,overcast,3.8,7.2,,,,false
whitehorse,Whitehorse,26980,2026-08-31T08:00:00+10:00,2026-08-30T22:00:00+00:00,-37.828669714588216,145.15642882976957,9.5,8.5,0,3,overcast,4.0,9.4,,,,false
whitehorse,Whitehorse,26980,2026-08-31T09:00:00+10:00,2026-08-30T23:00:00+00:00,-37.828669714588216,145.15642882976957,10.7,9.8,0,3,overcast,4.1,11.9,,,,false
whitehorse,Whitehorse,26980,2026-08-31T10:00:00+10:00,2026-08-31T00:00:00+00:00,-37.828669714588216,145.15642882976957,12.1,11.3,0,3,overcast,4.0,14.0,,,,false
whitehorse,Whitehorse,26980,2026-08-31T11:00:00+10:00,2026-08-31T01:00:00+00:00,-37.828669714588216,145.15642882976957,13.6,12.8,0,2,partly_cloudy,3.8,15.5,,,,false
whitehorse,Whitehorse,26980,2026-08-31T12:00:00+10:00,2026-08-31T02:00:00+00:00,-37.828669714588216,145.15642882976957,15.2,14.5,0,1,mainly_clear,3.5,16.6,,,,false
whitehorse,Whitehorse,26980,2026-08-31T13:00:00+10:00,2026-08-31T03:00:00+00:00,-37.828669714588216,145.15642882976957,16.2,16.1,0,0,clear_sky,2.5,17.3,,,,false
whitehorse,Whitehorse,26980,2026-08-31T14:00:00+10:00,2026-08-31T04:00:00+00:00,-37.828669714588216,145.15642882976957,16.4,16.8,0,0,clear_sky,1.2,18.4,,,,false
whitehorse,Whitehorse,26980,2026-08-31T15:00:00+10:00,2026-08-31T05:00:00+00:00,-37.828669714588216,145.15642882976957,16.1,15.7,0,0,clear_sky,4.5,19.4,,,,false
whitehorse,Whitehorse,26980,2026-08-31T16:00:00+10:00,2026-08-31T06:00:00+00:00,-37.828669714588216,145.15642882976957,15.4,14.9,0,0,clear_sky,6.6,19.8,,,,false
whitehorse,Whitehorse,26980,2026-08-31T17:00:00+10:00,2026-08-31T07:00:00+00:00,-37.828669714588216,145.15642882976957,14.2,13.7,0,0,clear_sky,5.8,19.4,,,,false
whitehorse,Whitehorse,26980,2026-08-31T18:00:00+10:00,2026-08-31T08:00:00+00:00,-37.828669714588216,145.15642882976957,12.5,12.2,0,0,clear_sky,3.5,18.4,,,,false
whitehorse,Whitehorse,26980,2026-08-31T19:00:00+10:00,2026-08-31T09:00:00+00:00,-37.828669714588216,145.15642882976957,11.4,11.1,0,0,clear_sky,1.7,18.4,,,,false
whitehorse,Whitehorse,26980,2026-08-31T20:00:00+10:00,2026-08-31T10:00:00+00:00,-37.828669714588216,145.15642882976957,11.2,10.5,0,0,clear_sky,4.2,19.4,,,,false
whitehorse,Whitehorse,26980,2026-08-31T21:00:00+10:00,2026-08-31T11:00:00+00:00,-37.828669714588216,145.15642882976957,11.5,10.2,0,0,clear_sky,8.6,21.2,,,,false
whitehorse,Whitehorse,26980,2026-08-31T22:00:00+10:00,2026-08-31T12:00:00+00:00,-37.828669714588216,145.15642882976957,11.8,9.9,0,0,clear_sky,11.8,23.0,,,,false
whitehorse,Whitehorse,26980,2026-08-31T23:00:00+10:00,2026-08-31T13:00:00+00:00,-37.828669714588216,145.15642882976957,11.6,9.6,0,0,clear_sky,12.9,23.8,,,,false
whitehorse,Whitehorse,26980,2026-09-01T00:00:00+10:00,2026-08-31T14:00:00+00:00,-37.828669714588216,145.15642882976957,11.4,9.3,0,0,clear_sky,12.9,24.5,,,,false
whitehorse,Whitehorse,26980,2026-09-01T01:00:00+10:00,2026-08-31T15:00:00+00:00,-37.828669714588216,145.15642882976957,11.3,9.2,0,1,mainly_clear,13.2,26.3,,,,false
whitehorse,Whitehorse,26980,2026-09-01T02:00:00+10:00,2026-08-31T16:00:00+00:00,-37.828669714588216,145.15642882976957,11.6,9.4,0,1,mainly_clear,14.8,30.2,,,,false
whitehorse,Whitehorse,26980,2026-09-01T03:00:00+10:00,2026-08-31T17:00:00+00:00,-37.828669714588216,145.15642882976957,12.1,9.6,0,2,partly_cloudy,17.0,35.3,,,,false
whitehorse,Whitehorse,26980,2026-09-01T04:00:00+10:00,2026-08-31T18:00:00+00:00,-37.828669714588216,145.15642882976957,12.4,9.8,0,2,partly_cloudy,18.9,39.2,,,,false
whitehorse,Whitehorse,26980,2026-09-01T05:00:00+10:00,2026-08-31T19:00:00+00:00,-37.828669714588216,145.15642882976957,12.4,9.6,0,3,overcast,19.6,40.7,,,,false
whitehorse,Whitehorse,26980,2026-09-01T06:00:00+10:00,2026-08-31T20:00:00+00:00,-37.828669714588216,145.15642882976957,12.2,9.3,0,3,overcast,19.8,41.4,,,,false
whitehorse,Whitehorse,26980,2026-09-01T07:00:00+10:00,2026-08-31T21:00:00+00:00,-37.828669714588216,145.15642882976957,12.3,9.3,0,3,overcast,20.2,42.5,,,,false
whitehorse,Whitehorse,26980,2026-09-01T08:00:00+10:00,2026-08-31T22:00:00+00:00,-37.828669714588216,145.15642882976957,13.8,10.6,0,1,mainly_clear,22.1,46.8,,,,false
whitehorse,Whitehorse,26980,2026-09-01T09:00:00+10:00,2026-08-31T23:00:00+00:00,-37.828669714588216,145.15642882976957,14.2,10.9,0,1,mainly_clear,22.6,48.6,,,,false
whitehorse,Whitehorse,26980,2026-09-01T10:00:00+10:00,2026-09-01T00:00:00+00:00,-37.828669714588216,145.15642882976957,14.7,11.3,0,1,mainly_clear,22.9,51.1,,,,false
whitehorse,Whitehorse,26980,2026-09-01T11:00:00+10:00,2026-09-01T01:00:00+00:00,-37.828669714588216,145.15642882976957,15.3,11.9,3,1,mainly_clear,23.3,54.4,,,,false
whitehorse,Whitehorse,26980,2026-09-01T12:00:00+10:00,2026-09-01T02:00:00+00:00,-37.828669714588216,145.15642882976957,16.1,13.0,8,2,partly_cloudy,23.9,58.7,,,,false
whitehorse,Whitehorse,26980,2026-09-01T13:00:00+10:00,2026-09-01T03:00:00+00:00,-37.828669714588216,145.15642882976957,16.9,13.8,13,2,partly_cloudy,24.3,63.4,,,,false
whitehorse,Whitehorse,26980,2026-09-01T14:00:00+10:00,2026-09-01T04:00:00+00:00,-37.828669714588216,145.15642882976957,17.7,14.4,18,3,overcast,24.3,67.3,,,,false
whitehorse,Whitehorse,26980,2026-09-01T15:00:00+10:00,2026-09-01T05:00:00+00:00,-37.828669714588216,145.15642882976957,18.1,14.9,24,3,overcast,23.8,70.2,,,,false
whitehorse,Whitehorse,26980,2026-09-01T16:00:00+10:00,2026-09-01T06:00:00+00:00,-37.828669714588216,145.15642882976957,18.2,15.2,31,3,overcast,22.3,71.3,,,,false
whitehorse,Whitehorse,26980,2026-09-01T17:00:00+10:00,2026-09-01T07:00:00+00:00,-37.828669714588216,145.15642882976957,17.7,15.2,39,55,dense_drizzle,19.3,69.8,,,,false
whitehorse,Whitehorse,26980,2026-09-01T18:00:00+10:00,2026-09-01T08:00:00+00:00,-37.828669714588216,145.15642882976957,16.8,14.7,48,55,dense_drizzle,16.2,66.2,,,,false
whitehorse,Whitehorse,26980,2026-09-01T19:00:00+10:00,2026-09-01T09:00:00+00:00,-37.828669714588216,145.15642882976957,15.7,13.7,56,55,dense_drizzle,15.6,61.9,,,,false
whitehorse,Whitehorse,26980,2026-09-01T20:00:00+10:00,2026-09-01T10:00:00+00:00,-37.828669714588216,145.15642882976957,14.5,12.0,63,55,dense_drizzle,18.2,56.9,,,,false
whitehorse,Whitehorse,26980,2026-09-01T21:00:00+10:00,2026-09-01T11:00:00+00:00,-37.828669714588216,145.15642882976957,13.3,10.2,70,55,dense_drizzle,21.6,52.6,,,,false
whitehorse,Whitehorse,26980,2026-09-01T22:00:00+10:00,2026-09-01T12:00:00+00:00,-37.828669714588216,145.15642882976957,12.3,8.8,73,55,dense_drizzle,23.2,49.7,,,,false
whitehorse,Whitehorse,26980,2026-09-01T23:00:00+10:00,2026-09-01T13:00:00+00:00,-37.828669714588216,145.15642882976957,11.4,8.0,71,1,mainly_clear,21.7,48.6,,,,false
whittlesea,Whittlesea,27070,2026-08-26T00:00:00+10:00,2026-08-25T14:00:00+00:00,-37.54176209066476,145.09375406320098,10.4,8.2,76,51,light_drizzle,15.8,26.6,0.0,9.8,10.5,true
whittlesea,Whittlesea,27070,2026-08-26T01:00:00+10:00,2026-08-25T15:00:00+00:00,-37.54176209066476,145.09375406320098,10.2,7.6,96,53,moderate_drizzle,17.3,29.5,0.0,5.2,6.0,true
whittlesea,Whittlesea,27070,2026-08-26T02:00:00+10:00,2026-08-25T16:00:00+00:00,-37.54176209066476,145.09375406320098,9.8,7.5,95,51,light_drizzle,15.4,29.5,0.0,3.7,4.9,true
whittlesea,Whittlesea,27070,2026-08-26T03:00:00+10:00,2026-08-25T17:00:00+00:00,-37.54176209066476,145.09375406320098,9.8,7.4,83,51,light_drizzle,15.8,27.7,0.0,3.8,5.1,true
whittlesea,Whittlesea,27070,2026-08-26T04:00:00+10:00,2026-08-25T18:00:00+00:00,-37.54176209066476,145.09375406320098,9.4,7.1,67,51,light_drizzle,14.5,26.3,0.0,4.2,5.8,true
whittlesea,Whittlesea,27070,2026-08-26T05:00:00+10:00,2026-08-25T19:00:00+00:00,-37.54176209066476,145.09375406320098,8.7,6.5,45,1,mainly_clear,12.0,24.1,0.0,4.8,6.6,true
whittlesea,Whittlesea,27070,2026-08-26T06:00:00+10:00,2026-08-25T20:00:00+00:00,-37.54176209066476,145.09375406320098,7.9,5.9,18,1,mainly_clear,9.7,19.8,0.0,5.3,7.2,true
whittlesea,Whittlesea,27070,2026-08-26T07:00:00+10:00,2026-08-25T21:00:00+00:00,-37.54176209066476,145.09375406320098,7.5,5.6,0,0,clear_sky,7.5,16.2,0.0,6.2,8.3,true
whittlesea,Whittlesea,27070,2026-08-26T08:00:00+10:00,2026-08-25T22:00:00+00:00,-37.54176209066476,145.09375406320098,8.2,6.2,0,0,clear_sky,9.4,15.8,0.2,6.7,9.1,true
whittlesea,Whittlesea,27070,2026-08-26T09:00:00+10:00,2026-08-25T23:00:00+00:00,-37.54176209066476,145.09375406320098,9.4,7.0,0,51,light_drizzle,13.4,25.9,0.7,6.1,8.6,true
whittlesea,Whittlesea,27070,2026-08-26T10:00:00+10:00,2026-08-26T00:00:00+00:00,-37.54176209066476,145.09375406320098,11.2,8.8,4,1,mainly_clear,14.4,27.7,1.75,8.3,12.2,true
whittlesea,Whittlesea,27070,2026-08-26T11:00:00+10:00,2026-08-26T01:00:00+00:00,-37.54176209066476,145.09375406320098,12.2,9.0,5,51,light_drizzle,17.9,33.1,2.5,7.3,10.9,true
whittlesea,Whittlesea,27070,2026-08-26T12:00:00+10:00,2026-08-26T02:00:00+00:00,-37.54176209066476,145.09375406320098,12.7,9.4,6,1,mainly_clear,17.5,33.5,2.55,7.3,11.0,true
whittlesea,Whittlesea,27070,2026-08-26T13:00:00+10:00,2026-08-26T03:00:00+00:00,-37.54176209066476,145.09375406320098,13.1,9.6,6,3,overcast,17.5,32.8,2.45,7.2,10.9,true
whittlesea,Whittlesea,27070,2026-08-26T14:00:00+10:00,2026-08-26T04:00:00+00:00,-37.54176209066476,145.09375406320098,13.1,9.5,4,1,mainly_clear,18.0,33.8,1.7,7.5,11.2,true
whittlesea,Whittlesea,27070,2026-08-26T15:00:00+10:00,2026-08-26T05:00:00+00:00,-37.54176209066476,145.09375406320098,13.0,9.4,2,2,partly_cloudy,17.2,33.1,1.1,7.2,10.9,true
whittlesea,Whittlesea,27070,2026-08-26T16:00:00+10:00,2026-08-26T06:00:00+00:00,-37.54176209066476,145.09375406320098,12.5,9.2,0,1,mainly_clear,16.1,31.3,0.5,7.5,11.1,true
whittlesea,Whittlesea,27070,2026-08-26T17:00:00+10:00,2026-08-26T07:00:00+00:00,-37.54176209066476,145.09375406320098,11.5,8.7,0,0,clear_sky,13.6,28.8,0.1,8.0,11.6,true
whittlesea,Whittlesea,27070,2026-08-26T18:00:00+10:00,2026-08-26T08:00:00+00:00,-37.54176209066476,145.09375406320098,9.5,7.6,0,1,mainly_clear,7.6,22.7,0.0,9.9,13.6,true
whittlesea,Whittlesea,27070,2026-08-26T19:00:00+10:00,2026-08-26T09:00:00+00:00,-37.54176209066476,145.09375406320098,8.6,6.7,0,2,partly_cloudy,7.0,12.2,0.0,12.1,15.9,true
whittlesea,Whittlesea,27070,2026-08-26T20:00:00+10:00,2026-08-26T10:00:00+00:00,-37.54176209066476,145.09375406320098,8.3,6.4,0,3,overcast,7.1,10.4,0.0,12.9,16.4,true
whittlesea,Whittlesea,27070,2026-08-26T21:00:00+10:00,2026-08-26T11:00:00+00:00,-37.54176209066476,145.09375406320098,8.5,6.7,0,3,overcast,6.7,11.5,0.0,11.8,14.5,true
whittlesea,Whittlesea,27070,2026-08-26T22:00:00+10:00,2026-08-26T12:00:00+00:00,-37.54176209066476,145.09375406320098,8.5,6.9,0,1,mainly_clear,5.6,10.4,0.0,11.8,14.3,true
whittlesea,Whittlesea,27070,2026-08-26T23:00:00+10:00,2026-08-26T13:00:00+00:00,-37.54176209066476,145.09375406320098,8.1,6.6,1,2,partly_cloudy,4.8,8.6,0.0,11.8,14.4,true
whittlesea,Whittlesea,27070,2026-08-27T00:00:00+10:00,2026-08-26T14:00:00+00:00,-37.54176209066476,145.09375406320098,7.7,6.4,2,1,mainly_clear,2.4,6.8,0.0,11.6,14.2,true
whittlesea,Whittlesea,27070,2026-08-27T01:00:00+10:00,2026-08-26T15:00:00+00:00,-37.54176209066476,145.09375406320098,7.8,6.8,2,2,partly_cloudy,0.6,3.2,0.0,11.1,13.9,true
whittlesea,Whittlesea,27070,2026-08-27T02:00:00+10:00,2026-08-26T16:00:00+00:00,-37.54176209066476,145.09375406320098,7.3,6.2,2,1,mainly_clear,1.4,2.2,0.0,10.8,13.7,true
whittlesea,Whittlesea,27070,2026-08-27T03:00:00+10:00,2026-08-26T17:00:00+00:00,-37.54176209066476,145.09375406320098,6.7,5.4,1,1,mainly_clear,1.7,2.5,0.0,10.6,13.6,true
whittlesea,Whittlesea,27070,2026-08-27T04:00:00+10:00,2026-08-26T18:00:00+00:00,-37.54176209066476,145.09375406320098,6.0,4.5,0,1,mainly_clear,2.3,3.2,0.0,10.5,13.9,true
whittlesea,Whittlesea,27070,2026-08-27T05:00:00+10:00,2026-08-26T19:00:00+00:00,-37.54176209066476,145.09375406320098,5.6,4.1,0,0,clear_sky,1.9,3.2,0.0,10.8,14.2,true
whittlesea,Whittlesea,27070,2026-08-27T06:00:00+10:00,2026-08-26T20:00:00+00:00,-37.54176209066476,145.09375406320098,5.0,3.3,0,0,clear_sky,2.4,3.6,0.0,11.4,14.8,true
whittlesea,Whittlesea,27070,2026-08-27T07:00:00+10:00,2026-08-26T21:00:00+00:00,-37.54176209066476,145.09375406320098,4.6,2.7,0,1,mainly_clear,3.4,5.4,0.05,16.4,19.8,true
whittlesea,Whittlesea,27070,2026-08-27T08:00:00+10:00,2026-08-26T22:00:00+00:00,-37.54176209066476,145.09375406320098,6.4,4.5,0,1,mainly_clear,5.2,10.4,0.35,21.0,23.2,true
whittlesea,Whittlesea,27070,2026-08-27T09:00:00+10:00,2026-08-26T23:00:00+00:00,-37.54176209066476,145.09375406320098,9.1,7.7,0,1,mainly_clear,2.5,10.8,1.15,13.6,17.1,true
whittlesea,Whittlesea,27070,2026-08-27T10:00:00+10:00,2026-08-27T00:00:00+00:00,-37.54176209066476,145.09375406320098,10.5,9.2,0,3,overcast,2.7,11.5,2.3,10.4,14.6,true
whittlesea,Whittlesea,27070,2026-08-27T11:00:00+10:00,2026-08-27T01:00:00+00:00,-37.54176209066476,145.09375406320098,11.7,10.6,0,3,overcast,2.2,13.0,3.4,10.0,14.0,true
whittlesea,Whittlesea,27070,2026-08-27T12:00:00+10:00,2026-08-27T02:00:00+00:00,-37.54176209066476,145.09375406320098,12.3,11.2,0,3,overcast,1.7,12.2,3.95,9.8,13.8,true
whittlesea,Whittlesea,27070,2026-08-27T13:00:00+10:00,2026-08-27T03:00:00+00:00,-37.54176209066476,145.09375406320098,13.3,12.7,0,1,mainly_clear,3.6,13.7,3.65,10.0,14.1,true
whittlesea,Whittlesea,27070,2026-08-27T14:00:00+10:00,2026-08-27T04:00:00+00:00,-37.54176209066476,145.09375406320098,13.8,12.6,0,0,clear_sky,6.8,17.3,2.8,10.3,14.3,true
whittlesea,Whittlesea,27070,2026-08-27T15:00:00+10:00,2026-08-27T05:00:00+00:00,-37.54176209066476,145.09375406320098,14.2,12.7,0,0,clear_sky,5.6,17.6,1.65,10.5,14.5,true
whittlesea,Whittlesea,27070,2026-08-27T16:00:00+10:00,2026-08-27T06:00:00+00:00,-37.54176209066476,145.09375406320098,14.5,13.5,0,1,mainly_clear,2.5,15.1,0.65,10.0,13.8,true
whittlesea,Whittlesea,27070,2026-08-27T17:00:00+10:00,2026-08-27T07:00:00+00:00,-37.54176209066476,145.09375406320098,14.2,13.4,0,1,mainly_clear,2.4,8.6,0.15,11.9,15.4,true
whittlesea,Whittlesea,27070,2026-08-27T18:00:00+10:00,2026-08-27T08:00:00+00:00,-37.54176209066476,145.09375406320098,11.7,10.6,0,3,overcast,4.1,5.8,0.0,17.1,20.5,true
whittlesea,Whittlesea,27070,2026-08-27T19:00:00+10:00,2026-08-27T09:00:00+00:00,-37.54176209066476,145.09375406320098,11.3,10.7,0,3,overcast,1.1,5.4,0.0,21.2,24.4,true
whittlesea,Whittlesea,27070,2026-08-27T20:00:00+10:00,2026-08-27T10:00:00+00:00,-37.54176209066476,145.09375406320098,11.2,10.5,0,3,overcast,1.7,2.5,0.0,25.0,28.0,true
whittlesea,Whittlesea,27070,2026-08-27T21:00:00+10:00,2026-08-27T11:00:00+00:00,-37.54176209066476,145.09375406320098,9.7,8.7,0,3,overcast,2.4,3.2,0.0,28.4,31.2,true
whittlesea,Whittlesea,27070,2026-08-27T22:00:00+10:00,2026-08-27T12:00:00+00:00,-37.54176209066476,145.09375406320098,8.6,7.5,0,3,overcast,1.5,3.6,0.0,28.3,30.5,true
whittlesea,Whittlesea,27070,2026-08-27T23:00:00+10:00,2026-08-27T13:00:00+00:00,-37.54176209066476,145.09375406320098,8.2,6.7,0,3,overcast,3.8,6.8,0.0,23.4,25.1,true
whittlesea,Whittlesea,27070,2026-08-28T00:00:00+10:00,2026-08-27T14:00:00+00:00,-37.54176209066476,145.09375406320098,8.0,5.9,0,1,mainly_clear,7.6,12.6,0.0,17.5,19.0,true
whittlesea,Whittlesea,27070,2026-08-28T01:00:00+10:00,2026-08-27T15:00:00+00:00,-37.54176209066476,145.09375406320098,6.5,3.9,0,0,clear_sky,9.2,15.5,0.0,13.2,14.6,true
whittlesea,Whittlesea,27070,2026-08-28T02:00:00+10:00,2026-08-27T16:00:00+00:00,-37.54176209066476,145.09375406320098,6.3,3.5,0,2,partly_cloudy,9.4,15.5,0.0,10.0,11.4,true
whittlesea,Whittlesea,27070,2026-08-28T03:00:00+10:00,2026-08-27T17:00:00+00:00,-37.54176209066476,145.09375406320098,6.7,3.9,0,3,overcast,9.7,15.8,0.0,7.7,9.0,true
whittlesea,Whittlesea,27070,2026-08-28T04:00:00+10:00,2026-08-27T18:00:00+00:00,-37.54176209066476,145.09375406320098,7.1,4.2,0,3,overcast,10.2,16.9,0.0,6.3,7.7,true
whittlesea,Whittlesea,27070,2026-08-28T05:00:00+10:00,2026-08-27T19:00:00+00:00,-37.54176209066476,145.09375406320098,6.9,4.0,0,2,partly_cloudy,10.2,16.9,0.0,5.7,7.2,true
whittlesea,Whittlesea,27070,2026-08-28T06:00:00+10:00,2026-08-27T20:00:00+00:00,-37.54176209066476,145.09375406320098,6.6,3.6,0,0,clear_sky,10.7,17.6,0.0,5.6,7.1,true
whittlesea,Whittlesea,27070,2026-08-28T07:00:00+10:00,2026-08-27T21:00:00+00:00,-37.54176209066476,145.09375406320098,6.7,3.7,0,0,clear_sky,11.4,18.7,0.05,6.9,8.3,true
whittlesea,Whittlesea,27070,2026-08-28T08:00:00+10:00,2026-08-27T22:00:00+00:00,-37.54176209066476,145.09375406320098,9.0,6.0,0,0,clear_sky,12.6,20.2,0.2,8.2,9.5,true
whittlesea,Whittlesea,27070,2026-08-28T09:00:00+10:00,2026-08-27T23:00:00+00:00,-37.54176209066476,145.09375406320098,11.5,9.0,0,0,clear_sky,11.5,21.6,0.4,10.6,12.0,true
whittlesea,Whittlesea,27070,2026-08-28T10:00:00+10:00,2026-08-28T00:00:00+00:00,-37.54176209066476,145.09375406320098,13.2,10.9,0,1,mainly_clear,8.4,20.9,0.75,8.7,10.9,true
whittlesea,Whittlesea,27070,2026-08-28T11:00:00+10:00,2026-08-28T01:00:00+00:00,-37.54176209066476,145.09375406320098,14.1,12.8,5,3,overcast,5.1,18.4,1.25,7.4,9.5,true
whittlesea,Whittlesea,27070,2026-08-28T12:00:00+10:00,2026-08-28T02:00:00+00:00,-37.54176209066476,145.09375406320098,14.1,13.0,12,3,overcast,3.1,15.1,1.3,6.0,7.7,true
whittlesea,Whittlesea,27070,2026-08-28T13:00:00+10:00,2026-08-28T03:00:00+00:00,-37.54176209066476,145.09375406320098,14.4,13.0,22,3,overcast,5.3,11.9,2.05,5.9,7.5,true
whittlesea,Whittlesea,27070,2026-08-28T14:00:00+10:00,2026-08-28T04:00:00+00:00,-37.54176209066476,145.09375406320098,14.6,13.8,38,3,overcast,2.2,12.6,2.45,5.8,7.7,true
whittlesea,Whittlesea,27070,2026-08-28T15:00:00+10:00,2026-08-28T05:00:00+00:00,-37.54176209066476,145.09375406320098,14.2,13.4,57,3,overcast,2.9,7.6,1.5,6.3,8.7,true
whittlesea,Whittlesea,27070,2026-08-28T16:00:00+10:00,2026-08-28T06:00:00+00:00,-37.54176209066476,145.09375406320098,13.0,12.2,67,53,moderate_drizzle,6.1,10.8,0.65,7.5,10.5,true
whittlesea,Whittlesea,27070,2026-08-28T17:00:00+10:00,2026-08-28T07:00:00+00:00,-37.54176209066476,145.09375406320098,12.1,11.8,63,80,slight_rain_showers,4.5,10.8,0.15,8.5,12.1,true
whittlesea,Whittlesea,27070,2026-08-28T18:00:00+10:00,2026-08-28T08:00:00+00:00,-37.54176209066476,145.09375406320098,11.7,11.7,50,51,light_drizzle,1.8,7.6,0.0,11.6,15.5,true
whittlesea,Whittlesea,27070,2026-08-28T19:00:00+10:00,2026-08-28T09:00:00+00:00,-37.54176209066476,145.09375406320098,11.9,12.1,37,51,light_drizzle,0.4,2.5,0.0,15.1,18.8,true
whittlesea,Whittlesea,27070,2026-08-28T20:00:00+10:00,2026-08-28T10:00:00+00:00,-37.54176209066476,145.09375406320098,11.5,11.4,24,3,overcast,2.5,3.6,0.0,18.9,23.2,true
whittlesea,Whittlesea,27070,2026-08-28T21:00:00+10:00,2026-08-28T11:00:00+00:00,-37.54176209066476,145.09375406320098,10.8,10.5,11,0,clear_sky,1.9,3.6,0.0,21.7,26.4,true
whittlesea,Whittlesea,27070,2026-08-28T22:00:00+10:00,2026-08-28T12:00:00+00:00,-37.54176209066476,145.09375406320098,10.1,9.7,2,0,clear_sky,1.4,2.9,0.0,26.5,31.9,true
whittlesea,Whittlesea,27070,2026-08-28T23:00:00+10:00,2026-08-28T13:00:00+00:00,-37.54176209066476,145.09375406320098,9.2,8.6,0,3,overcast,1.8,2.5,0.0,28.0,33.9,true
whittlesea,Whittlesea,27070,2026-08-29T00:00:00+10:00,2026-08-28T14:00:00+00:00,-37.54176209066476,145.09375406320098,8.8,8.0,2,3,overcast,3.1,4.0,0.0,28.8,35.2,true
whittlesea,Whittlesea,27070,2026-08-29T01:00:00+10:00,2026-08-28T15:00:00+00:00,-37.54176209066476,145.09375406320098,9.7,9.2,4,3,overcast,2.7,6.5,0.0,28.2,34.8,true
whittlesea,Whittlesea,27070,2026-08-29T02:00:00+10:00,2026-08-28T16:00:00+00:00,-37.54176209066476,145.09375406320098,9.9,9.4,3,3,overcast,3.2,4.3,0.0,25.7,32.0,true
whittlesea,Whittlesea,27070,2026-08-29T03:00:00+10:00,2026-08-28T17:00:00+00:00,-37.54176209066476,145.09375406320098,9.9,8.9,3,3,overcast,6.7,10.4,0.0,22.5,28.1,true
whittlesea,Whittlesea,27070,2026-08-29T04:00:00+10:00,2026-08-28T18:00:00+00:00,-37.54176209066476,145.09375406320098,9.7,8.2,2,51,light_drizzle,8.9,15.5,0.0,19.4,24.8,true
whittlesea,Whittlesea,27070,2026-08-29T05:00:00+10:00,2026-08-28T19:00:00+00:00,-37.54176209066476,145.09375406320098,9.4,7.7,3,51,light_drizzle,9.9,17.3,0.0,16.9,22.2,true
whittlesea,Whittlesea,27070,2026-08-29T06:00:00+10:00,2026-08-28T20:00:00+00:00,-37.54176209066476,145.09375406320098,8.9,7.4,4,51,light_drizzle,8.3,16.9,0.0,15.7,20.5,true
whittlesea,Whittlesea,27070,2026-08-29T07:00:00+10:00,2026-08-28T21:00:00+00:00,-37.54176209066476,145.09375406320098,8.4,7.0,4,51,light_drizzle,6.0,14.0,0.05,17.2,21.7,true
whittlesea,Whittlesea,27070,2026-08-29T08:00:00+10:00,2026-08-28T22:00:00+00:00,-37.54176209066476,145.09375406320098,8.5,7.4,3,2,partly_cloudy,4.1,10.4,0.35,18.5,22.8,true
whittlesea,Whittlesea,27070,2026-08-29T09:00:00+10:00,2026-08-28T23:00:00+00:00,-37.54176209066476,145.09375406320098,9.4,7.9,1,1,mainly_clear,6.6,14.8,0.95,15.3,20.4,true
whittlesea,Whittlesea,27070,2026-08-29T10:00:00+10:00,2026-08-29T00:00:00+00:00,-37.54176209066476,145.09375406320098,10.4,8.4,0,51,light_drizzle,9.3,20.2,1.6,13.9,20.3,true
whittlesea,Whittlesea,27070,2026-08-29T11:00:00+10:00,2026-08-29T01:00:00+00:00,-37.54176209066476,145.09375406320098,11.2,8.8,0,2,partly_cloudy,10.4,22.0,2.0,13.1,19.8,true
whittlesea,Whittlesea,27070,2026-08-29T12:00:00+10:00,2026-08-29T02:00:00+00:00,-37.54176209066476,145.09375406320098,11.8,9.2,1,2,partly_cloudy,10.8,23.0,2.2,12.1,18.1,true
whittlesea,Whittlesea,27070,2026-08-29T13:00:00+10:00,2026-08-29T03:00:00+00:00,-37.54176209066476,145.09375406320098,12.4,9.8,2,3,overcast,10.9,23.4,2.1,11.8,17.5,true
whittlesea,Whittlesea,27070,2026-08-29T14:00:00+10:00,2026-08-29T04:00:00+00:00,-37.54176209066476,145.09375406320098,12.9,10.0,2,2,partly_cloudy,13.0,25.9,1.55,11.4,16.7,true
whittlesea,Whittlesea,27070,2026-08-29T15:00:00+10:00,2026-08-29T05:00:00+00:00,-37.54176209066476,145.09375406320098,12.5,9.2,1,3,overcast,16.5,31.0,0.85,11.4,16.6,true
whittlesea,Whittlesea,27070,2026-08-29T16:00:00+10:00,2026-08-29T06:00:00+00:00,-37.54176209066476,145.09375406320098,11.4,8.2,0,3,overcast,15.7,31.0,0.35,12.2,17.9,true
whittlesea,Whittlesea,27070,2026-08-29T17:00:00+10:00,2026-08-29T07:00:00+00:00,-37.54176209066476,145.09375406320098,10.7,8.1,0,2,partly_cloudy,12.1,28.4,0.1,13.5,19.8,true
whittlesea,Whittlesea,27070,2026-08-29T18:00:00+10:00,2026-08-29T08:00:00+00:00,-37.54176209066476,145.09375406320098,10.2,8.9,0,1,mainly_clear,4.4,20.9,0.0,14.1,20.1,true
whittlesea,Whittlesea,27070,2026-08-29T19:00:00+10:00,2026-08-29T09:00:00+00:00,-37.54176209066476,145.09375406320098,8.6,7.4,0,0,clear_sky,3.2,6.8,0.0,14.1,19.1,true
whittlesea,Whittlesea,27070,2026-08-29T20:00:00+10:00,2026-08-29T10:00:00+00:00,-37.54176209066476,145.09375406320098,7.7,6.1,1,1,mainly_clear,4.4,6.1,0.0,14.8,19.7,true
whittlesea,Whittlesea,27070,2026-08-29T21:00:00+10:00,2026-08-29T11:00:00+00:00,-37.54176209066476,145.09375406320098,8.1,6.6,1,3,overcast,4.4,6.5,0.0,15.6,21.0,true
whittlesea,Whittlesea,27070,2026-08-29T22:00:00+10:00,2026-08-29T12:00:00+00:00,-37.54176209066476,145.09375406320098,8.9,7.5,2,3,overcast,4.7,6.8,0.0,14.5,19.5,true
whittlesea,Whittlesea,27070,2026-08-29T23:00:00+10:00,2026-08-29T13:00:00+00:00,-37.54176209066476,145.09375406320098,9.4,7.8,2,51,light_drizzle,6.7,10.4,0.0,13.2,17.7,true
whittlesea,Whittlesea,27070,2026-08-30T00:00:00+10:00,2026-08-29T14:00:00+00:00,-37.54176209066476,145.09375406320098,9.2,7.7,2,51,light_drizzle,7.0,11.2,0.0,12.3,16.4,true
whittlesea,Whittlesea,27070,2026-08-30T01:00:00+10:00,2026-08-29T15:00:00+00:00,-37.54176209066476,145.09375406320098,9.1,7.4,2,3,overcast,8.5,14.0,0.0,11.5,15.3,true
whittlesea,Whittlesea,27070,2026-08-30T02:00:00+10:00,2026-08-29T16:00:00+00:00,-37.54176209066476,145.09375406320098,8.2,6.7,1,2,partly_cloudy,5.9,14.0,0.0,11.2,15.1,true
whittlesea,Whittlesea,27070,2026-08-30T03:00:00+10:00,2026-08-29T17:00:00+00:00,-37.54176209066476,145.09375406320098,7.7,6.3,1,3,overcast,4.1,9.4,0.0,11.2,15.0,true
whittlesea,Whittlesea,27070,2026-08-30T04:00:00+10:00,2026-08-29T18:00:00+00:00,-37.54176209066476,145.09375406320098,7.7,6.5,0,3,overcast,3.1,6.1,0.0,11.3,15.1,true
whittlesea,Whittlesea,27070,2026-08-30T05:00:00+10:00,2026-08-29T19:00:00+00:00,-37.54176209066476,145.09375406320098,7.5,6.4,0,3,overcast,2.3,5.8,0.0,11.4,15.3,true
whittlesea,Whittlesea,27070,2026-08-30T06:00:00+10:00,2026-08-29T20:00:00+00:00,-37.54176209066476,145.09375406320098,7.5,6.4,0,3,overcast,2.0,6.8,0.0,12.2,16.2,true
whittlesea,Whittlesea,27070,2026-08-30T07:00:00+10:00,2026-08-29T21:00:00+00:00,-37.54176209066476,145.09375406320098,7.9,6.8,0,3,overcast,2.3,8.6,0.0,13.5,17.4,true
whittlesea,Whittlesea,27070,2026-08-30T08:00:00+10:00,2026-08-29T22:00:00+00:00,-37.54176209066476,145.09375406320098,8.8,7.5,0,3,overcast,4.0,11.9,0.2,15.1,19.0,true
whittlesea,Whittlesea,27070,2026-08-30T09:00:00+10:00,2026-08-29T23:00:00+00:00,-37.54176209066476,145.09375406320098,10.0,8.4,0,3,overcast,6.9,16.2,0.6,14.3,18.5,true
whittlesea,Whittlesea,27070,2026-08-30T10:00:00+10:00,2026-08-30T00:00:00+00:00,-37.54176209066476,145.09375406320098,11.0,9.2,0,3,overcast,9.3,19.8,1.5,12.6,17.6,true
whittlesea,Whittlesea,27070,2026-08-30T11:00:00+10:00,2026-08-30T01:00:00+00:00,-37.54176209066476,145.09375406320098,11.8,9.9,0,3,overcast,10.3,22.0,2.25,11.8,17.0,true
whittlesea,Whittlesea,27070,2026-08-30T12:00:00+10:00,2026-08-30T02:00:00+00:00,-37.54176209066476,145.09375406320098,12.4,10.5,0,3,overcast,10.8,23.4,2.95,11.3,16.4,true
whittlesea,Whittlesea,27070,2026-08-30T13:00:00+10:00,2026-08-30T03:00:00+00:00,-37.54176209066476,145.09375406320098,12.8,10.8,0,3,overcast,11.2,24.5,3.15,11.2,16.2,true
whittlesea,Whittlesea,27070,2026-08-30T14:00:00+10:00,2026-08-30T04:00:00+00:00,-37.54176209066476,145.09375406320098,12.9,10.8,0,3,overcast,11.7,24.8,2.9,10.5,15.1,true
whittlesea,Whittlesea,27070,2026-08-30T15:00:00+10:00,2026-08-30T05:00:00+00:00,-37.54176209066476,145.09375406320098,12.8,10.6,0,3,overcast,12.1,24.1,1.8,10.7,15.2,true
whittlesea,Whittlesea,27070,2026-08-30T16:00:00+10:00,2026-08-30T06:00:00+00:00,-37.54176209066476,145.09375406320098,12.4,10.2,0,3,overcast,11.7,23.8,0.8,10.8,15.4,true
whittlesea,Whittlesea,27070,2026-08-30T17:00:00+10:00,2026-08-30T07:00:00+00:00,-37.54176209066476,145.09375406320098,11.5,9.6,0,3,overcast,9.7,23.8,0.15,11.1,15.7,true
whittlesea,Whittlesea,27070,2026-08-30T18:00:00+10:00,2026-08-30T08:00:00+00:00,-37.54176209066476,145.09375406320098,10.4,8.8,0,2,partly_cloudy,7.2,23.8,0.0,12.6,17.1,true
whittlesea,Whittlesea,27070,2026-08-30T19:00:00+10:00,2026-08-30T09:00:00+00:00,-37.54176209066476,145.09375406320098,9.5,8.1,0,2,partly_cloudy,5.4,22.3,0.0,12.8,16.6,true
whittlesea,Whittlesea,27070,2026-08-30T20:00:00+10:00,2026-08-30T10:00:00+00:00,-37.54176209066476,145.09375406320098,9.0,7.7,0,1,mainly_clear,4.3,18.4,0.0,12.6,16.0,true
whittlesea,Whittlesea,27070,2026-08-30T21:00:00+10:00,2026-08-30T11:00:00+00:00,-37.54176209066476,145.09375406320098,8.6,7.4,0,0,clear_sky,3.2,13.0,0.0,12.8,16.1,true
whittlesea,Whittlesea,27070,2026-08-30T22:00:00+10:00,2026-08-30T12:00:00+00:00,-37.54176209066476,145.09375406320098,8.3,7.2,0,0,clear_sky,2.3,8.6,0.0,13.4,16.6,true
whittlesea,Whittlesea,27070,2026-08-30T23:00:00+10:00,2026-08-30T13:00:00+00:00,-37.54176209066476,145.09375406320098,8.2,7.1,0,1,mainly_clear,1.9,5.8,,,,false
whittlesea,Whittlesea,27070,2026-08-31T00:00:00+10:00,2026-08-30T14:00:00+00:00,-37.54176209066476,145.09375406320098,8.2,7.1,0,2,partly_cloudy,1.7,4.0,,,,false
whittlesea,Whittlesea,27070,2026-08-31T01:00:00+10:00,2026-08-30T15:00:00+00:00,-37.54176209066476,145.09375406320098,8.3,7.3,0,3,overcast,1.5,3.2,,,,false
whittlesea,Whittlesea,27070,2026-08-31T02:00:00+10:00,2026-08-30T16:00:00+00:00,-37.54176209066476,145.09375406320098,8.5,7.4,0,3,overcast,2.0,4.0,,,,false
whittlesea,Whittlesea,27070,2026-08-31T03:00:00+10:00,2026-08-30T17:00:00+00:00,-37.54176209066476,145.09375406320098,8.6,7.4,0,3,overcast,3.1,5.4,,,,false
whittlesea,Whittlesea,27070,2026-08-31T04:00:00+10:00,2026-08-30T18:00:00+00:00,-37.54176209066476,145.09375406320098,8.8,7.5,0,3,overcast,4.0,6.8,,,,false
whittlesea,Whittlesea,27070,2026-08-31T05:00:00+10:00,2026-08-30T19:00:00+00:00,-37.54176209066476,145.09375406320098,8.8,7.4,0,3,overcast,4.7,7.6,,,,false
whittlesea,Whittlesea,27070,2026-08-31T06:00:00+10:00,2026-08-30T20:00:00+00:00,-37.54176209066476,145.09375406320098,8.7,7.3,0,3,overcast,5.2,7.6,,,,false
whittlesea,Whittlesea,27070,2026-08-31T07:00:00+10:00,2026-08-30T21:00:00+00:00,-37.54176209066476,145.09375406320098,8.9,7.5,0,3,overcast,5.2,8.3,,,,false
whittlesea,Whittlesea,27070,2026-08-31T08:00:00+10:00,2026-08-30T22:00:00+00:00,-37.54176209066476,145.09375406320098,9.3,8.1,0,3,overcast,4.5,9.4,,,,false
whittlesea,Whittlesea,27070,2026-08-31T09:00:00+10:00,2026-08-30T23:00:00+00:00,-37.54176209066476,145.09375406320098,10.1,9.1,0,3,overcast,3.5,10.8,,,,false
whittlesea,Whittlesea,27070,2026-08-31T10:00:00+10:00,2026-08-31T00:00:00+00:00,-37.54176209066476,145.09375406320098,11.2,10.5,0,3,overcast,2.3,12.2,,,,false
whittlesea,Whittlesea,27070,2026-08-31T11:00:00+10:00,2026-08-31T01:00:00+00:00,-37.54176209066476,145.09375406320098,13.3,12.6,0,2,partly_cloudy,2.2,13.3,,,,false
whittlesea,Whittlesea,27070,2026-08-31T12:00:00+10:00,2026-08-31T02:00:00+00:00,-37.54176209066476,145.09375406320098,15.8,15.3,0,1,mainly_clear,4.2,14.8,,,,false
whittlesea,Whittlesea,27070,2026-08-31T13:00:00+10:00,2026-08-31T03:00:00+00:00,-37.54176209066476,145.09375406320098,17.6,17.1,0,0,clear_sky,6.7,16.6,,,,false
whittlesea,Whittlesea,27070,2026-08-31T14:00:00+10:00,2026-08-31T04:00:00+00:00,-37.54176209066476,145.09375406320098,18.3,17.3,0,0,clear_sky,9.7,19.8,,,,false
whittlesea,Whittlesea,27070,2026-08-31T15:00:00+10:00,2026-08-31T05:00:00+00:00,-37.54176209066476,145.09375406320098,18.4,16.5,0,0,clear_sky,13.4,24.1,,,,false
whittlesea,Whittlesea,27070,2026-08-31T16:00:00+10:00,2026-08-31T06:00:00+00:00,-37.54176209066476,145.09375406320098,17.9,15.6,0,0,clear_sky,15.9,27.0,,,,false
whittlesea,Whittlesea,27070,2026-08-31T17:00:00+10:00,2026-08-31T07:00:00+00:00,-37.54176209066476,145.09375406320098,16.5,14.2,0,0,clear_sky,15.6,27.7,,,,false
whittlesea,Whittlesea,27070,2026-08-31T18:00:00+10:00,2026-08-31T08:00:00+00:00,-37.54176209066476,145.09375406320098,14.4,12.4,0,0,clear_sky,13.9,27.4,,,,false
whittlesea,Whittlesea,27070,2026-08-31T19:00:00+10:00,2026-08-31T09:00:00+00:00,-37.54176209066476,145.09375406320098,12.8,10.9,0,0,clear_sky,13.1,27.0,,,,false
whittlesea,Whittlesea,27070,2026-08-31T20:00:00+10:00,2026-08-31T10:00:00+00:00,-37.54176209066476,145.09375406320098,12.0,9.9,0,0,clear_sky,14.0,27.4,,,,false
whittlesea,Whittlesea,27070,2026-08-31T21:00:00+10:00,2026-08-31T11:00:00+00:00,-37.54176209066476,145.09375406320098,11.6,9.1,0,0,clear_sky,15.9,27.7,,,,false
whittlesea,Whittlesea,27070,2026-08-31T22:00:00+10:00,2026-08-31T12:00:00+00:00,-37.54176209066476,145.09375406320098,11.4,8.7,0,0,clear_sky,17.5,28.8,,,,false
whittlesea,Whittlesea,27070,2026-08-31T23:00:00+10:00,2026-08-31T13:00:00+00:00,-37.54176209066476,145.09375406320098,11.5,8.6,0,0,clear_sky,18.7,31.0,,,,false
whittlesea,Whittlesea,27070,2026-09-01T00:00:00+10:00,2026-08-31T14:00:00+00:00,-37.54176209066476,145.09375406320098,11.7,8.8,0,0,clear_sky,20.0,33.5,,,,false
whittlesea,Whittlesea,27070,2026-09-01T01:00:00+10:00,2026-08-31T15:00:00+00:00,-37.54176209066476,145.09375406320098,11.9,8.9,0,1,mainly_clear,20.9,35.6,,,,false
whittlesea,Whittlesea,27070,2026-09-01T02:00:00+10:00,2026-08-31T16:00:00+00:00,-37.54176209066476,145.09375406320098,12.0,8.9,0,2,partly_cloudy,21.1,37.4,,,,false
whittlesea,Whittlesea,27070,2026-09-01T03:00:00+10:00,2026-08-31T17:00:00+00:00,-37.54176209066476,145.09375406320098,12.0,9.0,0,3,overcast,20.7,38.5,,,,false
whittlesea,Whittlesea,27070,2026-09-01T04:00:00+10:00,2026-08-31T18:00:00+00:00,-37.54176209066476,145.09375406320098,11.9,8.8,0,3,overcast,21.1,40.0,,,,false
whittlesea,Whittlesea,27070,2026-09-01T05:00:00+10:00,2026-08-31T19:00:00+00:00,-37.54176209066476,145.09375406320098,11.6,8.2,0,3,overcast,22.5,40.7,,,,false
whittlesea,Whittlesea,27070,2026-09-01T06:00:00+10:00,2026-08-31T20:00:00+00:00,-37.54176209066476,145.09375406320098,11.2,7.5,0,3,overcast,24.3,41.4,,,,false
whittlesea,Whittlesea,27070,2026-09-01T07:00:00+10:00,2026-08-31T21:00:00+00:00,-37.54176209066476,145.09375406320098,11.1,7.1,0,3,overcast,26.5,43.2,,,,false
whittlesea,Whittlesea,27070,2026-09-01T08:00:00+10:00,2026-08-31T22:00:00+00:00,-37.54176209066476,145.09375406320098,12.4,7.8,1,3,overcast,30.3,52.2,,,,false
whittlesea,Whittlesea,27070,2026-09-01T09:00:00+10:00,2026-08-31T23:00:00+00:00,-37.54176209066476,145.09375406320098,12.6,7.7,2,2,partly_cloudy,32.2,55.1,,,,false
whittlesea,Whittlesea,27070,2026-09-01T10:00:00+10:00,2026-09-01T00:00:00+00:00,-37.54176209066476,145.09375406320098,13.0,7.9,4,2,partly_cloudy,33.1,57.2,,,,false
whittlesea,Whittlesea,27070,2026-09-01T11:00:00+10:00,2026-09-01T01:00:00+00:00,-37.54176209066476,145.09375406320098,13.6,8.6,7,2,partly_cloudy,33.1,59.0,,,,false
whittlesea,Whittlesea,27070,2026-09-01T12:00:00+10:00,2026-09-01T02:00:00+00:00,-37.54176209066476,145.09375406320098,14.5,9.7,11,2,partly_cloudy,32.5,60.1,,,,false
whittlesea,Whittlesea,27070,2026-09-01T13:00:00+10:00,2026-09-01T03:00:00+00:00,-37.54176209066476,145.09375406320098,15.4,10.9,15,3,overcast,31.6,61.2,,,,false
whittlesea,Whittlesea,27070,2026-09-01T14:00:00+10:00,2026-09-01T04:00:00+00:00,-37.54176209066476,145.09375406320098,16.3,11.9,19,3,overcast,30.4,61.6,,,,false
whittlesea,Whittlesea,27070,2026-09-01T15:00:00+10:00,2026-09-01T05:00:00+00:00,-37.54176209066476,145.09375406320098,16.9,12.8,24,3,overcast,29.0,61.9,,,,false
whittlesea,Whittlesea,27070,2026-09-01T16:00:00+10:00,2026-09-01T06:00:00+00:00,-37.54176209066476,145.09375406320098,17.1,13.4,29,3,overcast,27.2,61.6,,,,false
whittlesea,Whittlesea,27070,2026-09-01T17:00:00+10:00,2026-09-01T07:00:00+00:00,-37.54176209066476,145.09375406320098,16.8,13.5,36,55,dense_drizzle,24.8,60.8,,,,false
whittlesea,Whittlesea,27070,2026-09-01T18:00:00+10:00,2026-09-01T08:00:00+00:00,-37.54176209066476,145.09375406320098,16.1,13.3,44,55,dense_drizzle,21.8,59.8,,,,false
whittlesea,Whittlesea,27070,2026-09-01T19:00:00+10:00,2026-09-01T09:00:00+00:00,-37.54176209066476,145.09375406320098,15.1,12.8,51,55,dense_drizzle,19.1,58.3,,,,false
whittlesea,Whittlesea,27070,2026-09-01T20:00:00+10:00,2026-09-01T10:00:00+00:00,-37.54176209066476,145.09375406320098,14.1,12.1,57,55,dense_drizzle,17.1,56.2,,,,false
whittlesea,Whittlesea,27070,2026-09-01T21:00:00+10:00,2026-09-01T11:00:00+00:00,-37.54176209066476,145.09375406320098,13.0,11.1,63,55,dense_drizzle,16.2,54.0,,,,false
whittlesea,Whittlesea,27070,2026-09-01T22:00:00+10:00,2026-09-01T12:00:00+00:00,-37.54176209066476,145.09375406320098,12.0,10.1,65,55,dense_drizzle,15.7,51.8,,,,false
whittlesea,Whittlesea,27070,2026-09-01T23:00:00+10:00,2026-09-01T13:00:00+00:00,-37.54176209066476,145.09375406320098,11.0,9.0,62,51,light_drizzle,14.8,49.0,,,,false
wyndham,Wyndham,27260,2026-08-26T00:00:00+10:00,2026-08-25T14:00:00+00:00,-37.892783439531485,144.62955839780793,11.3,9.1,25,51,light_drizzle,16.0,27.4,0.0,3.6,5.3,true
wyndham,Wyndham,27260,2026-08-26T01:00:00+10:00,2026-08-25T15:00:00+00:00,-37.892783439531485,144.62955839780793,11.0,8.8,24,2,partly_cloudy,14.9,27.7,0.0,3.8,5.9,true
wyndham,Wyndham,27260,2026-08-26T02:00:00+10:00,2026-08-25T16:00:00+00:00,-37.892783439531485,144.62955839780793,10.2,7.9,17,1,mainly_clear,14.3,25.6,0.0,4.2,6.6,true
wyndham,Wyndham,27260,2026-08-26T03:00:00+10:00,2026-08-25T17:00:00+00:00,-37.892783439531485,144.62955839780793,9.2,6.9,7,0,clear_sky,12.4,24.5,0.0,4.3,6.9,true
wyndham,Wyndham,27260,2026-08-26T04:00:00+10:00,2026-08-25T18:00:00+00:00,-37.892783439531485,144.62955839780793,8.1,5.8,0,0,clear_sky,11.8,20.9,0.0,4.4,7.0,true
wyndham,Wyndham,27260,2026-08-26T05:00:00+10:00,2026-08-25T19:00:00+00:00,-37.892783439531485,144.62955839780793,7.9,5.5,0,0,clear_sky,11.7,19.4,0.0,4.5,7.0,true
wyndham,Wyndham,27260,2026-08-26T06:00:00+10:00,2026-08-25T20:00:00+00:00,-37.892783439531485,144.62955839780793,7.8,5.2,0,0,clear_sky,12.5,20.9,0.0,4.4,6.9,true
wyndham,Wyndham,27260,2026-08-26T07:00:00+10:00,2026-08-25T21:00:00+00:00,-37.892783439531485,144.62955839780793,7.6,4.9,0,0,clear_sky,13.1,21.6,0.05,4.8,7.3,true
wyndham,Wyndham,27260,2026-08-26T08:00:00+10:00,2026-08-25T22:00:00+00:00,-37.892783439531485,144.62955839780793,8.8,6.0,0,0,clear_sky,14.8,24.8,0.3,5.3,7.9,true
wyndham,Wyndham,27260,2026-08-26T09:00:00+10:00,2026-08-25T23:00:00+00:00,-37.892783439531485,144.62955839780793,10.7,8.4,0,0,clear_sky,13.5,25.6,0.95,5.9,9.3,true
wyndham,Wyndham,27260,2026-08-26T10:00:00+10:00,2026-08-26T00:00:00+00:00,-37.892783439531485,144.62955839780793,12.7,10.3,0,0,clear_sky,15.0,29.5,1.9,8.3,13.3,true
wyndham,Wyndham,27260,2026-08-26T11:00:00+10:00,2026-08-26T01:00:00+00:00,-37.892783439531485,144.62955839780793,13.7,10.8,1,2,partly_cloudy,16.4,32.8,2.6,7.3,11.8,true
wyndham,Wyndham,27260,2026-08-26T12:00:00+10:00,2026-08-26T02:00:00+00:00,-37.892783439531485,144.62955839780793,13.9,11.0,2,2,partly_cloudy,15.2,33.1,2.9,7.5,12.1,true
wyndham,Wyndham,27260,2026-08-26T13:00:00+10:00,2026-08-26T03:00:00+00:00,-37.892783439531485,144.62955839780793,14.2,11.5,2,2,partly_cloudy,14.2,31.0,2.7,7.1,11.5,true
wyndham,Wyndham,27260,2026-08-26T14:00:00+10:00,2026-08-26T04:00:00+00:00,-37.892783439531485,144.62955839780793,14.3,11.5,2,1,mainly_clear,14.5,29.5,2.0,6.9,11.2,true
wyndham,Wyndham,27260,2026-08-26T15:00:00+10:00,2026-08-26T05:00:00+00:00,-37.892783439531485,144.62955839780793,14.1,11.4,1,2,partly_cloudy,14.3,29.5,1.15,7.0,11.3,true
wyndham,Wyndham,27260,2026-08-26T16:00:00+10:00,2026-08-26T06:00:00+00:00,-37.892783439531485,144.62955839780793,13.1,10.4,0,1,mainly_clear,14.4,28.8,0.5,7.1,11.5,true
wyndham,Wyndham,27260,2026-08-26T17:00:00+10:00,2026-08-26T07:00:00+00:00,-37.892783439531485,144.62955839780793,12.6,10.2,0,3,overcast,12.5,27.4,0.1,7.4,11.8,true
wyndham,Wyndham,27260,2026-08-26T18:00:00+10:00,2026-08-26T08:00:00+00:00,-37.892783439531485,144.62955839780793,11.5,9.2,0,2,partly_cloudy,10.7,21.6,0.0,8.5,12.6,true
wyndham,Wyndham,27260,2026-08-26T19:00:00+10:00,2026-08-26T09:00:00+00:00,-37.892783439531485,144.62955839780793,11.1,8.6,0,3,overcast,11.1,18.4,0.0,9.7,13.7,true
wyndham,Wyndham,27260,2026-08-26T20:00:00+10:00,2026-08-26T10:00:00+00:00,-37.892783439531485,144.62955839780793,10.9,8.5,0,3,overcast,10.1,18.7,0.0,10.4,14.3,true
wyndham,Wyndham,27260,2026-08-26T21:00:00+10:00,2026-08-26T11:00:00+00:00,-37.892783439531485,144.62955839780793,10.4,8.7,0,2,partly_cloudy,6.6,16.9,0.0,9.8,13.1,true
wyndham,Wyndham,27260,2026-08-26T22:00:00+10:00,2026-08-26T12:00:00+00:00,-37.892783439531485,144.62955839780793,9.0,7.3,0,3,overcast,6.5,10.8,0.0,9.9,13.1,true
wyndham,Wyndham,27260,2026-08-26T23:00:00+10:00,2026-08-26T13:00:00+00:00,-37.892783439531485,144.62955839780793,8.6,6.4,0,3,overcast,9.0,15.1,0.0,9.9,13.1,true
wyndham,Wyndham,27260,2026-08-27T00:00:00+10:00,2026-08-26T14:00:00+00:00,-37.892783439531485,144.62955839780793,7.7,5.3,0,1,mainly_clear,8.4,15.1,0.0,9.2,12.0,true
wyndham,Wyndham,27260,2026-08-27T01:00:00+10:00,2026-08-26T15:00:00+00:00,-37.892783439531485,144.62955839780793,6.9,4.5,0,0,clear_sky,7.8,14.0,0.0,8.4,11.1,true
wyndham,Wyndham,27260,2026-08-27T02:00:00+10:00,2026-08-26T16:00:00+00:00,-37.892783439531485,144.62955839780793,6.5,4.0,0,0,clear_sky,7.4,13.0,0.0,8.0,10.6,true
wyndham,Wyndham,27260,2026-08-27T03:00:00+10:00,2026-08-26T17:00:00+00:00,-37.892783439531485,144.62955839780793,6.0,3.6,0,1,mainly_clear,6.7,12.2,0.0,7.7,10.3,true
wyndham,Wyndham,27260,2026-08-27T04:00:00+10:00,2026-08-26T18:00:00+00:00,-37.892783439531485,144.62955839780793,5.8,3.3,0,1,mainly_clear,7.2,11.9,0.0,7.5,10.0,true
wyndham,Wyndham,27260,2026-08-27T05:00:00+10:00,2026-08-26T19:00:00+00:00,-37.892783439531485,144.62955839780793,5.5,3.1,0,0,clear_sky,6.2,11.9,0.0,7.4,9.9,true
wyndham,Wyndham,27260,2026-08-27T06:00:00+10:00,2026-08-26T20:00:00+00:00,-37.892783439531485,144.62955839780793,4.8,2.5,0,0,clear_sky,5.6,10.1,0.0,7.7,10.1,true
wyndham,Wyndham,27260,2026-08-27T07:00:00+10:00,2026-08-26T21:00:00+00:00,-37.892783439531485,144.62955839780793,4.3,1.9,0,0,clear_sky,5.2,8.6,0.05,9.8,12.0,true
wyndham,Wyndham,27260,2026-08-27T08:00:00+10:00,2026-08-26T22:00:00+00:00,-37.892783439531485,144.62955839780793,6.6,4.1,0,0,clear_sky,7.8,13.7,0.35,13.2,14.9,true
wyndham,Wyndham,27260,2026-08-27T09:00:00+10:00,2026-08-26T23:00:00+00:00,-37.892783439531485,144.62955839780793,9.9,8.3,0,0,clear_sky,5.2,14.0,1.1,9.6,12.1,true
wyndham,Wyndham,27260,2026-08-27T10:00:00+10:00,2026-08-27T00:00:00+00:00,-37.892783439531485,144.62955839780793,12.1,10.5,0,1,mainly_clear,4.9,14.8,2.25,8.7,12.8,true
wyndham,Wyndham,27260,2026-08-27T11:00:00+10:00,2026-08-27T01:00:00+00:00,-37.892783439531485,144.62955839780793,13.4,12.1,0,3,overcast,3.1,14.4,3.0,8.5,13.0,true
wyndham,Wyndham,27260,2026-08-27T12:00:00+10:00,2026-08-27T02:00:00+00:00,-37.892783439531485,144.62955839780793,14.3,13.5,0,2,partly_cloudy,2.3,13.0,3.3,8.3,12.7,true
wyndham,Wyndham,27260,2026-08-27T13:00:00+10:00,2026-08-27T03:00:00+00:00,-37.892783439531485,144.62955839780793,15.0,14.5,0,0,clear_sky,1.9,12.2,3.1,8.4,12.5,true
wyndham,Wyndham,27260,2026-08-27T14:00:00+10:00,2026-08-27T04:00:00+00:00,-37.892783439531485,144.62955839780793,15.4,14.6,0,0,clear_sky,2.6,11.9,2.3,8.5,12.5,true
wyndham,Wyndham,27260,2026-08-27T15:00:00+10:00,2026-08-27T05:00:00+00:00,-37.892783439531485,144.62955839780793,14.8,13.0,0,1,mainly_clear,8.2,19.8,1.4,8.5,12.3,true
wyndham,Wyndham,27260,2026-08-27T16:00:00+10:00,2026-08-27T06:00:00+00:00,-37.892783439531485,144.62955839780793,13.6,11.8,0,1,mainly_clear,9.6,22.7,0.55,8.1,11.7,true
wyndham,Wyndham,27260,2026-08-27T17:00:00+10:00,2026-08-27T07:00:00+00:00,-37.892783439531485,144.62955839780793,13.0,12.1,0,1,mainly_clear,4.7,20.5,0.15,9.3,12.6,true
wyndham,Wyndham,27260,2026-08-27T18:00:00+10:00,2026-08-27T08:00:00+00:00,-37.892783439531485,144.62955839780793,11.0,10.3,0,1,mainly_clear,2.3,9.7,0.0,12.4,15.5,true
wyndham,Wyndham,27260,2026-08-27T19:00:00+10:00,2026-08-27T09:00:00+00:00,-37.892783439531485,144.62955839780793,10.4,9.5,0,2,partly_cloudy,2.5,3.6,0.0,14.8,17.6,true
wyndham,Wyndham,27260,2026-08-27T20:00:00+10:00,2026-08-27T10:00:00+00:00,-37.892783439531485,144.62955839780793,9.4,8.0,0,3,overcast,4.2,5.4,0.0,16.7,19.3,true
wyndham,Wyndham,27260,2026-08-27T21:00:00+10:00,2026-08-27T11:00:00+00:00,-37.892783439531485,144.62955839780793,9.1,7.7,0,3,overcast,4.1,7.6,0.0,18.8,21.1,true
wyndham,Wyndham,27260,2026-08-27T22:00:00+10:00,2026-08-27T12:00:00+00:00,-37.892783439531485,144.62955839780793,9.6,7.9,0,3,overcast,6.6,10.4,0.0,19.3,21.3,true
wyndham,Wyndham,27260,2026-08-27T23:00:00+10:00,2026-08-27T13:00:00+00:00,-37.892783439531485,144.62955839780793,9.6,7.3,0,3,overcast,10.2,16.6,0.0,17.3,18.9,true
wyndham,Wyndham,27260,2026-08-28T00:00:00+10:00,2026-08-27T14:00:00+00:00,-37.892783439531485,144.62955839780793,8.5,5.9,0,2,partly_cloudy,11.2,18.7,0.0,14.3,15.8,true
wyndham,Wyndham,27260,2026-08-28T01:00:00+10:00,2026-08-27T15:00:00+00:00,-37.892783439531485,144.62955839780793,7.6,4.9,0,1,mainly_clear,10.4,18.7,0.0,11.8,13.2,true
wyndham,Wyndham,27260,2026-08-28T02:00:00+10:00,2026-08-27T16:00:00+00:00,-37.892783439531485,144.62955839780793,6.7,3.8,0,2,partly_cloudy,11.2,18.7,0.0,9.6,10.9,true
wyndham,Wyndham,27260,2026-08-28T03:00:00+10:00,2026-08-27T17:00:00+00:00,-37.892783439531485,144.62955839780793,6.9,4.1,0,2,partly_cloudy,10.8,19.1,0.0,7.5,8.6,true
wyndham,Wyndham,27260,2026-08-28T04:00:00+10:00,2026-08-27T18:00:00+00:00,-37.892783439531485,144.62955839780793,7.1,4.1,0,0,clear_sky,11.6,18.7,0.0,5.8,6.9,true
wyndham,Wyndham,27260,2026-08-28T05:00:00+10:00,2026-08-27T19:00:00+00:00,-37.892783439531485,144.62955839780793,7.2,4.2,0,0,clear_sky,11.8,20.2,0.0,4.9,6.0,true
wyndham,Wyndham,27260,2026-08-28T06:00:00+10:00,2026-08-27T20:00:00+00:00,-37.892783439531485,144.62955839780793,6.9,4.0,0,0,clear_sky,10.9,19.8,0.0,4.5,5.7,true
wyndham,Wyndham,27260,2026-08-28T07:00:00+10:00,2026-08-27T21:00:00+00:00,-37.892783439531485,144.62955839780793,6.7,4.1,0,0,clear_sky,8.6,18.0,0.0,5.4,6.7,true
wyndham,Wyndham,27260,2026-08-28T08:00:00+10:00,2026-08-27T22:00:00+00:00,-37.892783439531485,144.62955839780793,9.0,6.6,1,0,clear_sky,8.9,14.0,0.15,6.9,8.5,true
wyndham,Wyndham,27260,2026-08-28T09:00:00+10:00,2026-08-27T23:00:00+00:00,-37.892783439531485,144.62955839780793,12.1,10.4,2,1,mainly_clear,6.4,15.1,0.5,8.7,10.4,true
wyndham,Wyndham,27260,2026-08-28T10:00:00+10:00,2026-08-28T00:00:00+00:00,-37.892783439531485,144.62955839780793,14.5,12.9,4,3,overcast,6.7,15.5,1.25,6.8,8.5,true
wyndham,Wyndham,27260,2026-08-28T11:00:00+10:00,2026-08-28T01:00:00+00:00,-37.892783439531485,144.62955839780793,15.1,13.1,5,3,overcast,10.7,20.9,2.3,5.4,7.1,true
wyndham,Wyndham,27260,2026-08-28T12:00:00+10:00,2026-08-28T02:00:00+00:00,-37.892783439531485,144.62955839780793,16.0,14.0,7,3,overcast,12.6,25.2,2.7,5.1,7.1,true
wyndham,Wyndham,27260,2026-08-28T13:00:00+10:00,2026-08-28T03:00:00+00:00,-37.892783439531485,144.62955839780793,16.3,13.9,12,3,overcast,16.0,31.0,3.05,6.3,9.4,true
wyndham,Wyndham,27260,2026-08-28T14:00:00+10:00,2026-08-28T04:00:00+00:00,-37.892783439531485,144.62955839780793,14.3,12.7,26,51,light_drizzle,14.3,30.6,2.4,7.9,12.3,true
wyndham,Wyndham,27260,2026-08-28T15:00:00+10:00,2026-08-28T05:00:00+00:00,-37.892783439531485,144.62955839780793,14.1,12.9,44,51,light_drizzle,12.7,26.3,1.55,10.0,15.8,true
wyndham,Wyndham,27260,2026-08-28T16:00:00+10:00,2026-08-28T06:00:00+00:00,-37.892783439531485,144.62955839780793,14.4,13.6,53,51,light_drizzle,8.9,23.0,0.65,11.0,17.6,true
wyndham,Wyndham,27260,2026-08-28T17:00:00+10:00,2026-08-28T07:00:00+00:00,-37.892783439531485,144.62955839780793,13.8,12.9,47,51,light_drizzle,10.1,18.4,0.15,12.2,19.4,true
wyndham,Wyndham,27260,2026-08-28T18:00:00+10:00,2026-08-28T08:00:00+00:00,-37.892783439531485,144.62955839780793,12.6,11.8,33,51,light_drizzle,8.5,18.0,0.0,14.2,21.7,true
wyndham,Wyndham,27260,2026-08-28T19:00:00+10:00,2026-08-28T09:00:00+00:00,-37.892783439531485,144.62955839780793,11.3,10.9,20,1,mainly_clear,4.2,13.7,0.0,15.5,22.2,true
wyndham,Wyndham,27260,2026-08-28T20:00:00+10:00,2026-08-28T10:00:00+00:00,-37.892783439531485,144.62955839780793,10.5,9.6,12,1,mainly_clear,5.4,7.2,0.0,17.2,24.0,true
wyndham,Wyndham,27260,2026-08-28T21:00:00+10:00,2026-08-28T11:00:00+00:00,-37.892783439531485,144.62955839780793,10.4,9.6,6,1,mainly_clear,4.6,7.6,0.0,18.0,24.6,true
wyndham,Wyndham,27260,2026-08-28T22:00:00+10:00,2026-08-28T12:00:00+00:00,-37.892783439531485,144.62955839780793,9.4,8.5,2,1,mainly_clear,4.4,6.5,0.0,18.1,24.2,true
wyndham,Wyndham,27260,2026-08-28T23:00:00+10:00,2026-08-28T13:00:00+00:00,-37.892783439531485,144.62955839780793,8.7,7.6,0,2,partly_cloudy,4.6,8.3,0.0,17.6,23.3,true
wyndham,Wyndham,27260,2026-08-29T00:00:00+10:00,2026-08-28T14:00:00+00:00,-37.892783439531485,144.62955839780793,8.7,7.7,0,3,overcast,3.6,8.3,0.0,17.2,22.5,true
wyndham,Wyndham,27260,2026-08-29T01:00:00+10:00,2026-08-28T15:00:00+00:00,-37.892783439531485,144.62955839780793,8.6,7.4,0,3,overcast,5.0,7.9,0.0,16.4,21.2,true
wyndham,Wyndham,27260,2026-08-29T02:00:00+10:00,2026-08-28T16:00:00+00:00,-37.892783439531485,144.62955839780793,9.1,7.7,0,3,overcast,7.4,13.0,0.0,14.8,19.2,true
wyndham,Wyndham,27260,2026-08-29T03:00:00+10:00,2026-08-28T17:00:00+00:00,-37.892783439531485,144.62955839780793,9.0,7.5,0,3,overcast,8.3,14.0,0.0,12.9,16.6,true
wyndham,Wyndham,27260,2026-08-29T04:00:00+10:00,2026-08-28T18:00:00+00:00,-37.892783439531485,144.62955839780793,8.6,7.0,0,2,partly_cloudy,7.9,14.0,0.0,10.6,13.9,true
wyndham,Wyndham,27260,2026-08-29T05:00:00+10:00,2026-08-28T19:00:00+00:00,-37.892783439531485,144.62955839780793,7.4,5.5,0,1,mainly_clear,7.5,13.7,0.0,9.1,12.2,true
wyndham,Wyndham,27260,2026-08-29T06:00:00+10:00,2026-08-28T20:00:00+00:00,-37.892783439531485,144.62955839780793,6.4,4.2,0,2,partly_cloudy,8.6,14.4,0.0,8.3,11.2,true
wyndham,Wyndham,27260,2026-08-29T07:00:00+10:00,2026-08-28T21:00:00+00:00,-37.892783439531485,144.62955839780793,6.0,3.6,0,3,overcast,9.0,15.5,0.05,8.6,11.2,true
wyndham,Wyndham,27260,2026-08-29T08:00:00+10:00,2026-08-28T22:00:00+00:00,-37.892783439531485,144.62955839780793,6.8,4.4,0,3,overcast,10.7,18.4,0.3,9.5,12.0,true
wyndham,Wyndham,27260,2026-08-29T09:00:00+10:00,2026-08-28T23:00:00+00:00,-37.892783439531485,144.62955839780793,8.7,6.6,0,3,overcast,10.1,21.2,0.8,9.2,12.7,true
wyndham,Wyndham,27260,2026-08-29T10:00:00+10:00,2026-08-29T00:00:00+00:00,-37.892783439531485,144.62955839780793,10.7,9.0,0,2,partly_cloudy,9.6,22.0,1.45,10.8,16.5,true
wyndham,Wyndham,27260,2026-08-29T11:00:00+10:00,2026-08-29T01:00:00+00:00,-37.892783439531485,144.62955839780793,12.3,10.2,1,2,partly_cloudy,10.8,24.1,1.75,11.2,17.9,true
wyndham,Wyndham,27260,2026-08-29T12:00:00+10:00,2026-08-29T02:00:00+00:00,-37.892783439531485,144.62955839780793,12.9,10.5,2,3,overcast,10.8,24.5,1.65,11.4,18.3,true
wyndham,Wyndham,27260,2026-08-29T13:00:00+10:00,2026-08-29T03:00:00+00:00,-37.892783439531485,144.62955839780793,13.3,11.0,2,3,overcast,10.6,24.1,1.65,13.7,21.9,true
wyndham,Wyndham,27260,2026-08-29T14:00:00+10:00,2026-08-29T04:00:00+00:00,-37.892783439531485,144.62955839780793,13.4,10.7,2,3,overcast,13.0,27.0,1.25,13.4,21.2,true
wyndham,Wyndham,27260,2026-08-29T15:00:00+10:00,2026-08-29T05:00:00+00:00,-37.892783439531485,144.62955839780793,13.1,10.5,1,3,overcast,12.6,27.4,0.75,16.3,25.8,true
wyndham,Wyndham,27260,2026-08-29T16:00:00+10:00,2026-08-29T06:00:00+00:00,-37.892783439531485,144.62955839780793,12.6,10.5,0,3,overcast,10.2,25.2,0.35,15.7,24.7,true
wyndham,Wyndham,27260,2026-08-29T17:00:00+10:00,2026-08-29T07:00:00+00:00,-37.892783439531485,144.62955839780793,12.2,10.8,0,3,overcast,6.5,20.2,0.1,15.9,25.0,true
wyndham,Wyndham,27260,2026-08-29T18:00:00+10:00,2026-08-29T08:00:00+00:00,-37.892783439531485,144.62955839780793,11.3,10.9,0,1,mainly_clear,0.3,11.9,0.0,16.1,24.9,true
wyndham,Wyndham,27260,2026-08-29T19:00:00+10:00,2026-08-29T09:00:00+00:00,-37.892783439531485,144.62955839780793,10.0,9.1,0,3,overcast,2.1,2.5,0.0,15.1,22.5,true
wyndham,Wyndham,27260,2026-08-29T20:00:00+10:00,2026-08-29T10:00:00+00:00,-37.892783439531485,144.62955839780793,10.8,9.9,0,3,overcast,3.2,5.4,0.0,14.1,20.5,true
wyndham,Wyndham,27260,2026-08-29T21:00:00+10:00,2026-08-29T11:00:00+00:00,-37.892783439531485,144.62955839780793,10.5,8.8,0,2,partly_cloudy,8.0,12.6,0.0,12.7,18.2,true
wyndham,Wyndham,27260,2026-08-29T22:00:00+10:00,2026-08-29T12:00:00+00:00,-37.892783439531485,144.62955839780793,9.4,7.1,0,3,overcast,11.0,18.4,0.0,11.0,15.5,true
wyndham,Wyndham,27260,2026-08-29T23:00:00+10:00,2026-08-29T13:00:00+00:00,-37.892783439531485,144.62955839780793,9.4,7.1,0,3,overcast,10.3,19.4,0.0,10.1,14.3,true
wyndham,Wyndham,27260,2026-08-30T00:00:00+10:00,2026-08-29T14:00:00+00:00,-37.892783439531485,144.62955839780793,9.1,6.9,0,2,partly_cloudy,9.6,17.6,0.0,9.0,12.8,true
wyndham,Wyndham,27260,2026-08-30T01:00:00+10:00,2026-08-29T15:00:00+00:00,-37.892783439531485,144.62955839780793,8.4,6.3,0,1,mainly_clear,9.2,16.2,0.0,8.6,12.5,true
wyndham,Wyndham,27260,2026-08-30T02:00:00+10:00,2026-08-29T16:00:00+00:00,-37.892783439531485,144.62955839780793,8.1,5.9,0,0,clear_sky,9.4,15.8,0.0,8.3,12.3,true
wyndham,Wyndham,27260,2026-08-30T03:00:00+10:00,2026-08-29T17:00:00+00:00,-37.892783439531485,144.62955839780793,7.5,5.3,0,0,clear_sky,9.0,15.8,0.0,7.8,11.6,true
wyndham,Wyndham,27260,2026-08-30T04:00:00+10:00,2026-08-29T18:00:00+00:00,-37.892783439531485,144.62955839780793,7.2,4.8,0,0,clear_sky,9.5,15.1,0.0,7.3,10.9,true
wyndham,Wyndham,27260,2026-08-30T05:00:00+10:00,2026-08-29T19:00:00+00:00,-37.892783439531485,144.62955839780793,6.8,4.4,0,0,clear_sky,9.9,15.5,0.0,6.9,10.4,true
wyndham,Wyndham,27260,2026-08-30T06:00:00+10:00,2026-08-29T20:00:00+00:00,-37.892783439531485,144.62955839780793,6.6,4.1,0,0,clear_sky,10.6,16.6,0.0,7.0,10.4,true
wyndham,Wyndham,27260,2026-08-30T07:00:00+10:00,2026-08-29T21:00:00+00:00,-37.892783439531485,144.62955839780793,7.1,4.5,0,0,clear_sky,11.0,18.0,0.0,7.7,11.2,true
wyndham,Wyndham,27260,2026-08-30T08:00:00+10:00,2026-08-29T22:00:00+00:00,-37.892783439531485,144.62955839780793,8.7,6.3,0,1,mainly_clear,11.0,20.5,0.2,8.8,12.3,true
wyndham,Wyndham,27260,2026-08-30T09:00:00+10:00,2026-08-29T23:00:00+00:00,-37.892783439531485,144.62955839780793,10.9,8.7,0,2,partly_cloudy,11.7,23.4,0.65,9.9,14.6,true
wyndham,Wyndham,27260,2026-08-30T10:00:00+10:00,2026-08-30T00:00:00+00:00,-37.892783439531485,144.62955839780793,12.7,10.6,0,3,overcast,12.3,25.6,1.4,11.1,17.2,true
wyndham,Wyndham,27260,2026-08-30T11:00:00+10:00,2026-08-30T01:00:00+00:00,-37.892783439531485,144.62955839780793,13.5,11.6,0,3,overcast,11.3,26.3,2.1,11.1,17.5,true
wyndham,Wyndham,27260,2026-08-30T12:00:00+10:00,2026-08-30T02:00:00+00:00,-37.892783439531485,144.62955839780793,13.9,12.2,0,3,overcast,9.2,26.6,2.5,11.2,17.5,true
wyndham,Wyndham,27260,2026-08-30T13:00:00+10:00,2026-08-30T03:00:00+00:00,-37.892783439531485,144.62955839780793,14.1,12.6,0,3,overcast,7.7,25.9,2.55,10.3,16.0,true
wyndham,Wyndham,27260,2026-08-30T14:00:00+10:00,2026-08-30T04:00:00+00:00,-37.892783439531485,144.62955839780793,14.3,12.9,0,3,overcast,7.3,24.1,2.2,9.7,15.0,true
wyndham,Wyndham,27260,2026-08-30T15:00:00+10:00,2026-08-30T05:00:00+00:00,-37.892783439531485,144.62955839780793,14.3,12.9,0,3,overcast,7.5,22.0,1.25,9.8,15.1,true
wyndham,Wyndham,27260,2026-08-30T16:00:00+10:00,2026-08-30T06:00:00+00:00,-37.892783439531485,144.62955839780793,14.1,12.7,0,3,overcast,7.1,19.8,0.55,10.1,15.5,true
wyndham,Wyndham,27260,2026-08-30T17:00:00+10:00,2026-08-30T07:00:00+00:00,-37.892783439531485,144.62955839780793,13.4,12.3,0,3,overcast,5.8,18.7,0.1,10.4,15.9,true
wyndham,Wyndham,27260,2026-08-30T18:00:00+10:00,2026-08-30T08:00:00+00:00,-37.892783439531485,144.62955839780793,12.4,11.7,0,3,overcast,4.3,17.6,0.0,11.6,17.2,true
wyndham,Wyndham,27260,2026-08-30T19:00:00+10:00,2026-08-30T09:00:00+00:00,-37.892783439531485,144.62955839780793,11.6,11.1,0,3,overcast,3.1,15.8,0.0,11.2,16.0,true
wyndham,Wyndham,27260,2026-08-30T20:00:00+10:00,2026-08-30T10:00:00+00:00,-37.892783439531485,144.62955839780793,11.0,10.6,0,3,overcast,2.0,12.6,0.0,10.6,14.9,true
wyndham,Wyndham,27260,2026-08-30T21:00:00+10:00,2026-08-30T11:00:00+00:00,-37.892783439531485,144.62955839780793,10.5,10.1,0,3,overcast,1.9,8.3,0.0,10.9,15.2,true
wyndham,Wyndham,27260,2026-08-30T22:00:00+10:00,2026-08-30T12:00:00+00:00,-37.892783439531485,144.62955839780793,10.2,9.5,0,3,overcast,2.9,5.8,0.0,11.8,16.4,true
wyndham,Wyndham,27260,2026-08-30T23:00:00+10:00,2026-08-30T13:00:00+00:00,-37.892783439531485,144.62955839780793,10.0,9.2,0,3,overcast,3.7,5.4,,,,false
wyndham,Wyndham,27260,2026-08-31T00:00:00+10:00,2026-08-30T14:00:00+00:00,-37.892783439531485,144.62955839780793,10.0,9.1,0,3,overcast,4.4,6.8,,,,false
wyndham,Wyndham,27260,2026-08-31T01:00:00+10:00,2026-08-30T15:00:00+00:00,-37.892783439531485,144.62955839780793,9.9,8.9,0,3,overcast,5.0,8.3,,,,false
wyndham,Wyndham,27260,2026-08-31T02:00:00+10:00,2026-08-30T16:00:00+00:00,-37.892783439531485,144.62955839780793,9.4,8.2,0,3,overcast,5.6,10.4,,,,false
wyndham,Wyndham,27260,2026-08-31T03:00:00+10:00,2026-08-30T17:00:00+00:00,-37.892783439531485,144.62955839780793,8.9,7.4,0,3,overcast,6.7,13.0,,,,false
wyndham,Wyndham,27260,2026-08-31T04:00:00+10:00,2026-08-30T18:00:00+00:00,-37.892783439531485,144.62955839780793,8.5,6.8,0,3,overcast,7.5,14.4,,,,false
wyndham,Wyndham,27260,2026-08-31T05:00:00+10:00,2026-08-30T19:00:00+00:00,-37.892783439531485,144.62955839780793,8.3,6.6,0,3,overcast,7.5,14.4,,,,false
wyndham,Wyndham,27260,2026-08-31T06:00:00+10:00,2026-08-30T20:00:00+00:00,-37.892783439531485,144.62955839780793,8.4,6.7,0,3,overcast,7.0,13.3,,,,false
wyndham,Wyndham,27260,2026-08-31T07:00:00+10:00,2026-08-30T21:00:00+00:00,-37.892783439531485,144.62955839780793,8.8,7.2,0,3,overcast,6.4,12.6,,,,false
wyndham,Wyndham,27260,2026-08-31T08:00:00+10:00,2026-08-30T22:00:00+00:00,-37.892783439531485,144.62955839780793,9.8,8.3,0,3,overcast,5.7,13.3,,,,false
wyndham,Wyndham,27260,2026-08-31T09:00:00+10:00,2026-08-30T23:00:00+00:00,-37.892783439531485,144.62955839780793,11.1,9.6,0,3,overcast,5.9,14.0,,,,false
wyndham,Wyndham,27260,2026-08-31T10:00:00+10:00,2026-08-31T00:00:00+00:00,-37.892783439531485,144.62955839780793,12.3,11.1,0,3,overcast,5.5,15.1,,,,false
wyndham,Wyndham,27260,2026-08-31T11:00:00+10:00,2026-08-31T01:00:00+00:00,-37.892783439531485,144.62955839780793,13.6,12.9,0,2,partly_cloudy,2.5,15.5,,,,false
wyndham,Wyndham,27260,2026-08-31T12:00:00+10:00,2026-08-31T02:00:00+00:00,-37.892783439531485,144.62955839780793,14.8,14.5,0,1,mainly_clear,2.3,15.8,,,,false
wyndham,Wyndham,27260,2026-08-31T13:00:00+10:00,2026-08-31T03:00:00+00:00,-37.892783439531485,144.62955839780793,15.5,15.2,0,0,clear_sky,5.9,16.9,,,,false
wyndham,Wyndham,27260,2026-08-31T14:00:00+10:00,2026-08-31T04:00:00+00:00,-37.892783439531485,144.62955839780793,15.5,15.0,0,0,clear_sky,7.7,20.5,,,,false
wyndham,Wyndham,27260,2026-08-31T15:00:00+10:00,2026-08-31T05:00:00+00:00,-37.892783439531485,144.62955839780793,15.0,13.8,0,0,clear_sky,8.5,24.8,,,,false
wyndham,Wyndham,27260,2026-08-31T16:00:00+10:00,2026-08-31T06:00:00+00:00,-37.892783439531485,144.62955839780793,14.3,13.0,0,0,clear_sky,8.1,27.4,,,,false
wyndham,Wyndham,27260,2026-08-31T17:00:00+10:00,2026-08-31T07:00:00+00:00,-37.892783439531485,144.62955839780793,13.2,12.2,0,0,clear_sky,5.9,25.6,,,,false
wyndham,Wyndham,27260,2026-08-31T18:00:00+10:00,2026-08-31T08:00:00+00:00,-37.892783439531485,144.62955839780793,11.8,11.1,0,0,clear_sky,3.1,22.0,,,,false
wyndham,Wyndham,27260,2026-08-31T19:00:00+10:00,2026-08-31T09:00:00+00:00,-37.892783439531485,144.62955839780793,10.6,9.8,0,0,clear_sky,3.6,18.4,,,,false
wyndham,Wyndham,27260,2026-08-31T20:00:00+10:00,2026-08-31T10:00:00+00:00,-37.892783439531485,144.62955839780793,9.6,8.5,0,0,clear_sky,5.2,16.2,,,,false
wyndham,Wyndham,27260,2026-08-31T21:00:00+10:00,2026-08-31T11:00:00+00:00,-37.892783439531485,144.62955839780793,8.8,7.3,0,1,mainly_clear,7.0,14.0,,,,false
wyndham,Wyndham,27260,2026-08-31T22:00:00+10:00,2026-08-31T12:00:00+00:00,-37.892783439531485,144.62955839780793,8.4,6.6,0,1,mainly_clear,8.6,13.3,,,,false
wyndham,Wyndham,27260,2026-08-31T23:00:00+10:00,2026-08-31T13:00:00+00:00,-37.892783439531485,144.62955839780793,8.8,6.9,0,1,mainly_clear,9.7,14.0,,,,false
wyndham,Wyndham,27260,2026-09-01T00:00:00+10:00,2026-08-31T14:00:00+00:00,-37.892783439531485,144.62955839780793,9.7,7.8,0,1,mainly_clear,10.5,15.5,,,,false
wyndham,Wyndham,27260,2026-09-01T01:00:00+10:00,2026-08-31T15:00:00+00:00,-37.892783439531485,144.62955839780793,10.5,8.6,0,1,mainly_clear,11.6,18.0,,,,false
wyndham,Wyndham,27260,2026-09-01T02:00:00+10:00,2026-08-31T16:00:00+00:00,-37.892783439531485,144.62955839780793,11.1,9.1,0,1,mainly_clear,13.3,22.0,,,,false
wyndham,Wyndham,27260,2026-09-01T03:00:00+10:00,2026-08-31T17:00:00+00:00,-37.892783439531485,144.62955839780793,11.8,9.5,0,2,partly_cloudy,15.5,26.3,,,,false
wyndham,Wyndham,27260,2026-09-01T04:00:00+10:00,2026-08-31T18:00:00+00:00,-37.892783439531485,144.62955839780793,12.2,9.8,0,1,mainly_clear,16.9,29.5,,,,false
wyndham,Wyndham,27260,2026-09-01T05:00:00+10:00,2026-08-31T19:00:00+00:00,-37.892783439531485,144.62955839780793,12.1,9.6,0,1,mainly_clear,17.3,29.5,,,,false
wyndham,Wyndham,27260,2026-09-01T06:00:00+10:00,2026-08-31T20:00:00+00:00,-37.892783439531485,144.62955839780793,11.8,9.3,1,1,mainly_clear,17.0,28.4,,,,false
wyndham,Wyndham,27260,2026-09-01T07:00:00+10:00,2026-08-31T21:00:00+00:00,-37.892783439531485,144.62955839780793,11.9,9.3,2,0,clear_sky,17.3,28.4,,,,false
wyndham,Wyndham,27260,2026-09-01T08:00:00+10:00,2026-08-31T22:00:00+00:00,-37.892783439531485,144.62955839780793,14.3,11.6,3,1,mainly_clear,20.6,35.6,,,,false
wyndham,Wyndham,27260,2026-09-01T09:00:00+10:00,2026-08-31T23:00:00+00:00,-37.892783439531485,144.62955839780793,14.8,12.0,5,2,partly_cloudy,21.2,37.4,,,,false
wyndham,Wyndham,27260,2026-09-01T10:00:00+10:00,2026-09-01T00:00:00+00:00,-37.892783439531485,144.62955839780793,15.3,12.4,8,2,partly_cloudy,21.5,39.6,,,,false
wyndham,Wyndham,27260,2026-09-01T11:00:00+10:00,2026-09-01T01:00:00+00:00,-37.892783439531485,144.62955839780793,15.9,12.9,13,2,partly_cloudy,21.6,42.5,,,,false
wyndham,Wyndham,27260,2026-09-01T12:00:00+10:00,2026-09-01T02:00:00+00:00,-37.892783439531485,144.62955839780793,16.6,13.5,20,2,partly_cloudy,21.8,46.4,,,,false
wyndham,Wyndham,27260,2026-09-01T13:00:00+10:00,2026-09-01T03:00:00+00:00,-37.892783439531485,144.62955839780793,17.3,14.0,27,3,overcast,22.4,50.4,,,,false
wyndham,Wyndham,27260,2026-09-01T14:00:00+10:00,2026-09-01T04:00:00+00:00,-37.892783439531485,144.62955839780793,17.9,14.2,34,3,overcast,23.4,54.0,,,,false
wyndham,Wyndham,27260,2026-09-01T15:00:00+10:00,2026-09-01T05:00:00+00:00,-37.892783439531485,144.62955839780793,18.1,14.3,41,3,overcast,24.1,56.9,,,,false
wyndham,Wyndham,27260,2026-09-01T16:00:00+10:00,2026-09-01T06:00:00+00:00,-37.892783439531485,144.62955839780793,18.0,14.1,47,3,overcast,24.0,58.7,,,,false
wyndham,Wyndham,27260,2026-09-01T17:00:00+10:00,2026-09-01T07:00:00+00:00,-37.892783439531485,144.62955839780793,17.4,13.7,52,53,moderate_drizzle,22.7,59.0,,,,false
wyndham,Wyndham,27260,2026-09-01T18:00:00+10:00,2026-09-01T08:00:00+00:00,-37.892783439531485,144.62955839780793,16.2,12.9,57,53,moderate_drizzle,20.5,58.3,,,,false
wyndham,Wyndham,27260,2026-09-01T19:00:00+10:00,2026-09-01T09:00:00+00:00,-37.892783439531485,144.62955839780793,14.8,11.8,60,53,moderate_drizzle,18.7,56.5,,,,false
wyndham,Wyndham,27260,2026-09-01T20:00:00+10:00,2026-09-01T10:00:00+00:00,-37.892783439531485,144.62955839780793,13.4,10.4,63,53,moderate_drizzle,18.2,54.7,,,,false
wyndham,Wyndham,27260,2026-09-01T21:00:00+10:00,2026-09-01T11:00:00+00:00,-37.892783439531485,144.62955839780793,12.0,9.0,64,53,moderate_drizzle,18.6,52.2,,,,false
wyndham,Wyndham,27260,2026-09-01T22:00:00+10:00,2026-09-01T12:00:00+00:00,-37.892783439531485,144.62955839780793,11.0,7.9,63,53,moderate_drizzle,19.2,50.0,,,,false
wyndham,Wyndham,27260,2026-09-01T23:00:00+10:00,2026-09-01T13:00:00+00:00,-37.892783439531485,144.62955839780793,10.2,7.0,58,0,clear_sky,18.9,47.5,,,,false
yarra,Yarra,27350,2026-08-26T00:00:00+10:00,2026-08-25T14:00:00+00:00,-37.82087173297317,145.00338351417753,12.0,9.3,74,53,moderate_drizzle,19.3,37.4,0.0,3.8,5.5,true
yarra,Yarra,27350,2026-08-26T01:00:00+10:00,2026-08-25T15:00:00+00:00,-37.82087173297317,145.00338351417753,11.8,9.3,100,51,light_drizzle,17.6,38.9,0.0,3.9,6.0,true
yarra,Yarra,27350,2026-08-26T02:00:00+10:00,2026-08-25T16:00:00+00:00,-37.82087173297317,145.00338351417753,11.8,9.2,89,51,light_drizzle,17.3,33.8,0.0,4.4,7.0,true
yarra,Yarra,27350,2026-08-26T03:00:00+10:00,2026-08-25T17:00:00+00:00,-37.82087173297317,145.00338351417753,11.7,9.1,62,51,light_drizzle,16.4,33.8,0.0,4.9,7.8,true
yarra,Yarra,27350,2026-08-26T04:00:00+10:00,2026-08-25T18:00:00+00:00,-37.82087173297317,145.00338351417753,11.2,8.7,37,1,mainly_clear,14.0,32.0,0.0,5.1,8.1,true
yarra,Yarra,27350,2026-08-26T05:00:00+10:00,2026-08-25T19:00:00+00:00,-37.82087173297317,145.00338351417753,10.6,8.2,22,2,partly_cloudy,13.1,27.0,0.0,5.3,8.4,true
yarra,Yarra,27350,2026-08-26T06:00:00+10:00,2026-08-25T20:00:00+00:00,-37.82087173297317,145.00338351417753,10.0,8.0,10,1,mainly_clear,11.1,25.2,0.0,5.4,8.4,true
yarra,Yarra,27350,2026-08-26T07:00:00+10:00,2026-08-25T21:00:00+00:00,-37.82087173297317,145.00338351417753,9.6,7.6,2,1,mainly_clear,10.4,21.2,0.05,5.9,8.7,true
yarra,Yarra,27350,2026-08-26T08:00:00+10:00,2026-08-25T22:00:00+00:00,-37.82087173297317,145.00338351417753,10.0,8.1,0,1,mainly_clear,9.9,21.6,0.35,6.5,9.5,true
yarra,Yarra,27350,2026-08-26T09:00:00+10:00,2026-08-25T23:00:00+00:00,-37.82087173297317,145.00338351417753,11.0,9.1,0,0,clear_sky,10.3,24.1,1.0,6.5,9.9,true
yarra,Yarra,27350,2026-08-26T10:00:00+10:00,2026-08-26T00:00:00+00:00,-37.82087173297317,145.00338351417753,12.5,10.2,0,0,clear_sky,13.2,29.5,1.9,7.9,12.5,true
yarra,Yarra,27350,2026-08-26T11:00:00+10:00,2026-08-26T01:00:00+00:00,-37.82087173297317,145.00338351417753,13.3,10.8,3,51,light_drizzle,14.1,34.6,2.8,7.3,11.7,true
yarra,Yarra,27350,2026-08-26T12:00:00+10:00,2026-08-26T02:00:00+00:00,-37.82087173297317,145.00338351417753,13.7,11.1,6,1,mainly_clear,16.0,38.9,2.95,8.0,12.9,true
yarra,Yarra,27350,2026-08-26T13:00:00+10:00,2026-08-26T03:00:00+00:00,-37.82087173297317,145.00338351417753,13.9,10.9,8,1,mainly_clear,16.5,40.7,2.65,7.3,11.9,true
yarra,Yarra,27350,2026-08-26T14:00:00+10:00,2026-08-26T04:00:00+00:00,-37.82087173297317,145.00338351417753,13.9,11.1,6,1,mainly_clear,16.5,40.3,2.0,7.1,11.5,true
yarra,Yarra,27350,2026-08-26T15:00:00+10:00,2026-08-26T05:00:00+00:00,-37.82087173297317,145.00338351417753,13.6,10.7,3,0,clear_sky,15.5,39.6,1.15,7.0,11.3,true
yarra,Yarra,27350,2026-08-26T16:00:00+10:00,2026-08-26T06:00:00+00:00,-37.82087173297317,145.00338351417753,13.3,10.5,0,1,mainly_clear,14.8,37.1,0.5,7.2,11.5,true
yarra,Yarra,27350,2026-08-26T17:00:00+10:00,2026-08-26T07:00:00+00:00,-37.82087173297317,145.00338351417753,12.9,10.2,0,1,mainly_clear,13.7,34.2,0.1,7.6,11.8,true
yarra,Yarra,27350,2026-08-26T18:00:00+10:00,2026-08-26T08:00:00+00:00,-37.82087173297317,145.00338351417753,12.1,9.7,0,2,partly_cloudy,12.1,28.8,0.0,9.2,13.4,true
yarra,Yarra,27350,2026-08-26T19:00:00+10:00,2026-08-26T09:00:00+00:00,-37.82087173297317,145.00338351417753,12.1,9.7,0,3,overcast,12.2,24.5,0.0,11.3,15.5,true
yarra,Yarra,27350,2026-08-26T20:00:00+10:00,2026-08-26T10:00:00+00:00,-37.82087173297317,145.00338351417753,11.8,9.6,0,3,overcast,11.0,23.4,0.0,12.5,16.8,true
yarra,Yarra,27350,2026-08-26T21:00:00+10:00,2026-08-26T11:00:00+00:00,-37.82087173297317,145.00338351417753,11.6,9.6,0,3,overcast,9.7,20.9,0.0,12.4,16.3,true
yarra,Yarra,27350,2026-08-26T22:00:00+10:00,2026-08-26T12:00:00+00:00,-37.82087173297317,145.00338351417753,11.5,9.7,0,3,overcast,8.2,18.4,0.0,12.8,16.7,true
yarra,Yarra,27350,2026-08-26T23:00:00+10:00,2026-08-26T13:00:00+00:00,-37.82087173297317,145.00338351417753,11.1,9.8,0,2,partly_cloudy,5.2,15.1,0.0,13.3,17.2,true
yarra,Yarra,27350,2026-08-27T00:00:00+10:00,2026-08-26T14:00:00+00:00,-37.82087173297317,145.00338351417753,10.3,9.5,0,3,overcast,1.8,9.7,0.0,13.6,17.6,true
yarra,Yarra,27350,2026-08-27T01:00:00+10:00,2026-08-26T15:00:00+00:00,-37.82087173297317,145.00338351417753,9.9,8.9,0,1,mainly_clear,2.4,4.3,0.0,13.6,17.6,true
yarra,Yarra,27350,2026-08-27T02:00:00+10:00,2026-08-26T16:00:00+00:00,-37.82087173297317,145.00338351417753,9.1,7.8,0,1,mainly_clear,4.5,8.3,0.0,13.6,17.7,true
yarra,Yarra,27350,2026-08-27T03:00:00+10:00,2026-08-26T17:00:00+00:00,-37.82087173297317,145.00338351417753,8.4,6.9,0,1,mainly_clear,4.7,9.4,0.0,13.5,17.7,true
yarra,Yarra,27350,2026-08-27T04:00:00+10:00,2026-08-26T18:00:00+00:00,-37.82087173297317,145.00338351417753,7.9,6.3,0,0,clear_sky,4.8,9.0,0.0,13.2,17.5,true
yarra,Yarra,27350,2026-08-27T05:00:00+10:00,2026-08-26T19:00:00+00:00,-37.82087173297317,145.00338351417753,7.7,6.0,0,0,clear_sky,4.6,10.1,0.0,13.0,17.2,true
yarra,Yarra,27350,2026-08-27T06:00:00+10:00,2026-08-26T20:00:00+00:00,-37.82087173297317,145.00338351417753,7.2,5.4,0,0,clear_sky,4.1,9.4,0.0,13.4,17.5,true
yarra,Yarra,27350,2026-08-27T07:00:00+10:00,2026-08-26T21:00:00+00:00,-37.82087173297317,145.00338351417753,6.5,4.7,0,0,clear_sky,4.0,7.9,0.05,16.2,19.8,true
yarra,Yarra,27350,2026-08-27T08:00:00+10:00,2026-08-26T22:00:00+00:00,-37.82087173297317,145.00338351417753,7.8,5.9,0,0,clear_sky,5.6,11.5,0.35,20.4,22.5,true
yarra,Yarra,27350,2026-08-27T09:00:00+10:00,2026-08-26T23:00:00+00:00,-37.82087173297317,145.00338351417753,9.5,8.0,0,0,clear_sky,3.7,12.6,1.1,15.4,18.1,true
yarra,Yarra,27350,2026-08-27T10:00:00+10:00,2026-08-27T00:00:00+00:00,-37.82087173297317,145.00338351417753,11.2,10.0,0,1,mainly_clear,2.7,13.0,2.15,10.3,14.5,true
yarra,Yarra,27350,2026-08-27T11:00:00+10:00,2026-08-27T01:00:00+00:00,-37.82087173297317,145.00338351417753,12.5,11.5,0,2,partly_cloudy,1.5,13.3,2.65,9.5,13.8,true
yarra,Yarra,27350,2026-08-27T12:00:00+10:00,2026-08-27T02:00:00+00:00,-37.82087173297317,145.00338351417753,13.4,12.8,0,3,overcast,1.5,12.6,3.25,9.2,13.4,true
yarra,Yarra,27350,2026-08-27T13:00:00+10:00,2026-08-27T03:00:00+00:00,-37.82087173297317,145.00338351417753,13.9,13.4,0,1,mainly_clear,1.4,13.0,3.3,9.6,13.7,true
yarra,Yarra,27350,2026-08-27T14:00:00+10:00,2026-08-27T04:00:00+00:00,-37.82087173297317,145.00338351417753,14.2,13.4,0,0,clear_sky,3.8,15.1,2.6,9.9,13.9,true
yarra,Yarra,27350,2026-08-27T15:00:00+10:00,2026-08-27T05:00:00+00:00,-37.82087173297317,145.00338351417753,13.9,12.2,0,0,clear_sky,8.1,22.3,1.5,10.1,14.2,true
yarra,Yarra,27350,2026-08-27T16:00:00+10:00,2026-08-27T06:00:00+00:00,-37.82087173297317,145.00338351417753,13.4,11.2,0,0,clear_sky,10.9,26.6,0.6,9.9,13.9,true
yarra,Yarra,27350,2026-08-27T17:00:00+10:00,2026-08-27T07:00:00+00:00,-37.82087173297317,145.00338351417753,13.0,11.7,0,3,overcast,4.9,26.3,0.15,11.4,15.3,true
yarra,Yarra,27350,2026-08-27T18:00:00+10:00,2026-08-27T08:00:00+00:00,-37.82087173297317,145.00338351417753,12.5,11.9,0,3,overcast,1.7,10.1,0.0,15.5,19.2,true
yarra,Yarra,27350,2026-08-27T19:00:00+10:00,2026-08-27T09:00:00+00:00,-37.82087173297317,145.00338351417753,12.6,11.6,0,3,overcast,4.0,8.3,0.0,19.1,22.8,true
yarra,Yarra,27350,2026-08-27T20:00:00+10:00,2026-08-27T10:00:00+00:00,-37.82087173297317,145.00338351417753,12.1,11.4,0,3,overcast,2.4,8.3,0.0,22.3,25.8,true
yarra,Yarra,27350,2026-08-27T21:00:00+10:00,2026-08-27T11:00:00+00:00,-37.82087173297317,145.00338351417753,11.2,10.6,0,3,overcast,1.1,4.0,0.0,25.4,28.8,true
yarra,Yarra,27350,2026-08-27T22:00:00+10:00,2026-08-27T12:00:00+00:00,-37.82087173297317,145.00338351417753,10.6,9.6,0,3,overcast,3.5,7.2,0.0,26.4,29.2,true
yarra,Yarra,27350,2026-08-27T23:00:00+10:00,2026-08-27T13:00:00+00:00,-37.82087173297317,145.00338351417753,10.4,9.3,0,3,overcast,3.6,7.2,0.0,23.2,25.2,true
yarra,Yarra,27350,2026-08-28T00:00:00+10:00,2026-08-27T14:00:00+00:00,-37.82087173297317,145.00338351417753,10.9,9.3,0,3,overcast,6.5,11.9,0.0,19.4,21.0,true
yarra,Yarra,27350,2026-08-28T01:00:00+10:00,2026-08-27T15:00:00+00:00,-37.82087173297317,145.00338351417753,10.6,8.7,0,1,mainly_clear,9.3,17.6,0.0,16.6,18.0,true
yarra,Yarra,27350,2026-08-28T02:00:00+10:00,2026-08-27T16:00:00+00:00,-37.82087173297317,145.00338351417753,9.5,7.4,0,2,partly_cloudy,9.4,19.4,0.0,13.8,15.0,true
yarra,Yarra,27350,2026-08-28T03:00:00+10:00,2026-08-27T17:00:00+00:00,-37.82087173297317,145.00338351417753,8.8,6.7,0,3,overcast,8.2,18.7,0.0,11.1,12.2,true
yarra,Yarra,27350,2026-08-28T04:00:00+10:00,2026-08-27T18:00:00+00:00,-37.82087173297317,145.00338351417753,8.6,6.3,0,3,overcast,8.3,16.6,0.0,8.7,9.7,true
yarra,Yarra,27350,2026-08-28T05:00:00+10:00,2026-08-27T19:00:00+00:00,-37.82087173297317,145.00338351417753,8.8,6.3,0,0,clear_sky,9.1,17.3,0.0,7.4,8.6,true
yarra,Yarra,27350,2026-08-28T06:00:00+10:00,2026-08-27T20:00:00+00:00,-37.82087173297317,145.00338351417753,8.7,6.2,0,0,clear_sky,9.1,17.6,0.0,6.6,8.0,true
yarra,Yarra,27350,2026-08-28T07:00:00+10:00,2026-08-27T21:00:00+00:00,-37.82087173297317,145.00338351417753,8.4,5.9,0,0,clear_sky,8.7,18.4,0.0,7.2,8.5,true
yarra,Yarra,27350,2026-08-28T08:00:00+10:00,2026-08-27T22:00:00+00:00,-37.82087173297317,145.00338351417753,9.5,7.1,2,0,clear_sky,9.3,18.4,0.1,8.5,10.0,true
yarra,Yarra,27350,2026-08-28T09:00:00+10:00,2026-08-27T23:00:00+00:00,-37.82087173297317,145.00338351417753,11.4,9.5,4,0,clear_sky,7.9,19.8,0.35,10.3,11.9,true
yarra,Yarra,27350,2026-08-28T10:00:00+10:00,2026-08-28T00:00:00+00:00,-37.82087173297317,145.00338351417753,13.5,11.7,8,2,partly_cloudy,6.9,19.1,0.85,8.8,10.7,true
yarra,Yarra,27350,2026-08-28T11:00:00+10:00,2026-08-28T01:00:00+00:00,-37.82087173297317,145.00338351417753,14.6,13.3,12,3,overcast,4.3,19.1,1.8,7.7,9.7,true
yarra,Yarra,27350,2026-08-28T12:00:00+10:00,2026-08-28T02:00:00+00:00,-37.82087173297317,145.00338351417753,14.6,13.6,18,3,overcast,2.7,14.8,2.65,5.8,7.7,true
yarra,Yarra,27350,2026-08-28T13:00:00+10:00,2026-08-28T03:00:00+00:00,-37.82087173297317,145.00338351417753,14.7,14.0,24,3,overcast,1.8,9.7,3.1,6.0,8.6,true
yarra,Yarra,27350,2026-08-28T14:00:00+10:00,2026-08-28T04:00:00+00:00,-37.82087173297317,145.00338351417753,14.4,13.8,35,51,light_drizzle,3.7,10.8,2.5,7.4,11.3,true
yarra,Yarra,27350,2026-08-28T15:00:00+10:00,2026-08-28T05:00:00+00:00,-37.82087173297317,145.00338351417753,13.8,13.3,46,53,moderate_drizzle,5.1,14.8,1.55,8.7,13.7,true
yarra,Yarra,27350,2026-08-28T16:00:00+10:00,2026-08-28T06:00:00+00:00,-37.82087173297317,145.00338351417753,13.5,13.9,51,80,slight_rain_showers,0.9,14.0,0.65,10.0,15.7,true
yarra,Yarra,27350,2026-08-28T17:00:00+10:00,2026-08-28T07:00:00+00:00,-37.82087173297317,145.00338351417753,13.6,13.9,43,3,overcast,0.9,7.9,0.15,11.0,17.3,true
yarra,Yarra,27350,2026-08-28T18:00:00+10:00,2026-08-28T08:00:00+00:00,-37.82087173297317,145.00338351417753,13.2,13.7,27,3,overcast,0.9,5.8,0.0,13.9,20.7,true
yarra,Yarra,27350,2026-08-28T19:00:00+10:00,2026-08-28T09:00:00+00:00,-37.82087173297317,145.00338351417753,13.0,13.1,14,51,light_drizzle,2.8,5.4,0.0,17.2,23.7,true
yarra,Yarra,27350,2026-08-28T20:00:00+10:00,2026-08-28T10:00:00+00:00,-37.82087173297317,145.00338351417753,12.6,12.3,7,51,light_drizzle,4.8,8.6,0.0,20.1,27.0,true
yarra,Yarra,27350,2026-08-28T21:00:00+10:00,2026-08-28T11:00:00+00:00,-37.82087173297317,145.00338351417753,11.8,11.4,3,1,mainly_clear,3.6,10.1,0.0,21.8,28.8,true
yarra,Yarra,27350,2026-08-28T22:00:00+10:00,2026-08-28T12:00:00+00:00,-37.82087173297317,145.00338351417753,11.1,10.5,0,1,mainly_clear,3.6,5.8,0.0,22.8,29.9,true
yarra,Yarra,27350,2026-08-28T23:00:00+10:00,2026-08-28T13:00:00+00:00,-37.82087173297317,145.00338351417753,11.0,10.5,0,2,partly_cloudy,2.4,5.8,0.0,23.4,30.6,true
yarra,Yarra,27350,2026-08-29T00:00:00+10:00,2026-08-28T14:00:00+00:00,-37.82087173297317,145.00338351417753,10.7,10.3,1,51,light_drizzle,1.7,3.2,0.0,23.7,31.0,true
yarra,Yarra,27350,2026-08-29T01:00:00+10:00,2026-08-28T15:00:00+00:00,-37.82087173297317,145.00338351417753,11.1,10.5,2,51,light_drizzle,4.4,7.9,0.0,23.3,30.3,true
yarra,Yarra,27350,2026-08-29T02:00:00+10:00,2026-08-28T16:00:00+00:00,-37.82087173297317,145.00338351417753,10.7,9.9,3,3,overcast,5.1,8.3,0.0,21.3,27.4,true
yarra,Yarra,27350,2026-08-29T03:00:00+10:00,2026-08-28T17:00:00+00:00,-37.82087173297317,145.00338351417753,10.9,9.6,4,51,light_drizzle,9.0,16.2,0.0,17.9,23.1,true
yarra,Yarra,27350,2026-08-29T04:00:00+10:00,2026-08-28T18:00:00+00:00,-37.82087173297317,145.00338351417753,10.7,9.3,4,3,overcast,9.6,18.0,0.0,14.8,19.2,true
yarra,Yarra,27350,2026-08-29T05:00:00+10:00,2026-08-28T19:00:00+00:00,-37.82087173297317,145.00338351417753,10.2,8.9,3,2,partly_cloudy,8.3,17.6,0.0,12.3,16.1,true
yarra,Yarra,27350,2026-08-29T06:00:00+10:00,2026-08-28T20:00:00+00:00,-37.82087173297317,145.00338351417753,9.4,8.0,1,1,mainly_clear,7.7,15.5,0.0,11.1,14.4,true
yarra,Yarra,27350,2026-08-29T07:00:00+10:00,2026-08-28T21:00:00+00:00,-37.82087173297317,145.00338351417753,8.8,7.3,0,0,clear_sky,6.8,14.4,0.05,12.4,15.3,true
yarra,Yarra,27350,2026-08-29T08:00:00+10:00,2026-08-28T22:00:00+00:00,-37.82087173297317,145.00338351417753,9.2,7.8,0,0,clear_sky,6.7,14.8,0.25,14.0,16.9,true
yarra,Yarra,27350,2026-08-29T09:00:00+10:00,2026-08-28T23:00:00+00:00,-37.82087173297317,145.00338351417753,9.9,8.6,1,1,mainly_clear,6.9,19.1,0.7,12.3,16.1,true
yarra,Yarra,27350,2026-08-29T10:00:00+10:00,2026-08-29T00:00:00+00:00,-37.82087173297317,145.00338351417753,11.1,9.8,2,1,mainly_clear,7.0,20.2,1.25,12.3,17.6,true
yarra,Yarra,27350,2026-08-29T11:00:00+10:00,2026-08-29T01:00:00+00:00,-37.82087173297317,145.00338351417753,12.0,10.4,2,1,mainly_clear,8.5,24.1,1.5,11.9,17.9,true
yarra,Yarra,27350,2026-08-29T12:00:00+10:00,2026-08-29T02:00:00+00:00,-37.82087173297317,145.00338351417753,12.7,10.9,1,1,mainly_clear,8.7,24.8,1.55,12.0,18.6,true
yarra,Yarra,27350,2026-08-29T13:00:00+10:00,2026-08-29T03:00:00+00:00,-37.82087173297317,145.00338351417753,13.1,11.2,0,3,overcast,10.4,27.7,1.6,11.8,18.5,true
yarra,Yarra,27350,2026-08-29T14:00:00+10:00,2026-08-29T04:00:00+00:00,-37.82087173297317,145.00338351417753,13.0,10.4,0,3,overcast,13.1,33.1,1.2,11.8,18.7,true
yarra,Yarra,27350,2026-08-29T15:00:00+10:00,2026-08-29T05:00:00+00:00,-37.82087173297317,145.00338351417753,12.8,10.2,0,51,light_drizzle,12.8,33.5,0.7,12.8,20.3,true
yarra,Yarra,27350,2026-08-29T16:00:00+10:00,2026-08-29T06:00:00+00:00,-37.82087173297317,145.00338351417753,12.5,10.5,0,3,overcast,9.8,31.0,0.3,14.8,23.3,true
yarra,Yarra,27350,2026-08-29T17:00:00+10:00,2026-08-29T07:00:00+00:00,-37.82087173297317,145.00338351417753,12.3,10.5,0,3,overcast,8.6,23.4,0.1,16.6,26.0,true
yarra,Yarra,27350,2026-08-29T18:00:00+10:00,2026-08-29T08:00:00+00:00,-37.82087173297317,145.00338351417753,11.6,11.0,0,0,clear_sky,1.5,18.0,0.0,16.3,24.9,true
yarra,Yarra,27350,2026-08-29T19:00:00+10:00,2026-08-29T09:00:00+00:00,-37.82087173297317,145.00338351417753,10.7,9.9,0,2,partly_cloudy,1.9,2.9,0.0,15.7,22.8,true
yarra,Yarra,27350,2026-08-29T20:00:00+10:00,2026-08-29T10:00:00+00:00,-37.82087173297317,145.00338351417753,11.1,10.2,1,3,overcast,3.1,4.7,0.0,16.1,23.0,true
yarra,Yarra,27350,2026-08-29T21:00:00+10:00,2026-08-29T11:00:00+00:00,-37.82087173297317,145.00338351417753,11.9,10.7,1,3,overcast,6.3,11.5,0.0,16.3,23.1,true
yarra,Yarra,27350,2026-08-29T22:00:00+10:00,2026-08-29T12:00:00+00:00,-37.82087173297317,145.00338351417753,11.9,10.4,2,3,overcast,8.3,15.8,0.0,15.3,21.4,true
yarra,Yarra,27350,2026-08-29T23:00:00+10:00,2026-08-29T13:00:00+00:00,-37.82087173297317,145.00338351417753,11.5,9.9,2,51,light_drizzle,9.3,17.3,0.0,14.3,20.2,true
yarra,Yarra,27350,2026-08-30T00:00:00+10:00,2026-08-29T14:00:00+00:00,-37.82087173297317,145.00338351417753,11.0,9.5,2,51,light_drizzle,9.0,19.1,0.0,12.9,18.2,true
yarra,Yarra,27350,2026-08-30T01:00:00+10:00,2026-08-29T15:00:00+00:00,-37.82087173297317,145.00338351417753,10.3,8.9,2,3,overcast,7.2,17.6,0.0,11.4,16.2,true
yarra,Yarra,27350,2026-08-30T02:00:00+10:00,2026-08-29T16:00:00+00:00,-37.82087173297317,145.00338351417753,10.0,8.6,2,3,overcast,7.4,14.0,0.0,10.5,15.0,true
yarra,Yarra,27350,2026-08-30T03:00:00+10:00,2026-08-29T17:00:00+00:00,-37.82087173297317,145.00338351417753,9.6,8.1,2,2,partly_cloudy,7.0,14.0,0.0,9.8,14.2,true
yarra,Yarra,27350,2026-08-30T04:00:00+10:00,2026-08-29T18:00:00+00:00,-37.82087173297317,145.00338351417753,9.0,7.6,2,3,overcast,5.6,13.3,0.0,9.3,13.6,true
yarra,Yarra,27350,2026-08-30T05:00:00+10:00,2026-08-29T19:00:00+00:00,-37.82087173297317,145.00338351417753,8.8,7.3,1,2,partly_cloudy,5.6,11.9,0.0,9.0,13.3,true
yarra,Yarra,27350,2026-08-30T06:00:00+10:00,2026-08-29T20:00:00+00:00,-37.82087173297317,145.00338351417753,8.7,7.2,1,2,partly_cloudy,5.9,11.2,0.0,9.3,13.6,true
yarra,Yarra,27350,2026-08-30T07:00:00+10:00,2026-08-29T21:00:00+00:00,-37.82087173297317,145.00338351417753,9.0,7.5,0,1,mainly_clear,5.7,11.2,0.0,10.9,15.2,true
yarra,Yarra,27350,2026-08-30T08:00:00+10:00,2026-08-29T22:00:00+00:00,-37.82087173297317,145.00338351417753,9.8,8.6,0,2,partly_cloudy,5.0,13.0,0.2,12.5,17.0,true
yarra,Yarra,27350,2026-08-30T09:00:00+10:00,2026-08-29T23:00:00+00:00,-37.82087173297317,145.00338351417753,11.0,9.9,0,3,overcast,4.9,16.2,0.55,12.6,17.5,true
yarra,Yarra,27350,2026-08-30T10:00:00+10:00,2026-08-30T00:00:00+00:00,-37.82087173297317,145.00338351417753,12.1,10.8,0,3,overcast,6.3,19.4,1.15,12.1,17.4,true
yarra,Yarra,27350,2026-08-30T11:00:00+10:00,2026-08-30T01:00:00+00:00,-37.82087173297317,145.00338351417753,12.8,11.4,0,51,light_drizzle,7.5,22.7,1.8,12.1,18.2,true
yarra,Yarra,27350,2026-08-30T12:00:00+10:00,2026-08-30T02:00:00+00:00,-37.82087173297317,145.00338351417753,13.4,11.8,0,51,light_drizzle,8.6,25.9,2.35,11.8,18.1,true
yarra,Yarra,27350,2026-08-30T13:00:00+10:00,2026-08-30T03:00:00+00:00,-37.82087173297317,145.00338351417753,13.8,12.0,0,51,light_drizzle,9.5,28.1,2.55,11.8,18.2,true
yarra,Yarra,27350,2026-08-30T14:00:00+10:00,2026-08-30T04:00:00+00:00,-37.82087173297317,145.00338351417753,13.8,12.0,0,3,overcast,9.8,28.4,2.25,10.2,15.7,true
yarra,Yarra,27350,2026-08-30T15:00:00+10:00,2026-08-30T05:00:00+00:00,-37.82087173297317,145.00338351417753,13.5,11.7,0,3,overcast,9.8,27.7,1.35,10.0,15.2,true
yarra,Yarra,27350,2026-08-30T16:00:00+10:00,2026-08-30T06:00:00+00:00,-37.82087173297317,145.00338351417753,13.2,11.5,0,3,overcast,9.4,26.6,0.55,10.0,15.1,true
yarra,Yarra,27350,2026-08-30T17:00:00+10:00,2026-08-30T07:00:00+00:00,-37.82087173297317,145.00338351417753,12.8,11.3,0,3,overcast,8.5,25.9,0.1,10.0,15.3,true
yarra,Yarra,27350,2026-08-30T18:00:00+10:00,2026-08-30T08:00:00+00:00,-37.82087173297317,145.00338351417753,12.4,11.2,0,3,overcast,7.2,24.8,0.0,11.4,16.5,true
yarra,Yarra,27350,2026-08-30T19:00:00+10:00,2026-08-30T09:00:00+00:00,-37.82087173297317,145.00338351417753,12.1,11.1,0,3,overcast,5.9,23.0,0.0,11.4,15.7,true
yarra,Yarra,27350,2026-08-30T20:00:00+10:00,2026-08-30T10:00:00+00:00,-37.82087173297317,145.00338351417753,11.8,11.0,0,3,overcast,4.0,19.8,0.0,11.5,15.7,true
yarra,Yarra,27350,2026-08-30T21:00:00+10:00,2026-08-30T11:00:00+00:00,-37.82087173297317,145.00338351417753,11.5,11.0,0,3,overcast,1.9,15.5,0.0,12.4,16.7,true
yarra,Yarra,27350,2026-08-30T22:00:00+10:00,2026-08-30T12:00:00+00:00,-37.82087173297317,145.00338351417753,11.2,10.9,0,3,overcast,0.8,11.5,0.0,13.6,18.2,true
yarra,Yarra,27350,2026-08-30T23:00:00+10:00,2026-08-30T13:00:00+00:00,-37.82087173297317,145.00338351417753,11.0,10.6,0,3,overcast,1.1,8.3,,,,false
yarra,Yarra,27350,2026-08-31T00:00:00+10:00,2026-08-30T14:00:00+00:00,-37.82087173297317,145.00338351417753,10.8,10.4,0,3,overcast,1.1,5.0,,,,false
yarra,Yarra,27350,2026-08-31T01:00:00+10:00,2026-08-30T15:00:00+00:00,-37.82087173297317,145.00338351417753,10.6,10.2,0,3,overcast,1.1,3.2,,,,false
yarra,Yarra,27350,2026-08-31T02:00:00+10:00,2026-08-30T16:00:00+00:00,-37.82087173297317,145.00338351417753,10.6,10.2,0,3,overcast,1.4,3.2,,,,false
yarra,Yarra,27350,2026-08-31T03:00:00+10:00,2026-08-30T17:00:00+00:00,-37.82087173297317,145.00338351417753,10.5,10.1,0,3,overcast,2.1,4.3,,,,false
yarra,Yarra,27350,2026-08-31T04:00:00+10:00,2026-08-30T18:00:00+00:00,-37.82087173297317,145.00338351417753,10.5,10.0,0,3,overcast,2.7,5.8,,,,false
yarra,Yarra,27350,2026-08-31T05:00:00+10:00,2026-08-30T19:00:00+00:00,-37.82087173297317,145.00338351417753,10.2,9.6,0,3,overcast,3.7,7.2,,,,false
yarra,Yarra,27350,2026-08-31T06:00:00+10:00,2026-08-30T20:00:00+00:00,-37.82087173297317,145.00338351417753,9.9,9.1,0,3,overcast,4.7,8.6,,,,false
yarra,Yarra,27350,2026-08-31T07:00:00+10:00,2026-08-30T21:00:00+00:00,-37.82087173297317,145.00338351417753,9.9,9.0,0,3,overcast,5.1,10.1,,,,false
yarra,Yarra,27350,2026-08-31T08:00:00+10:00,2026-08-30T22:00:00+00:00,-37.82087173297317,145.00338351417753,10.3,9.5,0,3,overcast,4.2,11.5,,,,false
yarra,Yarra,27350,2026-08-31T09:00:00+10:00,2026-08-30T23:00:00+00:00,-37.82087173297317,145.00338351417753,11.1,10.4,0,3,overcast,3.6,12.6,,,,false
yarra,Yarra,27350,2026-08-31T10:00:00+10:00,2026-08-31T00:00:00+00:00,-37.82087173297317,145.00338351417753,12.1,11.3,0,3,overcast,3.8,14.0,,,,false
yarra,Yarra,27350,2026-08-31T11:00:00+10:00,2026-08-31T01:00:00+00:00,-37.82087173297317,145.00338351417753,13.4,12.9,0,2,partly_cloudy,2.9,15.1,,,,false
yarra,Yarra,27350,2026-08-31T12:00:00+10:00,2026-08-31T02:00:00+00:00,-37.82087173297317,145.00338351417753,14.9,14.8,0,1,mainly_clear,1.3,16.2,,,,false
yarra,Yarra,27350,2026-08-31T13:00:00+10:00,2026-08-31T03:00:00+00:00,-37.82087173297317,145.00338351417753,15.8,16.1,0,0,clear_sky,1.0,18.0,,,,false
yarra,Yarra,27350,2026-08-31T14:00:00+10:00,2026-08-31T04:00:00+00:00,-37.82087173297317,145.00338351417753,15.6,15.5,0,0,clear_sky,4.3,22.0,,,,false
yarra,Yarra,27350,2026-08-31T15:00:00+10:00,2026-08-31T05:00:00+00:00,-37.82087173297317,145.00338351417753,14.7,13.5,0,0,clear_sky,8.3,27.0,,,,false
yarra,Yarra,27350,2026-08-31T16:00:00+10:00,2026-08-31T06:00:00+00:00,-37.82087173297317,145.00338351417753,13.8,12.3,0,0,clear_sky,10.3,30.2,,,,false
yarra,Yarra,27350,2026-08-31T17:00:00+10:00,2026-08-31T07:00:00+00:00,-37.82087173297317,145.00338351417753,12.9,11.5,0,0,clear_sky,8.6,29.5,,,,false
yarra,Yarra,27350,2026-08-31T18:00:00+10:00,2026-08-31T08:00:00+00:00,-37.82087173297317,145.00338351417753,11.8,10.9,0,0,clear_sky,5.1,27.0,,,,false
yarra,Yarra,27350,2026-08-31T19:00:00+10:00,2026-08-31T09:00:00+00:00,-37.82087173297317,145.00338351417753,11.3,10.9,0,0,clear_sky,1.4,24.8,,,,false
yarra,Yarra,27350,2026-08-31T20:00:00+10:00,2026-08-31T10:00:00+00:00,-37.82087173297317,145.00338351417753,11.6,10.9,0,0,clear_sky,3.9,24.5,,,,false
yarra,Yarra,27350,2026-08-31T21:00:00+10:00,2026-08-31T11:00:00+00:00,-37.82087173297317,145.00338351417753,12.3,10.9,0,0,clear_sky,9.0,24.5,,,,false
yarra,Yarra,27350,2026-08-31T22:00:00+10:00,2026-08-31T12:00:00+00:00,-37.82087173297317,145.00338351417753,12.8,11.0,0,0,clear_sky,13.0,25.2,,,,false
yarra,Yarra,27350,2026-08-31T23:00:00+10:00,2026-08-31T13:00:00+00:00,-37.82087173297317,145.00338351417753,12.8,10.7,0,0,clear_sky,14.9,26.6,,,,false
yarra,Yarra,27350,2026-09-01T00:00:00+10:00,2026-08-31T14:00:00+00:00,-37.82087173297317,145.00338351417753,12.6,10.4,0,0,clear_sky,15.8,29.2,,,,false
yarra,Yarra,27350,2026-09-01T01:00:00+10:00,2026-08-31T15:00:00+00:00,-37.82087173297317,145.00338351417753,12.5,10.1,0,0,clear_sky,16.7,31.7,,,,false
yarra,Yarra,27350,2026-09-01T02:00:00+10:00,2026-08-31T16:00:00+00:00,-37.82087173297317,145.00338351417753,12.5,10.0,0,1,mainly_clear,18.2,34.9,,,,false
yarra,Yarra,27350,2026-09-01T03:00:00+10:00,2026-08-31T17:00:00+00:00,-37.82087173297317,145.00338351417753,12.7,10.0,0,2,partly_cloudy,19.4,38.2,,,,false
yarra,Yarra,27350,2026-09-01T04:00:00+10:00,2026-08-31T18:00:00+00:00,-37.82087173297317,145.00338351417753,12.8,9.9,0,3,overcast,20.7,41.4,,,,false
yarra,Yarra,27350,2026-09-01T05:00:00+10:00,2026-08-31T19:00:00+00:00,-37.82087173297317,145.00338351417753,12.6,9.6,0,3,overcast,21.6,43.6,,,,false
yarra,Yarra,27350,2026-09-01T06:00:00+10:00,2026-08-31T20:00:00+00:00,-37.82087173297317,145.00338351417753,12.5,9.3,0,2,partly_cloudy,22.3,45.7,,,,false
yarra,Yarra,27350,2026-09-01T07:00:00+10:00,2026-08-31T21:00:00+00:00,-37.82087173297317,145.00338351417753,12.5,9.2,0,2,partly_cloudy,22.9,47.9,,,,false
yarra,Yarra,27350,2026-09-01T08:00:00+10:00,2026-08-31T22:00:00+00:00,-37.82087173297317,145.00338351417753,13.7,10.2,0,2,partly_cloudy,24.3,51.8,,,,false
yarra,Yarra,27350,2026-09-01T09:00:00+10:00,2026-08-31T23:00:00+00:00,-37.82087173297317,145.00338351417753,14.1,10.5,0,1,mainly_clear,24.9,54.7,,,,false
yarra,Yarra,27350,2026-09-01T10:00:00+10:00,2026-09-01T00:00:00+00:00,-37.82087173297317,145.00338351417753,14.5,10.9,0,1,mainly_clear,25.2,57.2,,,,false
yarra,Yarra,27350,2026-09-01T11:00:00+10:00,2026-09-01T01:00:00+00:00,-37.82087173297317,145.00338351417753,15.2,11.6,3,2,partly_cloudy,25.3,60.5,,,,false
yarra,Yarra,27350,2026-09-01T12:00:00+10:00,2026-09-01T02:00:00+00:00,-37.82087173297317,145.00338351417753,16.2,12.8,8,2,partly_cloudy,25.6,64.1,,,,false
yarra,Yarra,27350,2026-09-01T13:00:00+10:00,2026-09-01T03:00:00+00:00,-37.82087173297317,145.00338351417753,17.3,13.7,13,2,partly_cloudy,25.9,67.7,,,,false
yarra,Yarra,27350,2026-09-01T14:00:00+10:00,2026-09-01T04:00:00+00:00,-37.82087173297317,145.00338351417753,18.2,14.5,19,3,overcast,26.0,70.6,,,,false
yarra,Yarra,27350,2026-09-01T15:00:00+10:00,2026-09-01T05:00:00+00:00,-37.82087173297317,145.00338351417753,18.8,15.3,25,3,overcast,25.6,73.1,,,,false
yarra,Yarra,27350,2026-09-01T16:00:00+10:00,2026-09-01T06:00:00+00:00,-37.82087173297317,145.00338351417753,19.0,15.6,31,3,overcast,24.3,73.8,,,,false
yarra,Yarra,27350,2026-09-01T17:00:00+10:00,2026-09-01T07:00:00+00:00,-37.82087173297317,145.00338351417753,18.5,15.4,38,53,moderate_drizzle,21.9,72.7,,,,false
yarra,Yarra,27350,2026-09-01T18:00:00+10:00,2026-09-01T08:00:00+00:00,-37.82087173297317,145.00338351417753,17.5,14.8,45,53,moderate_drizzle,19.5,70.2,,,,false
yarra,Yarra,27350,2026-09-01T19:00:00+10:00,2026-09-01T09:00:00+00:00,-37.82087173297317,145.00338351417753,16.3,13.5,52,53,moderate_drizzle,19.3,67.0,,,,false
yarra,Yarra,27350,2026-09-01T20:00:00+10:00,2026-09-01T10:00:00+00:00,-37.82087173297317,145.00338351417753,14.9,11.7,58,53,moderate_drizzle,21.5,63.4,,,,false
yarra,Yarra,27350,2026-09-01T21:00:00+10:00,2026-09-01T11:00:00+00:00,-37.82087173297317,145.00338351417753,13.6,9.9,63,53,moderate_drizzle,24.4,60.1,,,,false
yarra,Yarra,27350,2026-09-01T22:00:00+10:00,2026-09-01T12:00:00+00:00,-37.82087173297317,145.00338351417753,12.6,8.6,65,53,moderate_drizzle,25.9,57.6,,,,false
yarra,Yarra,27350,2026-09-01T23:00:00+10:00,2026-09-01T13:00:00+00:00,-37.82087173297317,145.00338351417753,11.8,7.9,63,0,clear_sky,24.6,56.5,,,,false
yarra_ranges,Yarra Ranges,27450,2026-08-26T00:00:00+10:00,2026-08-25T14:00:00+00:00,-37.75004585446992,145.7239722693755,10.3,9.7,37,51,light_drizzle,4.0,14.0,0.0,11.5,12.0,true
yarra_ranges,Yarra Ranges,27450,2026-08-26T01:00:00+10:00,2026-08-25T15:00:00+00:00,-37.75004585446992,145.7239722693755,10.4,9.6,31,51,light_drizzle,6.3,19.1,0.0,5.2,5.6,true
yarra_ranges,Yarra Ranges,27450,2026-08-26T02:00:00+10:00,2026-08-25T16:00:00+00:00,-37.75004585446992,145.7239722693755,10.3,9.2,50,51,light_drizzle,7.6,21.6,0.0,2.5,3.1,true
yarra_ranges,Yarra Ranges,27450,2026-08-26T03:00:00+10:00,2026-08-25T17:00:00+00:00,-37.75004585446992,145.7239722693755,9.8,8.3,80,51,light_drizzle,9.9,28.1,0.0,2.6,3.5,true
yarra_ranges,Yarra Ranges,27450,2026-08-26T04:00:00+10:00,2026-08-25T18:00:00+00:00,-37.75004585446992,145.7239722693755,9.5,8.2,94,51,light_drizzle,7.8,26.3,0.0,3.0,4.0,true
yarra_ranges,Yarra Ranges,27450,2026-08-26T05:00:00+10:00,2026-08-25T19:00:00+00:00,-37.75004585446992,145.7239722693755,9.3,7.9,73,51,light_drizzle,7.9,22.0,0.0,3.7,5.1,true
yarra_ranges,Yarra Ranges,27450,2026-08-26T06:00:00+10:00,2026-08-25T20:00:00+00:00,-37.75004585446992,145.7239722693755,8.7,7.4,37,51,light_drizzle,6.6,22.0,0.0,4.7,6.6,true
yarra_ranges,Yarra Ranges,27450,2026-08-26T07:00:00+10:00,2026-08-25T21:00:00+00:00,-37.75004585446992,145.7239722693755,7.9,7.1,14,3,overcast,1.9,18.7,0.0,5.4,7.4,true
yarra_ranges,Yarra Ranges,27450,2026-08-26T08:00:00+10:00,2026-08-25T22:00:00+00:00,-37.75004585446992,145.7239722693755,9.0,8.0,23,51,light_drizzle,4.5,15.8,0.15,5.8,8.1,true
yarra_ranges,Yarra Ranges,27450,2026-08-26T09:00:00+10:00,2026-08-25T23:00:00+00:00,-37.75004585446992,145.7239722693755,9.6,8.1,46,51,light_drizzle,7.7,23.8,0.55,5.2,7.4,true
yarra_ranges,Yarra Ranges,27450,2026-08-26T10:00:00+10:00,2026-08-26T00:00:00+00:00,-37.75004585446992,145.7239722693755,10.4,8.6,61,51,light_drizzle,10.6,29.9,1.65,4.9,6.9,true
yarra_ranges,Yarra Ranges,27450,2026-08-26T11:00:00+10:00,2026-08-26T01:00:00+00:00,-37.75004585446992,145.7239722693755,11.5,9.3,59,51,light_drizzle,11.4,31.0,2.35,5.8,8.6,true
yarra_ranges,Yarra Ranges,27450,2026-08-26T12:00:00+10:00,2026-08-26T02:00:00+00:00,-37.75004585446992,145.7239722693755,12.1,9.8,50,51,light_drizzle,11.4,32.0,2.4,5.8,8.8,true
yarra_ranges,Yarra Ranges,27450,2026-08-26T13:00:00+10:00,2026-08-26T03:00:00+00:00,-37.75004585446992,145.7239722693755,12.8,10.3,39,51,light_drizzle,11.6,32.4,1.95,6.6,10.0,true
yarra_ranges,Yarra Ranges,27450,2026-08-26T14:00:00+10:00,2026-08-26T04:00:00+00:00,-37.75004585446992,145.7239722693755,12.9,10.2,28,51,light_drizzle,12.6,34.2,1.6,6.9,10.5,true
yarra_ranges,Yarra Ranges,27450,2026-08-26T15:00:00+10:00,2026-08-26T05:00:00+00:00,-37.75004585446992,145.7239722693755,12.5,9.9,17,51,light_drizzle,13.1,36.0,1.15,6.4,9.8,true
yarra_ranges,Yarra Ranges,27450,2026-08-26T16:00:00+10:00,2026-08-26T06:00:00+00:00,-37.75004585446992,145.7239722693755,11.5,9.1,8,51,light_drizzle,12.5,35.3,0.45,6.2,9.5,true
yarra_ranges,Yarra Ranges,27450,2026-08-26T17:00:00+10:00,2026-08-26T07:00:00+00:00,-37.75004585446992,145.7239722693755,10.9,9.0,3,51,light_drizzle,10.2,32.8,0.1,6.4,9.7,true
yarra_ranges,Yarra Ranges,27450,2026-08-26T18:00:00+10:00,2026-08-26T08:00:00+00:00,-37.75004585446992,145.7239722693755,9.1,7.7,1,1,mainly_clear,6.0,26.6,0.0,6.7,10.0,true
yarra_ranges,Yarra Ranges,27450,2026-08-26T19:00:00+10:00,2026-08-26T09:00:00+00:00,-37.75004585446992,145.7239722693755,8.1,6.8,0,1,mainly_clear,4.2,18.0,0.0,6.9,10.2,true
yarra_ranges,Yarra Ranges,27450,2026-08-26T20:00:00+10:00,2026-08-26T10:00:00+00:00,-37.75004585446992,145.7239722693755,7.9,6.6,0,3,overcast,3.9,15.1,0.0,6.9,10.2,true
yarra_ranges,Yarra Ranges,27450,2026-08-26T21:00:00+10:00,2026-08-26T11:00:00+00:00,-37.75004585446992,145.7239722693755,7.7,6.3,0,3,overcast,3.9,14.4,0.0,7.1,10.4,true
yarra_ranges,Yarra Ranges,27450,2026-08-26T22:00:00+10:00,2026-08-26T12:00:00+00:00,-37.75004585446992,145.7239722693755,7.1,5.6,0,2,partly_cloudy,4.4,14.4,0.0,7.1,10.6,true
yarra_ranges,Yarra Ranges,27450,2026-08-26T23:00:00+10:00,2026-08-26T13:00:00+00:00,-37.75004585446992,145.7239722693755,7.2,5.8,0,1,mainly_clear,4.0,14.8,0.0,7.1,10.7,true
yarra_ranges,Yarra Ranges,27450,2026-08-27T00:00:00+10:00,2026-08-26T14:00:00+00:00,-37.75004585446992,145.7239722693755,7.0,5.7,0,1,mainly_clear,3.1,13.0,0.0,7.1,10.8,true
yarra_ranges,Yarra Ranges,27450,2026-08-27T01:00:00+10:00,2026-08-26T15:00:00+00:00,-37.75004585446992,145.7239722693755,6.7,5.4,0,1,mainly_clear,3.1,11.2,0.0,7.1,11.0,true
yarra_ranges,Yarra Ranges,27450,2026-08-27T02:00:00+10:00,2026-08-26T16:00:00+00:00,-37.75004585446992,145.7239722693755,6.8,5.4,0,2,partly_cloudy,3.2,10.4,0.0,7.3,11.3,true
yarra_ranges,Yarra Ranges,27450,2026-08-27T03:00:00+10:00,2026-08-26T17:00:00+00:00,-37.75004585446992,145.7239722693755,7.1,5.6,0,2,partly_cloudy,4.3,11.2,0.0,7.5,11.6,true
yarra_ranges,Yarra Ranges,27450,2026-08-27T04:00:00+10:00,2026-08-26T18:00:00+00:00,-37.75004585446992,145.7239722693755,7.2,5.4,0,1,mainly_clear,5.6,13.7,0.0,7.8,12.0,true
yarra_ranges,Yarra Ranges,27450,2026-08-27T05:00:00+10:00,2026-08-26T19:00:00+00:00,-37.75004585446992,145.7239722693755,6.3,4.5,0,1,mainly_clear,5.1,14.0,0.0,8.1,12.1,true
yarra_ranges,Yarra Ranges,27450,2026-08-27T06:00:00+10:00,2026-08-26T20:00:00+00:00,-37.75004585446992,145.7239722693755,5.5,3.6,0,1,mainly_clear,4.9,13.0,0.0,7.8,11.5,true
yarra_ranges,Yarra Ranges,27450,2026-08-27T07:00:00+10:00,2026-08-26T21:00:00+00:00,-37.75004585446992,145.7239722693755,5.4,3.6,0,0,clear_sky,4.8,13.0,0.05,9.7,12.9,true
yarra_ranges,Yarra Ranges,27450,2026-08-27T08:00:00+10:00,2026-08-26T22:00:00+00:00,-37.75004585446992,145.7239722693755,8.0,6.5,0,0,clear_sky,5.0,12.6,0.35,9.5,11.6,true
yarra_ranges,Yarra Ranges,27450,2026-08-27T09:00:00+10:00,2026-08-26T23:00:00+00:00,-37.75004585446992,145.7239722693755,9.7,8.4,0,0,clear_sky,2.0,12.6,1.15,8.4,11.9,true
yarra_ranges,Yarra Ranges,27450,2026-08-27T10:00:00+10:00,2026-08-27T00:00:00+00:00,-37.75004585446992,145.7239722693755,11.2,10.0,0,0,clear_sky,1.5,11.5,2.25,8.1,12.1,true
yarra_ranges,Yarra Ranges,27450,2026-08-27T11:00:00+10:00,2026-08-27T01:00:00+00:00,-37.75004585446992,145.7239722693755,12.7,11.2,0,0,clear_sky,3.1,14.8,3.4,8.0,11.6,true
yarra_ranges,Yarra Ranges,27450,2026-08-27T12:00:00+10:00,2026-08-27T02:00:00+00:00,-37.75004585446992,145.7239722693755,13.8,12.8,0,1,mainly_clear,5.1,19.1,4.0,7.9,11.4,true
yarra_ranges,Yarra Ranges,27450,2026-08-27T13:00:00+10:00,2026-08-27T03:00:00+00:00,-37.75004585446992,145.7239722693755,14.5,13.3,0,0,clear_sky,6.8,23.0,3.8,8.3,11.7,true
yarra_ranges,Yarra Ranges,27450,2026-08-27T14:00:00+10:00,2026-08-27T04:00:00+00:00,-37.75004585446992,145.7239722693755,14.7,13.2,0,0,clear_sky,7.6,24.5,2.9,8.7,12.2,true
yarra_ranges,Yarra Ranges,27450,2026-08-27T15:00:00+10:00,2026-08-27T05:00:00+00:00,-37.75004585446992,145.7239722693755,14.5,12.5,0,0,clear_sky,7.7,24.1,1.7,9.2,12.9,true
yarra_ranges,Yarra Ranges,27450,2026-08-27T16:00:00+10:00,2026-08-27T06:00:00+00:00,-37.75004585446992,145.7239722693755,13.9,12.0,0,0,clear_sky,7.8,23.4,0.7,9.4,13.2,true
yarra_ranges,Yarra Ranges,27450,2026-08-27T17:00:00+10:00,2026-08-27T07:00:00+00:00,-37.75004585446992,145.7239722693755,12.7,11.3,0,0,clear_sky,6.1,22.3,0.15,9.5,13.2,true
yarra_ranges,Yarra Ranges,27450,2026-08-27T18:00:00+10:00,2026-08-27T08:00:00+00:00,-37.75004585446992,145.7239722693755,9.6,8.6,0,0,clear_sky,2.4,15.8,0.0,10.2,13.7,true
yarra_ranges,Yarra Ranges,27450,2026-08-27T19:00:00+10:00,2026-08-27T09:00:00+00:00,-37.75004585446992,145.7239722693755,8.9,8.1,0,1,mainly_clear,0.3,10.1,0.0,10.6,13.9,true
yarra_ranges,Yarra Ranges,27450,2026-08-27T20:00:00+10:00,2026-08-27T10:00:00+00:00,-37.75004585446992,145.7239722693755,8.7,7.8,0,2,partly_cloudy,0.6,8.6,0.0,10.4,13.5,true
yarra_ranges,Yarra Ranges,27450,2026-08-27T21:00:00+10:00,2026-08-27T11:00:00+00:00,-37.75004585446992,145.7239722693755,8.5,7.5,0,3,overcast,0.8,8.6,0.0,10.0,12.8,true
yarra_ranges,Yarra Ranges,27450,2026-08-27T22:00:00+10:00,2026-08-27T12:00:00+00:00,-37.75004585446992,145.7239722693755,8.8,7.9,0,3,overcast,0.7,9.0,0.0,9.4,11.9,true
yarra_ranges,Yarra Ranges,27450,2026-08-27T23:00:00+10:00,2026-08-27T13:00:00+00:00,-37.75004585446992,145.7239722693755,9.0,7.9,0,3,overcast,2.2,10.8,0.0,8.4,10.6,true
yarra_ranges,Yarra Ranges,27450,2026-08-28T00:00:00+10:00,2026-08-27T14:00:00+00:00,-37.75004585446992,145.7239722693755,8.4,7.1,0,2,partly_cloudy,3.2,12.2,0.0,7.6,9.6,true
yarra_ranges,Yarra Ranges,27450,2026-08-28T01:00:00+10:00,2026-08-27T15:00:00+00:00,-37.75004585446992,145.7239722693755,7.5,5.8,0,2,partly_cloudy,4.8,14.8,0.0,6.9,8.8,true
yarra_ranges,Yarra Ranges,27450,2026-08-28T02:00:00+10:00,2026-08-27T16:00:00+00:00,-37.75004585446992,145.7239722693755,6.9,4.9,0,1,mainly_clear,6.0,16.9,0.0,6.2,8.0,true
yarra_ranges,Yarra Ranges,27450,2026-08-28T03:00:00+10:00,2026-08-27T17:00:00+00:00,-37.75004585446992,145.7239722693755,6.1,4.0,0,2,partly_cloudy,6.0,17.6,0.0,5.4,7.1,true
yarra_ranges,Yarra Ranges,27450,2026-08-28T04:00:00+10:00,2026-08-27T18:00:00+00:00,-37.75004585446992,145.7239722693755,6.4,4.2,0,2,partly_cloudy,6.1,18.4,0.0,4.6,6.2,true
yarra_ranges,Yarra Ranges,27450,2026-08-28T05:00:00+10:00,2026-08-27T19:00:00+00:00,-37.75004585446992,145.7239722693755,6.8,4.4,0,1,mainly_clear,6.8,20.2,0.0,4.1,5.7,true
yarra_ranges,Yarra Ranges,27450,2026-08-28T06:00:00+10:00,2026-08-27T20:00:00+00:00,-37.75004585446992,145.7239722693755,6.7,4.3,0,0,clear_sky,7.6,22.0,0.0,3.8,5.2,true
yarra_ranges,Yarra Ranges,27450,2026-08-28T07:00:00+10:00,2026-08-27T21:00:00+00:00,-37.75004585446992,145.7239722693755,6.7,4.3,0,0,clear_sky,7.3,21.6,0.05,3.8,5.1,true
yarra_ranges,Yarra Ranges,27450,2026-08-28T08:00:00+10:00,2026-08-27T22:00:00+00:00,-37.75004585446992,145.7239722693755,9.7,7.5,0,0,clear_sky,8.8,22.3,0.2,3.6,4.7,true
yarra_ranges,Yarra Ranges,27450,2026-08-28T09:00:00+10:00,2026-08-27T23:00:00+00:00,-37.75004585446992,145.7239722693755,12.2,9.7,0,0,clear_sky,10.9,29.9,0.3,4.2,5.8,true
yarra_ranges,Yarra Ranges,27450,2026-08-28T10:00:00+10:00,2026-08-28T00:00:00+00:00,-37.75004585446992,145.7239722693755,13.1,10.4,4,1,mainly_clear,11.3,33.5,0.45,5.4,7.5,true
yarra_ranges,Yarra Ranges,27450,2026-08-28T11:00:00+10:00,2026-08-28T01:00:00+00:00,-37.75004585446992,145.7239722693755,13.9,11.6,15,3,overcast,10.2,32.0,0.6,5.0,6.9,true
yarra_ranges,Yarra Ranges,27450,2026-08-28T12:00:00+10:00,2026-08-28T02:00:00+00:00,-37.75004585446992,145.7239722693755,13.8,11.8,31,3,overcast,10.1,30.6,0.7,5.1,6.9,true
yarra_ranges,Yarra Ranges,27450,2026-08-28T13:00:00+10:00,2026-08-28T03:00:00+00:00,-37.75004585446992,145.7239722693755,13.3,11.5,45,3,overcast,9.3,30.2,0.9,5.5,7.2,true
yarra_ranges,Yarra Ranges,27450,2026-08-28T14:00:00+10:00,2026-08-28T04:00:00+00:00,-37.75004585446992,145.7239722693755,13.2,11.5,58,3,overcast,9.7,28.4,2.15,5.4,7.0,true
yarra_ranges,Yarra Ranges,27450,2026-08-28T15:00:00+10:00,2026-08-28T05:00:00+00:00,-37.75004585446992,145.7239722693755,12.2,11.0,70,53,moderate_drizzle,8.3,27.7,1.4,5.0,6.5,true
yarra_ranges,Yarra Ranges,27450,2026-08-28T16:00:00+10:00,2026-08-28T06:00:00+00:00,-37.75004585446992,145.7239722693755,11.9,11.2,75,51,light_drizzle,6.0,22.7,0.6,5.2,7.0,true
yarra_ranges,Yarra Ranges,27450,2026-08-28T17:00:00+10:00,2026-08-28T07:00:00+00:00,-37.75004585446992,145.7239722693755,11.7,11.4,67,3,overcast,3.9,16.6,0.15,5.6,7.8,true
yarra_ranges,Yarra Ranges,27450,2026-08-28T18:00:00+10:00,2026-08-28T08:00:00+00:00,-37.75004585446992,145.7239722693755,11.1,10.9,51,3,overcast,2.7,12.2,0.0,6.0,8.2,true
yarra_ranges,Yarra Ranges,27450,2026-08-28T19:00:00+10:00,2026-08-28T09:00:00+00:00,-37.75004585446992,145.7239722693755,11.1,10.8,37,2,partly_cloudy,3.4,10.4,0.0,7.5,10.2,true
yarra_ranges,Yarra Ranges,27450,2026-08-28T20:00:00+10:00,2026-08-28T10:00:00+00:00,-37.75004585446992,145.7239722693755,10.4,10.2,26,3,overcast,1.5,10.4,0.0,9.1,12.1,true
yarra_ranges,Yarra Ranges,27450,2026-08-28T21:00:00+10:00,2026-08-28T11:00:00+00:00,-37.75004585446992,145.7239722693755,10.3,9.8,17,51,light_drizzle,2.8,10.8,0.0,10.4,13.9,true
yarra_ranges,Yarra Ranges,27450,2026-08-28T22:00:00+10:00,2026-08-28T12:00:00+00:00,-37.75004585446992,145.7239722693755,10.0,9.4,10,3,overcast,3.6,12.6,0.0,15.3,19.6,true
yarra_ranges,Yarra Ranges,27450,2026-08-28T23:00:00+10:00,2026-08-28T13:00:00+00:00,-37.75004585446992,145.7239722693755,9.8,9.2,7,3,overcast,3.7,12.6,0.0,17.0,21.9,true
yarra_ranges,Yarra Ranges,27450,2026-08-29T00:00:00+10:00,2026-08-28T14:00:00+00:00,-37.75004585446992,145.7239722693755,10.3,9.7,6,3,overcast,4.3,13.3,0.0,17.7,23.1,true
yarra_ranges,Yarra Ranges,27450,2026-08-29T01:00:00+10:00,2026-08-28T15:00:00+00:00,-37.75004585446992,145.7239722693755,10.1,9.3,6,51,light_drizzle,5.3,15.5,0.0,17.3,23.4,true
yarra_ranges,Yarra Ranges,27450,2026-08-29T02:00:00+10:00,2026-08-28T16:00:00+00:00,-37.75004585446992,145.7239722693755,9.6,9.2,5,3,overcast,1.9,15.1,0.0,16.3,22.5,true
yarra_ranges,Yarra Ranges,27450,2026-08-29T03:00:00+10:00,2026-08-28T17:00:00+00:00,-37.75004585446992,145.7239722693755,9.6,9.3,5,3,overcast,1.8,10.4,0.0,15.4,21.5,true
yarra_ranges,Yarra Ranges,27450,2026-08-29T04:00:00+10:00,2026-08-28T18:00:00+00:00,-37.75004585446992,145.7239722693755,9.4,8.7,4,51,light_drizzle,3.8,13.0,0.0,15.0,21.0,true
yarra_ranges,Yarra Ranges,27450,2026-08-29T05:00:00+10:00,2026-08-28T19:00:00+00:00,-37.75004585446992,145.7239722693755,9.3,8.5,3,3,overcast,3.6,14.4,0.0,15.2,21.4,true
yarra_ranges,Yarra Ranges,27450,2026-08-29T06:00:00+10:00,2026-08-28T20:00:00+00:00,-37.75004585446992,145.7239722693755,8.2,7.4,2,3,overcast,1.9,13.3,0.0,15.8,22.0,true
yarra_ranges,Yarra Ranges,27450,2026-08-29T07:00:00+10:00,2026-08-28T21:00:00+00:00,-37.75004585446992,145.7239722693755,7.9,7.1,2,3,overcast,1.8,11.5,0.05,16.8,23.2,true
yarra_ranges,Yarra Ranges,27450,2026-08-29T08:00:00+10:00,2026-08-28T22:00:00+00:00,-37.75004585446992,145.7239722693755,8.9,8.2,2,2,partly_cloudy,2.1,11.5,0.3,16.9,22.9,true
yarra_ranges,Yarra Ranges,27450,2026-08-29T09:00:00+10:00,2026-08-28T23:00:00+00:00,-37.75004585446992,145.7239722693755,9.4,8.3,3,2,partly_cloudy,4.5,15.8,0.9,14.2,20.8,true
yarra_ranges,Yarra Ranges,27450,2026-08-29T10:00:00+10:00,2026-08-29T00:00:00+00:00,-37.75004585446992,145.7239722693755,10.4,8.9,4,2,partly_cloudy,5.9,19.1,1.45,12.4,18.9,true
yarra_ranges,Yarra Ranges,27450,2026-08-29T11:00:00+10:00,2026-08-29T01:00:00+00:00,-37.75004585446992,145.7239722693755,11.1,9.5,6,3,overcast,6.1,19.4,1.95,13.2,20.0,true
yarra_ranges,Yarra Ranges,27450,2026-08-29T12:00:00+10:00,2026-08-29T02:00:00+00:00,-37.75004585446992,145.7239722693755,11.9,10.3,9,3,overcast,6.0,19.8,2.35,12.0,17.7,true
yarra_ranges,Yarra Ranges,27450,2026-08-29T13:00:00+10:00,2026-08-29T03:00:00+00:00,-37.75004585446992,145.7239722693755,12.7,11.0,12,2,partly_cloudy,6.3,20.5,2.2,9.7,14.1,true
yarra_ranges,Yarra Ranges,27450,2026-08-29T14:00:00+10:00,2026-08-29T04:00:00+00:00,-37.75004585446992,145.7239722693755,13.6,11.6,14,2,partly_cloudy,8.7,25.9,1.6,9.3,13.4,true
yarra_ranges,Yarra Ranges,27450,2026-08-29T15:00:00+10:00,2026-08-29T05:00:00+00:00,-37.75004585446992,145.7239722693755,12.7,10.5,16,3,overcast,10.9,30.6,0.9,8.0,11.6,true
yarra_ranges,Yarra Ranges,27450,2026-08-29T16:00:00+10:00,2026-08-29T06:00:00+00:00,-37.75004585446992,145.7239722693755,11.5,9.5,16,3,overcast,9.6,30.2,0.35,7.5,10.8,true
yarra_ranges,Yarra Ranges,27450,2026-08-29T17:00:00+10:00,2026-08-29T07:00:00+00:00,-37.75004585446992,145.7239722693755,10.8,9.2,12,3,overcast,7.5,26.3,0.1,7.7,11.3,true
yarra_ranges,Yarra Ranges,27450,2026-08-29T18:00:00+10:00,2026-08-29T08:00:00+00:00,-37.75004585446992,145.7239722693755,10.3,9.3,5,1,mainly_clear,3.1,19.4,0.0,6.9,9.8,true
yarra_ranges,Yarra Ranges,27450,2026-08-29T19:00:00+10:00,2026-08-29T09:00:00+00:00,-37.75004585446992,145.7239722693755,8.7,7.7,0,0,clear_sky,2.6,10.1,0.0,7.7,10.9,true
yarra_ranges,Yarra Ranges,27450,2026-08-29T20:00:00+10:00,2026-08-29T10:00:00+00:00,-37.75004585446992,145.7239722693755,8.4,7.5,0,1,mainly_clear,1.5,10.4,0.0,9.0,13.0,true
yarra_ranges,Yarra Ranges,27450,2026-08-29T21:00:00+10:00,2026-08-29T11:00:00+00:00,-37.75004585446992,145.7239722693755,8.1,7.2,0,3,overcast,1.1,9.7,0.0,10.3,15.3,true
yarra_ranges,Yarra Ranges,27450,2026-08-29T22:00:00+10:00,2026-08-29T12:00:00+00:00,-37.75004585446992,145.7239722693755,8.4,7.4,0,3,overcast,2.3,11.2,0.0,11.5,16.9,true
yarra_ranges,Yarra Ranges,27450,2026-08-29T23:00:00+10:00,2026-08-29T13:00:00+00:00,-37.75004585446992,145.7239722693755,8.8,7.7,0,3,overcast,3.5,13.0,0.0,11.6,17.0,true
yarra_ranges,Yarra Ranges,27450,2026-08-30T00:00:00+10:00,2026-08-29T14:00:00+00:00,-37.75004585446992,145.7239722693755,8.7,7.7,0,2,partly_cloudy,3.2,13.3,0.0,11.9,17.5,true
yarra_ranges,Yarra Ranges,27450,2026-08-30T01:00:00+10:00,2026-08-29T15:00:00+00:00,-37.75004585446992,145.7239722693755,8.3,7.4,0,1,mainly_clear,2.2,12.6,0.0,12.0,17.3,true
yarra_ranges,Yarra Ranges,27450,2026-08-30T02:00:00+10:00,2026-08-29T16:00:00+00:00,-37.75004585446992,145.7239722693755,7.9,7.0,0,2,partly_cloudy,2.1,11.2,0.0,12.2,17.6,true
yarra_ranges,Yarra Ranges,27450,2026-08-30T03:00:00+10:00,2026-08-29T17:00:00+00:00,-37.75004585446992,145.7239722693755,7.9,7.0,0,1,mainly_clear,1.7,11.2,0.0,12.5,17.8,true
yarra_ranges,Yarra Ranges,27450,2026-08-30T04:00:00+10:00,2026-08-29T18:00:00+00:00,-37.75004585446992,145.7239722693755,8.4,7.6,0,2,partly_cloudy,1.5,10.1,0.0,12.9,18.0,true
yarra_ranges,Yarra Ranges,27450,2026-08-30T05:00:00+10:00,2026-08-29T19:00:00+00:00,-37.75004585446992,145.7239722693755,8.6,7.9,0,2,partly_cloudy,1.5,10.1,0.0,13.1,18.2,true
yarra_ranges,Yarra Ranges,27450,2026-08-30T06:00:00+10:00,2026-08-29T20:00:00+00:00,-37.75004585446992,145.7239722693755,8.8,8.1,0,3,overcast,1.8,10.4,0.0,13.9,19.0,true
yarra_ranges,Yarra Ranges,27450,2026-08-30T07:00:00+10:00,2026-08-29T21:00:00+00:00,-37.75004585446992,145.7239722693755,9.3,8.7,0,3,overcast,1.4,11.2,0.05,14.4,19.3,true
yarra_ranges,Yarra Ranges,27450,2026-08-30T08:00:00+10:00,2026-08-29T22:00:00+00:00,-37.75004585446992,145.7239722693755,10.0,9.5,0,3,overcast,0.5,12.6,0.2,14.3,19.0,true
yarra_ranges,Yarra Ranges,27450,2026-08-30T09:00:00+10:00,2026-08-29T23:00:00+00:00,-37.75004585446992,145.7239722693755,10.9,10.0,0,2,partly_cloudy,2.9,14.8,0.7,13.3,17.6,true
yarra_ranges,Yarra Ranges,27450,2026-08-30T10:00:00+10:00,2026-08-30T00:00:00+00:00,-37.75004585446992,145.7239722693755,11.8,10.5,0,2,partly_cloudy,4.9,16.9,1.7,11.0,15.3,true
yarra_ranges,Yarra Ranges,27450,2026-08-30T11:00:00+10:00,2026-08-30T01:00:00+00:00,-37.75004585446992,145.7239722693755,12.6,11.3,0,2,partly_cloudy,5.6,18.7,2.65,9.7,14.0,true
yarra_ranges,Yarra Ranges,27450,2026-08-30T12:00:00+10:00,2026-08-30T02:00:00+00:00,-37.75004585446992,145.7239722693755,13.5,12.3,0,2,partly_cloudy,5.6,20.9,3.65,9.0,12.9,true
yarra_ranges,Yarra Ranges,27450,2026-08-30T13:00:00+10:00,2026-08-30T03:00:00+00:00,-37.75004585446992,145.7239722693755,14.1,12.9,0,2,partly_cloudy,5.9,22.3,3.6,9.1,13.0,true
yarra_ranges,Yarra Ranges,27450,2026-08-30T14:00:00+10:00,2026-08-30T04:00:00+00:00,-37.75004585446992,145.7239722693755,14.4,13.2,0,2,partly_cloudy,6.6,23.0,2.95,9.2,13.0,true
yarra_ranges,Yarra Ranges,27450,2026-08-30T15:00:00+10:00,2026-08-30T05:00:00+00:00,-37.75004585446992,145.7239722693755,14.4,13.1,0,1,mainly_clear,7.4,23.8,1.9,9.3,13.1,true
yarra_ranges,Yarra Ranges,27450,2026-08-30T16:00:00+10:00,2026-08-30T06:00:00+00:00,-37.75004585446992,145.7239722693755,14.1,12.9,0,1,mainly_clear,7.7,23.8,0.8,9.4,13.3,true
yarra_ranges,Yarra Ranges,27450,2026-08-30T17:00:00+10:00,2026-08-30T07:00:00+00:00,-37.75004585446992,145.7239722693755,13.4,12.2,0,2,partly_cloudy,7.4,23.8,0.15,9.7,13.7,true
yarra_ranges,Yarra Ranges,27450,2026-08-30T18:00:00+10:00,2026-08-30T08:00:00+00:00,-37.75004585446992,145.7239722693755,12.3,11.3,0,3,overcast,6.6,23.4,0.0,9.5,13.2,true
yarra_ranges,Yarra Ranges,27450,2026-08-30T19:00:00+10:00,2026-08-30T09:00:00+00:00,-37.75004585446992,145.7239722693755,11.3,10.4,0,3,overcast,5.4,22.3,0.0,9.0,12.2,true
yarra_ranges,Yarra Ranges,27450,2026-08-30T20:00:00+10:00,2026-08-30T10:00:00+00:00,-37.75004585446992,145.7239722693755,10.3,9.6,0,2,partly_cloudy,3.6,19.8,0.0,9.4,12.7,true
yarra_ranges,Yarra Ranges,27450,2026-08-30T21:00:00+10:00,2026-08-30T11:00:00+00:00,-37.75004585446992,145.7239722693755,9.4,8.8,0,1,mainly_clear,1.8,16.6,0.0,10.1,13.5,true
yarra_ranges,Yarra Ranges,27450,2026-08-30T22:00:00+10:00,2026-08-30T12:00:00+00:00,-37.75004585446992,145.7239722693755,8.7,7.9,0,0,clear_sky,2.0,13.7,0.0,10.5,14.2,true
yarra_ranges,Yarra Ranges,27450,2026-08-30T23:00:00+10:00,2026-08-30T13:00:00+00:00,-37.75004585446992,145.7239722693755,8.3,7.4,0,1,mainly_clear,2.6,11.5,,,,false
yarra_ranges,Yarra Ranges,27450,2026-08-31T00:00:00+10:00,2026-08-30T14:00:00+00:00,-37.75004585446992,145.7239722693755,8.1,7.1,0,1,mainly_clear,2.9,9.4,,,,false
yarra_ranges,Yarra Ranges,27450,2026-08-31T01:00:00+10:00,2026-08-30T15:00:00+00:00,-37.75004585446992,145.7239722693755,8.0,7.0,0,2,partly_cloudy,3.2,8.3,,,,false
yarra_ranges,Yarra Ranges,27450,2026-08-31T02:00:00+10:00,2026-08-30T16:00:00+00:00,-37.75004585446992,145.7239722693755,8.0,6.8,0,2,partly_cloudy,3.6,8.3,,,,false
yarra_ranges,Yarra Ranges,27450,2026-08-31T03:00:00+10:00,2026-08-30T17:00:00+00:00,-37.75004585446992,145.7239722693755,8.0,6.8,0,2,partly_cloudy,4.0,9.0,,,,false
yarra_ranges,Yarra Ranges,27450,2026-08-31T04:00:00+10:00,2026-08-30T18:00:00+00:00,-37.75004585446992,145.7239722693755,8.0,6.8,0,2,partly_cloudy,4.2,10.1,,,,false
yarra_ranges,Yarra Ranges,27450,2026-08-31T05:00:00+10:00,2026-08-30T19:00:00+00:00,-37.75004585446992,145.7239722693755,7.7,6.2,0,2,partly_cloudy,5.0,11.2,,,,false
yarra_ranges,Yarra Ranges,27450,2026-08-31T06:00:00+10:00,2026-08-30T20:00:00+00:00,-37.75004585446992,145.7239722693755,7.3,5.7,0,2,partly_cloudy,5.6,12.2,,,,false
yarra_ranges,Yarra Ranges,27450,2026-08-31T07:00:00+10:00,2026-08-30T21:00:00+00:00,-37.75004585446992,145.7239722693755,7.6,5.8,0,2,partly_cloudy,5.4,13.0,,,,false
yarra_ranges,Yarra Ranges,27450,2026-08-31T08:00:00+10:00,2026-08-30T22:00:00+00:00,-37.75004585446992,145.7239722693755,8.8,7.3,0,2,partly_cloudy,3.6,13.3,,,,false
yarra_ranges,Yarra Ranges,27450,2026-08-31T09:00:00+10:00,2026-08-30T23:00:00+00:00,-37.75004585446992,145.7239722693755,10.7,9.5,0,1,mainly_clear,1.8,13.3,,,,false
yarra_ranges,Yarra Ranges,27450,2026-08-31T10:00:00+10:00,2026-08-31T00:00:00+00:00,-37.75004585446992,145.7239722693755,12.6,11.3,0,1,mainly_clear,3.1,14.4,,,,false
yarra_ranges,Yarra Ranges,27450,2026-08-31T11:00:00+10:00,2026-08-31T01:00:00+00:00,-37.75004585446992,145.7239722693755,14.5,13.5,0,0,clear_sky,4.6,16.9,,,,false
yarra_ranges,Yarra Ranges,27450,2026-08-31T12:00:00+10:00,2026-08-31T02:00:00+00:00,-37.75004585446992,145.7239722693755,16.5,16.4,0,0,clear_sky,5.7,20.2,,,,false
yarra_ranges,Yarra Ranges,27450,2026-08-31T13:00:00+10:00,2026-08-31T03:00:00+00:00,-37.75004585446992,145.7239722693755,18.0,18.3,0,0,clear_sky,6.5,22.7,,,,false
yarra_ranges,Yarra Ranges,27450,2026-08-31T14:00:00+10:00,2026-08-31T04:00:00+00:00,-37.75004585446992,145.7239722693755,18.7,18.7,0,0,clear_sky,7.8,23.8,,,,false
yarra_ranges,Yarra Ranges,27450,2026-08-31T15:00:00+10:00,2026-08-31T05:00:00+00:00,-37.75004585446992,145.7239722693755,18.8,18.0,0,0,clear_sky,8.9,24.1,,,,false
yarra_ranges,Yarra Ranges,27450,2026-08-31T16:00:00+10:00,2026-08-31T06:00:00+00:00,-37.75004585446992,145.7239722693755,18.2,17.3,0,0,clear_sky,8.8,24.5,,,,false
yarra_ranges,Yarra Ranges,27450,2026-08-31T17:00:00+10:00,2026-08-31T07:00:00+00:00,-37.75004585446992,145.7239722693755,16.5,15.7,0,0,clear_sky,7.1,24.5,,,,false
yarra_ranges,Yarra Ranges,27450,2026-08-31T18:00:00+10:00,2026-08-31T08:00:00+00:00,-37.75004585446992,145.7239722693755,14.2,13.4,0,0,clear_sky,5.5,24.5,,,,false
yarra_ranges,Yarra Ranges,27450,2026-08-31T19:00:00+10:00,2026-08-31T09:00:00+00:00,-37.75004585446992,145.7239722693755,12.0,11.0,0,0,clear_sky,5.8,24.1,,,,false
yarra_ranges,Yarra Ranges,27450,2026-08-31T20:00:00+10:00,2026-08-31T10:00:00+00:00,-37.75004585446992,145.7239722693755,10.4,9.1,0,0,clear_sky,6.6,23.4,,,,false
yarra_ranges,Yarra Ranges,27450,2026-08-31T21:00:00+10:00,2026-08-31T11:00:00+00:00,-37.75004585446992,145.7239722693755,8.9,7.3,0,0,clear_sky,7.5,22.3,,,,false
yarra_ranges,Yarra Ranges,27450,2026-08-31T22:00:00+10:00,2026-08-31T12:00:00+00:00,-37.75004585446992,145.7239722693755,7.8,5.9,0,0,clear_sky,8.4,22.3,,,,false
yarra_ranges,Yarra Ranges,27450,2026-08-31T23:00:00+10:00,2026-08-31T13:00:00+00:00,-37.75004585446992,145.7239722693755,6.9,4.8,0,0,clear_sky,9.0,23.4,,,,false
yarra_ranges,Yarra Ranges,27450,2026-09-01T00:00:00+10:00,2026-08-31T14:00:00+00:00,-37.75004585446992,145.7239722693755,6.4,4.1,0,0,clear_sky,9.0,25.6,,,,false
yarra_ranges,Yarra Ranges,27450,2026-09-01T01:00:00+10:00,2026-08-31T15:00:00+00:00,-37.75004585446992,145.7239722693755,6.4,4.0,0,0,clear_sky,9.1,28.1,,,,false
yarra_ranges,Yarra Ranges,27450,2026-09-01T02:00:00+10:00,2026-08-31T16:00:00+00:00,-37.75004585446992,145.7239722693755,7.0,4.7,0,1,mainly_clear,9.5,31.3,,,,false
yarra_ranges,Yarra Ranges,27450,2026-09-01T03:00:00+10:00,2026-08-31T17:00:00+00:00,-37.75004585446992,145.7239722693755,8.0,5.8,0,1,mainly_clear,10.8,35.6,,,,false
yarra_ranges,Yarra Ranges,27450,2026-09-01T04:00:00+10:00,2026-08-31T18:00:00+00:00,-37.75004585446992,145.7239722693755,9.1,6.9,0,1,mainly_clear,12.5,40.0,,,,false
yarra_ranges,Yarra Ranges,27450,2026-09-01T05:00:00+10:00,2026-08-31T19:00:00+00:00,-37.75004585446992,145.7239722693755,10.1,7.8,0,2,partly_cloudy,14.6,45.4,,,,false
yarra_ranges,Yarra Ranges,27450,2026-09-01T06:00:00+10:00,2026-08-31T20:00:00+00:00,-37.75004585446992,145.7239722693755,11.1,8.7,0,2,partly_cloudy,17.0,51.1,,,,false
yarra_ranges,Yarra Ranges,27450,2026-09-01T07:00:00+10:00,2026-08-31T21:00:00+00:00,-37.75004585446992,145.7239722693755,12.1,9.6,0,2,partly_cloudy,18.7,55.8,,,,false
yarra_ranges,Yarra Ranges,27450,2026-09-01T08:00:00+10:00,2026-08-31T22:00:00+00:00,-37.75004585446992,145.7239722693755,12.9,10.1,0,1,mainly_clear,17.5,52.9,,,,false
yarra_ranges,Yarra Ranges,27450,2026-09-01T09:00:00+10:00,2026-08-31T23:00:00+00:00,-37.75004585446992,145.7239722693755,13.8,10.9,0,1,mainly_clear,18.5,56.2,,,,false
yarra_ranges,Yarra Ranges,27450,2026-09-01T10:00:00+10:00,2026-09-01T00:00:00+00:00,-37.75004585446992,145.7239722693755,14.5,11.6,0,1,mainly_clear,19.2,59.8,,,,false
yarra_ranges,Yarra Ranges,27450,2026-09-01T11:00:00+10:00,2026-09-01T01:00:00+00:00,-37.75004585446992,145.7239722693755,15.1,12.3,3,51,light_drizzle,19.8,63.7,,,,false
yarra_ranges,Yarra Ranges,27450,2026-09-01T12:00:00+10:00,2026-09-01T02:00:00+00:00,-37.75004585446992,145.7239722693755,15.5,13.1,8,51,light_drizzle,20.6,68.8,,,,false
yarra_ranges,Yarra Ranges,27450,2026-09-01T13:00:00+10:00,2026-09-01T03:00:00+00:00,-37.75004585446992,145.7239722693755,15.8,13.5,14,51,light_drizzle,21.4,73.4,,,,false
yarra_ranges,Yarra Ranges,27450,2026-09-01T14:00:00+10:00,2026-09-01T04:00:00+00:00,-37.75004585446992,145.7239722693755,16.0,13.3,20,51,light_drizzle,22.2,77.8,,,,false
yarra_ranges,Yarra Ranges,27450,2026-09-01T15:00:00+10:00,2026-09-01T05:00:00+00:00,-37.75004585446992,145.7239722693755,16.0,13.3,26,51,light_drizzle,22.8,81.4,,,,false
yarra_ranges,Yarra Ranges,27450,2026-09-01T16:00:00+10:00,2026-09-01T06:00:00+00:00,-37.75004585446992,145.7239722693755,15.9,13.3,33,51,light_drizzle,22.8,82.8,,,,false
yarra_ranges,Yarra Ranges,27450,2026-09-01T17:00:00+10:00,2026-09-01T07:00:00+00:00,-37.75004585446992,145.7239722693755,15.6,13.1,41,80,slight_rain_showers,21.9,82.4,,,,false
yarra_ranges,Yarra Ranges,27450,2026-09-01T18:00:00+10:00,2026-09-01T08:00:00+00:00,-37.75004585446992,145.7239722693755,15.1,12.9,49,80,slight_rain_showers,20.1,80.3,,,,false
yarra_ranges,Yarra Ranges,27450,2026-09-01T19:00:00+10:00,2026-09-01T09:00:00+00:00,-37.75004585446992,145.7239722693755,14.4,12.4,56,80,slight_rain_showers,18.2,77.4,,,,false
yarra_ranges,Yarra Ranges,27450,2026-09-01T20:00:00+10:00,2026-09-01T10:00:00+00:00,-37.75004585446992,145.7239722693755,13.6,11.9,63,80,slight_rain_showers,16.3,73.4,,,,false
yarra_ranges,Yarra Ranges,27450,2026-09-01T21:00:00+10:00,2026-09-01T11:00:00+00:00,-37.75004585446992,145.7239722693755,12.9,11.3,69,80,slight_rain_showers,14.8,69.8,,,,false
yarra_ranges,Yarra Ranges,27450,2026-09-01T22:00:00+10:00,2026-09-01T12:00:00+00:00,-37.75004585446992,145.7239722693755,12.1,10.6,73,80,slight_rain_showers,13.9,66.6,,,,false
yarra_ranges,Yarra Ranges,27450,2026-09-01T23:00:00+10:00,2026-09-01T13:00:00+00:00,-37.75004585446992,145.7239722693755,11.4,9.8,72,51,light_drizzle,13.1,63.7,,,,false
