place_id,display_name,place_name,name_source,activity_category,classification_confidence,lga_name,longitude,latitude,feature_type,feature_subtype,decision,source_dataset,source_record_id
vicmap_foi_990884,South Eastern Bmx Track,South Eastern Bmx Track,vicmap_name_label,skate_bmx,high,MONASH,145.086434383,-37.923106639,recreational resource,bmx track,include,vicmap_foi,990884
vicmap_foi_1341838,Diggers Rest Recreation Reserve - BMX Track,Diggers Rest Recreation Reserve - Cycling Velodrome,reviewed_override,skate_bmx,high,MELTON,144.705865497,-37.619818699,recreational resource,bmx track,include,vicmap_foi,1341838
vicmap_foi_1341884,Blackwood Drive Recreation Reserve - Bmx Track,Blackwood Drive Recreation Reserve - Bmx Track,vicmap_name_label,skate_bmx,high,MELTON,144.572156497,-37.691520953,recreational resource,bmx track,include,vicmap_foi,1341884
vicmap_foi_1341987,Blackwood Drive Recreation Reserve - Bmx Track,Blackwood Drive Recreation Reserve - Bmx Track,vicmap_name_label,skate_bmx,high,MELTON,144.572254472,-37.691644724,recreational resource,bmx track,include,vicmap_foi,1341987
vicmap_foi_1341980,Centenary Reserve - Bmx Track,Centenary Reserve - Bmx Track,vicmap_name_label,skate_bmx,high,MELTON,144.574220429,-37.670285989,recreational resource,bmx track,include,vicmap_foi,1341980
vicmap_foi_985979,Unnamed Playground - Melbourne,,generated_fallback,playground,high,MELBOURNE,144.940323046,-37.791305397,recreational resource,playground,include,vicmap_foi,985979
vicmap_foi_991018,Unnamed Playground - Monash,,generated_fallback,playground,high,MONASH,145.211605651,-37.936143221,recreational resource,playground,include,vicmap_foi,991018
vicmap_foi_991060,Unnamed Playground - Monash,,generated_fallback,playground,high,MONASH,145.149389387,-37.906119377,recreational resource,playground,include,vicmap_foi,991060
vicmap_foi_991026,Unnamed Playground - Monash,,generated_fallback,playground,high,MONASH,145.089634888,-37.897171199,recreational resource,playground,include,vicmap_foi,991026
vicmap_foi_1002130,Unnamed Playground - Melbourne,,generated_fallback,playground,high,MELBOURNE,144.940681306,-37.795021709,recreational resource,playground,include,vicmap_foi,1002130
vicmap_foi_987812,Unnamed Playground - Monash,,generated_fallback,playground,high,MONASH,145.179502529,-37.902652423,recreational resource,playground,include,vicmap_foi,987812
vicmap_foi_987813,Unnamed Playground - Monash,,generated_fallback,playground,high,MONASH,145.171806949,-37.922648433,recreational resource,playground,include,vicmap_foi,987813
vicmap_foi_987814,Unnamed Playground - Monash,,generated_fallback,playground,high,MONASH,145.201877789,-37.936974373,recreational resource,playground,include,vicmap_foi,987814
vicmap_foi_987539,Unnamed Playground - Monash,,generated_fallback,playground,high,MONASH,145.146237678,-37.868701138,recreational resource,playground,include,vicmap_foi,987539
vicmap_foi_987540,Unnamed Playground - Monash,,generated_fallback,playground,high,MONASH,145.149029795,-37.879203539,recreational resource,playground,include,vicmap_foi,987540
vicmap_foi_987547,Unnamed Playground - Monash,,generated_fallback,playground,high,MONASH,145.182832707,-37.908278547,recreational resource,playground,include,vicmap_foi,987547
vicmap_foi_987548,Unnamed Playground - Monash,,generated_fallback,playground,high,MONASH,145.161543046,-37.916233152,recreational resource,playground,include,vicmap_foi,987548
vicmap_foi_987704,Unnamed Playground - Monash,,generated_fallback,playground,high,MONASH,145.14560772,-37.903340787,recreational resource,playground,include,vicmap_foi,987704
vicmap_foi_987758,Unnamed Playground - Monash,,generated_fallback,playground,high,MONASH,145.18631528,-37.893365143,recreational resource,playground,include,vicmap_foi,987758
vicmap_foi_987759,Unnamed Playground - Monash,,generated_fallback,playground,high,MONASH,145.170081088,-37.912142749,recreational resource,playground,include,vicmap_foi,987759
vicmap_foi_987846,Unnamed Playground - Monash,,generated_fallback,playground,high,MONASH,145.172451903,-37.8758619,recreational resource,playground,include,vicmap_foi,987846
vicmap_foi_987847,Unnamed Playground - Monash,,generated_fallback,playground,high,MONASH,145.171984568,-37.889424426,recreational resource,playground,include,vicmap_foi,987847
vicmap_foi_987896,Unnamed Playground - Monash,,generated_fallback,playground,high,MONASH,145.196696722,-37.904199737,recreational resource,playground,include,vicmap_foi,987896
vicmap_foi_987897,Unnamed Playground - Monash,,generated_fallback,playground,high,MONASH,145.087943367,-37.90697335,recreational resource,playground,include,vicmap_foi,987897
vicmap_foi_989839,Unnamed Playground - Monash,,generated_fallback,playground,high,MONASH,145.201614745,-37.90549511,recreational resource,playground,include,vicmap_foi,989839
vicmap_foi_987588,Unnamed Playground - Monash,,generated_fallback,playground,high,MONASH,145.171635243,-37.894591444,recreational resource,playground,include,vicmap_foi,987588
vicmap_foi_987646,Unnamed Playground - Monash,,generated_fallback,playground,high,MONASH,145.182527627,-37.881037528,recreational resource,playground,include,vicmap_foi,987646
vicmap_foi_991001,Unnamed Playground - Monash,,generated_fallback,playground,high,MONASH,145.174540456,-37.881035217,recreational resource,playground,include,vicmap_foi,991001
vicmap_foi_991002,Unnamed Playground - Monash,,generated_fallback,playground,high,MONASH,145.173588193,-37.870991216,recreational resource,playground,include,vicmap_foi,991002
vicmap_foi_991003,Unnamed Playground - Monash,,generated_fallback,playground,high,MONASH,145.180171726,-37.87063457,recreational resource,playground,include,vicmap_foi,991003
vicmap_foi_991004,Unnamed Playground - Monash,,generated_fallback,playground,high,MONASH,145.171540854,-37.865347991,recreational resource,playground,include,vicmap_foi,991004
vicmap_foi_991044,Unnamed Playground - Monash,,generated_fallback,playground,high,MONASH,145.171760647,-37.901667904,recreational resource,playground,include,vicmap_foi,991044
vicmap_foi_991045,Unnamed Playground - Monash,,generated_fallback,playground,high,MONASH,145.079378107,-37.896289963,recreational resource,playground,include,vicmap_foi,991045
vicmap_foi_991046,Unnamed Playground - Monash,,generated_fallback,playground,high,MONASH,145.182250108,-37.890062076,recreational resource,playground,include,vicmap_foi,991046
vicmap_foi_991047,Unnamed Playground - Monash,,generated_fallback,playground,high,MONASH,145.167451949,-37.885844769,recreational resource,playground,include,vicmap_foi,991047
vicmap_foi_991048,Unnamed Playground - Monash,,generated_fallback,playground,high,MONASH,145.104860645,-37.884020459,recreational resource,playground,include,vicmap_foi,991048
vicmap_foi_991084,Unnamed Playground - Monash,,generated_fallback,playground,high,MONASH,145.114279644,-37.864547949,recreational resource,playground,include,vicmap_foi,991084
vicmap_foi_991086,Unnamed Playground - Monash,,generated_fallback,playground,high,MONASH,145.162518729,-37.926270707,recreational resource,playground,include,vicmap_foi,991086
vicmap_foi_991087,Unnamed Playground - Monash,,generated_fallback,playground,high,MONASH,145.177151008,-37.916290767,recreational resource,playground,include,vicmap_foi,991087
vicmap_foi_991088,Unnamed Playground - Monash,,generated_fallback,playground,high,MONASH,145.099049258,-37.905620715,recreational resource,playground,include,vicmap_foi,991088
vicmap_foi_991089,Unnamed Playground - Monash,,generated_fallback,playground,high,MONASH,145.201017584,-37.904800534,recreational resource,playground,include,vicmap_foi,991089
vicmap_foi_991090,Unnamed Playground - Monash,,generated_fallback,playground,high,MONASH,145.194886666,-37.897423788,recreational resource,playground,include,vicmap_foi,991090
vicmap_foi_991091,Unnamed Playground - Monash,,generated_fallback,playground,high,MONASH,145.148399524,-37.894932327,recreational resource,playground,include,vicmap_foi,991091
vicmap_foi_990982,Unnamed Playground - Monash,,generated_fallback,playground,high,MONASH,145.136782652,-37.880048074,recreational resource,playground,include,vicmap_foi,990982
vicmap_foi_990984,Unnamed Playground - Monash,,generated_fallback,playground,high,MONASH,145.185162428,-37.86528228,recreational resource,playground,include,vicmap_foi,990984
vicmap_foi_990986,Unnamed Playground - Monash,,generated_fallback,playground,high,MONASH,145.138514689,-37.861184802,recreational resource,playground,include,vicmap_foi,990986
vicmap_foi_990988,Unnamed Playground - Monash,,generated_fallback,playground,high,MONASH,145.187997484,-37.923251162,recreational resource,playground,include,vicmap_foi,990988
vicmap_foi_990989,Unnamed Playground - Monash,,generated_fallback,playground,high,MONASH,145.08729822,-37.921165335,recreational resource,playground,include,vicmap_foi,990989
vicmap_foi_990991,Unnamed Playground - Monash,,generated_fallback,playground,high,MONASH,145.19551564,-37.916966416,recreational resource,playground,include,vicmap_foi,990991
vicmap_foi_990992,Unnamed Playground - Monash,,generated_fallback,playground,high,MONASH,145.116464217,-37.909774728,recreational resource,playground,include,vicmap_foi,990992
vicmap_foi_990993,Unnamed Playground - Monash,,generated_fallback,playground,high,MONASH,145.093384898,-37.907873852,recreational resource,playground,include,vicmap_foi,990993
vicmap_foi_990994,Unnamed Playground - Monash,,generated_fallback,playground,high,MONASH,145.075652184,-37.906717002,recreational resource,playground,include,vicmap_foi,990994
vicmap_foi_990995,Unnamed Playground - Monash,,generated_fallback,playground,high,MONASH,145.119607607,-37.904992299,recreational resource,playground,include,vicmap_foi,990995
vicmap_foi_990996,Unnamed Playground - Monash,,generated_fallback,playground,high,MONASH,145.124362745,-37.904900942,recreational resource,playground,include,vicmap_foi,990996
vicmap_foi_990997,Unnamed Playground - Monash,,generated_fallback,playground,high,MONASH,145.18386,-37.905368847,recreational resource,playground,include,vicmap_foi,990997
vicmap_foi_990998,Unnamed Playground - Monash,,generated_fallback,playground,high,MONASH,145.201615542,-37.905499605,recreational resource,playground,include,vicmap_foi,990998
vicmap_foi_990999,Unnamed Playground - Monash,,generated_fallback,playground,high,MONASH,145.157667867,-37.90183482,recreational resource,playground,include,vicmap_foi,990999
vicmap_foi_991009,Unnamed Playground - Monash,,generated_fallback,playground,high,MONASH,145.200330057,-37.911439684,recreational resource,playground,include,vicmap_foi,991009
vicmap_foi_991010,Unnamed Playground - Monash,,generated_fallback,playground,high,MONASH,145.176089578,-37.90743277,recreational resource,playground,include,vicmap_foi,991010
vicmap_foi_991012,Unnamed Playground - Monash,,generated_fallback,playground,high,MONASH,145.119156699,-37.899936635,recreational resource,playground,include,vicmap_foi,991012
vicmap_foi_991013,Unnamed Playground - Monash,,generated_fallback,playground,high,MONASH,145.125672103,-37.89759928,recreational resource,playground,include,vicmap_foi,991013
vicmap_foi_991017,Unnamed Playground - Monash,,generated_fallback,playground,high,MONASH,145.15344805,-37.865557507,recreational resource,playground,include,vicmap_foi,991017
vicmap_foi_991019,Unnamed Playground - Monash,,generated_fallback,playground,high,MONASH,145.199292897,-37.925827871,recreational resource,playground,include,vicmap_foi,991019
vicmap_foi_991020,Unnamed Playground - Monash,,generated_fallback,playground,high,MONASH,145.091919517,-37.924267732,recreational resource,playground,include,vicmap_foi,991020
vicmap_foi_991021,Unnamed Playground - Monash,,generated_fallback,playground,high,MONASH,145.200156016,-37.919687991,recreational resource,playground,include,vicmap_foi,991021
vicmap_foi_991024,Unnamed Playground - Monash,,generated_fallback,playground,high,MONASH,145.169925289,-37.906583795,recreational resource,playground,include,vicmap_foi,991024
vicmap_foi_991025,Unnamed Playground - Monash,,generated_fallback,playground,high,MONASH,145.112853068,-37.898200105,recreational resource,playground,include,vicmap_foi,991025
vicmap_foi_991027,Unnamed Playground - Monash,,generated_fallback,playground,high,MONASH,145.102894206,-37.89689305,recreational resource,playground,include,vicmap_foi,991027
vicmap_foi_991028,Unnamed Playground - Monash,,generated_fallback,playground,high,MONASH,145.129349621,-37.888269417,recreational resource,playground,include,vicmap_foi,991028
vicmap_foi_991029,Unnamed Playground - Monash,,generated_fallback,playground,high,MONASH,145.120471299,-37.878736875,recreational resource,playground,include,vicmap_foi,991029
vicmap_foi_991031,Unnamed Playground - Monash,,generated_fallback,playground,high,MONASH,145.101310639,-37.859500776,recreational resource,playground,include,vicmap_foi,991031
vicmap_foi_991032,Unnamed Playground - Monash,,generated_fallback,playground,high,MONASH,145.101841419,-37.860374411,recreational resource,playground,include,vicmap_foi,991032
vicmap_foi_991034,Unnamed Playground - Monash,,generated_fallback,playground,high,MONASH,145.093504824,-37.912527823,recreational resource,playground,include,vicmap_foi,991034
vicmap_foi_991035,Unnamed Playground - Monash,,generated_fallback,playground,high,MONASH,145.193870389,-37.912332238,recreational resource,playground,include,vicmap_foi,991035
vicmap_foi_991036,Unnamed Playground - Monash,,generated_fallback,playground,high,MONASH,145.198839711,-37.89506228,recreational resource,playground,include,vicmap_foi,991036
vicmap_foi_991037,Unnamed Playground - Monash,,generated_fallback,playground,high,MONASH,145.103007779,-37.886449979,recreational resource,playground,include,vicmap_foi,991037
vicmap_foi_991040,Unnamed Playground - Monash,,generated_fallback,playground,high,MONASH,145.161612769,-37.932967135,recreational resource,playground,include,vicmap_foi,991040
vicmap_foi_991041,Unnamed Playground - Monash,,generated_fallback,playground,high,MONASH,145.169022051,-37.930995529,recreational resource,playground,include,vicmap_foi,991041
vicmap_foi_991042,Unnamed Playground - Monash,,generated_fallback,playground,high,MONASH,145.127116743,-37.918475687,recreational resource,playground,include,vicmap_foi,991042
vicmap_foi_991049,Unnamed Playground - Monash,,generated_fallback,playground,high,MONASH,145.127358569,-37.88321661,recreational resource,playground,include,vicmap_foi,991049
vicmap_foi_991050,Unnamed Playground - Monash,,generated_fallback,playground,high,MONASH,145.187673051,-37.879858684,recreational resource,playground,include,vicmap_foi,991050
vicmap_foi_991051,Unnamed Playground - Monash,,generated_fallback,playground,high,MONASH,145.180642253,-37.879264915,recreational resource,playground,include,vicmap_foi,991051
vicmap_foi_991052,Unnamed Playground - Monash,,generated_fallback,playground,high,MONASH,145.141097173,-37.875105276,recreational resource,playground,include,vicmap_foi,991052
vicmap_foi_991054,Unnamed Playground - Monash,,generated_fallback,playground,high,MONASH,145.109637225,-37.868241468,recreational resource,playground,include,vicmap_foi,991054
vicmap_foi_991055,Unnamed Playground - Monash,,generated_fallback,playground,high,MONASH,145.163989331,-37.862637165,recreational resource,playground,include,vicmap_foi,991055
vicmap_foi_991056,Unnamed Playground - Monash,,generated_fallback,playground,high,MONASH,145.176673758,-37.927804406,recreational resource,playground,include,vicmap_foi,991056
vicmap_foi_991057,Unnamed Playground - Monash,,generated_fallback,playground,high,MONASH,145.192243116,-37.927144325,recreational resource,playground,include,vicmap_foi,991057
vicmap_foi_991058,Unnamed Playground - Monash,,generated_fallback,playground,high,MONASH,145.190209787,-37.920408275,recreational resource,playground,include,vicmap_foi,991058
vicmap_foi_991059,Unnamed Playground - Monash,,generated_fallback,playground,high,MONASH,145.136876274,-37.918278361,recreational resource,playground,include,vicmap_foi,991059
vicmap_foi_991061,Unnamed Playground - Monash,,generated_fallback,playground,high,MONASH,145.0915969,-37.903844663,recreational resource,playground,include,vicmap_foi,991061
vicmap_foi_991062,Unnamed Playground - Monash,,generated_fallback,playground,high,MONASH,145.111559061,-37.89555194,recreational resource,playground,include,vicmap_foi,991062
vicmap_foi_991063,Unnamed Playground - Monash,,generated_fallback,playground,high,MONASH,145.121852226,-37.895283597,recreational resource,playground,include,vicmap_foi,991063
vicmap_foi_991064,Unnamed Playground - Monash,,generated_fallback,playground,high,MONASH,145.099466216,-37.894247877,recreational resource,playground,include,vicmap_foi,991064
vicmap_foi_991065,Unnamed Playground - Monash,,generated_fallback,playground,high,MONASH,145.192244508,-37.894761152,recreational resource,playground,include,vicmap_foi,991065
vicmap_foi_991066,Unnamed Playground - Monash,,generated_fallback,playground,high,MONASH,145.149671276,-37.892638544,recreational resource,playground,include,vicmap_foi,991066
vicmap_foi_991067,Unnamed Playground - Monash,,generated_fallback,playground,high,MONASH,145.140106082,-37.888831123,recreational resource,playground,include,vicmap_foi,991067
vicmap_foi_991068,Unnamed Playground - Monash,,generated_fallback,playground,high,MONASH,145.137114741,-37.884055692,recreational resource,playground,include,vicmap_foi,991068
vicmap_foi_991070,Unnamed Playground - Monash,,generated_fallback,playground,high,MONASH,145.106458737,-37.872854766,recreational resource,playground,include,vicmap_foi,991070
vicmap_foi_991071,Unnamed Playground - Monash,,generated_fallback,playground,high,MONASH,145.126921395,-37.871919064,recreational resource,playground,include,vicmap_foi,991071
vicmap_foi_991072,Unnamed Playground - Monash,,generated_fallback,playground,high,MONASH,145.110888296,-37.863450475,recreational resource,playground,include,vicmap_foi,991072
vicmap_foi_991073,Unnamed Playground - Monash,,generated_fallback,playground,high,MONASH,145.14268946,-37.859608177,recreational resource,playground,include,vicmap_foi,991073
vicmap_foi_991074,Unnamed Playground - Monash,,generated_fallback,playground,high,MONASH,145.184040568,-37.931780039,recreational resource,playground,include,vicmap_foi,991074
vicmap_foi_991075,Unnamed Playground - Monash,,generated_fallback,playground,high,MONASH,145.153860149,-37.928430515,recreational resource,playground,include,vicmap_foi,991075
vicmap_foi_991076,Unnamed Playground - Monash,,generated_fallback,playground,high,MONASH,145.130973597,-37.920140988,recreational resource,playground,include,vicmap_foi,991076
vicmap_foi_991077,Unnamed Playground - Monash,,generated_fallback,playground,high,MONASH,145.179956022,-37.918805825,recreational resource,playground,include,vicmap_foi,991077
vicmap_foi_991079,Unnamed Playground - Monash,,generated_fallback,playground,high,MONASH,145.183778712,-37.88593482,recreational resource,playground,include,vicmap_foi,991079
vicmap_foi_991080,Unnamed Playground - Monash,,generated_fallback,playground,high,MONASH,145.156979832,-37.881225429,recreational resource,playground,include,vicmap_foi,991080
vicmap_foi_991081,Unnamed Playground - Monash,,generated_fallback,playground,high,MONASH,145.147520335,-37.873493072,recreational resource,playground,include,vicmap_foi,991081
vicmap_foi_991082,Unnamed Playground - Monash,,generated_fallback,playground,high,MONASH,145.123883617,-37.867993362,recreational resource,playground,include,vicmap_foi,991082
vicmap_foi_991083,Unnamed Playground - Monash,,generated_fallback,playground,high,MONASH,145.167645809,-37.864721946,recreational resource,playground,include,vicmap_foi,991083
vicmap_foi_991092,Unnamed Playground - Monash,,generated_fallback,playground,high,MONASH,145.166515531,-37.893002725,recreational resource,playground,include,vicmap_foi,991092
vicmap_foi_1002133,Unnamed Playground - Melbourne,,generated_fallback,playground,high,MELBOURNE,144.986309832,-37.817007662,recreational resource,playground,include,vicmap_foi,1002133
vicmap_foi_989895,Unnamed Playground - Monash,,generated_fallback,playground,high,MONASH,145.194869361,-37.897454665,recreational resource,playground,include,vicmap_foi,989895
vicmap_foi_989917,Unnamed Playground - Monash,,generated_fallback,playground,high,MONASH,145.19882045,-37.895079178,recreational resource,playground,include,vicmap_foi,989917
vicmap_foi_989963,Unnamed Playground - Monash,,generated_fallback,playground,high,MONASH,145.201019412,-37.904799468,recreational resource,playground,include,vicmap_foi,989963
vicmap_foi_991014,Unnamed Playground - Monash,,generated_fallback,playground,high,MONASH,145.091160254,-37.889224289,recreational resource,playground,include,vicmap_foi,991014
vicmap_foi_991038,Unnamed Playground - Monash,,generated_fallback,playground,high,MONASH,145.101180173,-37.876063732,recreational resource,playground,include,vicmap_foi,991038
vicmap_foi_991016,Unnamed Playground - Monash,,generated_fallback,playground,high,MONASH,145.100588968,-37.8654339,recreational resource,playground,include,vicmap_foi,991016
vicmap_foi_991015,Unnamed Playground - Monash,,generated_fallback,playground,high,MONASH,145.114029341,-37.878569228,recreational resource,playground,include,vicmap_foi,991015
vicmap_foi_991023,Unnamed Playground - Monash,,generated_fallback,playground,high,MONASH,145.115205147,-37.918578856,recreational resource,playground,include,vicmap_foi,991023
vicmap_foi_1166439,Unnamed Playground - Monash,,generated_fallback,playground,high,MONASH,145.155088554,-37.87584758,recreational resource,playground,include,vicmap_foi,1166439
vicmap_foi_991005,Unnamed Playground - Monash,,generated_fallback,playground,high,MONASH,145.178499922,-37.933710132,recreational resource,playground,include,vicmap_foi,991005
vicmap_foi_1183141,Unnamed Playground - Melbourne,,generated_fallback,playground,high,MELBOURNE,144.950764158,-37.798674104,recreational resource,playground,include,vicmap_foi,1183141
vicmap_foi_990983,Unnamed Playground - Monash,,generated_fallback,playground,high,MONASH,145.15966888,-37.869329931,recreational resource,playground,include,vicmap_foi,990983
vicmap_foi_1002117,Unnamed Playground - Melbourne,,generated_fallback,playground,high,MELBOURNE,144.943858995,-37.798876466,recreational resource,playground,include,vicmap_foi,1002117
vicmap_foi_1239045,Unnamed Playground - Monash,,generated_fallback,playground,high,MONASH,145.167531576,-37.897653934,recreational resource,playground,include,vicmap_foi,1239045
vicmap_foi_1239091,Unnamed Playground - Monash,,generated_fallback,playground,high,MONASH,145.168123725,-37.897498365,recreational resource,playground,include,vicmap_foi,1239091
vicmap_foi_1239092,Unnamed Playground - Monash,,generated_fallback,playground,high,MONASH,145.198084708,-37.932005065,recreational resource,playground,include,vicmap_foi,1239092
vicmap_foi_1239058,Unnamed Playground - Monash,,generated_fallback,playground,high,MONASH,145.197995536,-37.931674821,recreational resource,playground,include,vicmap_foi,1239058
vicmap_foi_1239077,Unnamed Playground - Monash,,generated_fallback,playground,high,MONASH,145.167875786,-37.897469196,recreational resource,playground,include,vicmap_foi,1239077
vicmap_foi_1239100,Unnamed Playground - Monash,,generated_fallback,playground,high,MONASH,145.167641446,-37.897455576,recreational resource,playground,include,vicmap_foi,1239100
vicmap_foi_1183092,Unnamed Playground - Melbourne,,generated_fallback,playground,high,MELBOURNE,144.951764602,-37.807256069,recreational resource,playground,include,vicmap_foi,1183092
vicmap_foi_990985,Unnamed Playground - Monash,,generated_fallback,playground,high,MONASH,145.145039752,-37.862904407,recreational resource,playground,include,vicmap_foi,990985
vicmap_foi_990990,Unnamed Playground - Monash,,generated_fallback,playground,high,MONASH,145.103696243,-37.91933856,recreational resource,playground,include,vicmap_foi,990990
vicmap_foi_991011,Unnamed Playground - Monash,,generated_fallback,playground,high,MONASH,145.077912553,-37.900007261,recreational resource,playground,include,vicmap_foi,991011
vicmap_foi_991030,Unnamed Playground - Monash,,generated_fallback,playground,high,MONASH,145.098770361,-37.868092025,recreational resource,playground,include,vicmap_foi,991030
vicmap_foi_991033,Unnamed Playground - Monash,,generated_fallback,playground,high,MONASH,145.104831694,-37.92628712,recreational resource,playground,include,vicmap_foi,991033
vicmap_foi_991043,Unnamed Playground - Monash,,generated_fallback,playground,high,MONASH,145.176232468,-37.911568664,recreational resource,playground,include,vicmap_foi,991043
vicmap_foi_991053,Unnamed Playground - Monash,,generated_fallback,playground,high,MONASH,145.095871639,-37.872579459,recreational resource,playground,include,vicmap_foi,991053
vicmap_foi_991085,Unnamed Playground - Monash,,generated_fallback,playground,high,MONASH,145.123041589,-37.860722029,recreational resource,playground,include,vicmap_foi,991085
vicmap_foi_991093,Unnamed Playground - Monash,,generated_fallback,playground,high,MONASH,145.117049082,-37.887902674,recreational resource,playground,include,vicmap_foi,991093
vicmap_foi_991078,Unnamed Playground - Monash,,generated_fallback,playground,high,MONASH,145.163338307,-37.890391591,recreational resource,playground,include,vicmap_foi,991078
vicmap_foi_987596,Unnamed Playground - Monash,,generated_fallback,playground,high,MONASH,145.157320111,-37.894457488,recreational resource,playground,include,vicmap_foi,987596
vicmap_foi_991039,Unnamed Playground - Monash,,generated_fallback,playground,high,MONASH,145.134503631,-37.873118544,recreational resource,playground,include,vicmap_foi,991039
vicmap_foi_987760,Unnamed Playground - Monash,,generated_fallback,playground,high,MONASH,145.205406028,-37.935706992,recreational resource,playground,include,vicmap_foi,987760
vicmap_foi_1332412,Unnamed Playground - Monash,,generated_fallback,playground,high,MONASH,145.12043005,-37.92489533,recreational resource,playground,include,vicmap_foi,1332412
vicmap_foi_985961,Unnamed Playground - Melbourne,,generated_fallback,playground,high,MELBOURNE,144.925997147,-37.797937915,recreational resource,playground,include,vicmap_foi,985961
vicmap_foi_990987,Unnamed Playground - Monash,,generated_fallback,playground,high,MONASH,145.172529949,-37.9274012,recreational resource,playground,include,vicmap_foi,990987
vicmap_foi_991000,Unnamed Playground - Monash,,generated_fallback,playground,high,MONASH,145.165723238,-37.901746722,recreational resource,playground,include,vicmap_foi,991000
vicmap_foi_991006,Unnamed Playground - Monash,,generated_fallback,playground,high,MONASH,145.200443096,-37.929700733,recreational resource,playground,include,vicmap_foi,991006
vicmap_foi_991008,Unnamed Playground - Monash,,generated_fallback,playground,high,MONASH,145.186299681,-37.915129804,recreational resource,playground,include,vicmap_foi,991008
vicmap_foi_991069,Unnamed Playground - Monash,,generated_fallback,playground,high,MONASH,145.108788403,-37.876217629,recreational resource,playground,include,vicmap_foi,991069
vicmap_foi_987895,Unnamed Playground - Monash,,generated_fallback,playground,high,MONASH,145.175925218,-37.897271755,recreational resource,playground,include,vicmap_foi,987895
vicmap_foi_987848,Unnamed Playground - Monash,,generated_fallback,playground,high,MONASH,145.112183831,-37.906357444,recreational resource,playground,include,vicmap_foi,987848
vicmap_foi_1342191,Fantail Way Reserve - Playground,Fantail Way Reserve - Playground,vicmap_name_label,playground,high,MELTON,144.54824274,-37.708606888,recreational resource,playground,include,vicmap_foi,1342191
vicmap_foi_1342186,Kenswick Drive Reserve - Playground West,Kenswick Drive Reserve - Playground West,vicmap_name_label,playground,high,MELTON,144.755099077,-37.686975638,recreational resource,playground,include,vicmap_foi,1342186
vicmap_foi_1342187,Sumac Street Reserve - Playground,Sumac Street Reserve - Playground,vicmap_name_label,playground,high,MELTON,144.546486138,-37.690267208,recreational resource,playground,include,vicmap_foi,1342187
vicmap_foi_1342188,Stretton Drive Reserve - Playground,Stretton Drive Reserve - Playground,vicmap_name_label,playground,high,MELTON,144.55283292,-37.695388829,recreational resource,playground,include,vicmap_foi,1342188
vicmap_foi_1342189,Sugargum Reserve - Playground,Sugargum Reserve - Playground,vicmap_name_label,playground,high,MELTON,144.735986845,-37.697795088,recreational resource,playground,include,vicmap_foi,1342189
vicmap_foi_1342190,Wiltshire Boulevard Reserve - Playground,Wiltshire Boulevard Reserve - Playground,vicmap_name_label,playground,high,MELTON,144.62308951,-37.708146299,recreational resource,playground,include,vicmap_foi,1342190
vicmap_foi_1342192,Darwin Street Reserve - Playground,Darwin Street Reserve - Playground,vicmap_name_label,playground,high,MELTON,144.757885957,-37.711173424,recreational resource,playground,include,vicmap_foi,1342192
vicmap_foi_1342193,Alabaster Avenue - Playground,Alabaster Avenue - Playground,vicmap_name_label,playground,high,MELTON,144.589852854,-37.711909207,recreational resource,playground,include,vicmap_foi,1342193
vicmap_foi_1342194,Wilderness Road Reserve - Playground,Wilderness Road Reserve - Playground,vicmap_name_label,playground,high,MELTON,144.714031967,-37.713086887,recreational resource,playground,include,vicmap_foi,1342194
vicmap_foi_1342195,Bloomsbury Drive Reserve - Playground,Bloomsbury Drive Reserve - Playground,vicmap_name_label,playground,high,MELTON,144.759667879,-37.713889217,recreational resource,playground,include,vicmap_foi,1342195
vicmap_foi_1342196,Anghor Drive Reserve - Playground,Anghor Drive Reserve - Playground,vicmap_name_label,playground,high,MELTON,144.696156889,-37.714071304,recreational resource,playground,include,vicmap_foi,1342196
vicmap_foi_1342197,Cardinia Crescent Reserve - Playground,Cardinia Crescent Reserve - Playground,vicmap_name_label,playground,high,MELTON,144.763975975,-37.718745902,recreational resource,playground,include,vicmap_foi,1342197
vicmap_foi_1342198,Bowery Active Open Space - Playground,Bowery Active Open Space - Playground,vicmap_name_label,playground,high,MELTON,144.698872492,-37.71892174,recreational resource,playground,include,vicmap_foi,1342198
vicmap_foi_1342199,Jackwood Park - Playground,Jackwood Park - Playground,vicmap_name_label,playground,high,MELTON,144.661530342,-37.725283049,recreational resource,playground,include,vicmap_foi,1342199
vicmap_foi_1342200,The Grange Village Park - Playground,The Grange Village Park - Playground,vicmap_name_label,playground,high,MELTON,144.73250131,-37.733239818,recreational resource,playground,include,vicmap_foi,1342200
vicmap_foi_1342201,Embleton Chase Reserve - Playground,Embleton Chase Reserve - Playground,vicmap_name_label,playground,high,MELTON,144.573052095,-37.738616736,recreational resource,playground,include,vicmap_foi,1342201
vicmap_foi_1342202,Odonnell Drive Reserve - Playground,Odonnell Drive Reserve - Playground,vicmap_name_label,playground,high,MELTON,144.738546715,-37.741438653,recreational resource,playground,include,vicmap_foi,1342202
vicmap_foi_1342203,Burnside Childrens And Community Centre - Playground,Burnside Childrens And Community Centre - Playground,vicmap_name_label,playground,high,MELTON,144.752734829,-37.744358201,recreational resource,playground,include,vicmap_foi,1342203
vicmap_foi_1342204,Panaia Boulevard Reserve - Playground,Panaia Boulevard Reserve - Playground,vicmap_name_label,playground,high,MELTON,144.6759496,-37.748906186,recreational resource,playground,include,vicmap_foi,1342204
vicmap_foi_1342205,Caucasus Street Reserve - Playground,Caucasus Street Reserve - Playground,vicmap_name_label,playground,high,MELTON,144.694937275,-37.761222653,recreational resource,playground,include,vicmap_foi,1342205
vicmap_foi_1342206,Lancefield Circuit Reserve - Playground,Lancefield Circuit Reserve - Playground,vicmap_name_label,playground,high,MELTON,144.5580451,-37.796659952,recreational resource,playground,include,vicmap_foi,1342206
vicmap_foi_1342207,Splendour Circuit Reserve - Playground,Splendour Circuit Reserve - Playground,vicmap_name_label,playground,high,MELTON,144.701437091,-37.623192842,recreational resource,playground,include,vicmap_foi,1342207
vicmap_foi_1342208,Stefan Drive Reserve - Playground,Stefan Drive Reserve - Playground,vicmap_name_label,playground,high,MELTON,144.567743336,-37.662416365,recreational resource,playground,include,vicmap_foi,1342208
vicmap_foi_1342209,Arnolds Creek Estate Reserve - Playground,Arnolds Creek Estate Reserve - Playground,vicmap_name_label,playground,high,MELTON,144.538910444,-37.66334399,recreational resource,playground,include,vicmap_foi,1342209
vicmap_foi_1342210,Marlo Drive Reserve - Playground,Marlo Drive Reserve - Playground,vicmap_name_label,playground,high,MELTON,144.557024799,-37.668039914,recreational resource,playground,include,vicmap_foi,1342210
vicmap_foi_1342211,Westlake Drive Reserve - Playground,Westlake Drive Reserve - Playground,vicmap_name_label,playground,high,MELTON,144.544236094,-37.680492106,recreational resource,playground,include,vicmap_foi,1342211
vicmap_foi_1342212,The Outlook Reserve - Playground,The Outlook Reserve - Playground,vicmap_name_label,playground,high,MELTON,144.745846191,-37.684132732,recreational resource,playground,include,vicmap_foi,1342212
vicmap_foi_1342213,Kenswick Drive Reserve - Playground East,Kenswick Drive Reserve - Playground East,vicmap_name_label,playground,high,MELTON,144.756047567,-37.686898128,recreational resource,playground,include,vicmap_foi,1342213
vicmap_foi_1342214,Rosina Drive Reserve - Playground,Rosina Drive Reserve - Playground,vicmap_name_label,playground,high,MELTON,144.569878434,-37.687035126,recreational resource,playground,include,vicmap_foi,1342214
vicmap_foi_1342215,Fieldstone Way Reserve - Playground,Fieldstone Way Reserve - Playground,vicmap_name_label,playground,high,MELTON,144.55280449,-37.690778037,recreational resource,playground,include,vicmap_foi,1342215
vicmap_foi_1342216,Parkwood Green Community Centre - Playground,Parkwood Green Community Centre - Playground,vicmap_name_label,playground,high,MELTON,144.746180734,-37.698986095,recreational resource,playground,include,vicmap_foi,1342216
vicmap_foi_1342217,Mamic Boulevard Reserve - Playground,Mamic Boulevard Reserve - Playground,vicmap_name_label,playground,high,MELTON,144.720766713,-37.700970191,recreational resource,playground,include,vicmap_foi,1342217
vicmap_foi_1342218,Kurrajong Crescent Reserve - Playground,Kurrajong Crescent Reserve - Playground,vicmap_name_label,playground,high,MELTON,144.574857839,-37.701399044,recreational resource,playground,include,vicmap_foi,1342218
vicmap_foi_1342219,Allenby Road Reserve - Playground,Allenby Road Reserve - Playground,vicmap_name_label,playground,high,MELTON,144.745056682,-37.70197492,recreational resource,playground,include,vicmap_foi,1342219
vicmap_foi_1342220,Botanica Springs Childrens And Community Centre - Playground,Botanica Springs Childrens And Community Centre - Playground,vicmap_name_label,playground,high,MELTON,144.54535611,-37.702674254,recreational resource,playground,include,vicmap_foi,1342220
vicmap_foi_1342221,Mawson Gardens - Playground,Mawson Gardens - Playground,vicmap_name_label,playground,high,MELTON,144.725721152,-37.703303233,recreational resource,playground,include,vicmap_foi,1342221
vicmap_foi_1342222,Mount Carberry Preschool - Playground,Mount Carberry Preschool - Playground,vicmap_name_label,playground,high,MELTON,144.573680431,-37.70624095,recreational resource,playground,include,vicmap_foi,1342222
vicmap_foi_1342223,Bonniebrook Road Reserve - Playground,Bonniebrook Road Reserve - Playground,vicmap_name_label,playground,high,MELTON,144.680189316,-37.707233292,recreational resource,playground,include,vicmap_foi,1342223
vicmap_foi_1342224,Northgate Linear Park - Playground,Northgate Linear Park - Playground,vicmap_name_label,playground,high,MELTON,144.73927995,-37.707695563,recreational resource,playground,include,vicmap_foi,1342224
vicmap_foi_1342225,Rushmore Way Drainage Reserve - Playground,Rushmore Way Drainage Reserve - Playground,vicmap_name_label,playground,high,MELTON,144.688731727,-37.715628399,recreational resource,playground,include,vicmap_foi,1342225
vicmap_foi_1342226,Louisville Drive Reserve - Playground,Louisville Drive Reserve - Playground,vicmap_name_label,playground,high,MELTON,144.626615693,-37.718691136,recreational resource,playground,include,vicmap_foi,1342226
vicmap_foi_1342227,Brasilia Street - Playground,Brasilia Street - Playground,vicmap_name_label,playground,high,MELTON,144.595589487,-37.718960188,recreational resource,playground,include,vicmap_foi,1342227
vicmap_foi_1342228,Commonwealth Drive Reserve - Dog Playground,Commonwealth Drive Reserve - Dog Playground,vicmap_name_label,playground,high,MELTON,144.667341962,-37.719406805,recreational resource,playground,include,vicmap_foi,1342228
vicmap_foi_1342229,Stockade Way Reserve - Playground,Stockade Way Reserve - Playground,vicmap_name_label,playground,high,MELTON,144.673491935,-37.719598845,recreational resource,playground,include,vicmap_foi,1342229
vicmap_foi_1342230,Mushu Street Reserve - Playground,Mushu Street Reserve - Playground,vicmap_name_label,playground,high,MELTON,144.706852368,-37.720145697,recreational resource,playground,include,vicmap_foi,1342230
vicmap_foi_1342231,Lucas Terrace Reserve - Playground,Lucas Terrace Reserve - Playground,vicmap_name_label,playground,high,MELTON,144.749847866,-37.721376469,recreational resource,playground,include,vicmap_foi,1342231
vicmap_foi_1342232,Arbouton Park - Playground,Arbouton Park - Playground,vicmap_name_label,playground,high,MELTON,144.657348226,-37.722561342,recreational resource,playground,include,vicmap_foi,1342232
vicmap_foi_1342233,Cypress Views Village Park - Playground,Cypress Views Village Park - Playground,vicmap_name_label,playground,high,MELTON,144.741684546,-37.725233897,recreational resource,playground,include,vicmap_foi,1342233
vicmap_foi_1342234,Cranwell Square - Playground,Cranwell Square - Playground,vicmap_name_label,playground,high,MELTON,144.748772672,-37.725671056,recreational resource,playground,include,vicmap_foi,1342234
vicmap_foi_1342235,Honeydew Way Reserve - Playground,Honeydew Way Reserve - Playground,vicmap_name_label,playground,high,MELTON,144.660438535,-37.735448528,recreational resource,playground,include,vicmap_foi,1342235
vicmap_foi_1342237,Brookside Childrens And Community Centre - Playground,Brookside Childrens And Community Centre - Playground,vicmap_name_label,playground,high,MELTON,144.736968359,-37.746627306,recreational resource,playground,include,vicmap_foi,1342237
vicmap_foi_1342238,Kangri Street Reserve - Playground,Kangri Street Reserve - Playground,vicmap_name_label,playground,high,MELTON,144.692163608,-37.758530733,recreational resource,playground,include,vicmap_foi,1342238
vicmap_foi_1342239,Redbank Street Reserve - Playground,Redbank Street Reserve - Playground,vicmap_name_label,playground,high,MELTON,144.54695373,-37.786587617,recreational resource,playground,include,vicmap_foi,1342239
vicmap_foi_1342240,Bouquet Circuit Reserve - Playground,Bouquet Circuit Reserve - Playground,vicmap_name_label,playground,high,MELTON,144.697635712,-37.623095814,recreational resource,playground,include,vicmap_foi,1342240
vicmap_foi_1342241,Archer Drive Reserve - Playground 2,Archer Drive Reserve - Playground 2,vicmap_name_label,playground,high,MELTON,144.597044534,-37.657859969,recreational resource,playground,include,vicmap_foi,1342241
vicmap_foi_1342242,Kirkton Park - Playground,Kirkton Park - Playground,vicmap_name_label,playground,high,MELTON,144.596493671,-37.664698562,recreational resource,playground,include,vicmap_foi,1342242
vicmap_foi_1342243,Centenary Park - Playground,Centenary Park - Playground,vicmap_name_label,playground,high,MELTON,144.574133085,-37.670180235,recreational resource,playground,include,vicmap_foi,1342243
vicmap_foi_1342244,Killarney Lakes Reserve - Playground,Killarney Lakes Reserve - Playground,vicmap_name_label,playground,high,MELTON,144.605407458,-37.679751547,recreational resource,playground,include,vicmap_foi,1342244
vicmap_foi_1342245,Hannah Watts Park - Playground,Hannah Watts Park - Playground,vicmap_name_label,playground,high,MELTON,144.592056394,-37.683492335,recreational resource,playground,include,vicmap_foi,1342245
vicmap_foi_1342246,The Regency Reserve - Playground,The Regency Reserve - Playground,vicmap_name_label,playground,high,MELTON,144.731876777,-37.685734825,recreational resource,playground,include,vicmap_foi,1342246
vicmap_foi_1342247,John Paul Drive Reserve - Playground,John Paul Drive Reserve - Playground,vicmap_name_label,playground,high,MELTON,144.750151458,-37.694149407,recreational resource,playground,include,vicmap_foi,1342247
vicmap_foi_1342248,Brookfield Childrens Services Centre - Playground,Brookfield Childrens Services Centre - Playground,vicmap_name_label,playground,high,MELTON,144.563943911,-37.694594218,recreational resource,playground,include,vicmap_foi,1342248
vicmap_foi_1342249,Fraser Street Reserve - Playground,Fraser Street Reserve - Playground,vicmap_name_label,playground,high,MELTON,144.580390996,-37.698642872,recreational resource,playground,include,vicmap_foi,1342249
vicmap_foi_1342259,Auburn Drive Reserve - Playground,Auburn Drive Reserve - Playground,vicmap_name_label,playground,high,MELTON,144.721905296,-37.715515828,recreational resource,playground,include,vicmap_foi,1342259
vicmap_foi_1342250,Orange Drive Reserve - Playground,Orange Drive Reserve - Playground,vicmap_name_label,playground,high,MELTON,144.715458868,-37.700347693,recreational resource,playground,include,vicmap_foi,1342250
vicmap_foi_1342251,Acacia Crescent Reserve - Playground,Acacia Crescent Reserve - Playground,vicmap_name_label,playground,high,MELTON,144.574863153,-37.700278026,recreational resource,playground,include,vicmap_foi,1342251
vicmap_foi_1342252,Wild Orchid Street Reserve - Playground,Wild Orchid Street Reserve - Playground,vicmap_name_label,playground,high,MELTON,144.540346774,-37.701290843,recreational resource,playground,include,vicmap_foi,1342252
vicmap_foi_1342253,Dobell Crescent Reserve - Playground,Dobell Crescent Reserve - Playground,vicmap_name_label,playground,high,MELTON,144.738360123,-37.704944446,recreational resource,playground,include,vicmap_foi,1342253
vicmap_foi_1342254,Taylors Hill Central Park - Playground,Taylors Hill Central Park - Playground,vicmap_name_label,playground,high,MELTON,144.751518701,-37.70802158,recreational resource,playground,include,vicmap_foi,1342254
vicmap_foi_1342255,Cetona Street Reserve - Playground,Cetona Street Reserve - Playground,vicmap_name_label,playground,high,MELTON,144.720800448,-37.708187311,recreational resource,playground,include,vicmap_foi,1342255
vicmap_foi_1342256,Morton Homestead North - Playground,Morton Homestead North - Playground,vicmap_name_label,playground,high,MELTON,144.755912345,-37.708422602,recreational resource,playground,include,vicmap_foi,1342256
vicmap_foi_1342257,Stagecoach Way Reserve - Playground,Stagecoach Way Reserve - Playground,vicmap_name_label,playground,high,MELTON,144.672968058,-37.712350292,recreational resource,playground,include,vicmap_foi,1342257
vicmap_foi_1342258,Taylors Hill Recreation Reserve - Playground,Taylors Hill Recreation Reserve - Playground,vicmap_name_label,playground,high,MELTON,144.754534911,-37.713644189,recreational resource,playground,include,vicmap_foi,1342258
vicmap_foi_1342260,Bridge Road Childrens And Community Centre - Playground,Bridge Road Childrens And Community Centre - Playground,vicmap_name_label,playground,high,MELTON,144.588876613,-37.715524367,recreational resource,playground,include,vicmap_foi,1342260
vicmap_foi_1342261,Walton Street Reserve - Playground,Walton Street Reserve - Playground,vicmap_name_label,playground,high,MELTON,144.568706613,-37.715963753,recreational resource,playground,include,vicmap_foi,1342261
vicmap_foi_1342262,North Terrace Reserve - Playground,North Terrace Reserve - Playground,vicmap_name_label,playground,high,MELTON,144.741985407,-37.71988256,recreational resource,playground,include,vicmap_foi,1342262
vicmap_foi_1342263,Barwon Street Reserve - Playground,Barwon Street Reserve - Playground,vicmap_name_label,playground,high,MELTON,144.753717172,-37.721883498,recreational resource,playground,include,vicmap_foi,1342263
vicmap_foi_1342007,Parsley Street Reserve - Playground,Parsley Street Reserve - Playground,vicmap_name_label,playground,high,MELTON,144.735980434,-37.726219782,recreational resource,playground,include,vicmap_foi,1342007
vicmap_foi_1342008,Cobblestone Green Reserve - Playground 2,Cobblestone Green Reserve - Playground 2,vicmap_name_label,playground,high,MELTON,144.74307975,-37.742842011,recreational resource,playground,include,vicmap_foi,1342008
vicmap_foi_1342009,Illawong Terrace Reserve - Playground,Illawong Terrace Reserve - Playground,vicmap_name_label,playground,high,MELTON,144.75524583,-37.749975647,recreational resource,playground,include,vicmap_foi,1342009
vicmap_foi_1342012,Bloomdale Avenue Reserve - Playground,Bloomdale Avenue Reserve - Playground,vicmap_name_label,playground,high,MELTON,144.702385197,-37.616231018,recreational resource,playground,include,vicmap_foi,1342012
vicmap_foi_1342013,Macadamia Way Reserve - Playground,Macadamia Way Reserve - Playground,vicmap_name_label,playground,high,MELTON,144.694208907,-37.623227576,recreational resource,playground,include,vicmap_foi,1342013
vicmap_foi_1342014,Parkview Street Reserve - Playground,Parkview Street Reserve - Playground,vicmap_name_label,playground,high,MELTON,144.572233304,-37.655163361,recreational resource,playground,include,vicmap_foi,1342014
vicmap_foi_1342015,Archer Drive Reserve - Playground,Archer Drive Reserve - Playground,vicmap_name_label,playground,high,MELTON,144.597011178,-37.657387463,recreational resource,playground,include,vicmap_foi,1342015
vicmap_foi_1342016,Navan Park - Playground,Navan Park - Playground,vicmap_name_label,playground,high,MELTON,144.567491828,-37.671345661,recreational resource,playground,include,vicmap_foi,1342016
vicmap_foi_1342017,Kurunjang Recreation Reserve - Playground,Kurunjang Recreation Reserve - Playground,vicmap_name_label,playground,high,MELTON,144.583387376,-37.674053984,recreational resource,playground,include,vicmap_foi,1342017
vicmap_foi_1342018,Little Blind Creek Reserve - Playground 2,Little Blind Creek Reserve - Playground 2,vicmap_name_label,playground,high,MELTON,144.592450951,-37.675268812,recreational resource,playground,include,vicmap_foi,1342018
vicmap_foi_1342019,Cambrian Way Reserve - Playground,Cambrian Way Reserve - Playground,vicmap_name_label,playground,high,MELTON,144.552614965,-37.675801099,recreational resource,playground,include,vicmap_foi,1342019
vicmap_foi_1342020,Hillcrest Drive Reserve - Playground,Hillcrest Drive Reserve - Playground,vicmap_name_label,playground,high,MELTON,144.731281825,-37.678456183,recreational resource,playground,include,vicmap_foi,1342020
vicmap_foi_1342021,Hillside Community Centre - Playground,Hillside Community Centre - Playground,vicmap_name_label,playground,high,MELTON,144.739580585,-37.684903407,recreational resource,playground,include,vicmap_foi,1342021
vicmap_foi_1342022,Melton Central Childrens Centre - Playground,Melton Central Childrens Centre - Playground,vicmap_name_label,playground,high,MELTON,144.577473585,-37.6862854,recreational resource,playground,include,vicmap_foi,1342022
vicmap_foi_1342023,Creekside Court Reserve - Playground,Creekside Court Reserve - Playground,vicmap_name_label,playground,high,MELTON,144.732874511,-37.687283361,recreational resource,playground,include,vicmap_foi,1342023
vicmap_foi_1342024,Judy Court Reserve - Playground,Judy Court Reserve - Playground,vicmap_name_label,playground,high,MELTON,144.582136322,-37.687847531,recreational resource,playground,include,vicmap_foi,1342024
vicmap_foi_1342025,Turpentine Road Reserve - Playground,Turpentine Road Reserve - Playground,vicmap_name_label,playground,high,MELTON,144.542475749,-37.694109606,recreational resource,playground,include,vicmap_foi,1342025
vicmap_foi_1342026,Cheshire Avenue Reserve - Playground,Cheshire Avenue Reserve - Playground,vicmap_name_label,playground,high,MELTON,144.578275242,-37.69619699,recreational resource,playground,include,vicmap_foi,1342026
vicmap_foi_1342027,Mount Carberry Reserve - Playground,Mount Carberry Reserve - Playground,vicmap_name_label,playground,high,MELTON,144.572883512,-37.707591771,recreational resource,playground,include,vicmap_foi,1342027
vicmap_foi_1342028,Padma Boulevard Reserve - Playground,Padma Boulevard Reserve - Playground,vicmap_name_label,playground,high,MELTON,144.700770666,-37.713456732,recreational resource,playground,include,vicmap_foi,1342028
vicmap_foi_1342029,Kea Street Reserve - Playground,Kea Street Reserve - Playground,vicmap_name_label,playground,high,MELTON,144.719545709,-37.714210068,recreational resource,playground,include,vicmap_foi,1342029
vicmap_foi_1342030,Thornhill Park Childrens And Community Centre - Playground,Thornhill Park Childrens And Community Centre - Playground,vicmap_name_label,playground,high,MELTON,144.628000296,-37.714611683,recreational resource,playground,include,vicmap_foi,1342030
vicmap_foi_1342031,City Vista Recreation Reserve - Playground,City Vista Recreation Reserve - Playground,vicmap_name_label,playground,high,MELTON,144.727199597,-37.716039538,recreational resource,playground,include,vicmap_foi,1342031
vicmap_foi_1342032,Orbis Avenue Reserve - Playground,Orbis Avenue Reserve - Playground,vicmap_name_label,playground,high,MELTON,144.726976898,-37.717292428,recreational resource,playground,include,vicmap_foi,1342032
vicmap_foi_1342033,Parklea Way Reserve - Playground,Parklea Way Reserve - Playground,vicmap_name_label,playground,high,MELTON,144.632456587,-37.718714986,recreational resource,playground,include,vicmap_foi,1342033
vicmap_foi_1342034,Wilton Fields Linear Open Space Reserve - Playground,Wilton Fields Linear Open Space Reserve - Playground,vicmap_name_label,playground,high,MELTON,144.592963695,-37.718926375,recreational resource,playground,include,vicmap_foi,1342034
vicmap_foi_1342035,Lynwood Drive Reserve - Playground,Lynwood Drive Reserve - Playground,vicmap_name_label,playground,high,MELTON,144.621527722,-37.720783497,recreational resource,playground,include,vicmap_foi,1342035
vicmap_foi_1342036,Taylors Hill Children Services Centre - Playground,Taylors Hill Children Services Centre - Playground,vicmap_name_label,playground,high,MELTON,144.752271802,-37.722748032,recreational resource,playground,include,vicmap_foi,1342036
vicmap_foi_1342037,Malone Circuit Reserve - Playground,Malone Circuit Reserve - Playground,vicmap_name_label,playground,high,MELTON,144.722599683,-37.722742953,recreational resource,playground,include,vicmap_foi,1342037
vicmap_foi_1342038,Buckingham Boulevard Reserve - Playground,Buckingham Boulevard Reserve - Playground,vicmap_name_label,playground,high,MELTON,144.611364511,-37.725034384,recreational resource,playground,include,vicmap_foi,1342038
vicmap_foi_1342039,Inglewood Park - Playground,Inglewood Park - Playground,vicmap_name_label,playground,high,MELTON,144.75611325,-37.730965458,recreational resource,playground,include,vicmap_foi,1342039
vicmap_foi_1342040,Boathouse Reserve - Playground,Boathouse Reserve - Playground,vicmap_name_label,playground,high,MELTON,144.747009658,-37.732089725,recreational resource,playground,include,vicmap_foi,1342040
vicmap_foi_1342041,Caroline Springs Recreation Reserve - Playground,Caroline Springs Recreation Reserve - Playground,vicmap_name_label,playground,high,MELTON,144.73818975,-37.732365505,recreational resource,playground,include,vicmap_foi,1342041
vicmap_foi_1342042,Neoclassic Street Reserve - Playground,Neoclassic Street Reserve - Playground,vicmap_name_label,playground,high,MELTON,144.71872013,-37.733666817,recreational resource,playground,include,vicmap_foi,1342042
vicmap_foi_1342043,Kororoit Creek Early Learning Centre - Playground,Kororoit Creek Early Learning Centre - Playground,vicmap_name_label,playground,high,MELTON,144.753542969,-37.734611518,recreational resource,playground,include,vicmap_foi,1342043
vicmap_foi_1342044,Angul Parade Reserve - Playground,Angul Parade Reserve - Playground,vicmap_name_label,playground,high,MELTON,144.703077146,-37.734818394,recreational resource,playground,include,vicmap_foi,1342044
vicmap_foi_1342045,Burnside Heights Recreation Reserve - Playground,Burnside Heights Recreation Reserve - Playground,vicmap_name_label,playground,high,MELTON,144.754821679,-37.73579201,recreational resource,playground,include,vicmap_foi,1342045
vicmap_foi_1342046,Kingsbury Road Park - Playground,Kingsbury Road Park - Playground,vicmap_name_label,playground,high,MELTON,144.693932338,-37.740625588,recreational resource,playground,include,vicmap_foi,1342046
vicmap_foi_1342047,Cobblestone Green Reserve - Playground 1,Cobblestone Green Reserve - Playground 1,vicmap_name_label,playground,high,MELTON,144.742454914,-37.742799195,recreational resource,playground,include,vicmap_foi,1342047
vicmap_foi_1342048,Montmarte Boulevard Reserve - Playground,Montmarte Boulevard Reserve - Playground,vicmap_name_label,playground,high,MELTON,144.753248679,-37.743952443,recreational resource,playground,include,vicmap_foi,1342048
vicmap_foi_1342049,Goulburn Way Reserve - Playground,Goulburn Way Reserve - Playground,vicmap_name_label,playground,high,MELTON,144.544715391,-37.782423027,recreational resource,playground,include,vicmap_foi,1342049
vicmap_foi_1342050,Bridge Road Regional - Playground,Bridge Road Regional - Playground,vicmap_name_label,playground,high,MELTON,144.58745018,-37.715461905,recreational resource,playground,include,vicmap_foi,1342050
vicmap_foi_1342051,Arbour Boulevard North Reserve - Playground,Arbour Boulevard North Reserve - Playground,vicmap_name_label,playground,high,MELTON,144.752625006,-37.726722249,recreational resource,playground,include,vicmap_foi,1342051
vicmap_foi_1342052,Nugget Park - Playground,Nugget Park - Playground,vicmap_name_label,playground,high,MELTON,144.666639707,-37.727054194,recreational resource,playground,include,vicmap_foi,1342052
vicmap_foi_1342053,Toolern Vale Recreation Reserve - Playground,Toolern Vale Recreation Reserve - Playground,vicmap_name_label,playground,high,MELTON,144.59525412,-37.60821076,recreational resource,playground,include,vicmap_foi,1342053
vicmap_foi_1342054,Node Way Reserve - Playground,Node Way Reserve - Playground,vicmap_name_label,playground,high,MELTON,144.699474784,-37.616324187,recreational resource,playground,include,vicmap_foi,1342054
vicmap_foi_1342055,Peppercress Street Reserve - Playground,Peppercress Street Reserve - Playground,vicmap_name_label,playground,high,MELTON,144.708930351,-37.617971047,recreational resource,playground,include,vicmap_foi,1342055
vicmap_foi_1342056,Punjel Drive Reserve - Playground,Punjel Drive Reserve - Playground,vicmap_name_label,playground,high,MELTON,144.722994906,-37.626904393,recreational resource,playground,include,vicmap_foi,1342056
vicmap_foi_1342057,Torrance Drive Reserve - Playground,Torrance Drive Reserve - Playground,vicmap_name_label,playground,high,MELTON,144.567236097,-37.654379432,recreational resource,playground,include,vicmap_foi,1342057
vicmap_foi_1342058,Westmelton Drive Reserve - Playground,Westmelton Drive Reserve - Playground,vicmap_name_label,playground,high,MELTON,144.559466892,-37.67524633,recreational resource,playground,include,vicmap_foi,1342058
vicmap_foi_1342059,Sirdar Street Reserve - Playground,Sirdar Street Reserve - Playground,vicmap_name_label,playground,high,MELTON,144.58065535,-37.67711291,recreational resource,playground,include,vicmap_foi,1342059
vicmap_foi_1342060,Arthur Westlake Recreation Reserve - Playground,Arthur Westlake Recreation Reserve - Playground,vicmap_name_label,playground,high,MELTON,144.549615839,-37.680107726,recreational resource,playground,include,vicmap_foi,1342060
vicmap_foi_1342061,West Melton Recreation Reserve - Playground,West Melton Recreation Reserve - Playground,vicmap_name_label,playground,high,MELTON,144.563271348,-37.682282736,recreational resource,playground,include,vicmap_foi,1342061
vicmap_foi_1342062,Grandview Park - Playground,Grandview Park - Playground,vicmap_name_label,playground,high,MELTON,144.744629974,-37.688364637,recreational resource,playground,include,vicmap_foi,1342062
vicmap_foi_1342063,Banchory Green - Playground,Banchory Green - Playground,vicmap_name_label,playground,high,MELTON,144.749026741,-37.688757624,recreational resource,playground,include,vicmap_foi,1342063
vicmap_foi_1342064,Lachlans Field - Playground,Lachlans Field - Playground,vicmap_name_label,playground,high,MELTON,144.755322138,-37.692152458,recreational resource,playground,include,vicmap_foi,1342064
vicmap_foi_1342065,Boyd Lane Reserve Junior - Playground,Boyd Lane Reserve Junior - Playground,vicmap_name_label,playground,high,MELTON,144.726388829,-37.699599458,recreational resource,playground,include,vicmap_foi,1342065
vicmap_foi_1342066,Wattle Place Reserve - Playground,Wattle Place Reserve - Playground,vicmap_name_label,playground,high,MELTON,144.56646607,-37.700739344,recreational resource,playground,include,vicmap_foi,1342066
vicmap_foi_1342067,Melton South Recreation Reserve - Playground,Melton South Recreation Reserve - Playground,vicmap_name_label,playground,high,MELTON,144.577029788,-37.707489289,recreational resource,playground,include,vicmap_foi,1342067
vicmap_foi_1342068,Springside Childrens And Community Centre - Playground,Springside Childrens And Community Centre - Playground,vicmap_name_label,playground,high,MELTON,144.738500926,-37.712162636,recreational resource,playground,include,vicmap_foi,1342068
vicmap_foi_1342069,Wildwood Road Sports Reserve - Playground,Wildwood Road Sports Reserve - Playground,vicmap_name_label,playground,high,MELTON,144.66527197,-37.714172871,recreational resource,playground,include,vicmap_foi,1342069
vicmap_foi_1342070,Wingfield Drive Reserve - Playground,Wingfield Drive Reserve - Playground,vicmap_name_label,playground,high,MELTON,144.633537888,-37.71409883,recreational resource,playground,include,vicmap_foi,1342070
vicmap_foi_1342071,George Street Reserve - Playground,George Street Reserve - Playground,vicmap_name_label,playground,high,MELTON,144.748695822,-37.716136238,recreational resource,playground,include,vicmap_foi,1342071
vicmap_foi_1342072,Turf Club Reserve - Playground,Turf Club Reserve - Playground,vicmap_name_label,playground,high,MELTON,144.575928724,-37.717515139,recreational resource,playground,include,vicmap_foi,1342072
vicmap_foi_1342073,Commonwealth Drive Reserve - Playground,Commonwealth Drive Reserve - Playground,vicmap_name_label,playground,high,MELTON,144.667937373,-37.719673219,recreational resource,playground,include,vicmap_foi,1342073
vicmap_foi_1342074,Chateau Prom Reserve - Playground,Chateau Prom Reserve - Playground,vicmap_name_label,playground,high,MELTON,144.714057697,-37.721187537,recreational resource,playground,include,vicmap_foi,1342074
vicmap_foi_1342075,Tamboritha Boulevard Reserve - Playground,Tamboritha Boulevard Reserve - Playground,vicmap_name_label,playground,high,MELTON,144.568925963,-37.726520653,recreational resource,playground,include,vicmap_foi,1342075
vicmap_foi_1342076,The Ridge Park - Playground,The Ridge Park - Playground,vicmap_name_label,playground,high,MELTON,144.730458824,-37.729027097,recreational resource,playground,include,vicmap_foi,1342076
vicmap_foi_1342077,Ian Cowie Recreation Reserve - Playground,Ian Cowie Recreation Reserve - Playground,vicmap_name_label,playground,high,MELTON,144.660840957,-37.732993759,recreational resource,playground,include,vicmap_foi,1342077
vicmap_foi_1342078,Bridgefield Parkway Reserve - Playground,Bridgefield Parkway Reserve - Playground,vicmap_name_label,playground,high,MELTON,144.653354396,-37.733887906,recreational resource,playground,include,vicmap_foi,1342078
vicmap_foi_1342079,Lightsview Boulevard Reserve - Playground,Lightsview Boulevard Reserve - Playground,vicmap_name_label,playground,high,MELTON,144.666350008,-37.739242315,recreational resource,playground,include,vicmap_foi,1342079
vicmap_foi_1342080,Walcho Street Reserve - Playground,Walcho Street Reserve - Playground,vicmap_name_label,playground,high,MELTON,144.678413674,-37.762016289,recreational resource,playground,include,vicmap_foi,1342080
vicmap_foi_1342082,Eynesbury Recreation Reserve - Playground,Eynesbury Recreation Reserve - Playground,vicmap_name_label,playground,high,MELTON,144.547920125,-37.793673424,recreational resource,playground,include,vicmap_foi,1342082
vicmap_foi_1342083,Scarlet Oak Reserve - Playground,Scarlet Oak Reserve - Playground,vicmap_name_label,playground,high,MELTON,144.567476278,-37.659095019,recreational resource,playground,include,vicmap_foi,1342083
vicmap_foi_1342084,Melton West Community Centre - Playground,Melton West Community Centre - Playground,vicmap_name_label,playground,high,MELTON,144.568783966,-37.677318288,recreational resource,playground,include,vicmap_foi,1342084
vicmap_foi_1342085,Scott Street Reserve - Playground,Scott Street Reserve - Playground,vicmap_name_label,playground,high,MELTON,144.575170994,-37.67754359,recreational resource,playground,include,vicmap_foi,1342085
vicmap_foi_1342086,Hudson Place Reserve - Playground,Hudson Place Reserve - Playground,vicmap_name_label,playground,high,MELTON,144.585611329,-37.678298493,recreational resource,playground,include,vicmap_foi,1342086
vicmap_foi_1342087,Melton Recreation Reserve - Playground,Melton Recreation Reserve - Playground,vicmap_name_label,playground,high,MELTON,144.589555998,-37.684101541,recreational resource,playground,include,vicmap_foi,1342087
vicmap_foi_1342088,Royal Crescent Reserve - Playground,Royal Crescent Reserve - Playground,vicmap_name_label,playground,high,MELTON,144.739421428,-37.68905287,recreational resource,playground,include,vicmap_foi,1342088
vicmap_foi_1342089,Arnolds Creek Linear Reserve - Playground,Arnolds Creek Linear Reserve - Playground,vicmap_name_label,playground,high,MELTON,144.563511953,-37.695066574,recreational resource,playground,include,vicmap_foi,1342089
vicmap_foi_1342090,Childs Street East Reserve - Playground,Childs Street East Reserve - Playground,vicmap_name_label,playground,high,MELTON,144.572858378,-37.697928721,recreational resource,playground,include,vicmap_foi,1342090
vicmap_foi_1342091,Boronia Drive Reserve - Playground,Boronia Drive Reserve - Playground,vicmap_name_label,playground,high,MELTON,144.735283891,-37.702427325,recreational resource,playground,include,vicmap_foi,1342091
vicmap_foi_1342092,Cart Road Reserve - Playground,Cart Road Reserve - Playground,vicmap_name_label,playground,high,MELTON,144.714809355,-37.704101197,recreational resource,playground,include,vicmap_foi,1342092
vicmap_foi_1342093,Melton South Community Centre - Playground,Melton South Community Centre - Playground,vicmap_name_label,playground,high,MELTON,144.574966386,-37.706434884,recreational resource,playground,include,vicmap_foi,1342093
vicmap_foi_1342094,Bill Cahill Reserve - Playground,Bill Cahill Reserve - Playground,vicmap_name_label,playground,high,MELTON,144.568481773,-37.71000128,recreational resource,playground,include,vicmap_foi,1342094
vicmap_foi_1342095,Horsley Street Reserve - Playground,Horsley Street Reserve - Playground,vicmap_name_label,playground,high,MELTON,144.632097446,-37.71173178,recreational resource,playground,include,vicmap_foi,1342095
vicmap_foi_1342096,Opera Boulevard Reserve - Playground,Opera Boulevard Reserve - Playground,vicmap_name_label,playground,high,MELTON,144.690984864,-37.712770745,recreational resource,playground,include,vicmap_foi,1342096
vicmap_foi_1342097,Frontier Park - Playground,Frontier Park - Playground,vicmap_name_label,playground,high,MELTON,144.663027354,-37.721638495,recreational resource,playground,include,vicmap_foi,1342097
vicmap_foi_1342098,Aintree Local Town Centre - Playground,Aintree Local Town Centre - Playground,vicmap_name_label,playground,high,MELTON,144.669976742,-37.722014195,recreational resource,playground,include,vicmap_foi,1342098
vicmap_foi_1342099,Conservation Avenue Reserve - Playground,Conservation Avenue Reserve - Playground,vicmap_name_label,playground,high,MELTON,144.574715957,-37.726048017,recreational resource,playground,include,vicmap_foi,1342099
vicmap_foi_1342100,Frontier Avenue Reserve - Playground,Frontier Avenue Reserve - Playground,vicmap_name_label,playground,high,MELTON,144.671664456,-37.726813115,recreational resource,playground,include,vicmap_foi,1342100
vicmap_foi_1342101,Tenterfield Drive Linear Reserve South - Playground,Tenterfield Drive Linear Reserve South - Playground,vicmap_name_label,playground,high,MELTON,144.761091059,-37.730322717,recreational resource,playground,include,vicmap_foi,1342101
vicmap_foi_1342102,Oldbridge Boulevard Reserve - Playground,Oldbridge Boulevard Reserve - Playground,vicmap_name_label,playground,high,MELTON,144.570166477,-37.730661886,recreational resource,playground,include,vicmap_foi,1342102
vicmap_foi_1342103,Salina Walk Reserve - Playground,Salina Walk Reserve - Playground,vicmap_name_label,playground,high,MELTON,144.740323446,-37.74013496,recreational resource,playground,include,vicmap_foi,1342103
vicmap_foi_1342104,Lyre Crescent Wetland Reserve - Playground,Lyre Crescent Wetland Reserve - Playground,vicmap_name_label,playground,high,MELTON,144.757667137,-37.746997404,recreational resource,playground,include,vicmap_foi,1342104
vicmap_foi_1342105,Wirrigirri Preschool - Playground,Wirrigirri Preschool - Playground,vicmap_name_label,playground,high,MELTON,144.738535897,-37.748371853,recreational resource,playground,include,vicmap_foi,1342105
vicmap_foi_1342106,Bullion Park - Playground,Bullion Park - Playground,vicmap_name_label,playground,high,MELTON,144.65805162,-37.719150007,recreational resource,playground,include,vicmap_foi,1342106
vicmap_foi_1342107,Diggers Rest Preschool - Playground,Diggers Rest Preschool - Playground,vicmap_name_label,playground,high,MELTON,144.709598151,-37.620030404,recreational resource,playground,include,vicmap_foi,1342107
vicmap_foi_1342108,Parkleigh Reserve - Playground,Parkleigh Reserve - Playground,vicmap_name_label,playground,high,MELTON,144.574569777,-37.659175017,recreational resource,playground,include,vicmap_foi,1342108
vicmap_foi_1342109,Arnolds Creek Recreation Reserve - Playground,Arnolds Creek Recreation Reserve - Playground,vicmap_name_label,playground,high,MELTON,144.54447568,-37.666846681,recreational resource,playground,include,vicmap_foi,1342109
vicmap_foi_1342110,Arnolds Creek Community Hub - Playground,Arnolds Creek Community Hub - Playground,vicmap_name_label,playground,high,MELTON,144.546602063,-37.66734384,recreational resource,playground,include,vicmap_foi,1342110
vicmap_foi_1342111,Maud Jan See Chin Reserve - Playground,Maud Jan See Chin Reserve - Playground,vicmap_name_label,playground,high,MELTON,144.571848606,-37.681002523,recreational resource,playground,include,vicmap_foi,1342111
vicmap_foi_1342112,Freemans Link - Playground,Freemans Link - Playground,vicmap_name_label,playground,high,MELTON,144.74691438,-37.684686349,recreational resource,playground,include,vicmap_foi,1342112
vicmap_foi_1342113,Bellevue Hill Preschool - Playground,Bellevue Hill Preschool - Playground,vicmap_name_label,playground,high,MELTON,144.739458001,-37.688955582,recreational resource,playground,include,vicmap_foi,1342113
vicmap_foi_1342114,Warringah Reserve - Playground,Warringah Reserve - Playground,vicmap_name_label,playground,high,MELTON,144.753824778,-37.689726282,recreational resource,playground,include,vicmap_foi,1342114
vicmap_foi_1342115,Melton Botanic Garden - Playground,Melton Botanic Garden - Playground,vicmap_name_label,playground,high,MELTON,144.58824828,-37.692233957,recreational resource,playground,include,vicmap_foi,1342115
vicmap_foi_1342116,Childs Street West Reserve - Playground,Childs Street West Reserve - Playground,vicmap_name_label,playground,high,MELTON,144.569455355,-37.697333377,recreational resource,playground,include,vicmap_foi,1342116
vicmap_foi_1342117,Botanica Springs Linear Reserve - Playground,Botanica Springs Linear Reserve - Playground,vicmap_name_label,playground,high,MELTON,144.548978031,-37.697428752,recreational resource,playground,include,vicmap_foi,1342117
vicmap_foi_1342118,Boyd Lane Reserve Senior - Playground,Boyd Lane Reserve Senior - Playground,vicmap_name_label,playground,high,MELTON,144.725942615,-37.699647176,recreational resource,playground,include,vicmap_foi,1342118
vicmap_foi_1342119,C.J. Melrose Reserve - Playground,C.J. Melrose Reserve - Playground,vicmap_name_label,playground,high,MELTON,144.558358542,-37.705682757,recreational resource,playground,include,vicmap_foi,1342119
vicmap_foi_1342120,Broughton Avenue Reserve - Playground,Broughton Avenue Reserve - Playground,vicmap_name_label,playground,high,MELTON,144.58396985,-37.708257278,recreational resource,playground,include,vicmap_foi,1342120
vicmap_foi_1342121,Lunar Way - Playground,Lunar Way - Playground,vicmap_name_label,playground,high,MELTON,144.729026214,-37.709552404,recreational resource,playground,include,vicmap_foi,1342121
vicmap_foi_1342122,Aviation Reserve - Playground,Aviation Reserve - Playground,vicmap_name_label,playground,high,MELTON,144.555949409,-37.710230719,recreational resource,playground,include,vicmap_foi,1342122
vicmap_foi_1342123,Centennial Park - Playground,Centennial Park - Playground,vicmap_name_label,playground,high,MELTON,144.744286904,-37.71296924,recreational resource,playground,include,vicmap_foi,1342123
vicmap_foi_1342124,Hazelwood Drive Reserve - Playground,Hazelwood Drive Reserve - Playground,vicmap_name_label,playground,high,MELTON,144.660620508,-37.714887544,recreational resource,playground,include,vicmap_foi,1342124
vicmap_foi_1342125,Heron Park - Playground,Heron Park - Playground,vicmap_name_label,playground,high,MELTON,144.763823358,-37.715708881,recreational resource,playground,include,vicmap_foi,1342125
vicmap_foi_1342126,Kirribilli Park - Playground,Kirribilli Park - Playground,vicmap_name_label,playground,high,MELTON,144.743723483,-37.715794169,recreational resource,playground,include,vicmap_foi,1342126
vicmap_foi_1342127,Lagoon Drive Reserve - Playground,Lagoon Drive Reserve - Playground,vicmap_name_label,playground,high,MELTON,144.67421621,-37.716328043,recreational resource,playground,include,vicmap_foi,1342127
vicmap_foi_1342128,Atherstone Entry Park - Playground,Atherstone Entry Park - Playground,vicmap_name_label,playground,high,MELTON,144.598681218,-37.716799318,recreational resource,playground,include,vicmap_foi,1342128
vicmap_foi_1342129,Botanical Drive Reserve - Playground,Botanical Drive Reserve - Playground,vicmap_name_label,playground,high,MELTON,144.733999082,-37.725064918,recreational resource,playground,include,vicmap_foi,1342129
vicmap_foi_1342130,Rockbank Community Centre - Playground,Rockbank Community Centre - Playground,vicmap_name_label,playground,high,MELTON,144.65426106,-37.726957935,recreational resource,playground,include,vicmap_foi,1342130
vicmap_foi_1342131,Southlands Loop Reserve - Playground,Southlands Loop Reserve - Playground,vicmap_name_label,playground,high,MELTON,144.593421125,-37.727163251,recreational resource,playground,include,vicmap_foi,1342131
vicmap_foi_1342132,Lake Caroline Reserve - Playground,Lake Caroline Reserve - Playground,vicmap_name_label,playground,high,MELTON,144.744162307,-37.733166945,recreational resource,playground,include,vicmap_foi,1342132
vicmap_foi_1342133,Stewart Crescent Reserve - Playground,Stewart Crescent Reserve - Playground,vicmap_name_label,playground,high,MELTON,144.666359551,-37.734632604,recreational resource,playground,include,vicmap_foi,1342133
vicmap_foi_1342134,Creekside Preschool - Playground,Creekside Preschool - Playground,vicmap_name_label,playground,high,MELTON,144.738405914,-37.735619721,recreational resource,playground,include,vicmap_foi,1342134
vicmap_foi_1342135,Sedate Drive Reserve - Playground,Sedate Drive Reserve - Playground,vicmap_name_label,playground,high,MELTON,144.653337418,-37.73948828,recreational resource,playground,include,vicmap_foi,1342135
vicmap_foi_1342136,Parkin Avenue Reserve - Playground,Parkin Avenue Reserve - Playground,vicmap_name_label,playground,high,MELTON,144.744719114,-37.745169467,recreational resource,playground,include,vicmap_foi,1342136
vicmap_foi_1342138,Pilbara Avenue Reserve - Playground,Pilbara Avenue Reserve - Playground,vicmap_name_label,playground,high,MELTON,144.752341519,-37.748456617,recreational resource,playground,include,vicmap_foi,1342138
vicmap_foi_1342139,Earlington Square - Playground,Earlington Square - Playground,vicmap_name_label,playground,high,MELTON,144.74646642,-37.749700365,recreational resource,playground,include,vicmap_foi,1342139
vicmap_foi_1342140,Altezze Drive Reserve - Playground,Altezze Drive Reserve - Playground,vicmap_name_label,playground,high,MELTON,144.680347159,-37.749602578,recreational resource,playground,include,vicmap_foi,1342140
vicmap_foi_1342141,Liali Avenue Reserve - Playground,Liali Avenue Reserve - Playground,vicmap_name_label,playground,high,MELTON,144.673749696,-37.758849114,recreational resource,playground,include,vicmap_foi,1342141
vicmap_foi_1342142,Conondale Avenue Reserve - Playground,Conondale Avenue Reserve - Playground,vicmap_name_label,playground,high,MELTON,144.690897457,-37.768809129,recreational resource,playground,include,vicmap_foi,1342142
vicmap_foi_1342143,Cooroy Road Reserve - Playground,Cooroy Road Reserve - Playground,vicmap_name_label,playground,high,MELTON,144.697885995,-37.773382826,recreational resource,playground,include,vicmap_foi,1342143
vicmap_foi_1342144,Blackwood Drive Recreation Reserve - Playground,Blackwood Drive Recreation Reserve - Playground,vicmap_name_label,playground,high,MELTON,144.572137233,-37.692844876,recreational resource,playground,include,vicmap_foi,1342144
vicmap_foi_1342145,Diggers Rest Recreation Reserve - Playground,Diggers Rest Recreation Reserve - Playground,vicmap_name_label,playground,high,MELTON,144.7080066,-37.619878593,recreational resource,playground,include,vicmap_foi,1342145
vicmap_foi_1342146,Norm Raven Reserve - Playground,Norm Raven Reserve - Playground,vicmap_name_label,playground,high,MELTON,144.716209316,-37.62668078,recreational resource,playground,include,vicmap_foi,1342146
vicmap_foi_1342147,Wallangara Boulevard Rec Reserve - Playground,Wallangara Boulevard Rec Reserve - Playground,vicmap_name_label,playground,high,MELTON,144.57046184,-37.651452332,recreational resource,playground,include,vicmap_foi,1342147
vicmap_foi_1342148,Emil Court Reserve - Playground,Emil Court Reserve - Playground,vicmap_name_label,playground,high,MELTON,144.578241921,-37.678967444,recreational resource,playground,include,vicmap_foi,1342148
vicmap_foi_1342149,Hillside Recreation Reserve - Playground,Hillside Recreation Reserve - Playground,vicmap_name_label,playground,high,MELTON,144.739268779,-37.685423628,recreational resource,playground,include,vicmap_foi,1342149
vicmap_foi_1342150,Fairhaven Boulevard Reserve - Playground,Fairhaven Boulevard Reserve - Playground,vicmap_name_label,playground,high,MELTON,144.551637963,-37.686772658,recreational resource,playground,include,vicmap_foi,1342150
vicmap_foi_1342151,Fay Street Reserve - Playground,Fay Street Reserve - Playground,vicmap_name_label,playground,high,MELTON,144.575739615,-37.687034565,recreational resource,playground,include,vicmap_foi,1342151
vicmap_foi_1342152,Gretel Grove Reserve - Playground,Gretel Grove Reserve - Playground,vicmap_name_label,playground,high,MELTON,144.582477597,-37.690456761,recreational resource,playground,include,vicmap_foi,1342152
vicmap_foi_1342153,Parkwood Green Reserve - Playground,Parkwood Green Reserve - Playground,vicmap_name_label,playground,high,MELTON,144.746844718,-37.698680522,recreational resource,playground,include,vicmap_foi,1342153
vicmap_foi_1342170,Clay Crescent Reserve - Playground,Clay Crescent Reserve - Playground,vicmap_name_label,playground,high,MELTON,144.659940982,-37.742726761,recreational resource,playground,include,vicmap_foi,1342170
vicmap_foi_1342154,Taylors Hill Sports Park - Playground,Taylors Hill Sports Park - Playground,vicmap_name_label,playground,high,MELTON,144.744524716,-37.707136976,recreational resource,playground,include,vicmap_foi,1342154
vicmap_foi_1342155,Springbank Park - Playground,Springbank Park - Playground,vicmap_name_label,playground,high,MELTON,144.763572597,-37.711456849,recreational resource,playground,include,vicmap_foi,1342155
vicmap_foi_1342156,Springside Recreation Reserve - Playground,Springside Recreation Reserve - Playground,vicmap_name_label,playground,high,MELTON,144.736068776,-37.712715257,recreational resource,playground,include,vicmap_foi,1342156
vicmap_foi_1342157,Bolton Street Reserve - Playground,Bolton Street Reserve - Playground,vicmap_name_label,playground,high,MELTON,144.555920962,-37.713002797,recreational resource,playground,include,vicmap_foi,1342157
vicmap_foi_1342158,Opera Boulevard Drainage Channel Reserve - Playground,Opera Boulevard Drainage Channel Reserve - Playground,vicmap_name_label,playground,high,MELTON,144.692318155,-37.713564636,recreational resource,playground,include,vicmap_foi,1342158
vicmap_foi_1342159,Arklay Road Reserve - Playground,Arklay Road Reserve - Playground,vicmap_name_label,playground,high,MELTON,144.623869043,-37.716064124,recreational resource,playground,include,vicmap_foi,1342159
vicmap_foi_1342160,Addicott Way Reserve - Playground,Addicott Way Reserve - Playground,vicmap_name_label,playground,high,MELTON,144.750585132,-37.716396244,recreational resource,playground,include,vicmap_foi,1342160
vicmap_foi_1342161,Oakview Parade Reserve - Playground,Oakview Parade Reserve - Playground,vicmap_name_label,playground,high,MELTON,144.736090351,-37.719136779,recreational resource,playground,include,vicmap_foi,1342161
vicmap_foi_1342162,Cascade Drive Reserve - Playground,Cascade Drive Reserve - Playground,vicmap_name_label,playground,high,MELTON,144.679637568,-37.720519873,recreational resource,playground,include,vicmap_foi,1342162
vicmap_foi_1342163,Middle Park Estate Linear Reserve - Playground,Middle Park Estate Linear Reserve - Playground,vicmap_name_label,playground,high,MELTON,144.596065688,-37.72173844,recreational resource,playground,include,vicmap_foi,1342163
vicmap_foi_1342164,Aintree Community Centre - Playground,Aintree Community Centre - Playground,vicmap_name_label,playground,high,MELTON,144.666262258,-37.721891225,recreational resource,playground,include,vicmap_foi,1342164
vicmap_foi_1342165,Warrigal Drive Reserve - Playground,Warrigal Drive Reserve - Playground,vicmap_name_label,playground,high,MELTON,144.678261087,-37.722979502,recreational resource,playground,include,vicmap_foi,1342165
vicmap_foi_1342166,Shiloh Street Reserve - Playground,Shiloh Street Reserve - Playground,vicmap_name_label,playground,high,MELTON,144.705458113,-37.727866365,recreational resource,playground,include,vicmap_foi,1342166
vicmap_foi_1342167,Arbour Boulevard Central Reserve - Playground,Arbour Boulevard Central Reserve - Playground,vicmap_name_label,playground,high,MELTON,144.75180032,-37.732443947,recreational resource,playground,include,vicmap_foi,1342167
vicmap_foi_1342168,The Point Reserve - Playground,The Point Reserve - Playground,vicmap_name_label,playground,high,MELTON,144.745223987,-37.736937944,recreational resource,playground,include,vicmap_foi,1342168
vicmap_foi_1342171,Jai Court Reserve - Playground,Jai Court Reserve - Playground,vicmap_name_label,playground,high,MELTON,144.747980408,-37.74532456,recreational resource,playground,include,vicmap_foi,1342171
vicmap_foi_1342172,Millennium Gardens - Playground,Millennium Gardens - Playground,vicmap_name_label,playground,high,MELTON,144.73669008,-37.746963132,recreational resource,playground,include,vicmap_foi,1342172
vicmap_foi_1342175,Eynesbury Community Centre - Playground,Eynesbury Community Centre - Playground,vicmap_name_label,playground,high,MELTON,144.566124347,-37.788457618,recreational resource,playground,include,vicmap_foi,1342175
vicmap_foi_1342176,Eynesbury Early Learning Centre - Playground,Eynesbury Early Learning Centre - Playground,vicmap_name_label,playground,high,MELTON,144.5479666,-37.790325831,recreational resource,playground,include,vicmap_foi,1342176
vicmap_foi_1342177,Castlemaine Drive Reserve - Playground,Castlemaine Drive Reserve - Playground,vicmap_name_label,playground,high,MELTON,144.558449831,-37.791515771,recreational resource,playground,include,vicmap_foi,1342177
vicmap_foi_1342178,Kipling Circuit Reserve - Playground,Kipling Circuit Reserve - Playground,vicmap_name_label,playground,high,MELTON,144.711980157,-37.625943268,recreational resource,playground,include,vicmap_foi,1342178
vicmap_foi_1342179,Little Blind Creek Reserve - Playground 1,Little Blind Creek Reserve - Playground 1,vicmap_name_label,playground,high,MELTON,144.593614441,-37.673065822,recreational resource,playground,include,vicmap_foi,1342179
vicmap_foi_1342180,Shalimar Place Reserve - Playground,Shalimar Place Reserve - Playground,vicmap_name_label,playground,high,MELTON,144.555452954,-37.673108321,recreational resource,playground,include,vicmap_foi,1342180
vicmap_foi_1342181,Cambrian Way Preschool - Playground,Cambrian Way Preschool - Playground,vicmap_name_label,playground,high,MELTON,144.553687273,-37.67524617,recreational resource,playground,include,vicmap_foi,1342181
vicmap_foi_1342182,Melton West Community Centre - Preschool - Playground,Melton West Community Centre - Preschool - Playground,vicmap_name_label,playground,high,MELTON,144.568738264,-37.67712189,recreational resource,playground,include,vicmap_foi,1342182
vicmap_foi_1342183,Bills Park - Playground,Bills Park - Playground,vicmap_name_label,playground,high,MELTON,144.569094328,-37.677275803,recreational resource,playground,include,vicmap_foi,1342183
vicmap_foi_1342184,Kingsway Preschool - Playground,Kingsway Preschool - Playground,vicmap_name_label,playground,high,MELTON,144.580148886,-37.678237084,recreational resource,playground,include,vicmap_foi,1342184
vicmap_foi_1342185,Melton Recreation Reserve - Senior Playground,Melton Recreation Reserve - Senior Playground,vicmap_name_label,playground,high,MELTON,144.589354318,-37.685689407,recreational resource,playground,include,vicmap_foi,1342185
vicmap_foi_1342081,Mt Atkinson Childrens And Community Centre - Playground,Mt Atkinson Childrens And Community Centre - Playground,vicmap_name_label,playground,high,MELTON,144.690595332,-37.764879956,recreational resource,playground,include,vicmap_foi,1342081
vicmap_foi_986537,Alfred Street Community Gardens,Alfred Street Community Gardens,vicmap_name_label,park_and_garden,high,MELBOURNE,144.940340195,-37.791056156,reserve,gardens,include,vicmap_foi,986537
vicmap_foi_634327,Kensington Community Garden,Kensington Community Garden,vicmap_name_label,park_and_garden,high,MELBOURNE,144.920624283,-37.793706986,reserve,gardens,include,vicmap_foi,634327
vicmap_foi_71857,Parliament Gardens,Parliament Gardens,vicmap_name_label,park_and_garden,high,MELBOURNE,144.973504782,-37.809812497,reserve,gardens,include,vicmap_foi,71857
vicmap_foi_842005,Melton Botanic Garden,Melton Botanic Garden,vicmap_name_label,park_and_garden,high,MELTON,144.590266748,-37.691573261,reserve,gardens,include,vicmap_foi,842005
vicmap_foi_78277,Unnamed Park - Monash,,generated_fallback,park_and_garden,high,MONASH,145.179160529,-37.880226805,reserve,park,include,vicmap_foi,78277
vicmap_foi_635461,Logie Street Reserve,Logie Street Reserve,vicmap_name_label,park_and_garden,high,MONASH,145.091843354,-37.894777124,reserve,park,include,vicmap_foi,635461
vicmap_foi_634320,Coode Island Reserve,Coode Island Reserve,vicmap_name_label,park_and_garden,high,MELBOURNE,144.907989848,-37.819533737,reserve,park,include,vicmap_foi,634320
vicmap_foi_634402,Franklin Street Reserve,Franklin Street Reserve,vicmap_name_label,park_and_garden,high,MELBOURNE,144.957906544,-37.809225024,reserve,park,include,vicmap_foi,634402
vicmap_foi_634681,Railway Canal Reserve,Railway Canal Reserve,vicmap_name_label,park_and_garden,high,MELBOURNE,144.9352166,-37.811630156,reserve,park,include,vicmap_foi,634681
vicmap_foi_635471,Lytton Street Reserve,Lytton Street Reserve,vicmap_name_label,park_and_garden,high,MELBOURNE,144.966362757,-37.793374675,reserve,park,include,vicmap_foi,635471
vicmap_foi_643094,Unnamed Park - Melbourne,,generated_fallback,park_and_garden,high,MELBOURNE,144.936174499,-37.7909944,reserve,park,include,vicmap_foi,643094
vicmap_foi_643102,Unnamed Park - Melbourne,,generated_fallback,park_and_garden,high,MELBOURNE,144.935922045,-37.792245463,reserve,park,include,vicmap_foi,643102
vicmap_foi_643110,Unnamed Park - Melbourne,,generated_fallback,park_and_garden,high,MELBOURNE,144.935557759,-37.794181992,reserve,park,include,vicmap_foi,643110
vicmap_foi_1140409,Unnamed Park - Monash,,generated_fallback,park_and_garden,high,MONASH,145.191427417,-37.933628255,reserve,park,include,vicmap_foi,1140409
vicmap_foi_1140490,Unnamed Park - Monash,,generated_fallback,park_and_garden,high,MONASH,145.192095251,-37.931908033,reserve,park,include,vicmap_foi,1140490
vicmap_foi_1140669,Unnamed Park - Monash,,generated_fallback,park_and_garden,high,MONASH,145.187938323,-37.931130599,reserve,park,include,vicmap_foi,1140669
vicmap_foi_1140846,Unnamed Park - Monash,,generated_fallback,park_and_garden,high,MONASH,145.189421935,-37.928931558,reserve,park,include,vicmap_foi,1140846
vicmap_foi_1140932,Unnamed Park - Monash,,generated_fallback,park_and_garden,high,MONASH,145.190151582,-37.931323488,reserve,park,include,vicmap_foi,1140932
vicmap_foi_1156006,Unnamed Park - Monash,,generated_fallback,park_and_garden,high,MONASH,145.189378611,-37.93227731,reserve,park,include,vicmap_foi,1156006
vicmap_foi_1156032,Unnamed Park - Monash,,generated_fallback,park_and_garden,high,MONASH,145.19077587,-37.933205043,reserve,park,include,vicmap_foi,1156032
vicmap_foi_1217266,Unnamed Park - Monash,,generated_fallback,park_and_garden,high,MONASH,145.19145215,-37.928264555,reserve,park,include,vicmap_foi,1217266
vicmap_foi_1217296,Unnamed Park - Monash,,generated_fallback,park_and_garden,high,MONASH,145.190651152,-37.928140312,reserve,park,include,vicmap_foi,1217296
vicmap_foi_1217322,Unnamed Park - Monash,,generated_fallback,park_and_garden,high,MONASH,145.190017597,-37.928532242,reserve,park,include,vicmap_foi,1217322
vicmap_foi_1217388,Unnamed Park - Monash,,generated_fallback,park_and_garden,high,MONASH,145.142581302,-37.905801483,reserve,park,include,vicmap_foi,1217388
vicmap_foi_1217389,Unnamed Park - Monash,,generated_fallback,park_and_garden,high,MONASH,145.190873634,-37.929067668,reserve,park,include,vicmap_foi,1217389
vicmap_foi_1249346,Unnamed Park - Monash,,generated_fallback,park_and_garden,high,MONASH,145.1886912,-37.930402081,reserve,park,include,vicmap_foi,1249346
vicmap_foi_1277156,Unnamed Park - Monash,,generated_fallback,park_and_garden,high,MONASH,145.192834675,-37.930031028,reserve,park,include,vicmap_foi,1277156
vicmap_foi_1277258,Unnamed Park - Monash,,generated_fallback,park_and_garden,high,MONASH,145.135521697,-37.886128361,reserve,park,include,vicmap_foi,1277258
vicmap_foi_646112,Unnamed Park - Monash,,generated_fallback,park_and_garden,high,MONASH,145.114415878,-37.895895648,reserve,park,include,vicmap_foi,646112
vicmap_foi_1019548,Remembrance Park,Remembrance Park,vicmap_name_label,park_and_garden,high,MONASH,145.120400272,-37.923077496,reserve,park,include,vicmap_foi,1019548
vicmap_foi_69923,Brentwood Reserve,Brentwood Reserve,vicmap_name_label,park_and_garden,high,MONASH,145.17088236,-37.902489707,reserve,park,include,vicmap_foi,69923
vicmap_foi_70053,Carlson Avenue Reserve,Carlson Avenue Reserve,vicmap_name_label,park_and_garden,high,MONASH,145.124791877,-37.904598191,reserve,park,include,vicmap_foi,70053
vicmap_foi_70045,Capital Reserve,Capital Reserve,vicmap_name_label,park_and_garden,high,MONASH,145.180608212,-37.871964464,reserve,park,include,vicmap_foi,70045
vicmap_foi_70171,Meade Reserve,Meade Reserve,vicmap_name_label,park_and_garden,high,MONASH,145.116070996,-37.922691305,reserve,park,include,vicmap_foi,70171
vicmap_foi_70596,Federal Reserve,Federal Reserve,vicmap_name_label,park_and_garden,high,MONASH,145.123390709,-37.86065697,reserve,park,include,vicmap_foi,70596
vicmap_foi_70685,Galbally Reserve,Galbally Reserve,vicmap_name_label,park_and_garden,high,MONASH,145.079704434,-37.896233186,reserve,park,include,vicmap_foi,70685
vicmap_foi_70748,Glen Waverley North Reserve,Glen Waverley North Reserve,vicmap_name_label,park_and_garden,high,MONASH,145.160131357,-37.869685714,reserve,park,include,vicmap_foi,70748
vicmap_foi_71063,Jack Edwards Reserve,Jack Edwards Reserve,vicmap_name_label,park_and_garden,high,MONASH,145.098740473,-37.906355749,reserve,park,include,vicmap_foi,71063
vicmap_foi_71304,Larpent Reserve,Larpent Reserve,vicmap_name_label,park_and_garden,high,MONASH,145.17057546,-37.871060885,reserve,park,include,vicmap_foi,71304
vicmap_foi_71450,Mayfield Park,Mayfield Park,vicmap_name_label,park_and_garden,high,MONASH,145.116532379,-37.887074632,reserve,park,include,vicmap_foi,71450
vicmap_foi_72271,Scotchmans Run Reserve,Scotchmans Run Reserve,vicmap_name_label,park_and_garden,high,MONASH,145.102622287,-37.893739426,reserve,park,include,vicmap_foi,72271
vicmap_foi_72395,Southern Reserve,Southern Reserve,vicmap_name_label,park_and_garden,high,MONASH,145.177246053,-37.934148449,reserve,park,include,vicmap_foi,72395
vicmap_foi_78119,Unnamed Park - Monash,,generated_fallback,park_and_garden,high,MONASH,145.171497149,-37.865335589,reserve,park,include,vicmap_foi,78119
vicmap_foi_78162,Unnamed Park - Monash,,generated_fallback,park_and_garden,high,MONASH,145.146203589,-37.868730363,reserve,park,include,vicmap_foi,78162
vicmap_foi_71013,Hurst Reserve,Hurst Reserve,vicmap_name_label,park_and_garden,high,MONASH,145.100099097,-37.896725576,reserve,park,include,vicmap_foi,71013
vicmap_foi_71487,Melbourne Water Mt View Reservoir,Melbourne Water Mt View Reservoir,vicmap_name_label,park_and_garden,high,MONASH,145.17192446,-37.890647403,reserve,park,include,vicmap_foi,71487
vicmap_foi_77984,Unnamed Park - Monash,,generated_fallback,park_and_garden,high,MONASH,145.116983981,-37.857185927,reserve,park,include,vicmap_foi,77984
vicmap_foi_78042,Unnamed Park - Monash,,generated_fallback,park_and_garden,high,MONASH,145.108408789,-37.860190871,reserve,park,include,vicmap_foi,78042
vicmap_foi_78072,Unnamed Park - Monash,,generated_fallback,park_and_garden,high,MONASH,145.1216524,-37.862446009,reserve,park,include,vicmap_foi,78072
vicmap_foi_78082,Unnamed Park - Monash,,generated_fallback,park_and_garden,high,MONASH,145.120387337,-37.862933325,reserve,park,include,vicmap_foi,78082
vicmap_foi_78121,Unnamed Park - Monash,,generated_fallback,park_and_garden,high,MONASH,145.163763331,-37.865322241,reserve,park,include,vicmap_foi,78121
vicmap_foi_78134,Unnamed Park - Monash,,generated_fallback,park_and_garden,high,MONASH,145.152197624,-37.867480889,reserve,park,include,vicmap_foi,78134
vicmap_foi_78145,Unnamed Park - Monash,,generated_fallback,park_and_garden,high,MONASH,145.177838019,-37.867084175,reserve,park,include,vicmap_foi,78145
vicmap_foi_78153,Unnamed Park - Monash,,generated_fallback,park_and_garden,high,MONASH,145.172129216,-37.867661932,reserve,park,include,vicmap_foi,78153
vicmap_foi_78157,Unnamed Park - Monash,,generated_fallback,park_and_garden,high,MONASH,145.148571313,-37.868143763,reserve,park,include,vicmap_foi,78157
vicmap_foi_78284,Unnamed Park - Monash,,generated_fallback,park_and_garden,high,MONASH,145.18249871,-37.881214173,reserve,park,include,vicmap_foi,78284
vicmap_foi_78340,Unnamed Park - Monash,,generated_fallback,park_and_garden,high,MONASH,145.171967377,-37.889460007,reserve,park,include,vicmap_foi,78340
vicmap_foi_78367,Unnamed Park - Monash,,generated_fallback,park_and_garden,high,MONASH,145.186320234,-37.893438087,reserve,park,include,vicmap_foi,78367
vicmap_foi_78430,Unnamed Park - Monash,,generated_fallback,park_and_garden,high,MONASH,145.145650118,-37.903342715,reserve,park,include,vicmap_foi,78430
vicmap_foi_78437,Unnamed Park - Monash,,generated_fallback,park_and_garden,high,MONASH,145.196569386,-37.904282121,reserve,park,include,vicmap_foi,78437
vicmap_foi_78449,Unnamed Park - Monash,,generated_fallback,park_and_garden,high,MONASH,145.183953063,-37.905412771,reserve,park,include,vicmap_foi,78449
vicmap_foi_78453,Unnamed Park - Monash,,generated_fallback,park_and_garden,high,MONASH,145.170168062,-37.906561161,reserve,park,include,vicmap_foi,78453
vicmap_foi_78455,Unnamed Park - Monash,,generated_fallback,park_and_garden,high,MONASH,145.176039485,-37.907335813,reserve,park,include,vicmap_foi,78455
vicmap_foi_78461,Unnamed Park - Monash,,generated_fallback,park_and_garden,high,MONASH,145.182908284,-37.908139849,reserve,park,include,vicmap_foi,78461
vicmap_foi_78498,Unnamed Park - Monash,,generated_fallback,park_and_garden,high,MONASH,145.161525027,-37.916245119,reserve,park,include,vicmap_foi,78498
vicmap_foi_78529,Unnamed Park - Monash,,generated_fallback,park_and_garden,high,MONASH,145.172028164,-37.92274559,reserve,park,include,vicmap_foi,78529
vicmap_foi_78553,Unnamed Park - Monash,,generated_fallback,park_and_garden,high,MONASH,145.153849736,-37.928438286,reserve,park,include,vicmap_foi,78553
vicmap_foi_78584,Unnamed Park - Monash,,generated_fallback,park_and_garden,high,MONASH,145.201980902,-37.936869741,reserve,park,include,vicmap_foi,78584
vicmap_foi_78164,Unnamed Park - Monash,,generated_fallback,park_and_garden,high,MONASH,145.129277182,-37.869316943,reserve,park,include,vicmap_foi,78164
vicmap_foi_78176,Unnamed Park - Monash,,generated_fallback,park_and_garden,high,MONASH,145.127848313,-37.869548307,reserve,park,include,vicmap_foi,78176
vicmap_foi_78187,Unnamed Park - Monash,,generated_fallback,park_and_garden,high,MONASH,145.185781356,-37.870925708,reserve,park,include,vicmap_foi,78187
vicmap_foi_78195,Unnamed Park - Monash,,generated_fallback,park_and_garden,high,MONASH,145.138694931,-37.870806341,reserve,park,include,vicmap_foi,78195
vicmap_foi_78196,Unnamed Park - Monash,,generated_fallback,park_and_garden,high,MONASH,145.177332886,-37.871223955,reserve,park,include,vicmap_foi,78196
vicmap_foi_78211,Unnamed Park - Monash,,generated_fallback,park_and_garden,high,MONASH,145.183736404,-37.872373745,reserve,park,include,vicmap_foi,78211
vicmap_foi_78216,Unnamed Park - Monash,,generated_fallback,park_and_garden,high,MONASH,145.149412122,-37.873192754,reserve,park,include,vicmap_foi,78216
vicmap_foi_78231,Unnamed Park - Monash,,generated_fallback,park_and_garden,high,MONASH,145.180017397,-37.875006858,reserve,park,include,vicmap_foi,78231
vicmap_foi_78244,Unnamed Park - Monash,,generated_fallback,park_and_garden,high,MONASH,145.177498176,-37.876098134,reserve,park,include,vicmap_foi,78244
vicmap_foi_78274,Heany Street Reserve,Heany Street Reserve,vicmap_name_label,park_and_garden,high,MONASH,145.117423888,-37.881923538,reserve,park,include,vicmap_foi,78274
vicmap_foi_78292,Unnamed Park - Monash,,generated_fallback,park_and_garden,high,MONASH,145.173876254,-37.882214965,reserve,park,include,vicmap_foi,78292
vicmap_foi_78298,Unnamed Park - Monash,,generated_fallback,park_and_garden,high,MONASH,145.178409335,-37.88299718,reserve,park,include,vicmap_foi,78298
vicmap_foi_78308,Unnamed Park - Monash,,generated_fallback,park_and_garden,high,MONASH,145.102837582,-37.884912014,reserve,park,include,vicmap_foi,78308
vicmap_foi_78312,Unnamed Park - Monash,,generated_fallback,park_and_garden,high,MONASH,145.180218977,-37.885210533,reserve,park,include,vicmap_foi,78312
vicmap_foi_78314,Unnamed Park - Monash,,generated_fallback,park_and_garden,high,MONASH,145.151507969,-37.886089963,reserve,park,include,vicmap_foi,78314
vicmap_foi_78323,Unnamed Park - Monash,,generated_fallback,park_and_garden,high,MONASH,145.136525402,-37.886189927,reserve,park,include,vicmap_foi,78323
vicmap_foi_78325,Unnamed Park - Monash,,generated_fallback,park_and_garden,high,MONASH,145.186608216,-37.886363037,reserve,park,include,vicmap_foi,78325
vicmap_foi_78326,Unnamed Park - Monash,,generated_fallback,park_and_garden,high,MONASH,145.187408714,-37.886702657,reserve,park,include,vicmap_foi,78326
vicmap_foi_78343,Unnamed Park - Monash,,generated_fallback,park_and_garden,high,MONASH,145.15516156,-37.889987585,reserve,park,include,vicmap_foi,78343
vicmap_foi_78352,Unnamed Park - Monash,,generated_fallback,park_and_garden,high,MONASH,145.116892028,-37.891899405,reserve,park,include,vicmap_foi,78352
vicmap_foi_78360,Unnamed Park - Monash,,generated_fallback,park_and_garden,high,MONASH,145.11015021,-37.892893616,reserve,park,include,vicmap_foi,78360
vicmap_foi_78365,Unnamed Park - Monash,,generated_fallback,park_and_garden,high,MONASH,145.147861787,-37.893037661,reserve,park,include,vicmap_foi,78365
vicmap_foi_635554,Monash Gallery Reserve,Monash Gallery Reserve,vicmap_name_label,park_and_garden,high,MONASH,145.190325497,-37.907802405,reserve,park,include,vicmap_foi,635554
vicmap_foi_635601,Netherby Avenue Reserve,Netherby Avenue Reserve,vicmap_name_label,park_and_garden,high,MONASH,145.179737617,-37.918835549,reserve,park,include,vicmap_foi,635601
vicmap_foi_643523,Unnamed Park - Monash,,generated_fallback,park_and_garden,high,MONASH,145.077962447,-37.900023149,reserve,park,include,vicmap_foi,643523
vicmap_foi_987525,Unnamed Park - Monash,,generated_fallback,park_and_garden,high,MONASH,145.088180334,-37.906997099,reserve,park,include,vicmap_foi,987525
vicmap_foi_990802,Essex Heights Reserve,Essex Heights Reserve,vicmap_name_label,park_and_garden,high,MONASH,145.113745966,-37.863662932,reserve,park,include,vicmap_foi,990802
vicmap_foi_990836,Progress Playpark,Progress Playpark,vicmap_name_label,park_and_garden,high,MONASH,145.087273019,-37.921146735,reserve,park,include,vicmap_foi,990836
vicmap_foi_78374,Unnamed Park - Monash,,generated_fallback,park_and_garden,high,MONASH,145.15803662,-37.894782311,reserve,park,include,vicmap_foi,78374
vicmap_foi_78386,Unnamed Park - Monash,,generated_fallback,park_and_garden,high,MONASH,145.186989296,-37.897006048,reserve,park,include,vicmap_foi,78386
vicmap_foi_78400,Unnamed Park - Monash,,generated_fallback,park_and_garden,high,MONASH,145.155085754,-37.898385514,reserve,park,include,vicmap_foi,78400
vicmap_foi_78401,Unnamed Park - Monash,,generated_fallback,park_and_garden,high,MONASH,145.187861931,-37.898740159,reserve,park,include,vicmap_foi,78401
vicmap_foi_78419,Hertford Crescent Reserve,Hertford Crescent Reserve,vicmap_name_label,park_and_garden,high,MONASH,145.183403857,-37.901578065,reserve,park,include,vicmap_foi,78419
vicmap_foi_78432,Unnamed Park - Monash,,generated_fallback,park_and_garden,high,MONASH,145.192736129,-37.903559489,reserve,park,include,vicmap_foi,78432
vicmap_foi_78438,Unnamed Park - Monash,,generated_fallback,park_and_garden,high,MONASH,145.175788504,-37.90419443,reserve,park,include,vicmap_foi,78438
vicmap_foi_78439,Unnamed Park - Monash,,generated_fallback,park_and_garden,high,MONASH,145.145782292,-37.90432856,reserve,park,include,vicmap_foi,78439
vicmap_foi_78441,Unnamed Park - Monash,,generated_fallback,park_and_garden,high,MONASH,145.109095273,-37.904493847,reserve,park,include,vicmap_foi,78441
vicmap_foi_78459,Unnamed Park - Monash,,generated_fallback,park_and_garden,high,MONASH,145.166984748,-37.907764672,reserve,park,include,vicmap_foi,78459
vicmap_foi_78466,Unnamed Park - Monash,,generated_fallback,park_and_garden,high,MONASH,145.194521642,-37.909734556,reserve,park,include,vicmap_foi,78466
vicmap_foi_78467,Unnamed Park - Monash,,generated_fallback,park_and_garden,high,MONASH,145.166470312,-37.910546114,reserve,park,include,vicmap_foi,78467
vicmap_foi_78475,Unnamed Park - Monash,,generated_fallback,park_and_garden,high,MONASH,145.196337415,-37.910955882,reserve,park,include,vicmap_foi,78475
vicmap_foi_78480,Unnamed Park - Monash,,generated_fallback,park_and_garden,high,MONASH,145.182456736,-37.912381194,reserve,park,include,vicmap_foi,78480
vicmap_foi_78483,Unnamed Park - Monash,,generated_fallback,park_and_garden,high,MONASH,145.198835252,-37.912577089,reserve,park,include,vicmap_foi,78483
vicmap_foi_78485,Unnamed Park - Monash,,generated_fallback,park_and_garden,high,MONASH,145.162102968,-37.912710101,reserve,park,include,vicmap_foi,78485
vicmap_foi_78493,Unnamed Park - Monash,,generated_fallback,park_and_garden,high,MONASH,145.18082754,-37.915101621,reserve,park,include,vicmap_foi,78493
vicmap_foi_78496,Unnamed Park - Monash,,generated_fallback,park_and_garden,high,MONASH,145.198105403,-37.915263344,reserve,park,include,vicmap_foi,78496
vicmap_foi_78508,Unnamed Park - Monash,,generated_fallback,park_and_garden,high,MONASH,145.184671395,-37.917732657,reserve,park,include,vicmap_foi,78508
vicmap_foi_78511,Unnamed Park - Monash,,generated_fallback,park_and_garden,high,MONASH,145.190948191,-37.91820372,reserve,park,include,vicmap_foi,78511
vicmap_foi_78513,Unnamed Park - Monash,,generated_fallback,park_and_garden,high,MONASH,145.197644296,-37.918827458,reserve,park,include,vicmap_foi,78513
vicmap_foi_78519,Unnamed Park - Monash,,generated_fallback,park_and_garden,high,MONASH,145.184098787,-37.919444086,reserve,park,include,vicmap_foi,78519
vicmap_foi_78573,Unnamed Park - Monash,,generated_fallback,park_and_garden,high,MONASH,145.186325892,-37.934773875,reserve,park,include,vicmap_foi,78573
vicmap_foi_78575,Unnamed Park - Monash,,generated_fallback,park_and_garden,high,MONASH,145.194643806,-37.935614367,reserve,park,include,vicmap_foi,78575
vicmap_foi_78579,Unnamed Park - Monash,,generated_fallback,park_and_garden,high,MONASH,145.196273909,-37.936523421,reserve,park,include,vicmap_foi,78579
vicmap_foi_70344,David Crawford Reserve,David Crawford Reserve,vicmap_name_label,park_and_garden,high,MONASH,145.15327123,-37.866329619,reserve,park,include,vicmap_foi,70344
vicmap_foi_70576,F E Hunt Reserve,F E Hunt Reserve,vicmap_name_label,park_and_garden,high,MONASH,145.119348134,-37.899805611,reserve,park,include,vicmap_foi,70576
vicmap_foi_72538,Talbot Park,Talbot Park,vicmap_name_label,park_and_garden,high,MONASH,145.104323369,-37.925985812,reserve,park,include,vicmap_foi,72538
vicmap_foi_78092,Unnamed Park - Monash,,generated_fallback,park_and_garden,high,MONASH,145.110638049,-37.863400153,reserve,park,include,vicmap_foi,78092
vicmap_foi_78120,Unnamed Park - Monash,,generated_fallback,park_and_garden,high,MONASH,145.185535541,-37.865375079,reserve,park,include,vicmap_foi,78120
vicmap_foi_78129,Unnamed Park - Monash,,generated_fallback,park_and_garden,high,MONASH,145.153572032,-37.865540049,reserve,park,include,vicmap_foi,78129
vicmap_foi_78197,Unnamed Park - Monash,,generated_fallback,park_and_garden,high,MONASH,145.173502263,-37.871085877,reserve,park,include,vicmap_foi,78197
vicmap_foi_78373,Unnamed Park - Monash,,generated_fallback,park_and_garden,high,MONASH,145.17156467,-37.894591661,reserve,park,include,vicmap_foi,78373
vicmap_foi_78474,Unnamed Park - Monash,,generated_fallback,park_and_garden,high,MONASH,145.200323929,-37.911109584,reserve,park,include,vicmap_foi,78474
vicmap_foi_78499,Unnamed Park - Monash,,generated_fallback,park_and_garden,high,MONASH,145.177332716,-37.916473555,reserve,park,include,vicmap_foi,78499
vicmap_foi_78502,Unnamed Park - Monash,,generated_fallback,park_and_garden,high,MONASH,145.195543595,-37.916964994,reserve,park,include,vicmap_foi,78502
vicmap_foi_78565,Unnamed Park - Monash,,generated_fallback,park_and_garden,high,MONASH,145.184515063,-37.931750994,reserve,park,include,vicmap_foi,78565
vicmap_foi_78568,Unnamed Park - Monash,,generated_fallback,park_and_garden,high,MONASH,145.161557772,-37.932963641,reserve,park,include,vicmap_foi,78568
vicmap_foi_80819,Warrawee Park,Warrawee Park,vicmap_name_label,park_and_garden,high,MONASH,145.088930457,-37.89604489,reserve,park,include,vicmap_foi,80819
vicmap_foi_634870,Adrian Street Reserve,Adrian Street Reserve,vicmap_name_label,park_and_garden,high,MONASH,145.103098052,-37.886408444,reserve,park,include,vicmap_foi,634870
vicmap_foi_634905,Argyle Reserve,Argyle Reserve,vicmap_name_label,park_and_garden,high,MONASH,145.075501807,-37.906036741,reserve,park,include,vicmap_foi,634905
vicmap_foi_634997,Brynor Crescent Reserve,Brynor Crescent Reserve,vicmap_name_label,park_and_garden,high,MONASH,145.180656766,-37.879222952,reserve,park,include,vicmap_foi,634997
vicmap_foi_635024,Canova Drive Reserve,Canova Drive Reserve,vicmap_name_label,park_and_garden,high,MONASH,145.163974527,-37.862615939,reserve,park,include,vicmap_foi,635024
vicmap_foi_635044,Charlton Street Reserve,Charlton Street Reserve,vicmap_name_label,park_and_garden,high,MONASH,145.127311504,-37.883195148,reserve,park,include,vicmap_foi,635044
vicmap_foi_635051,Cheel Street Reserve,Cheel Street Reserve,vicmap_name_label,park_and_garden,high,MONASH,145.102885264,-37.896906816,reserve,park,include,vicmap_foi,635051
vicmap_foi_635193,Evelyn Street Reserve,Evelyn Street Reserve,vicmap_name_label,park_and_garden,high,MONASH,145.131007389,-37.919893112,reserve,park,include,vicmap_foi,635193
vicmap_foi_635227,Fregon Reserve,Fregon Reserve,vicmap_name_label,park_and_garden,high,MONASH,145.126834296,-37.917710326,reserve,park,include,vicmap_foi,635227
vicmap_foi_635267,Golf Links Avenue Reserve,Golf Links Avenue Reserve,vicmap_name_label,park_and_garden,high,MONASH,145.091713403,-37.903897306,reserve,park,include,vicmap_foi,635267
vicmap_foi_635275,Grantham Terrace Reserve,Grantham Terrace Reserve,vicmap_name_label,park_and_garden,high,MONASH,145.19917488,-37.925723341,reserve,park,include,vicmap_foi,635275
vicmap_foi_635375,Jordan Grove Reseve,Jordan Grove Reseve,vicmap_name_label,park_and_garden,high,MONASH,145.167397084,-37.885798241,reserve,park,include,vicmap_foi,635375
vicmap_foi_635409,Kingsley Grove Reserve,Kingsley Grove Reserve,vicmap_name_label,park_and_garden,high,MONASH,145.125689478,-37.89759746,reserve,park,include,vicmap_foi,635409
vicmap_foi_635584,Murumba Drive Reserve,Murumba Drive Reserve,vicmap_name_label,park_and_garden,high,MONASH,145.091909492,-37.924338086,reserve,park,include,vicmap_foi,635584
vicmap_foi_635662,Paxton Drive Reserve,Paxton Drive Reserve,vicmap_name_label,park_and_garden,high,MONASH,145.182218924,-37.890077914,reserve,park,include,vicmap_foi,635662
vicmap_foi_635723,Rata Street Reserve,Rata Street Reserve,vicmap_name_label,park_and_garden,high,MONASH,145.190091268,-37.920404716,reserve,park,include,vicmap_foi,635723
vicmap_foi_635812,St Clair Crescent Reserve,St Clair Crescent Reserve,vicmap_name_label,park_and_garden,high,MONASH,145.147488128,-37.874153676,reserve,park,include,vicmap_foi,635812
vicmap_foi_635832,Strelden Avenue Reserve,Strelden Avenue Reserve,vicmap_name_label,park_and_garden,high,MONASH,145.119625895,-37.905047885,reserve,park,include,vicmap_foi,635832
vicmap_foi_635968,Wilson Street Reserve,Wilson Street Reserve,vicmap_name_label,park_and_garden,high,MONASH,145.093362085,-37.907867352,reserve,park,include,vicmap_foi,635968
vicmap_foi_646089,Unnamed Park - Monash,,generated_fallback,park_and_garden,high,MONASH,145.142893233,-37.859401692,reserve,park,include,vicmap_foi,646089
vicmap_foi_646106,Unnamed Park - Monash,,generated_fallback,park_and_garden,high,MONASH,145.104983079,-37.884014982,reserve,park,include,vicmap_foi,646106
vicmap_foi_646108,Unnamed Park - Monash,,generated_fallback,park_and_garden,high,MONASH,145.149181981,-37.895246142,reserve,park,include,vicmap_foi,646108
vicmap_foi_648090,Unnamed Park - Monash,,generated_fallback,park_and_garden,high,MONASH,145.187753276,-37.923311561,reserve,park,include,vicmap_foi,648090
vicmap_foi_648111,Unnamed Park - Monash,,generated_fallback,park_and_garden,high,MONASH,145.192533334,-37.926827941,reserve,park,include,vicmap_foi,648111
vicmap_foi_650565,Unnamed Park - Monash,,generated_fallback,park_and_garden,high,MONASH,145.117901216,-37.89917198,reserve,park,include,vicmap_foi,650565
vicmap_foi_70020,Caloola Reserve,Caloola Reserve,vicmap_name_label,park_and_garden,high,MONASH,145.09256546,-37.890709763,reserve,park,include,vicmap_foi,70020
vicmap_foi_78267,Unnamed Park - Monash,,generated_fallback,park_and_garden,high,MONASH,145.149056959,-37.879074396,reserve,park,include,vicmap_foi,78267
vicmap_foi_635130,Dennis Street Reserve,Dennis Street Reserve,vicmap_name_label,park_and_garden,high,MONASH,145.137004524,-37.918240893,reserve,park,include,vicmap_foi,635130
vicmap_foi_634869,Adelaide Avenue Reserve,Adelaide Avenue Reserve,vicmap_name_label,park_and_garden,high,MONASH,145.117350029,-37.877886279,reserve,park,include,vicmap_foi,634869
vicmap_foi_634908,Arnott Street Reserve,Arnott Street Reserve,vicmap_name_label,park_and_garden,high,MONASH,145.134998253,-37.917913203,reserve,park,include,vicmap_foi,634908
vicmap_foi_634915,Ashley Close Reserve,Ashley Close Reserve,vicmap_name_label,park_and_garden,high,MONASH,145.177712383,-37.899684599,reserve,park,include,vicmap_foi,634915
vicmap_foi_634937,Baynton Court Reserve,Baynton Court Reserve,vicmap_name_label,park_and_garden,high,MONASH,145.115817753,-37.903934578,reserve,park,include,vicmap_foi,634937
vicmap_foi_634957,Berrydale Court Reserve,Berrydale Court Reserve,vicmap_name_label,park_and_garden,high,MONASH,145.14937436,-37.908513623,reserve,park,include,vicmap_foi,634957
vicmap_foi_634980,Brandon Park Drive Reserve,Brandon Park Drive Reserve,vicmap_name_label,park_and_garden,high,MONASH,145.173138656,-37.918393687,reserve,park,include,vicmap_foi,634980
vicmap_foi_634981,Brandon Park Linear Reserve,Brandon Park Linear Reserve,vicmap_name_label,park_and_garden,high,MONASH,145.16616131,-37.912187501,reserve,park,include,vicmap_foi,634981
vicmap_foi_635001,Burlington Street Reserve,Burlington Street Reserve,vicmap_name_label,park_and_garden,high,MONASH,145.093398555,-37.901829822,reserve,park,include,vicmap_foi,635001
vicmap_foi_635036,Catesby Close Reserve,Catesby Close Reserve,vicmap_name_label,park_and_garden,high,MONASH,145.210060404,-37.936467162,reserve,park,include,vicmap_foi,635036
vicmap_foi_635041,Charles Street Reserve,Charles Street Reserve,vicmap_name_label,park_and_garden,high,MONASH,145.134242438,-37.874804214,reserve,park,include,vicmap_foi,635041
vicmap_foi_635099,Crabapple Close Reserve,Crabapple Close Reserve,vicmap_name_label,park_and_garden,high,MONASH,145.166687709,-37.862155733,reserve,park,include,vicmap_foi,635099
vicmap_foi_635107,Cuthbert Court Reserve,Cuthbert Court Reserve,vicmap_name_label,park_and_garden,high,MONASH,145.183021132,-37.896833554,reserve,park,include,vicmap_foi,635107
vicmap_foi_635244,Gilda Court Reserve,Gilda Court Reserve,vicmap_name_label,park_and_garden,high,MONASH,145.156229284,-37.914815993,reserve,park,include,vicmap_foi,635244
vicmap_foi_635257,Glen Waverley Linear Reserve,Glen Waverley Linear Reserve,vicmap_name_label,park_and_garden,high,MONASH,145.148439381,-37.875104154,reserve,park,include,vicmap_foi,635257
vicmap_foi_635286,Gumtree Close Reserve,Gumtree Close Reserve,vicmap_name_label,park_and_garden,high,MONASH,145.185512792,-37.907137371,reserve,park,include,vicmap_foi,635286
vicmap_foi_635305,Haverbrack Drive Reserve,Haverbrack Drive Reserve,vicmap_name_label,park_and_garden,high,MONASH,145.204250213,-37.92930741,reserve,park,include,vicmap_foi,635305
vicmap_foi_635422,Kwinana Street Reserve,Kwinana Street Reserve,vicmap_name_label,park_and_garden,high,MONASH,145.156045981,-37.870977399,reserve,park,include,vicmap_foi,635422
vicmap_foi_635437,Lauriston Court Reserve,Lauriston Court Reserve,vicmap_name_label,park_and_garden,high,MONASH,145.158469158,-37.927145855,reserve,park,include,vicmap_foi,635437
vicmap_foi_635455,Lindwall Street Reserve,Lindwall Street Reserve,vicmap_name_label,park_and_garden,high,MONASH,145.167846851,-37.872052562,reserve,park,include,vicmap_foi,635455
vicmap_foi_635509,Mcleod Place Reserve,Mcleod Place Reserve,vicmap_name_label,park_and_garden,high,MONASH,145.120891874,-37.873022331,reserve,park,include,vicmap_foi,635509
vicmap_foi_635521,Melbourne Water Retarding Basin,Melbourne Water Retarding Basin,vicmap_name_label,park_and_garden,high,MONASH,145.147774848,-37.922003853,reserve,park,include,vicmap_foi,635521
vicmap_foi_635614,Nonna Street Reserve,Nonna Street Reserve,vicmap_name_label,park_and_garden,high,MONASH,145.116575976,-37.900549653,reserve,park,include,vicmap_foi,635614
vicmap_foi_635669,Pennington Street Reserve,Pennington Street Reserve,vicmap_name_label,park_and_garden,high,MONASH,145.185952701,-37.889356158,reserve,park,include,vicmap_foi,635669
vicmap_foi_635700,Princess Street Reserve,Princess Street Reserve,vicmap_name_label,park_and_garden,high,MONASH,145.093170651,-37.904516848,reserve,park,include,vicmap_foi,635700
vicmap_foi_635719,Railway Parade South Reserve,Railway Parade South Reserve,vicmap_name_label,park_and_garden,high,MONASH,145.100761745,-37.873857984,reserve,park,include,vicmap_foi,635719
vicmap_foi_635743,Robinson Street Reserve,Robinson Street Reserve,vicmap_name_label,park_and_garden,high,MONASH,145.109508419,-37.919750748,reserve,park,include,vicmap_foi,635743
vicmap_foi_635751,Rostella Court Reserve,Rostella Court Reserve,vicmap_name_label,park_and_garden,high,MONASH,145.17710901,-37.901071961,reserve,park,include,vicmap_foi,635751
vicmap_foi_635797,Sherwood Park,Sherwood Park,vicmap_name_label,park_and_garden,high,MONASH,145.126478522,-37.87917106,reserve,park,include,vicmap_foi,635797
vicmap_foi_635830,Strathconnan Place Reserve,Strathconnan Place Reserve,vicmap_name_label,park_and_garden,high,MONASH,145.189524859,-37.902804679,reserve,park,include,vicmap_foi,635830
vicmap_foi_635840,Sugargum Drive Reserve,Sugargum Drive Reserve,vicmap_name_label,park_and_garden,high,MONASH,145.197171432,-37.925278283,reserve,park,include,vicmap_foi,635840
vicmap_foi_635870,The Deviation Reserve,The Deviation Reserve,vicmap_name_label,park_and_garden,high,MONASH,145.187058025,-37.907956609,reserve,park,include,vicmap_foi,635870
vicmap_foi_635878,The Ridge Reserve,The Ridge Reserve,vicmap_name_label,park_and_garden,high,MONASH,145.165726767,-37.871415726,reserve,park,include,vicmap_foi,635878
vicmap_foi_635890,Toirram Road Reseve,Toirram Road Reseve,vicmap_name_label,park_and_garden,high,MONASH,145.12269684,-37.882411814,reserve,park,include,vicmap_foi,635890
vicmap_foi_635908,Troy Street Reserve,Troy Street Reserve,vicmap_name_label,park_and_garden,high,MONASH,145.175518192,-37.864710782,reserve,park,include,vicmap_foi,635908
vicmap_foi_635957,Whalley Drive Reserve,Whalley Drive Reserve,vicmap_name_label,park_and_garden,high,MONASH,145.189845609,-37.919476556,reserve,park,include,vicmap_foi,635957
vicmap_foi_643410,Unnamed Park - Monash,,generated_fallback,park_and_garden,high,MONASH,145.119808567,-37.863496353,reserve,park,include,vicmap_foi,643410
vicmap_foi_643414,Unnamed Park - Monash,,generated_fallback,park_and_garden,high,MONASH,145.101903689,-37.865411045,reserve,park,include,vicmap_foi,643414
vicmap_foi_643420,Unnamed Park - Monash,,generated_fallback,park_and_garden,high,MONASH,145.135081829,-37.866631207,reserve,park,include,vicmap_foi,643420
vicmap_foi_643421,Unnamed Park - Monash,,generated_fallback,park_and_garden,high,MONASH,145.136646817,-37.866360999,reserve,park,include,vicmap_foi,643421
vicmap_foi_643422,Unnamed Park - Monash,,generated_fallback,park_and_garden,high,MONASH,145.137784368,-37.866487305,reserve,park,include,vicmap_foi,643422
vicmap_foi_643423,Unnamed Park - Monash,,generated_fallback,park_and_garden,high,MONASH,145.168454708,-37.867243189,reserve,park,include,vicmap_foi,643423
vicmap_foi_643424,Unnamed Park - Monash,,generated_fallback,park_and_garden,high,MONASH,145.176580071,-37.867778058,reserve,park,include,vicmap_foi,643424
vicmap_foi_643425,Unnamed Park - Monash,,generated_fallback,park_and_garden,high,MONASH,145.157693147,-37.872474244,reserve,park,include,vicmap_foi,643425
vicmap_foi_643433,Unnamed Park - Monash,,generated_fallback,park_and_garden,high,MONASH,145.166246772,-37.873746332,reserve,park,include,vicmap_foi,643433
vicmap_foi_643436,Unnamed Park - Monash,,generated_fallback,park_and_garden,high,MONASH,145.14042857,-37.875603479,reserve,park,include,vicmap_foi,643436
vicmap_foi_643450,Unnamed Park - Monash,,generated_fallback,park_and_garden,high,MONASH,145.181163388,-37.877479305,reserve,park,include,vicmap_foi,643450
vicmap_foi_643457,Unnamed Park - Monash,,generated_fallback,park_and_garden,high,MONASH,145.148290984,-37.883513663,reserve,park,include,vicmap_foi,643457
vicmap_foi_643460,Unnamed Park - Monash,,generated_fallback,park_and_garden,high,MONASH,145.163156958,-37.884507948,reserve,park,include,vicmap_foi,643460
vicmap_foi_643462,Unnamed Park - Monash,,generated_fallback,park_and_garden,high,MONASH,145.162673028,-37.884879132,reserve,park,include,vicmap_foi,643462
vicmap_foi_643464,Unnamed Park - Monash,,generated_fallback,park_and_garden,high,MONASH,145.178345683,-37.884931574,reserve,park,include,vicmap_foi,643464
vicmap_foi_643474,Unnamed Park - Monash,,generated_fallback,park_and_garden,high,MONASH,145.099048769,-37.888973489,reserve,park,include,vicmap_foi,643474
vicmap_foi_643475,Unnamed Park - Monash,,generated_fallback,park_and_garden,high,MONASH,145.187707925,-37.890022525,reserve,park,include,vicmap_foi,643475
vicmap_foi_643490,Unnamed Park - Monash,,generated_fallback,park_and_garden,high,MONASH,145.153667596,-37.892958817,reserve,park,include,vicmap_foi,643490
vicmap_foi_643494,Unnamed Park - Monash,,generated_fallback,park_and_garden,high,MONASH,145.15372059,-37.894086927,reserve,park,include,vicmap_foi,643494
vicmap_foi_643495,Unnamed Park - Monash,,generated_fallback,park_and_garden,high,MONASH,145.15422805,-37.894154032,reserve,park,include,vicmap_foi,643495
vicmap_foi_643497,Unnamed Park - Monash,,generated_fallback,park_and_garden,high,MONASH,145.183127409,-37.894423775,reserve,park,include,vicmap_foi,643497
vicmap_foi_643498,Unnamed Park - Monash,,generated_fallback,park_and_garden,high,MONASH,145.147173418,-37.894817571,reserve,park,include,vicmap_foi,643498
vicmap_foi_643510,Unnamed Park - Monash,,generated_fallback,park_and_garden,high,MONASH,145.184540378,-37.89856486,reserve,park,include,vicmap_foi,643510
vicmap_foi_643531,Unnamed Park - Monash,,generated_fallback,park_and_garden,high,MONASH,145.150379839,-37.901382628,reserve,park,include,vicmap_foi,643531
vicmap_foi_643532,Unnamed Park - Monash,,generated_fallback,park_and_garden,high,MONASH,145.100395283,-37.901603123,reserve,park,include,vicmap_foi,643532
vicmap_foi_643535,Unnamed Park - Monash,,generated_fallback,park_and_garden,high,MONASH,145.114514446,-37.901404466,reserve,park,include,vicmap_foi,643535
vicmap_foi_643538,Unnamed Park - Monash,,generated_fallback,park_and_garden,high,MONASH,145.117402606,-37.901637058,reserve,park,include,vicmap_foi,643538
vicmap_foi_643539,Unnamed Park - Monash,,generated_fallback,park_and_garden,high,MONASH,145.145065733,-37.902196982,reserve,park,include,vicmap_foi,643539
vicmap_foi_643543,Unnamed Park - Monash,,generated_fallback,park_and_garden,high,MONASH,145.116789259,-37.902331969,reserve,park,include,vicmap_foi,643543
vicmap_foi_643550,Unnamed Park - Monash,,generated_fallback,park_and_garden,high,MONASH,145.099440298,-37.903158169,reserve,park,include,vicmap_foi,643550
vicmap_foi_643561,Unnamed Park - Monash,,generated_fallback,park_and_garden,high,MONASH,145.160722794,-37.906030389,reserve,park,include,vicmap_foi,643561
vicmap_foi_643564,Unnamed Park - Monash,,generated_fallback,park_and_garden,high,MONASH,145.16048612,-37.907308717,reserve,park,include,vicmap_foi,643564
vicmap_foi_643574,Unnamed Park - Monash,,generated_fallback,park_and_garden,high,MONASH,145.104467693,-37.909028455,reserve,park,include,vicmap_foi,643574
vicmap_foi_643583,Unnamed Park - Monash,,generated_fallback,park_and_garden,high,MONASH,145.118153888,-37.911906523,reserve,park,include,vicmap_foi,643583
vicmap_foi_643595,Unnamed Park - Monash,,generated_fallback,park_and_garden,high,MONASH,145.11726461,-37.9138762,reserve,park,include,vicmap_foi,643595
vicmap_foi_643596,Unnamed Park - Monash,,generated_fallback,park_and_garden,high,MONASH,145.197051603,-37.913828593,reserve,park,include,vicmap_foi,643596
vicmap_foi_643600,Unnamed Park - Monash,,generated_fallback,park_and_garden,high,MONASH,145.117098783,-37.914725979,reserve,park,include,vicmap_foi,643600
vicmap_foi_643608,Unnamed Park - Monash,,generated_fallback,park_and_garden,high,MONASH,145.116932722,-37.915576529,reserve,park,include,vicmap_foi,643608
vicmap_foi_643613,Unnamed Park - Monash,,generated_fallback,park_and_garden,high,MONASH,145.116925878,-37.916496336,reserve,park,include,vicmap_foi,643613
vicmap_foi_643621,Unnamed Park - Monash,,generated_fallback,park_and_garden,high,MONASH,145.116668862,-37.91757414,reserve,park,include,vicmap_foi,643621
vicmap_foi_643628,Unnamed Park - Monash,,generated_fallback,park_and_garden,high,MONASH,145.108905265,-37.919072559,reserve,park,include,vicmap_foi,643628
vicmap_foi_643629,Unnamed Park - Monash,,generated_fallback,park_and_garden,high,MONASH,145.11610138,-37.919450092,reserve,park,include,vicmap_foi,643629
vicmap_foi_643630,Unnamed Park - Monash,,generated_fallback,park_and_garden,high,MONASH,145.193860826,-37.919290046,reserve,park,include,vicmap_foi,643630
vicmap_foi_643631,Unnamed Park - Monash,,generated_fallback,park_and_garden,high,MONASH,145.163960408,-37.919545623,reserve,park,include,vicmap_foi,643631
vicmap_foi_643633,Unnamed Park - Monash,,generated_fallback,park_and_garden,high,MONASH,145.165015828,-37.919813467,reserve,park,include,vicmap_foi,643633
vicmap_foi_643636,Unnamed Park - Monash,,generated_fallback,park_and_garden,high,MONASH,145.186550033,-37.921648753,reserve,park,include,vicmap_foi,643636
vicmap_foi_643659,Unnamed Park - Monash,,generated_fallback,park_and_garden,high,MONASH,145.148002222,-37.926241666,reserve,park,include,vicmap_foi,643659
vicmap_foi_643672,Unnamed Park - Monash,,generated_fallback,park_and_garden,high,MONASH,145.200634286,-37.927189819,reserve,park,include,vicmap_foi,643672
vicmap_foi_643678,Unnamed Park - Monash,,generated_fallback,park_and_garden,high,MONASH,145.200709335,-37.927952921,reserve,park,include,vicmap_foi,643678
vicmap_foi_643682,Unnamed Park - Monash,,generated_fallback,park_and_garden,high,MONASH,145.199993087,-37.928737409,reserve,park,include,vicmap_foi,643682
vicmap_foi_643687,Unnamed Park - Monash,,generated_fallback,park_and_garden,high,MONASH,145.196360829,-37.931178034,reserve,park,include,vicmap_foi,643687
vicmap_foi_646088,Unnamed Park - Monash,,generated_fallback,park_and_garden,high,MONASH,145.110335186,-37.858759637,reserve,park,include,vicmap_foi,646088
vicmap_foi_646090,Unnamed Park - Monash,,generated_fallback,park_and_garden,high,MONASH,145.1119182,-37.859100856,reserve,park,include,vicmap_foi,646090
vicmap_foi_646091,Unnamed Park - Monash,,generated_fallback,park_and_garden,high,MONASH,145.144502157,-37.859141015,reserve,park,include,vicmap_foi,646091
vicmap_foi_646092,Unnamed Park - Monash,,generated_fallback,park_and_garden,high,MONASH,145.109581893,-37.859597927,reserve,park,include,vicmap_foi,646092
vicmap_foi_646093,Unnamed Park - Monash,,generated_fallback,park_and_garden,high,MONASH,145.110890813,-37.859804316,reserve,park,include,vicmap_foi,646093
vicmap_foi_646094,Unnamed Park - Monash,,generated_fallback,park_and_garden,high,MONASH,145.11172612,-37.859871539,reserve,park,include,vicmap_foi,646094
vicmap_foi_646096,Unnamed Park - Monash,,generated_fallback,park_and_garden,high,MONASH,145.142848626,-37.860531054,reserve,park,include,vicmap_foi,646096
vicmap_foi_646097,Unnamed Park - Monash,,generated_fallback,park_and_garden,high,MONASH,145.143734924,-37.860461024,reserve,park,include,vicmap_foi,646097
vicmap_foi_646098,Unnamed Park - Monash,,generated_fallback,park_and_garden,high,MONASH,145.112668896,-37.860578547,reserve,park,include,vicmap_foi,646098
vicmap_foi_646100,Unnamed Park - Monash,,generated_fallback,park_and_garden,high,MONASH,145.14608831,-37.870984104,reserve,park,include,vicmap_foi,646100
vicmap_foi_646101,Unnamed Park - Monash,,generated_fallback,park_and_garden,high,MONASH,145.103641195,-37.8800715,reserve,park,include,vicmap_foi,646101
vicmap_foi_646102,Unnamed Park - Monash,,generated_fallback,park_and_garden,high,MONASH,145.104020584,-37.880170393,reserve,park,include,vicmap_foi,646102
vicmap_foi_646104,Unnamed Park - Monash,,generated_fallback,park_and_garden,high,MONASH,145.102347951,-37.881044151,reserve,park,include,vicmap_foi,646104
vicmap_foi_646105,Unnamed Park - Monash,,generated_fallback,park_and_garden,high,MONASH,145.106650468,-37.882409415,reserve,park,include,vicmap_foi,646105
vicmap_foi_646107,Unnamed Park - Monash,,generated_fallback,park_and_garden,high,MONASH,145.105272731,-37.885491575,reserve,park,include,vicmap_foi,646107
vicmap_foi_646110,Unnamed Park - Monash,,generated_fallback,park_and_garden,high,MONASH,145.15443166,-37.895547026,reserve,park,include,vicmap_foi,646110
vicmap_foi_646113,Unnamed Park - Monash,,generated_fallback,park_and_garden,high,MONASH,145.150815762,-37.896276975,reserve,park,include,vicmap_foi,646113
vicmap_foi_646114,Unnamed Park - Monash,,generated_fallback,park_and_garden,high,MONASH,145.149742121,-37.896644325,reserve,park,include,vicmap_foi,646114
vicmap_foi_646115,Unnamed Park - Monash,,generated_fallback,park_and_garden,high,MONASH,145.152631619,-37.8986283,reserve,park,include,vicmap_foi,646115
vicmap_foi_646116,Unnamed Park - Monash,,generated_fallback,park_and_garden,high,MONASH,145.153400867,-37.897115838,reserve,park,include,vicmap_foi,646116
vicmap_foi_647898,Unnamed Park - Monash,,generated_fallback,park_and_garden,high,MONASH,145.159045183,-37.868870175,reserve,park,include,vicmap_foi,647898
vicmap_foi_647902,Unnamed Park - Monash,,generated_fallback,park_and_garden,high,MONASH,145.149627432,-37.870018209,reserve,park,include,vicmap_foi,647902
vicmap_foi_647917,Unnamed Park - Monash,,generated_fallback,park_and_garden,high,MONASH,145.146972485,-37.872708519,reserve,park,include,vicmap_foi,647917
vicmap_foi_647924,Unnamed Park - Monash,,generated_fallback,park_and_garden,high,MONASH,145.120706795,-37.873461098,reserve,park,include,vicmap_foi,647924
vicmap_foi_647983,Unnamed Park - Monash,,generated_fallback,park_and_garden,high,MONASH,145.152358233,-37.885703338,reserve,park,include,vicmap_foi,647983
vicmap_foi_647985,Unnamed Park - Monash,,generated_fallback,park_and_garden,high,MONASH,145.132110847,-37.88579146,reserve,park,include,vicmap_foi,647985
vicmap_foi_648034,Unnamed Park - Monash,,generated_fallback,park_and_garden,high,MONASH,145.185145899,-37.897950702,reserve,park,include,vicmap_foi,648034
vicmap_foi_648073,Unnamed Park - Monash,,generated_fallback,park_and_garden,high,MONASH,145.145539701,-37.911029127,reserve,park,include,vicmap_foi,648073
vicmap_foi_648081,Unnamed Park - Monash,,generated_fallback,park_and_garden,high,MONASH,145.165090189,-37.917602201,reserve,park,include,vicmap_foi,648081
vicmap_foi_648088,Unnamed Park - Monash,,generated_fallback,park_and_garden,high,MONASH,145.186276787,-37.922588511,reserve,park,include,vicmap_foi,648088
vicmap_foi_648091,Unnamed Park - Monash,,generated_fallback,park_and_garden,high,MONASH,145.185645081,-37.923584932,reserve,park,include,vicmap_foi,648091
vicmap_foi_648093,Unnamed Park - Monash,,generated_fallback,park_and_garden,high,MONASH,145.115095324,-37.924410687,reserve,park,include,vicmap_foi,648093
vicmap_foi_648094,Unnamed Park - Monash,,generated_fallback,park_and_garden,high,MONASH,145.18755327,-37.924086137,reserve,park,include,vicmap_foi,648094
vicmap_foi_648096,Unnamed Park - Monash,,generated_fallback,park_and_garden,high,MONASH,145.189885489,-37.924323044,reserve,park,include,vicmap_foi,648096
vicmap_foi_648097,Unnamed Park - Monash,,generated_fallback,park_and_garden,high,MONASH,145.18696318,-37.924468973,reserve,park,include,vicmap_foi,648097
vicmap_foi_648098,Unnamed Park - Monash,,generated_fallback,park_and_garden,high,MONASH,145.188915857,-37.924724502,reserve,park,include,vicmap_foi,648098
vicmap_foi_648099,Unnamed Park - Monash,,generated_fallback,park_and_garden,high,MONASH,145.189494132,-37.924816483,reserve,park,include,vicmap_foi,648099
vicmap_foi_648100,Unnamed Park - Monash,,generated_fallback,park_and_garden,high,MONASH,145.185711253,-37.925120291,reserve,park,include,vicmap_foi,648100
vicmap_foi_648102,Unnamed Park - Monash,,generated_fallback,park_and_garden,high,MONASH,145.191327689,-37.925103366,reserve,park,include,vicmap_foi,648102
vicmap_foi_648103,Unnamed Park - Monash,,generated_fallback,park_and_garden,high,MONASH,145.185588183,-37.925685232,reserve,park,include,vicmap_foi,648103
vicmap_foi_648104,Unnamed Park - Monash,,generated_fallback,park_and_garden,high,MONASH,145.189989347,-37.92553423,reserve,park,include,vicmap_foi,648104
vicmap_foi_648105,Unnamed Park - Monash,,generated_fallback,park_and_garden,high,MONASH,145.191781035,-37.925576394,reserve,park,include,vicmap_foi,648105
vicmap_foi_648107,Unnamed Park - Monash,,generated_fallback,park_and_garden,high,MONASH,145.187502599,-37.925661641,reserve,park,include,vicmap_foi,648107
vicmap_foi_648108,Unnamed Park - Monash,,generated_fallback,park_and_garden,high,MONASH,145.185627925,-37.92632087,reserve,park,include,vicmap_foi,648108
vicmap_foi_648109,Unnamed Park - Monash,,generated_fallback,park_and_garden,high,MONASH,145.194295463,-37.926416444,reserve,park,include,vicmap_foi,648109
vicmap_foi_648110,Unnamed Park - Monash,,generated_fallback,park_and_garden,high,MONASH,145.189385666,-37.92629398,reserve,park,include,vicmap_foi,648110
vicmap_foi_648113,Unnamed Park - Monash,,generated_fallback,park_and_garden,high,MONASH,145.189856947,-37.926746492,reserve,park,include,vicmap_foi,648113
vicmap_foi_648115,Unnamed Park - Monash,,generated_fallback,park_and_garden,high,MONASH,145.194354572,-37.927132453,reserve,park,include,vicmap_foi,648115
vicmap_foi_648116,Unnamed Park - Monash,,generated_fallback,park_and_garden,high,MONASH,145.184945495,-37.927086041,reserve,park,include,vicmap_foi,648116
vicmap_foi_648118,Unnamed Park - Monash,,generated_fallback,park_and_garden,high,MONASH,145.187206914,-37.927193682,reserve,park,include,vicmap_foi,648118
vicmap_foi_648119,Unnamed Park - Monash,,generated_fallback,park_and_garden,high,MONASH,145.187769168,-37.927496354,reserve,park,include,vicmap_foi,648119
vicmap_foi_648120,Unnamed Park - Monash,,generated_fallback,park_and_garden,high,MONASH,145.191465884,-37.927617135,reserve,park,include,vicmap_foi,648120
vicmap_foi_648121,Unnamed Park - Monash,,generated_fallback,park_and_garden,high,MONASH,145.186544737,-37.927957241,reserve,park,include,vicmap_foi,648121
vicmap_foi_648122,Unnamed Park - Monash,,generated_fallback,park_and_garden,high,MONASH,145.192450328,-37.928029475,reserve,park,include,vicmap_foi,648122
vicmap_foi_650556,Unnamed Park - Monash,,generated_fallback,park_and_garden,high,MONASH,145.181777004,-37.88572199,reserve,park,include,vicmap_foi,650556
vicmap_foi_766022,Unnamed Park - Monash,,generated_fallback,park_and_garden,high,MONASH,145.125757168,-37.889253895,reserve,park,include,vicmap_foi,766022
vicmap_foi_990877,Unnamed Park - Monash,,generated_fallback,park_and_garden,high,MONASH,145.135962567,-37.889105929,reserve,park,include,vicmap_foi,990877
vicmap_foi_990889,Unnamed Park - Monash,,generated_fallback,park_and_garden,high,MONASH,145.186707006,-37.87857487,reserve,park,include,vicmap_foi,990889
vicmap_foi_635777,Schoolhall Street Reserve,Schoolhall Street Reserve,vicmap_name_label,park_and_garden,high,MONASH,145.090517742,-37.907514966,reserve,park,include,vicmap_foi,635777
vicmap_foi_1249269,Unnamed Park - Melton,,generated_fallback,park_and_garden,high,MELTON,144.704360412,-37.61991142,reserve,park,include,vicmap_foi,1249269
vicmap_foi_638453,Unnamed Park - Melton,,generated_fallback,park_and_garden,high,MELTON,144.72623878,-37.633900361,reserve,park,include,vicmap_foi,638453
vicmap_foi_638532,Unnamed Park - Melton,,generated_fallback,park_and_garden,high,MELTON,144.600661239,-37.66147682,reserve,park,include,vicmap_foi,638532
vicmap_foi_638606,Unnamed Park - Melton,,generated_fallback,park_and_garden,high,MELTON,144.551725932,-37.672951991,reserve,park,include,vicmap_foi,638606
vicmap_foi_638654,Unnamed Park - Melton,,generated_fallback,park_and_garden,high,MELTON,144.603673825,-37.688435459,reserve,park,include,vicmap_foi,638654
vicmap_foi_638753,Unnamed Park - Melton,,generated_fallback,park_and_garden,high,MELTON,144.56680297,-37.703335568,reserve,park,include,vicmap_foi,638753
vicmap_foi_638758,Unnamed Park - Melton,,generated_fallback,park_and_garden,high,MELTON,144.564867531,-37.703893631,reserve,park,include,vicmap_foi,638758
vicmap_foi_638797,Unnamed Park - Melton,,generated_fallback,park_and_garden,high,MELTON,144.752763191,-37.70760429,reserve,park,include,vicmap_foi,638797
vicmap_foi_638980,Unnamed Park - Melton,,generated_fallback,park_and_garden,high,MELTON,144.654803286,-37.726695545,reserve,park,include,vicmap_foi,638980
vicmap_foi_647036,Unnamed Park - Melton,,generated_fallback,park_and_garden,high,MELTON,144.723288238,-37.630348436,reserve,park,include,vicmap_foi,647036
vicmap_foi_650483,Unnamed Park - Melton,,generated_fallback,park_and_garden,high,MELTON,144.662107393,-37.730266116,reserve,park,include,vicmap_foi,650483
vicmap_foi_78372,Unnamed Park - Monash,,generated_fallback,park_and_garden,high,MONASH,145.157220704,-37.894579749,reserve,park,include,vicmap_foi,78372
vicmap_foi_1333500,Unnamed Park - Melton,,generated_fallback,park_and_garden,high,MELTON,144.674325745,-37.707028444,reserve,park,include,vicmap_foi,1333500
vicmap_foi_1333343,Unnamed Park - Monash,,generated_fallback,park_and_garden,high,MONASH,145.094717102,-37.873265385,reserve,park,include,vicmap_foi,1333343
vicmap_foi_1334942,Unnamed Park - Melton,,generated_fallback,park_and_garden,high,MELTON,144.540461502,-37.790304362,reserve,park,include,vicmap_foi,1334942
vicmap_foi_1334954,Unnamed Park - Melton,,generated_fallback,park_and_garden,high,MELTON,144.541285703,-37.699849867,reserve,park,include,vicmap_foi,1334954
vicmap_foi_1335077,Unnamed Park - Melton,,generated_fallback,park_and_garden,high,MELTON,144.541561148,-37.79038874,reserve,park,include,vicmap_foi,1335077
vicmap_foi_78530,Unnamed Park - Monash,,generated_fallback,park_and_garden,high,MONASH,145.165847486,-37.922862785,reserve,park,include,vicmap_foi,78530
vicmap_foi_1249421,Unnamed Park - Monash,,generated_fallback,park_and_garden,high,MONASH,145.152399418,-37.882652694,reserve,park,include,vicmap_foi,1249421
vicmap_foi_69867,Bogong Reserve,Bogong Reserve,vicmap_name_label,park_and_garden,high,MONASH,145.156785523,-37.881176199,reserve,park,include,vicmap_foi,69867
vicmap_foi_70661,Freeway Reserve,Freeway Reserve,vicmap_name_label,park_and_garden,high,MONASH,145.168682917,-37.917971449,reserve,park,include,vicmap_foi,70661
vicmap_foi_71380,Lum Reserve,Lum Reserve,vicmap_name_label,park_and_garden,high,MONASH,145.176553591,-37.911794506,reserve,park,include,vicmap_foi,71380
vicmap_foi_78193,Unnamed Park - Monash,,generated_fallback,park_and_garden,high,MONASH,145.126738891,-37.871620469,reserve,park,include,vicmap_foi,78193
vicmap_foi_78235,Unnamed Park - Monash,,generated_fallback,park_and_garden,high,MONASH,145.141128461,-37.875037948,reserve,park,include,vicmap_foi,78235
vicmap_foi_78239,Batesford Reserve,Batesford Reserve,vicmap_name_label,park_and_garden,high,MONASH,145.099446489,-37.87660145,reserve,park,include,vicmap_foi,78239
vicmap_foi_78301,Unnamed Park - Monash,,generated_fallback,park_and_garden,high,MONASH,145.141387029,-37.884124509,reserve,park,include,vicmap_foi,78301
vicmap_foi_78347,Unnamed Park - Monash,,generated_fallback,park_and_garden,high,MONASH,145.132214707,-37.890509261,reserve,park,include,vicmap_foi,78347
vicmap_foi_78576,Unnamed Park - Monash,,generated_fallback,park_and_garden,high,MONASH,145.205181612,-37.935827014,reserve,park,include,vicmap_foi,78576
vicmap_foi_635346,Ian Grove Reserve,Ian Grove Reserve,vicmap_name_label,park_and_garden,high,MONASH,145.12181905,-37.895159212,reserve,park,include,vicmap_foi,635346
vicmap_foi_646788,Scotchmans Creek Linear Reserve,Scotchmans Creek Linear Reserve,vicmap_name_label,park_and_garden,high,MONASH,145.095089567,-37.891067033,reserve,park,include,vicmap_foi,646788
vicmap_foi_69927,Brickmakers Park,Brickmakers Park,vicmap_name_label,park_and_garden,high,MONASH,145.098298656,-37.893761643,reserve,park,include,vicmap_foi,69927
vicmap_foi_78368,Unnamed Park - Monash,,generated_fallback,park_and_garden,high,MONASH,145.11126684,-37.894511517,reserve,park,include,vicmap_foi,78368
vicmap_foi_646103,Unnamed Park - Monash,,generated_fallback,park_and_garden,high,MONASH,145.103182775,-37.880769317,reserve,park,include,vicmap_foi,646103
vicmap_foi_635246,Gillott Reserve,Gillott Reserve,vicmap_name_label,park_and_garden,high,MELBOURNE,144.972556819,-37.809733321,reserve,park,include,vicmap_foi,635246
vicmap_foi_643461,Unnamed Park - Monash,,generated_fallback,park_and_garden,high,MONASH,145.155136101,-37.885810877,reserve,park,include,vicmap_foi,643461
vicmap_foi_648087,Unnamed Park - Monash,,generated_fallback,park_and_garden,high,MONASH,145.193367084,-37.922527425,reserve,park,include,vicmap_foi,648087
vicmap_foi_648095,Unnamed Park - Monash,,generated_fallback,park_and_garden,high,MONASH,145.185940848,-37.92444158,reserve,park,include,vicmap_foi,648095
vicmap_foi_650554,Unnamed Park - Monash,,generated_fallback,park_and_garden,high,MONASH,145.101789402,-37.884266329,reserve,park,include,vicmap_foi,650554
vicmap_foi_71488,Melbourne Water Reservior,Melbourne Water Reservior,vicmap_name_label,park_and_garden,high,MONASH,145.137468107,-37.872504396,reserve,park,include,vicmap_foi,71488
vicmap_foi_78546,Unnamed Park - Monash,,generated_fallback,park_and_garden,high,MONASH,145.167744227,-37.926958747,reserve,park,include,vicmap_foi,78546
vicmap_foi_78046,Unnamed Park - Monash,,generated_fallback,park_and_garden,high,MONASH,145.154847267,-37.861711606,reserve,park,include,vicmap_foi,78046
vicmap_foi_78142,Unnamed Park - Monash,,generated_fallback,park_and_garden,high,MONASH,145.179795283,-37.866548727,reserve,park,include,vicmap_foi,78142
vicmap_foi_78175,Unnamed Park - Monash,,generated_fallback,park_and_garden,high,MONASH,145.150563495,-37.870941967,reserve,park,include,vicmap_foi,78175
vicmap_foi_78194,Unnamed Park - Monash,,generated_fallback,park_and_garden,high,MONASH,145.110018472,-37.871802086,reserve,park,include,vicmap_foi,78194
vicmap_foi_78221,Unnamed Park - Monash,,generated_fallback,park_and_garden,high,MONASH,145.181859415,-37.873702631,reserve,park,include,vicmap_foi,78221
vicmap_foi_78227,Unnamed Park - Monash,,generated_fallback,park_and_garden,high,MONASH,145.111706192,-37.873874581,reserve,park,include,vicmap_foi,78227
vicmap_foi_78328,Unnamed Park - Monash,,generated_fallback,park_and_garden,high,MONASH,145.136269741,-37.887515898,reserve,park,include,vicmap_foi,78328
vicmap_foi_78554,Unnamed Park - Monash,,generated_fallback,park_and_garden,high,MONASH,145.182021644,-37.928741724,reserve,park,include,vicmap_foi,78554
vicmap_foi_635552,Monash Business Park Reserve,Monash Business Park Reserve,vicmap_name_label,park_and_garden,high,MONASH,145.130607024,-37.902535093,reserve,park,include,vicmap_foi,635552
vicmap_foi_635565,Mount Waverley Linear Reserve,Mount Waverley Linear Reserve,vicmap_name_label,park_and_garden,high,MONASH,145.134261646,-37.892002299,reserve,park,include,vicmap_foi,635565
vicmap_foi_647245,Unnamed Park - Melton,,generated_fallback,park_and_garden,high,MELTON,144.749962567,-37.691146335,reserve,park,include,vicmap_foi,647245
vicmap_foi_69766,Bayview Park,Bayview Park,vicmap_name_label,park_and_garden,high,MONASH,145.113671781,-37.878772069,reserve,park,include,vicmap_foi,69766
vicmap_foi_70345,Davies Reserve,Davies Reserve,vicmap_name_label,park_and_garden,high,MONASH,145.103045424,-37.920105583,reserve,park,include,vicmap_foi,70345
vicmap_foi_78422,Unnamed Park - Monash,,generated_fallback,park_and_garden,high,MONASH,145.157677389,-37.90177953,reserve,park,include,vicmap_foi,78422
vicmap_foi_72545,Tally Ho Reserve,Tally Ho Reserve,vicmap_name_label,park_and_garden,high,MONASH,145.145617607,-37.862329876,reserve,park,include,vicmap_foi,72545
vicmap_foi_78240,Unnamed Park - Monash,,generated_fallback,park_and_garden,high,MONASH,145.172450877,-37.875890252,reserve,park,include,vicmap_foi,78240
vicmap_foi_78363,Unnamed Park - Monash,,generated_fallback,park_and_garden,high,MONASH,145.150885714,-37.893508106,reserve,park,include,vicmap_foi,78363
vicmap_foi_70970,Highview Park,Highview Park,vicmap_name_label,park_and_garden,high,MONASH,145.16768789,-37.864054179,reserve,park,include,vicmap_foi,70970
vicmap_foi_70976,Hinkler Reserve,Hinkler Reserve,vicmap_name_label,park_and_garden,high,MONASH,145.174573748,-37.880772686,reserve,park,include,vicmap_foi,70976
vicmap_foi_72050,Reg Harris Reserve,Reg Harris Reserve,vicmap_name_label,park_and_garden,high,MONASH,145.11270254,-37.898586263,reserve,park,include,vicmap_foi,72050
vicmap_foi_78548,Unnamed Park - Monash,,generated_fallback,park_and_garden,high,MONASH,145.176535114,-37.928235659,reserve,park,include,vicmap_foi,78548
vicmap_foi_78427,Unnamed Park - Monash,,generated_fallback,park_and_garden,high,MONASH,145.179427349,-37.90280277,reserve,park,include,vicmap_foi,78427
vicmap_foi_80853,Wellington Reserve,Wellington Reserve,vicmap_name_label,park_and_garden,high,MONASH,145.162898453,-37.927393004,reserve,park,include,vicmap_foi,80853
vicmap_foi_643431,Unnamed Park - Monash,,generated_fallback,park_and_garden,high,MONASH,145.156933206,-37.87261888,reserve,park,include,vicmap_foi,643431
vicmap_foi_78378,Unnamed Park - Monash,,generated_fallback,park_and_garden,high,MONASH,145.18881941,-37.894770901,reserve,park,include,vicmap_foi,78378
vicmap_foi_78299,Unnamed Park - Monash,,generated_fallback,park_and_garden,high,MONASH,145.184330816,-37.883353621,reserve,park,include,vicmap_foi,78299
vicmap_foi_78446,Unnamed Park - Monash,,generated_fallback,park_and_garden,high,MONASH,145.19447052,-37.905026852,reserve,park,include,vicmap_foi,78446
vicmap_foi_78555,Unnamed Park - Monash,,generated_fallback,park_and_garden,high,MONASH,145.179489313,-37.928515477,reserve,park,include,vicmap_foi,78555
vicmap_foi_78556,Unnamed Park - Monash,,generated_fallback,park_and_garden,high,MONASH,145.180188139,-37.928577668,reserve,park,include,vicmap_foi,78556
vicmap_foi_78572,Unnamed Park - Monash,,generated_fallback,park_and_garden,high,MONASH,145.203048302,-37.934131858,reserve,park,include,vicmap_foi,78572
vicmap_foi_78478,Unnamed Park - Monash,,generated_fallback,park_and_garden,high,MONASH,145.193956729,-37.912322752,reserve,park,include,vicmap_foi,78478
vicmap_foi_634975,Botanic Drive Reserve,Botanic Drive Reserve,vicmap_name_label,park_and_garden,high,MONASH,145.166479422,-37.892983287,reserve,park,include,vicmap_foi,634975
vicmap_foi_635655,Pascall Street Reserve,Pascall Street Reserve,vicmap_name_label,park_and_garden,high,MONASH,145.138694898,-37.861230459,reserve,park,include,vicmap_foi,635655
vicmap_foi_635156,Durnstan Court Reserve,Durnstan Court Reserve,vicmap_name_label,park_and_garden,high,MONASH,145.176330421,-37.918108234,reserve,park,include,vicmap_foi,635156
vicmap_foi_635162,Eaton Place Reserve,Eaton Place Reserve,vicmap_name_label,park_and_garden,high,MONASH,145.197126889,-37.908795634,reserve,park,include,vicmap_foi,635162
vicmap_foi_634947,Belinda Crescent Reserve,Belinda Crescent Reserve,vicmap_name_label,park_and_garden,high,MONASH,145.186636098,-37.905802878,reserve,park,include,vicmap_foi,634947
vicmap_foi_635012,Buxton Court Reserve,Buxton Court Reserve,vicmap_name_label,park_and_garden,high,MONASH,145.189351594,-37.896976834,reserve,park,include,vicmap_foi,635012
vicmap_foi_635090,Connaught Place Reserve,Connaught Place Reserve,vicmap_name_label,park_and_garden,high,MONASH,145.187332807,-37.883735641,reserve,park,include,vicmap_foi,635090
vicmap_foi_635224,Franconia Court Reserve,Franconia Court Reserve,vicmap_name_label,park_and_garden,high,MONASH,145.194937768,-37.933893966,reserve,park,include,vicmap_foi,635224
vicmap_foi_635724,Ravenswood Court Reserve,Ravenswood Court Reserve,vicmap_name_label,park_and_garden,high,MONASH,145.169840354,-37.866515468,reserve,park,include,vicmap_foi,635724
vicmap_foi_635790,Shaftsbury Drive Reserve,Shaftsbury Drive Reserve,vicmap_name_label,park_and_garden,high,MONASH,145.166330877,-37.920847937,reserve,park,include,vicmap_foi,635790
vicmap_foi_635877,The Quadrangle Reserve,The Quadrangle Reserve,vicmap_name_label,park_and_garden,high,MONASH,145.156888247,-37.898343338,reserve,park,include,vicmap_foi,635877
vicmap_foi_1009358,Gordon Reserve,Gordon Reserve,reviewed_override,park_and_garden,high,MELBOURNE,144.974028769,-37.812292202,reserve,park,include,vicmap_foi,1009358
vicmap_foi_78317,Unnamed Park - Monash,,generated_fallback,park_and_garden,high,MONASH,145.183890796,-37.886082592,reserve,park,include,vicmap_foi,78317
vicmap_foi_638450,Unnamed Park - Melton,,generated_fallback,park_and_garden,high,MELTON,144.720940279,-37.627465835,reserve,park,include,vicmap_foi,638450
vicmap_foi_643444,Unnamed Park - Monash,,generated_fallback,park_and_garden,high,MONASH,145.1812918,-37.87672093,reserve,park,include,vicmap_foi,643444
vicmap_foi_647995,Unnamed Park - Monash,,generated_fallback,park_and_garden,high,MONASH,145.188674841,-37.887202311,reserve,park,include,vicmap_foi,647995
vicmap_foi_648112,Unnamed Park - Monash,,generated_fallback,park_and_garden,high,MONASH,145.204385812,-37.926744587,reserve,park,include,vicmap_foi,648112
vicmap_foi_648114,Unnamed Park - Monash,,generated_fallback,park_and_garden,high,MONASH,145.186576337,-37.926917473,reserve,park,include,vicmap_foi,648114
vicmap_foi_1164360,Unnamed Park - Monash,,generated_fallback,park_and_garden,high,MONASH,145.192342021,-37.929109632,reserve,park,include,vicmap_foi,1164360
vicmap_foi_634914,Ashdown Way Reserve,Ashdown Way Reserve,vicmap_name_label,park_and_garden,high,MONASH,145.184386951,-37.904143431,reserve,park,include,vicmap_foi,634914
vicmap_foi_635553,Monash Drive Reserve,Monash Drive Reserve,vicmap_name_label,park_and_garden,high,MONASH,145.16349228,-37.917015538,reserve,park,include,vicmap_foi,635553
vicmap_foi_635765,Sandhurst Court Reserve,Sandhurst Court Reserve,vicmap_name_label,park_and_garden,high,MONASH,145.188867925,-37.89353773,reserve,park,include,vicmap_foi,635765
vicmap_foi_635899,Transmission Line Linear Reserve,Transmission Line Linear Reserve,vicmap_name_label,park_and_garden,high,MONASH,145.121987976,-37.88877762,reserve,park,include,vicmap_foi,635899
vicmap_foi_638764,Unnamed Park - Melton,,generated_fallback,park_and_garden,high,MELTON,144.563157286,-37.705092188,reserve,park,include,vicmap_foi,638764
vicmap_foi_643646,Unnamed Park - Monash,,generated_fallback,park_and_garden,high,MONASH,145.112893421,-37.923501611,reserve,park,include,vicmap_foi,643646
vicmap_foi_646109,Unnamed Park - Monash,,generated_fallback,park_and_garden,high,MONASH,145.153235329,-37.895987647,reserve,park,include,vicmap_foi,646109
vicmap_foi_648089,Unnamed Park - Monash,,generated_fallback,park_and_garden,high,MONASH,145.189540331,-37.923296811,reserve,park,include,vicmap_foi,648089
vicmap_foi_78500,Unnamed Park - Monash,,generated_fallback,park_and_garden,high,MONASH,145.190598394,-37.916740302,reserve,park,include,vicmap_foi,78500
vicmap_foi_78090,Unnamed Park - Monash,,generated_fallback,park_and_garden,high,MONASH,145.153615282,-37.864403453,reserve,park,include,vicmap_foi,78090
vicmap_foi_78319,Unnamed Park - Monash,,generated_fallback,park_and_garden,high,MONASH,145.132434878,-37.888332552,reserve,park,include,vicmap_foi,78319
vicmap_foi_78331,Unnamed Park - Monash,,generated_fallback,park_and_garden,high,MONASH,145.154715562,-37.88861179,reserve,park,include,vicmap_foi,78331
vicmap_foi_78350,Unnamed Park - Monash,,generated_fallback,park_and_garden,high,MONASH,145.137003012,-37.891210093,reserve,park,include,vicmap_foi,78350
vicmap_foi_70443,Drummies Bridge Reserve,Drummies Bridge Reserve,vicmap_name_label,park_and_garden,high,MONASH,145.190809243,-37.875410803,reserve,park,include,vicmap_foi,70443
vicmap_foi_78140,Unnamed Park - Monash,,generated_fallback,park_and_garden,high,MONASH,145.189358544,-37.866276704,reserve,park,include,vicmap_foi,78140
vicmap_foi_71662,Mulgrave Reserve,Mulgrave Reserve,vicmap_name_label,park_and_garden,high,MONASH,145.201841569,-37.921027696,reserve,park,include,vicmap_foi,71662
vicmap_foi_1335113,Unnamed Park - Melton,,generated_fallback,park_and_garden,high,MELTON,144.742111255,-37.76481632,reserve,park,include,vicmap_foi,1335113
vicmap_foi_646119,Unnamed Park - Monash,,generated_fallback,park_and_garden,high,MONASH,145.202310718,-37.916810818,reserve,park,include,vicmap_foi,646119
vicmap_foi_648061,Unnamed Park - Monash,,generated_fallback,park_and_garden,high,MONASH,145.197740474,-37.907633036,reserve,park,include,vicmap_foi,648061
vicmap_foi_635415,Knell Street Reserve,Knell Street Reserve,vicmap_name_label,park_and_garden,high,MONASH,145.169029233,-37.931004003,reserve,park,include,vicmap_foi,635415
vicmap_foi_1340240,Unnamed Park - Melton,,generated_fallback,park_and_garden,high,MELTON,144.679266371,-37.717374447,reserve,park,include,vicmap_foi,1340240
vicmap_foi_1340244,Unnamed Park - Monash,,generated_fallback,park_and_garden,high,MONASH,145.164204126,-37.879965634,reserve,park,include,vicmap_foi,1340244
vicmap_foi_635482,Marianne Way Reserve,Marianne Way Reserve,vicmap_name_label,park_and_garden,high,MONASH,145.132247812,-37.866342154,reserve,park,include,vicmap_foi,635482
vicmap_foi_1340275,Unnamed Park - Melton,,generated_fallback,park_and_garden,high,MELTON,144.67488846,-37.770843119,reserve,park,include,vicmap_foi,1340275
vicmap_foi_1340276,Unnamed Park - Melton,,generated_fallback,park_and_garden,high,MELTON,144.699378024,-37.778352987,reserve,park,include,vicmap_foi,1340276
vicmap_foi_1340349,Unnamed Park - Melton,,generated_fallback,park_and_garden,high,MELTON,144.71243858,-37.728540114,reserve,park,include,vicmap_foi,1340349
vicmap_foi_1340352,Unnamed Park - Monash,,generated_fallback,park_and_garden,high,MONASH,145.163853863,-37.90498603,reserve,park,include,vicmap_foi,1340352
vicmap_foi_1340331,Unnamed Park - Monash,,generated_fallback,park_and_garden,high,MONASH,145.165389621,-37.906144267,reserve,park,include,vicmap_foi,1340331
vicmap_foi_1340263,Unnamed Park - Melton,,generated_fallback,park_and_garden,high,MELTON,144.582064168,-37.714450425,reserve,park,include,vicmap_foi,1340263
vicmap_foi_1340296,Unnamed Park - Melton,,generated_fallback,park_and_garden,high,MELTON,144.701606953,-37.723727711,reserve,park,include,vicmap_foi,1340296
vicmap_foi_1340301,Unnamed Park - Melton,,generated_fallback,park_and_garden,high,MELTON,144.681324934,-37.774327959,reserve,park,include,vicmap_foi,1340301
vicmap_foi_1340321,Unnamed Park - Melton,,generated_fallback,park_and_garden,high,MELTON,144.720418565,-37.705586399,reserve,park,include,vicmap_foi,1340321
vicmap_foi_1340328,Unnamed Park - Melton,,generated_fallback,park_and_garden,high,MELTON,144.710765284,-37.725526607,reserve,park,include,vicmap_foi,1340328
vicmap_foi_1340376,Unnamed Park - Melton,,generated_fallback,park_and_garden,high,MELTON,144.537605655,-37.789879691,reserve,park,include,vicmap_foi,1340376
vicmap_foi_1340398,Unnamed Park - Melton,,generated_fallback,park_and_garden,high,MELTON,144.703502598,-37.691973682,reserve,park,include,vicmap_foi,1340398
vicmap_foi_1340399,Unnamed Park - Melton,,generated_fallback,park_and_garden,high,MELTON,144.668717134,-37.708564864,reserve,park,include,vicmap_foi,1340399
vicmap_foi_1340400,Unnamed Park - Melton,,generated_fallback,park_and_garden,high,MELTON,144.690411437,-37.718353005,reserve,park,include,vicmap_foi,1340400
vicmap_foi_1340406,Unnamed Park - Melton,,generated_fallback,park_and_garden,high,MELTON,144.708233419,-37.734122776,reserve,park,include,vicmap_foi,1340406
vicmap_foi_1340407,Unnamed Park - Melton,,generated_fallback,park_and_garden,high,MELTON,144.682152341,-37.746828894,reserve,park,include,vicmap_foi,1340407
vicmap_foi_1340427,Unnamed Park - Melton,,generated_fallback,park_and_garden,high,MELTON,144.61785949,-37.725222783,reserve,park,include,vicmap_foi,1340427
vicmap_foi_71657,Mt Waverley Reserve,Mt Waverley Reserve,vicmap_name_label,park_and_garden,high,MONASH,145.135320364,-37.872582541,reserve,park,include,vicmap_foi,71657
vicmap_foi_1341454,Toolern Recreation Reserve 1,Toolern Recreation Reserve 1,vicmap_name_label,park_and_garden,high,MELTON,144.583835494,-37.716512602,reserve,park,include,vicmap_foi,1341454
vicmap_foi_1341328,Brooklyn Road Undeveloped Reserve,Brooklyn Road Undeveloped Reserve,vicmap_name_label,park_and_garden,high,MELTON,144.578345779,-37.703785529,reserve,park,include,vicmap_foi,1341328
vicmap_foi_1341330,Toolern Creek Environmental Reserve - Leggatt Street Section,Toolern Creek Environmental Reserve - Leggatt Street Section,vicmap_name_label,park_and_garden,high,MELTON,144.580658155,-37.709127595,reserve,park,include,vicmap_foi,1341330
vicmap_foi_1341332,Federation Drive Road And Tree Reserve,Federation Drive Road And Tree Reserve,vicmap_name_label,park_and_garden,high,MELTON,144.601133328,-37.681190332,reserve,park,include,vicmap_foi,1341332
vicmap_foi_1341333,Glencapel Court Reserve,Glencapel Court Reserve,vicmap_name_label,park_and_garden,high,MELTON,144.747960656,-37.680682523,reserve,park,include,vicmap_foi,1341333
vicmap_foi_1341334,Hillview/The Crest Courthead,Hillview/The Crest Courthead,vicmap_name_label,park_and_garden,high,MELTON,144.738182766,-37.680802255,reserve,park,include,vicmap_foi,1341334
vicmap_foi_1341335,Stirling/Summit Mews Courthead,Stirling/Summit Mews Courthead,vicmap_name_label,park_and_garden,high,MELTON,144.73715958,-37.682599177,reserve,park,include,vicmap_foi,1341335
vicmap_foi_1341338,Arnolds Creek East Branch Linear Reserve - High Street To Western Freeway,Arnolds Creek East Branch Linear Reserve - High Street To Western Freeway,vicmap_name_label,park_and_garden,high,MELTON,144.570309306,-37.688747332,reserve,park,include,vicmap_foi,1341338
vicmap_foi_1341339,Toolern Creek Linear Reserve - Nixon Street To Barries Rd,Toolern Creek Linear Reserve - Nixon Street To Barries Rd,vicmap_name_label,park_and_garden,high,MELTON,144.5847183,-37.688210623,reserve,park,include,vicmap_foi,1341339
vicmap_foi_1341340,Silverwood/Rivergum Place Closure,Silverwood/Rivergum Place Closure,vicmap_name_label,park_and_garden,high,MELTON,144.737016084,-37.687928556,reserve,park,include,vicmap_foi,1341340
vicmap_foi_1341341,King Drive Reserve,King Drive Reserve,vicmap_name_label,park_and_garden,high,MELTON,144.733836563,-37.689412055,reserve,park,include,vicmap_foi,1341341
vicmap_foi_1341342,Stony Hill Creek Linear Reserve - Melton Highway North,Stony Hill Creek Linear Reserve - Melton Highway North,vicmap_name_label,park_and_garden,high,MELTON,144.734481148,-37.689951064,reserve,park,include,vicmap_foi,1341342
vicmap_foi_1341343,Melton Highway North Tree Reserve,Melton Highway North Tree Reserve,vicmap_name_label,park_and_garden,high,MELTON,144.742705912,-37.691386642,reserve,park,include,vicmap_foi,1341343
vicmap_foi_1341344,The Bellevue Entry Reserve,The Bellevue Entry Reserve,vicmap_name_label,park_and_garden,high,MELTON,144.739765331,-37.690782248,reserve,park,include,vicmap_foi,1341344
vicmap_foi_1341345,Furrow Street Reserve,Furrow Street Reserve,vicmap_name_label,park_and_garden,high,MELTON,144.545880296,-37.690068272,reserve,park,include,vicmap_foi,1341345
vicmap_foi_1341347,Cypress/Stilla Court Closure,Cypress/Stilla Court Closure,vicmap_name_label,park_and_garden,high,MELTON,144.733001833,-37.693494929,reserve,park,include,vicmap_foi,1341347
vicmap_foi_1341350,Abelia/Palm Court Head,Abelia/Palm Court Head,vicmap_name_label,park_and_garden,high,MELTON,144.745698832,-37.696273819,reserve,park,include,vicmap_foi,1341350
vicmap_foi_1341352,Thorhill Park Drainage Reserve - East,Thorhill Park Drainage Reserve - East,vicmap_name_label,park_and_garden,high,MELTON,144.627831526,-37.713428415,reserve,park,include,vicmap_foi,1341352
vicmap_foi_1341353,Penver Drive Reserve,Penver Drive Reserve,vicmap_name_label,park_and_garden,high,MELTON,144.594216528,-37.71440233,reserve,park,include,vicmap_foi,1341353
vicmap_foi_1341355,Mavora/Taylors Road Courthead,Mavora/Taylors Road Courthead,vicmap_name_label,park_and_garden,high,MELTON,144.75574346,-37.724363178,reserve,park,include,vicmap_foi,1341355
vicmap_foi_1341356,Stephen Street Courthead,Stephen Street Courthead,vicmap_name_label,park_and_garden,high,MELTON,144.755929254,-37.724750465,reserve,park,include,vicmap_foi,1341356
vicmap_foi_1341357,Surrey Place Courthead,Surrey Place Courthead,vicmap_name_label,park_and_garden,high,MELTON,144.750028548,-37.725199701,reserve,park,include,vicmap_foi,1341357
vicmap_foi_1341358,Frontier Avenue Linear Reserve,Frontier Avenue Linear Reserve,vicmap_name_label,park_and_garden,high,MELTON,144.673566445,-37.718353897,reserve,park,include,vicmap_foi,1341358
vicmap_foi_1341359,Woodbury Avenue Entry Reserve,Woodbury Avenue Entry Reserve,vicmap_name_label,park_and_garden,high,MELTON,144.738510978,-37.719334802,reserve,park,include,vicmap_foi,1341359
vicmap_foi_1341360,Riders Circuit Tree Reserve,Riders Circuit Tree Reserve,vicmap_name_label,park_and_garden,high,MELTON,144.65461231,-37.720884416,reserve,park,include,vicmap_foi,1341360
vicmap_foi_1341361,Plaintain Close Reserve,Plaintain Close Reserve,vicmap_name_label,park_and_garden,high,MELTON,144.676624022,-37.72050771,reserve,park,include,vicmap_foi,1341361
vicmap_foi_1341365,Inchyra Lane Reserve,Inchyra Lane Reserve,vicmap_name_label,park_and_garden,high,MELTON,144.618066856,-37.722085153,reserve,park,include,vicmap_foi,1341365
vicmap_foi_1341367,Shearwater Court Courthead - West,Shearwater Court Courthead - West,vicmap_name_label,park_and_garden,high,MELTON,144.766262183,-37.709757928,reserve,park,include,vicmap_foi,1341367
vicmap_foi_75974,Damian Street Reserve,Damian Street Reserve,vicmap_name_label,park_and_garden,high,MELTON,144.572325119,-37.685923004,reserve,park,include,vicmap_foi,75974
vicmap_foi_76076,Mcdonald Street Reserve,Mcdonald Street Reserve,vicmap_name_label,park_and_garden,high,MELTON,144.57767242,-37.701687101,reserve,park,include,vicmap_foi,76076
vicmap_foi_634247,Colston Drive Reserve,Colston Drive Reserve,vicmap_name_label,park_and_garden,high,MELTON,144.751662026,-37.684997279,reserve,park,include,vicmap_foi,634247
vicmap_foi_634305,Chelsea Gardens,Chelsea Gardens,vicmap_name_label,park_and_garden,high,MELTON,144.753858009,-37.687997904,reserve,park,include,vicmap_foi,634305
vicmap_foi_634422,Grampians Way Reserve,Grampians Way Reserve,vicmap_name_label,park_and_garden,high,MELTON,144.730644704,-37.751076027,reserve,park,include,vicmap_foi,634422
vicmap_foi_634448,Hillside Linear Reserve,Hillside Linear Reserve,vicmap_name_label,park_and_garden,high,MELTON,144.726581901,-37.68384066,reserve,park,include,vicmap_foi,634448
vicmap_foi_634541,Hillside Gardens,Hillside Gardens,vicmap_name_label,park_and_garden,high,MELTON,144.746446928,-37.689833325,reserve,park,include,vicmap_foi,634541
vicmap_foi_1340743,Northgate Drive Closure,Northgate Drive Closure,vicmap_name_label,park_and_garden,high,MELTON,144.545906616,-37.671250454,reserve,park,include,vicmap_foi,1340743
vicmap_foi_1340744,Brixton Place Reserve,Brixton Place Reserve,vicmap_name_label,park_and_garden,high,MELTON,144.581622062,-37.674929875,reserve,park,include,vicmap_foi,1340744
vicmap_foi_1340745,Little Blind Creek Environmental Reserve - Centenary Avenue To Yuille Street Section,Little Blind Creek Environmental Reserve - Centenary Avenue To Yuille Street Section,vicmap_name_label,park_and_garden,high,MELTON,144.588645934,-37.681860753,reserve,park,include,vicmap_foi,1340745
vicmap_foi_1340746,Chapmans Road Crown Reserve,Chapmans Road Crown Reserve,vicmap_name_label,park_and_garden,high,MELTON,144.565761844,-37.578429033,reserve,park,include,vicmap_foi,1340746
vicmap_foi_1340749,Fairfield Crescent Ext Reserve,Fairfield Crescent Ext Reserve,vicmap_name_label,park_and_garden,high,MELTON,144.715793261,-37.627695892,reserve,park,include,vicmap_foi,1340749
vicmap_foi_1340750,Missens Road South Biodiversity Reserve,Missens Road South Biodiversity Reserve,vicmap_name_label,park_and_garden,high,MELTON,144.58797688,-37.630121151,reserve,park,include,vicmap_foi,1340750
vicmap_foi_1340751,Willandra Linear Reserve - Wycombe Road,Willandra Linear Reserve - Wycombe Road,vicmap_name_label,park_and_garden,high,MELTON,144.565728241,-37.651446809,reserve,park,include,vicmap_foi,1340751
vicmap_foi_1340753,Phar Lap Place Closure,Phar Lap Place Closure,vicmap_name_label,park_and_garden,high,MELTON,144.601217396,-37.655533083,reserve,park,include,vicmap_foi,1340753
vicmap_foi_1340754,Coburns Road Cootamundra Circuit Linear Reserve,Coburns Road Cootamundra Circuit Linear Reserve,vicmap_name_label,park_and_garden,high,MELTON,144.571926477,-37.661844453,reserve,park,include,vicmap_foi,1340754
vicmap_foi_1340755,Ajay Way/Grallina Lane Reserve,Ajay Way/Grallina Lane Reserve,vicmap_name_label,park_and_garden,high,MELTON,144.581422821,-37.659718479,reserve,park,include,vicmap_foi,1340755
vicmap_foi_1340756,Joshua/Thomasz Courthead,Joshua/Thomasz Courthead,vicmap_name_label,park_and_garden,high,MELTON,144.594085387,-37.66161649,reserve,park,include,vicmap_foi,1340756
vicmap_foi_1340757,Drummond Court Closure,Drummond Court Closure,vicmap_name_label,park_and_garden,high,MELTON,144.571015405,-37.665406313,reserve,park,include,vicmap_foi,1340757
vicmap_foi_1340760,Cooper/Wickham Street Closure,Cooper/Wickham Street Closure,vicmap_name_label,park_and_garden,high,MELTON,144.570764782,-37.705224605,reserve,park,include,vicmap_foi,1340760
vicmap_foi_1340762,Calder Park Drive/Southbank Walk Courthead (East),Calder Park Drive/Southbank Walk Courthead (East),vicmap_name_label,park_and_garden,high,MELTON,144.756103955,-37.706551461,reserve,park,include,vicmap_foi,1340762
vicmap_foi_1340764,John Robert Place Closure,John Robert Place Closure,vicmap_name_label,park_and_garden,high,MELTON,144.75916139,-37.708738206,reserve,park,include,vicmap_foi,1340764
vicmap_foi_1341369,Galibier Parade Transmission Easement Reserve,Galibier Parade Transmission Easement Reserve,vicmap_name_label,park_and_garden,high,MELTON,144.721286048,-37.712714966,reserve,park,include,vicmap_foi,1341369
vicmap_foi_1341370,Cronulla/Hume Courthead,Cronulla/Hume Courthead,vicmap_name_label,park_and_garden,high,MELTON,144.750193326,-37.711197578,reserve,park,include,vicmap_foi,1341370
vicmap_foi_1341371,Moss Street Reserve,Moss Street Reserve,vicmap_name_label,park_and_garden,high,MELTON,144.56795279,-37.71124003,reserve,park,include,vicmap_foi,1341371
vicmap_foi_1341372,Gosse/Clarice Closure,Gosse/Clarice Closure,vicmap_name_label,park_and_garden,high,MELTON,144.550782068,-37.711611125,reserve,park,include,vicmap_foi,1341372
vicmap_foi_1341374,Rockbank Middle Road/Simpson Court Closure,Rockbank Middle Road/Simpson Court Closure,vicmap_name_label,park_and_garden,high,MELTON,144.727045895,-37.744892585,reserve,park,include,vicmap_foi,1341374
vicmap_foi_1341377,Aliana Close Reserve,Aliana Close Reserve,vicmap_name_label,park_and_garden,high,MELTON,144.674530985,-37.747300133,reserve,park,include,vicmap_foi,1341377
vicmap_foi_1341378,Billabong Court Courthead,Billabong Court Courthead,vicmap_name_label,park_and_garden,high,MELTON,144.755627148,-37.74779942,reserve,park,include,vicmap_foi,1341378
vicmap_foi_1341380,Chisholm Drive Screen Reserve,Chisholm Drive Screen Reserve,vicmap_name_label,park_and_garden,high,MELTON,144.745832922,-37.753275123,reserve,park,include,vicmap_foi,1341380
vicmap_foi_1341383,Bexhill Lane North Reserve,Bexhill Lane North Reserve,vicmap_name_label,park_and_garden,high,MELTON,144.61081403,-37.725518281,reserve,park,include,vicmap_foi,1341383
vicmap_foi_1341385,Caulfield Lane Reserve,Caulfield Lane Reserve,vicmap_name_label,park_and_garden,high,MELTON,144.746709708,-37.726785504,reserve,park,include,vicmap_foi,1341385
vicmap_foi_638547,Wordon Court Reserve,Wordon Court Reserve,vicmap_name_label,park_and_garden,high,MELTON,144.593349465,-37.664039868,reserve,park,include,vicmap_foi,638547
vicmap_foi_638550,Welkin Trail Reserve,Welkin Trail Reserve,vicmap_name_label,park_and_garden,high,MELTON,144.579304104,-37.664255101,reserve,park,include,vicmap_foi,638550
vicmap_foi_634644,Joseph Drive Reserve,Joseph Drive Reserve,vicmap_name_label,park_and_garden,high,MELTON,144.752899422,-37.697707592,reserve,park,include,vicmap_foi,634644
vicmap_foi_634647,Kororoit Approach Reserve,Kororoit Approach Reserve,vicmap_name_label,park_and_garden,high,MELTON,144.740494796,-37.739208559,reserve,park,include,vicmap_foi,634647
vicmap_foi_634687,Bushy Park Ave-Old Hall Linear Reserve,Bushy Park Ave-Old Hall Linear Reserve,vicmap_name_label,park_and_garden,high,MELTON,144.733118224,-37.738928296,reserve,park,include,vicmap_foi,634687
vicmap_foi_634711,Roycroft Avenue Reserves,Roycroft Avenue Reserves,vicmap_name_label,park_and_garden,high,MELTON,144.75029339,-37.75185856,reserve,park,include,vicmap_foi,634711
vicmap_foi_634818,Watervale Boulevard Linear Reserve,Watervale Boulevard Linear Reserve,vicmap_name_label,park_and_garden,high,MELTON,144.760559157,-37.724150443,reserve,park,include,vicmap_foi,634818
vicmap_foi_634844,Windsor Gardens,Windsor Gardens,vicmap_name_label,park_and_garden,high,MELTON,144.741343115,-37.753359856,reserve,park,include,vicmap_foi,634844
vicmap_foi_638449,Pepper Close Reserve And Road Verge,Pepper Close Reserve And Road Verge,vicmap_name_label,park_and_garden,high,MELTON,144.718860684,-37.627091092,reserve,park,include,vicmap_foi,638449
vicmap_foi_638461,1649a Gisborne-Melton Road Environmental Reserve,1649a Gisborne-Melton Road Environmental Reserve,vicmap_name_label,park_and_garden,high,MELTON,144.613354614,-37.637366166,reserve,park,include,vicmap_foi,638461
vicmap_foi_638487,Minns Road North Environmental Reserve,Minns Road North Environmental Reserve,vicmap_name_label,park_and_garden,high,MELTON,144.611284699,-37.652740556,reserve,park,include,vicmap_foi,638487
vicmap_foi_638500,Toolern Downs Linear Reserve,Toolern Downs Linear Reserve,vicmap_name_label,park_and_garden,high,MELTON,144.603725709,-37.666876259,reserve,park,include,vicmap_foi,638500
vicmap_foi_638508,Featherhead Way Closure,Featherhead Way Closure,vicmap_name_label,park_and_garden,high,MELTON,144.568019017,-37.65706194,reserve,park,include,vicmap_foi,638508
vicmap_foi_638513,Baystone/Manfred Place Closure,Baystone/Manfred Place Closure,vicmap_name_label,park_and_garden,high,MELTON,144.598955935,-37.657610452,reserve,park,include,vicmap_foi,638513
vicmap_foi_638525,Black Knight Way Reserve,Black Knight Way Reserve,vicmap_name_label,park_and_garden,high,MELTON,144.589404051,-37.660752677,reserve,park,include,vicmap_foi,638525
vicmap_foi_638527,Nightmarch Place Reserve,Nightmarch Place Reserve,vicmap_name_label,park_and_garden,high,MELTON,144.596658382,-37.660812469,reserve,park,include,vicmap_foi,638527
vicmap_foi_638541,Dougal Court Reserve,Dougal Court Reserve,vicmap_name_label,park_and_garden,high,MELTON,144.597727176,-37.662616957,reserve,park,include,vicmap_foi,638541
vicmap_foi_638560,Beauview Court Reserve,Beauview Court Reserve,vicmap_name_label,park_and_garden,high,MELTON,144.594014157,-37.665358431,reserve,park,include,vicmap_foi,638560
vicmap_foi_638567,Arnolds Creek West Branch Linear Reserve North,Arnolds Creek West Branch Linear Reserve North,vicmap_name_label,park_and_garden,high,MELTON,144.547658697,-37.665199069,reserve,park,include,vicmap_foi,638567
vicmap_foi_638577,Scarborough Crescent Reserve,Scarborough Crescent Reserve,vicmap_name_label,park_and_garden,high,MELTON,144.558615787,-37.668168622,reserve,park,include,vicmap_foi,638577
vicmap_foi_638583,Buckle Road Reserve,Buckle Road Reserve,vicmap_name_label,park_and_garden,high,MELTON,144.599695482,-37.669804268,reserve,park,include,vicmap_foi,638583
vicmap_foi_638585,Smoult Drive Reserve,Smoult Drive Reserve,vicmap_name_label,park_and_garden,high,MELTON,144.57884183,-37.670103309,reserve,park,include,vicmap_foi,638585
vicmap_foi_638593,Smoult Drive Drainage Reserve,Smoult Drive Drainage Reserve,vicmap_name_label,park_and_garden,high,MELTON,144.580106266,-37.670442996,reserve,park,include,vicmap_foi,638593
vicmap_foi_638594,Gainsborough Place Reserve,Gainsborough Place Reserve,vicmap_name_label,park_and_garden,high,MELTON,144.555402691,-37.671141552,reserve,park,include,vicmap_foi,638594
vicmap_foi_638595,Eramu/Raglan Closure,Eramu/Raglan Closure,vicmap_name_label,park_and_garden,high,MELTON,144.588018493,-37.67106234,reserve,park,include,vicmap_foi,638595
vicmap_foi_638596,Baluk/Eramu Closure,Baluk/Eramu Closure,vicmap_name_label,park_and_garden,high,MELTON,144.589208023,-37.671068432,reserve,park,include,vicmap_foi,638596
vicmap_foi_1340765,Lindsay Court Closure,Lindsay Court Closure,vicmap_name_label,park_and_garden,high,MELTON,144.580347193,-37.681924913,reserve,park,include,vicmap_foi,1340765
vicmap_foi_1340768,Sage/Wetherby Courthead,Sage/Wetherby Courthead,vicmap_name_label,park_and_garden,high,MELTON,144.73304281,-37.684753024,reserve,park,include,vicmap_foi,1340768
vicmap_foi_1340769,Duchess/Knight Courthead,Duchess/Knight Courthead,vicmap_name_label,park_and_garden,high,MELTON,144.727954166,-37.685258923,reserve,park,include,vicmap_foi,1340769
vicmap_foi_1340772,Stony Hill Creek Linear Reserve - Melton Highway To Boronia Drive,Stony Hill Creek Linear Reserve - Melton Highway To Boronia Drive,vicmap_name_label,park_and_garden,high,MELTON,144.734796269,-37.69683441,reserve,park,include,vicmap_foi,1340772
vicmap_foi_1340773,Toolern Creek Tamar Drive Environmental Reserve,Toolern Creek Tamar Drive Environmental Reserve,vicmap_name_label,park_and_garden,high,MELTON,144.581619856,-37.696428833,reserve,park,include,vicmap_foi,1340773
vicmap_foi_1340777,Dorchester Street Reserve,Dorchester Street Reserve,vicmap_name_label,park_and_garden,high,MELTON,144.626490533,-37.713211673,reserve,park,include,vicmap_foi,1340777
vicmap_foi_1340778,Bronte/Darlinghurst Courthead,Bronte/Darlinghurst Courthead,vicmap_name_label,park_and_garden,high,MELTON,144.743343023,-37.714257069,reserve,park,include,vicmap_foi,1340778
vicmap_foi_1340782,Egerton Place Reserve,Egerton Place Reserve,vicmap_name_label,park_and_garden,high,MELTON,144.669404227,-37.716287324,reserve,park,include,vicmap_foi,1340782
vicmap_foi_1340785,Provincial Circuit Reserve,Provincial Circuit Reserve,vicmap_name_label,park_and_garden,high,MELTON,144.695338832,-37.722700465,reserve,park,include,vicmap_foi,1340785
vicmap_foi_1340786,Maradona Boulevard Easement Reserve,Maradona Boulevard Easement Reserve,vicmap_name_label,park_and_garden,high,MELTON,144.718684688,-37.723798159,reserve,park,include,vicmap_foi,1340786
vicmap_foi_1340789,Tarago Terrace Tree Reserve,Tarago Terrace Tree Reserve,vicmap_name_label,park_and_garden,high,MELTON,144.7578911,-37.7246217,reserve,park,include,vicmap_foi,1340789
vicmap_foi_1340790,Taylors Road Reserve,Taylors Road Reserve,vicmap_name_label,park_and_garden,high,MELTON,144.655536566,-37.718733841,reserve,park,include,vicmap_foi,1340790
vicmap_foi_1340791,Equine Circuit Courthead,Equine Circuit Courthead,vicmap_name_label,park_and_garden,high,MELTON,144.573375396,-37.719545653,reserve,park,include,vicmap_foi,1340791
vicmap_foi_1340792,Luxor Drive Drainage Reserve,Luxor Drive Drainage Reserve,vicmap_name_label,park_and_garden,high,MELTON,144.725242427,-37.72020355,reserve,park,include,vicmap_foi,1340792
vicmap_foi_1340793,Howqua Way Closure,Howqua Way Closure,vicmap_name_label,park_and_garden,high,MELTON,144.765215128,-37.720836122,reserve,park,include,vicmap_foi,1340793
vicmap_foi_1340794,Redcliff Terrace Screen Reserve,Redcliff Terrace Screen Reserve,vicmap_name_label,park_and_garden,high,MELTON,144.746364029,-37.722717628,reserve,park,include,vicmap_foi,1340794
vicmap_foi_1340795,Hume Drive/Willowood Closure,Hume Drive/Willowood Closure,vicmap_name_label,park_and_garden,high,MELTON,144.763229709,-37.709391862,reserve,park,include,vicmap_foi,1340795
vicmap_foi_1340796,Stony Hill Creek Linear Reserve - Hume Drive To City Vista Ct,Stony Hill Creek Linear Reserve - Hume Drive To City Vista Ct,vicmap_name_label,park_and_garden,high,MELTON,144.728254746,-37.709896722,reserve,park,include,vicmap_foi,1340796
vicmap_foi_1340797,Domain Way Ext Reserve,Domain Way Ext Reserve,vicmap_name_label,park_and_garden,high,MELTON,144.743255701,-37.710209755,reserve,park,include,vicmap_foi,1340797
vicmap_foi_1340799,Kent Place Courthead,Kent Place Courthead,vicmap_name_label,park_and_garden,high,MELTON,144.746284103,-37.710755509,reserve,park,include,vicmap_foi,1340799
vicmap_foi_1340801,Hinkler/Gosse Closure,Hinkler/Gosse Closure,vicmap_name_label,park_and_garden,high,MELTON,144.549495478,-37.712570354,reserve,park,include,vicmap_foi,1340801
vicmap_foi_1340803,Riley Court Closure,Riley Court Closure,vicmap_name_label,park_and_garden,high,MELTON,144.743405791,-37.746681496,reserve,park,include,vicmap_foi,1340803
vicmap_foi_1340804,Thorpe Place Closure,Thorpe Place Closure,vicmap_name_label,park_and_garden,high,MELTON,144.747668628,-37.747073036,reserve,park,include,vicmap_foi,1340804
vicmap_foi_1340805,Alpine/Girraween Courthead,Alpine/Girraween Courthead,vicmap_name_label,park_and_garden,high,MELTON,144.727091545,-37.750923353,reserve,park,include,vicmap_foi,1340805
vicmap_foi_1341386,Jonathan Place Closure,Jonathan Place Closure,vicmap_name_label,park_and_garden,high,MELTON,144.754306,-37.729118175,reserve,park,include,vicmap_foi,1341386
vicmap_foi_1341389,Unnamed Park - Melton,,generated_fallback,park_and_garden,high,MELTON,144.744336758,-37.733715518,reserve,park,include,vicmap_foi,1341389
vicmap_foi_1341391,Kylie Close Courthead,Kylie Close Courthead,vicmap_name_label,park_and_garden,high,MELTON,144.698414667,-37.734197812,reserve,park,include,vicmap_foi,1341391
vicmap_foi_1341392,Kororoit Creek Biodiversity Reserve - Burnside Heights Recreation Reserve Section,Kororoit Creek Biodiversity Reserve - Burnside Heights Recreation Reserve Section,vicmap_name_label,park_and_garden,high,MELTON,144.748689156,-37.74139031,reserve,park,include,vicmap_foi,1341392
vicmap_foi_1341393,Harwood Court Courthead,Harwood Court Courthead,vicmap_name_label,park_and_garden,high,MELTON,144.748710254,-37.737332444,reserve,park,include,vicmap_foi,1341393
vicmap_foi_1341395,Aston Lane Courthead,Aston Lane Courthead,vicmap_name_label,park_and_garden,high,MELTON,144.725748749,-37.738285925,reserve,park,include,vicmap_foi,1341395
vicmap_foi_1341396,Innovation Avenue Reserve,Innovation Avenue Reserve,vicmap_name_label,park_and_garden,high,MELTON,144.662446304,-37.743935696,reserve,park,include,vicmap_foi,1341396
vicmap_foi_1341397,Arbour Boulevard Wetland,Arbour Boulevard Wetland,vicmap_name_label,park_and_garden,high,MELTON,144.752477929,-37.739935621,reserve,park,include,vicmap_foi,1341397
vicmap_foi_1341398,Westwood Drive Biodiversity Reserve,Westwood Drive Biodiversity Reserve,vicmap_name_label,park_and_garden,high,MELTON,144.747482339,-37.740273551,reserve,park,include,vicmap_foi,1341398
vicmap_foi_1341399,Lauffre Walk/Odonnell Drive Closure,Lauffre Walk/Odonnell Drive Closure,vicmap_name_label,park_and_garden,high,MELTON,144.739471192,-37.741619043,reserve,park,include,vicmap_foi,1341399
vicmap_foi_1341405,Maloneys Road Biodiversity Reserve,Maloneys Road Biodiversity Reserve,vicmap_name_label,park_and_garden,high,MELTON,144.598674937,-37.788864355,reserve,park,include,vicmap_foi,1341405
vicmap_foi_1341407,Eaglehawk Linear Reserve,Eaglehawk Linear Reserve,vicmap_name_label,park_and_garden,high,MELTON,144.552088645,-37.790431006,reserve,park,include,vicmap_foi,1341407
vicmap_foi_1341410,Curlew/Scott Street Closure,Curlew/Scott Street Closure,vicmap_name_label,park_and_garden,high,MELTON,144.576200539,-37.674569972,reserve,park,include,vicmap_foi,1341410
vicmap_foi_1341412,Hoggs Road Reserve,Hoggs Road Reserve,vicmap_name_label,park_and_garden,high,MELTON,144.544289499,-37.601874774,reserve,park,include,vicmap_foi,1341412
vicmap_foi_1341414,Argus Close Courthead,Argus Close Courthead,vicmap_name_label,park_and_garden,high,MELTON,144.705887537,-37.618027455,reserve,park,include,vicmap_foi,1341414
vicmap_foi_1341415,Vignette Road Ext Reserve,Vignette Road Ext Reserve,vicmap_name_label,park_and_garden,high,MELTON,144.70690401,-37.625159926,reserve,park,include,vicmap_foi,1341415
vicmap_foi_1341416,Djerriwarrh Creek Linear Reserve,Djerriwarrh Creek Linear Reserve,vicmap_name_label,park_and_garden,high,MELTON,144.519362047,-37.657337792,reserve,park,include,vicmap_foi,1341416
vicmap_foi_1341417,Little Blind Creek Gunnawarra Road To Kingston Rule Street Environmental Reserve,Little Blind Creek Gunnawarra Road To Kingston Rule Street Environmental Reserve,vicmap_name_label,park_and_garden,high,MELTON,144.589535367,-37.665374657,reserve,park,include,vicmap_foi,1341417
vicmap_foi_1341419,Coburns/Highfield Frontage,Coburns/Highfield Frontage,vicmap_name_label,park_and_garden,high,MELTON,144.572771472,-37.661725629,reserve,park,include,vicmap_foi,1341419
vicmap_foi_1341423,Jang/Pimbit Courthead,Jang/Pimbit Courthead,vicmap_name_label,park_and_garden,high,MELTON,144.59308136,-37.669195332,reserve,park,include,vicmap_foi,1341423
vicmap_foi_1341424,River Views Reserve,River Views Reserve,vicmap_name_label,park_and_garden,high,MELTON,144.548659317,-37.671014532,reserve,park,include,vicmap_foi,1341424
vicmap_foi_1341425,Ohaire Street Closure,Ohaire Street Closure,vicmap_name_label,park_and_garden,high,MELTON,144.74269938,-37.701649648,reserve,park,include,vicmap_foi,1341425
vicmap_foi_1341426,Crop Drive Reserve,Crop Drive Reserve,vicmap_name_label,park_and_garden,high,MELTON,144.715593666,-37.702129824,reserve,park,include,vicmap_foi,1341426
vicmap_foi_638632,Monie/Twyford Closure,Monie/Twyford Closure,vicmap_name_label,park_and_garden,high,MELTON,144.750554611,-37.685295809,reserve,park,include,vicmap_foi,638632
vicmap_foi_1340813,St James Close Courthead,St James Close Courthead,vicmap_name_label,park_and_garden,high,MELTON,144.7500322,-37.728788634,reserve,park,include,vicmap_foi,1340813
vicmap_foi_638598,Arnolds Creek East Branch Linear Reserve (Coburns/Centenary),Arnolds Creek East Branch Linear Reserve (Coburns/Centenary),vicmap_name_label,park_and_garden,high,MELTON,144.570983522,-37.672297517,reserve,park,include,vicmap_foi,638598
vicmap_foi_638599,Heather/Jaque Courthead,Heather/Jaque Courthead,vicmap_name_label,park_and_garden,high,MELTON,144.576773239,-37.671538504,reserve,park,include,vicmap_foi,638599
vicmap_foi_638601,Geraldine/Maximus Courthead,Geraldine/Maximus Courthead,vicmap_name_label,park_and_garden,high,MELTON,144.577703089,-37.671651906,reserve,park,include,vicmap_foi,638601
vicmap_foi_638608,Gisborne-Melton Road Park,Gisborne-Melton Road Park,vicmap_name_label,park_and_garden,high,MELTON,144.599249653,-37.673276204,reserve,park,include,vicmap_foi,638608
vicmap_foi_638609,Sovereign Boulevard Reserve,Sovereign Boulevard Reserve,vicmap_name_label,park_and_garden,high,MELTON,144.544679549,-37.672810947,reserve,park,include,vicmap_foi,638609
vicmap_foi_638612,Bungarra/Molga Closure,Bungarra/Molga Closure,vicmap_name_label,park_and_garden,high,MELTON,144.590147527,-37.673137827,reserve,park,include,vicmap_foi,638612
vicmap_foi_638614,Carlyon Road Closure,Carlyon Road Closure,vicmap_name_label,park_and_garden,high,MELTON,144.543612526,-37.673212667,reserve,park,include,vicmap_foi,638614
vicmap_foi_638615,Barar/Molga Closure,Barar/Molga Closure,vicmap_name_label,park_and_garden,high,MELTON,144.589351658,-37.673443041,reserve,park,include,vicmap_foi,638615
vicmap_foi_638616,Centenary Avenue West Road Reserves,Centenary Avenue West Road Reserves,vicmap_name_label,park_and_garden,high,MELTON,144.578315649,-37.673595292,reserve,park,include,vicmap_foi,638616
vicmap_foi_638617,Kurunjang Entry - Adina,Kurunjang Entry - Adina,vicmap_name_label,park_and_garden,high,MELTON,144.585886128,-37.674196896,reserve,park,include,vicmap_foi,638617
vicmap_foi_638622,Sovereign Boulevard Entry Reserve,Sovereign Boulevard Entry Reserve,vicmap_name_label,park_and_garden,high,MELTON,144.55069368,-37.675393452,reserve,park,include,vicmap_foi,638622
vicmap_foi_638623,Glenfield Avenue Reserve,Glenfield Avenue Reserve,vicmap_name_label,park_and_garden,high,MELTON,144.545172651,-37.676141383,reserve,park,include,vicmap_foi,638623
vicmap_foi_638630,Toolern Creek Nixon Street - Smith St,Toolern Creek Nixon Street - Smith St,vicmap_name_label,park_and_garden,high,MELTON,144.587068219,-37.685001636,reserve,park,include,vicmap_foi,638630
vicmap_foi_638635,Arnolds Creek West Branch Linear Reserve - High Street To Western Freeway,Arnolds Creek West Branch Linear Reserve - High Street To Western Freeway,vicmap_name_label,park_and_garden,high,MELTON,144.556950708,-37.687334757,reserve,park,include,vicmap_foi,638635
vicmap_foi_638639,Kanmore/Ruthven Closure,Kanmore/Ruthven Closure,vicmap_name_label,park_and_garden,high,MELTON,144.754367174,-37.686254601,reserve,park,include,vicmap_foi,638639
vicmap_foi_638642,Glencroft/Erskine Closure,Glencroft/Erskine Closure,vicmap_name_label,park_and_garden,high,MELTON,144.553246614,-37.686309863,reserve,park,include,vicmap_foi,638642
vicmap_foi_638647,Inez Court Reserve,Inez Court Reserve,vicmap_name_label,park_and_garden,high,MELTON,144.579105384,-37.687588546,reserve,park,include,vicmap_foi,638647
vicmap_foi_638648,Musk Court Reserve,Musk Court Reserve,vicmap_name_label,park_and_garden,high,MELTON,144.580198992,-37.687691599,reserve,park,include,vicmap_foi,638648
vicmap_foi_638650,Domain Drive Island,Domain Drive Island,vicmap_name_label,park_and_garden,high,MELTON,144.743604213,-37.688185754,reserve,park,include,vicmap_foi,638650
vicmap_foi_638664,Grassland Circuit Island Reserve,Grassland Circuit Island Reserve,vicmap_name_label,park_and_garden,high,MELTON,144.590000786,-37.690483392,reserve,park,include,vicmap_foi,638664
vicmap_foi_638678,Harrison Court Drainage Reserve,Harrison Court Drainage Reserve,vicmap_name_label,park_and_garden,high,MELTON,144.600267925,-37.694465576,reserve,park,include,vicmap_foi,638678
vicmap_foi_638679,Toolern Creek Linear Reserve - Tamar Drive,Toolern Creek Linear Reserve - Tamar Drive,vicmap_name_label,park_and_garden,high,MELTON,144.582567481,-37.694454244,reserve,park,include,vicmap_foi,638679
vicmap_foi_638683,Lloyd Court Reserve,Lloyd Court Reserve,vicmap_name_label,park_and_garden,high,MELTON,144.559529695,-37.694960683,reserve,park,include,vicmap_foi,638683
vicmap_foi_1340808,Lewis Avenue Closure,Lewis Avenue Closure,vicmap_name_label,park_and_garden,high,MELTON,144.748495058,-37.755710877,reserve,park,include,vicmap_foi,1340808
vicmap_foi_1340809,Owen Way Reserve,Owen Way Reserve,vicmap_name_label,park_and_garden,high,MELTON,144.708845433,-37.726009014,reserve,park,include,vicmap_foi,1340809
vicmap_foi_1340810,Slinky Street Reserve,Slinky Street Reserve,vicmap_name_label,park_and_garden,high,MELTON,144.708538311,-37.727282174,reserve,park,include,vicmap_foi,1340810
vicmap_foi_1340811,Deanside Drive Biodiversity Reserve,Deanside Drive Biodiversity Reserve,vicmap_name_label,park_and_garden,high,MELTON,144.686490248,-37.729431494,reserve,park,include,vicmap_foi,1340811
vicmap_foi_1340812,Stony Hill Creek Linear Reserve - Carisbrook Street To Kororoit Creek,Stony Hill Creek Linear Reserve - Carisbrook Street To Kororoit Creek,vicmap_name_label,park_and_garden,high,MELTON,144.73363973,-37.729214743,reserve,park,include,vicmap_foi,1340812
vicmap_foi_1340816,Damaine Circuit Biodiversity Reserve,Damaine Circuit Biodiversity Reserve,vicmap_name_label,park_and_garden,high,MELTON,144.734694321,-37.730906076,reserve,park,include,vicmap_foi,1340816
vicmap_foi_1340817,Vintage Way Biodiversity Reserve,Vintage Way Biodiversity Reserve,vicmap_name_label,park_and_garden,high,MELTON,144.732209457,-37.730072217,reserve,park,include,vicmap_foi,1340817
vicmap_foi_1340818,Kororoit Creek Reserve North - Jamieson Link To Caroline Springs Boulevard,Kororoit Creek Reserve North - Jamieson Link To Caroline Springs Boulevard,vicmap_name_label,park_and_garden,high,MELTON,144.730428468,-37.733357355,reserve,park,include,vicmap_foi,1340818
vicmap_foi_1340821,Sparrowhawk Crescent Ext Reserve,Sparrowhawk Crescent Ext Reserve,vicmap_name_label,park_and_garden,high,MELTON,144.707642328,-37.731748484,reserve,park,include,vicmap_foi,1340821
vicmap_foi_1340822,Herring Loop Biodiversity Reserve,Herring Loop Biodiversity Reserve,vicmap_name_label,park_and_garden,high,MELTON,144.735201323,-37.732901633,reserve,park,include,vicmap_foi,1340822
vicmap_foi_1340823,Otago Loop Biodiversity Reserve,Otago Loop Biodiversity Reserve,vicmap_name_label,park_and_garden,high,MELTON,144.731566698,-37.733173997,reserve,park,include,vicmap_foi,1340823
vicmap_foi_1340826,Saran Crescent Reserve,Saran Crescent Reserve,vicmap_name_label,park_and_garden,high,MELTON,144.701525697,-37.735180475,reserve,park,include,vicmap_foi,1340826
vicmap_foi_1340828,Kororoit Creek North Caroline Springs Boulevard To Westwood Drive Environmental Reserve,Kororoit Creek North Caroline Springs Boulevard To Westwood Drive Environmental Reserve,vicmap_name_label,park_and_garden,high,MELTON,144.747461372,-37.739316744,reserve,park,include,vicmap_foi,1340828
vicmap_foi_1340830,Kororoit Creek Reserve South - Caroline Springs Boulevard To Westwood Drive,Kororoit Creek Reserve South - Caroline Springs Boulevard To Westwood Drive,vicmap_name_label,park_and_garden,high,MELTON,144.744280946,-37.737187427,reserve,park,include,vicmap_foi,1340830
vicmap_foi_1340831,Newsham Place Biodiversity Reserve,Newsham Place Biodiversity Reserve,vicmap_name_label,park_and_garden,high,MELTON,144.735586673,-37.736980319,reserve,park,include,vicmap_foi,1340831
vicmap_foi_1340832,Woodruff Place Buffer Reserve,Woodruff Place Buffer Reserve,vicmap_name_label,park_and_garden,high,MELTON,144.738323407,-37.738975561,reserve,park,include,vicmap_foi,1340832
vicmap_foi_1340833,Belvedere Crescent Linear Reserve,Belvedere Crescent Linear Reserve,vicmap_name_label,park_and_garden,high,MELTON,144.752450134,-37.742039516,reserve,park,include,vicmap_foi,1340833
vicmap_foi_1340834,Betchworth Close/Edgbaston Parade Closure,Betchworth Close/Edgbaston Parade Closure,vicmap_name_label,park_and_garden,high,MELTON,144.727412482,-37.741934313,reserve,park,include,vicmap_foi,1340834
vicmap_foi_1340836,Lancefield Circuit Linear Reserve,Lancefield Circuit Linear Reserve,vicmap_name_label,park_and_garden,high,MELTON,144.559962272,-37.795939673,reserve,park,include,vicmap_foi,1340836
vicmap_foi_1340838,Majorca Lane Reserve,Majorca Lane Reserve,vicmap_name_label,park_and_garden,high,MELTON,144.548389594,-37.786109188,reserve,park,include,vicmap_foi,1340838
vicmap_foi_1340842,Arnolds Creek Linear Reserve West Branch - Westlakes,Arnolds Creek Linear Reserve West Branch - Westlakes,vicmap_name_label,park_and_garden,high,MELTON,144.54836552,-37.676098655,reserve,park,include,vicmap_foi,1340842
vicmap_foi_1340843,Brixton Place Closure,Brixton Place Closure,vicmap_name_label,park_and_garden,high,MELTON,144.581879338,-37.675187897,reserve,park,include,vicmap_foi,1340843
vicmap_foi_1341428,Taylors Hill Blvd West Entry (South),Taylors Hill Blvd West Entry (South),vicmap_name_label,park_and_garden,high,MELTON,144.741403167,-37.70752807,reserve,park,include,vicmap_foi,1341428
vicmap_foi_1341429,Plumpton Linear Reserve - Jardine To Royale,Plumpton Linear Reserve - Jardine To Royale,vicmap_name_label,park_and_garden,high,MELTON,144.721830094,-37.709692727,reserve,park,include,vicmap_foi,1341429
vicmap_foi_1341430,Stony Hill Creek Linear Reserve - The Regency,Stony Hill Creek Linear Reserve - The Regency,vicmap_name_label,park_and_garden,high,MELTON,144.730584839,-37.68333732,reserve,park,include,vicmap_foi,1341430
vicmap_foi_1341433,Kinetic Avenue Wetland,Kinetic Avenue Wetland,vicmap_name_label,park_and_garden,high,MELTON,144.747228915,-37.680480498,reserve,park,include,vicmap_foi,1341433
vicmap_foi_1341434,Piccolotto Drive Reserve,Piccolotto Drive Reserve,vicmap_name_label,park_and_garden,high,MELTON,144.554613365,-37.680132109,reserve,park,include,vicmap_foi,1341434
vicmap_foi_1341435,Highrise/The Peak Courthead,Highrise/The Peak Courthead,vicmap_name_label,park_and_garden,high,MELTON,144.733274043,-37.681873692,reserve,park,include,vicmap_foi,1341435
vicmap_foi_1341436,Calder Park Drive Road And Tree Reserve - Hillside (North),Calder Park Drive Road And Tree Reserve - Hillside (North),vicmap_name_label,park_and_garden,high,MELTON,144.75777472,-37.683511964,reserve,park,include,vicmap_foi,1341436
vicmap_foi_1341440,Imperial/Queensberry Courthead,Imperial/Queensberry Courthead,vicmap_name_label,park_and_garden,high,MELTON,144.727565663,-37.687204475,reserve,park,include,vicmap_foi,1341440
vicmap_foi_1341441,Dryburgh Place/Penrose Mews Courthead,Dryburgh Place/Penrose Mews Courthead,vicmap_name_label,park_and_garden,high,MELTON,144.742985149,-37.687950412,reserve,park,include,vicmap_foi,1341441
vicmap_foi_1341442,Diamond/Silverwood Court Closure,Diamond/Silverwood Court Closure,vicmap_name_label,park_and_garden,high,MELTON,144.736396054,-37.688239313,reserve,park,include,vicmap_foi,1341442
vicmap_foi_1341443,Toolern Creek Western Freeway To Barries Road Environmental Reserve,Toolern Creek Western Freeway To Barries Road Environmental Reserve,vicmap_name_label,park_and_garden,high,MELTON,144.583331838,-37.692729095,reserve,park,include,vicmap_foi,1341443
vicmap_foi_1341444,Pinnacle Crescent Hostel - Surrounds,Pinnacle Crescent Hostel - Surrounds,vicmap_name_label,park_and_garden,high,MELTON,144.557444275,-37.69090304,reserve,park,include,vicmap_foi,1341444
vicmap_foi_1341446,Milfoil/Twigrush Courthead,Milfoil/Twigrush Courthead,vicmap_name_label,park_and_garden,high,MELTON,144.544549924,-37.693758865,reserve,park,include,vicmap_foi,1341446
vicmap_foi_1341447,Ahmet/Rebecca Courthead,Ahmet/Rebecca Courthead,vicmap_name_label,park_and_garden,high,MELTON,144.752984721,-37.696728552,reserve,park,include,vicmap_foi,1341447
vicmap_foi_1341448,Toolern Creek Linear Reserve - Manson Drive,Toolern Creek Linear Reserve - Manson Drive,vicmap_name_label,park_and_garden,high,MELTON,144.579851145,-37.701335121,reserve,park,include,vicmap_foi,1341448
vicmap_foi_1341449,Toolern Creek Manson Drive Environmental Reserve,Toolern Creek Manson Drive Environmental Reserve,vicmap_name_label,park_and_garden,high,MELTON,144.579768029,-37.701785479,reserve,park,include,vicmap_foi,1341449
vicmap_foi_1341450,Jantar Way Reserve,Jantar Way Reserve,vicmap_name_label,park_and_garden,high,MELTON,144.693335801,-37.713426352,reserve,park,include,vicmap_foi,1341450
vicmap_foi_1341452,Wildwood Drive Reserve,Wildwood Drive Reserve,vicmap_name_label,park_and_garden,high,MELTON,144.671774939,-37.713930878,reserve,park,include,vicmap_foi,1341452
vicmap_foi_1341453,Blake Place Reserve,Blake Place Reserve,vicmap_name_label,park_and_garden,high,MELTON,144.548261327,-37.715169344,reserve,park,include,vicmap_foi,1341453
vicmap_foi_1341458,Clyde Close Reserve,Clyde Close Reserve,vicmap_name_label,park_and_garden,high,MELTON,144.763831722,-37.716362096,reserve,park,include,vicmap_foi,1341458
vicmap_foi_1341460,Eglington/Taylors Road Courthead,Eglington/Taylors Road Courthead,vicmap_name_label,park_and_garden,high,MELTON,144.753759079,-37.724128321,reserve,park,include,vicmap_foi,1341460
vicmap_foi_1341464,Dargo/Mitta Place Closure,Dargo/Mitta Place Closure,vicmap_name_label,park_and_garden,high,MELTON,144.76450964,-37.7198982,reserve,park,include,vicmap_foi,1341464
vicmap_foi_1341465,Milton Place Courthead Reserve,Milton Place Courthead Reserve,vicmap_name_label,park_and_garden,high,MELTON,144.59897838,-37.720777437,reserve,park,include,vicmap_foi,1341465
vicmap_foi_1341466,Pacific Boulevard Entry,Pacific Boulevard Entry,vicmap_name_label,park_and_garden,high,MELTON,144.742095262,-37.722635114,reserve,park,include,vicmap_foi,1341466
vicmap_foi_1341467,Streeton Avenue Environmental Reserve - Surrounds,Streeton Avenue Environmental Reserve - Surrounds,vicmap_name_label,park_and_garden,high,MELTON,144.734372687,-37.709630988,reserve,park,include,vicmap_foi,1341467
vicmap_foi_638761,Heysen Parkway Entry Reserve,Heysen Parkway Entry Reserve,vicmap_name_label,park_and_garden,high,MELTON,144.741045898,-37.705879765,reserve,park,include,vicmap_foi,638761
vicmap_foi_638762,Dobell Cres/Kahan Courthead,Dobell Cres/Kahan Courthead,vicmap_name_label,park_and_garden,high,MELTON,144.738056095,-37.704564311,reserve,park,include,vicmap_foi,638762
vicmap_foi_1340874,Boxthorn Lane Reserve,Boxthorn Lane Reserve,vicmap_name_label,park_and_garden,high,MELTON,144.546160371,-37.690102396,reserve,park,include,vicmap_foi,1340874
vicmap_foi_638695,Madison Garden,Madison Garden,vicmap_name_label,park_and_garden,high,MELTON,144.55599411,-37.696396756,reserve,park,include,vicmap_foi,638695
vicmap_foi_638706,Burrawang Close Reserve,Burrawang Close Reserve,vicmap_name_label,park_and_garden,high,MELTON,144.550348856,-37.697570663,reserve,park,include,vicmap_foi,638706
vicmap_foi_638722,Botanica Springs Entry Reserve,Botanica Springs Entry Reserve,vicmap_name_label,park_and_garden,high,MELTON,144.551000832,-37.699654617,reserve,park,include,vicmap_foi,638722
vicmap_foi_638747,Rupertswood Drive Reserve,Rupertswood Drive Reserve,vicmap_name_label,park_and_garden,high,MELTON,144.548040133,-37.702427959,reserve,park,include,vicmap_foi,638747
vicmap_foi_638768,Brunswick/Dorcas Courthead,Brunswick/Dorcas Courthead,vicmap_name_label,park_and_garden,high,MELTON,144.744433421,-37.705122185,reserve,park,include,vicmap_foi,638768
vicmap_foi_638770,Crestmont Drive Reserve,Crestmont Drive Reserve,vicmap_name_label,park_and_garden,high,MELTON,144.567325007,-37.704818441,reserve,park,include,vicmap_foi,638770
vicmap_foi_638771,Toolern Creek Environmental Reserve - Blamey Drive Section,Toolern Creek Environmental Reserve - Blamey Drive Section,vicmap_name_label,park_and_garden,high,MELTON,144.580250988,-37.711570873,reserve,park,include,vicmap_foi,638771
vicmap_foi_638772,Dorcas/York Courthead,Dorcas/York Courthead,vicmap_name_label,park_and_garden,high,MELTON,144.746564703,-37.705375796,reserve,park,include,vicmap_foi,638772
vicmap_foi_638773,Moray/York Courthead,Moray/York Courthead,vicmap_name_label,park_and_garden,high,MELTON,144.747596919,-37.705497875,reserve,park,include,vicmap_foi,638773
vicmap_foi_638777,Market/Moray Courthead,Market/Moray Courthead,vicmap_name_label,park_and_garden,high,MELTON,144.748634058,-37.705642178,reserve,park,include,vicmap_foi,638777
vicmap_foi_638778,Hawthorn/Market Courthead,Hawthorn/Market Courthead,vicmap_name_label,park_and_garden,high,MELTON,144.749672059,-37.705770121,reserve,park,include,vicmap_foi,638778
vicmap_foi_638779,Exford Downs Reserve,Exford Downs Reserve,vicmap_name_label,park_and_garden,high,MELTON,144.562455955,-37.706390397,reserve,park,include,vicmap_foi,638779
vicmap_foi_638786,Southbank Walk Courthead (West),Southbank Walk Courthead (West),vicmap_name_label,park_and_garden,high,MELTON,144.753049328,-37.706181881,reserve,park,include,vicmap_foi,638786
vicmap_foi_638800,Grange/Johnston Courthead,Grange/Johnston Courthead,vicmap_name_label,park_and_garden,high,MELTON,144.746185899,-37.707973249,reserve,park,include,vicmap_foi,638800
vicmap_foi_638801,Flagstaff/Johnston Courthead,Flagstaff/Johnston Courthead,vicmap_name_label,park_and_garden,high,MELTON,144.747256931,-37.708096931,reserve,park,include,vicmap_foi,638801
vicmap_foi_638802,Taylors Hill Blvd East Entry (North),Taylors Hill Blvd East Entry (North),vicmap_name_label,park_and_garden,high,MELTON,144.754724344,-37.70843395,reserve,park,include,vicmap_foi,638802
vicmap_foi_638803,Hickey Road Reserve,Hickey Road Reserve,vicmap_name_label,park_and_garden,high,MELTON,144.534441945,-37.711929905,reserve,park,include,vicmap_foi,638803
vicmap_foi_638804,Swanston/The Walk Closure,Swanston/The Walk Closure,vicmap_name_label,park_and_garden,high,MELTON,144.750625199,-37.708510358,reserve,park,include,vicmap_foi,638804
vicmap_foi_638807,Taylors Hill Blvd East Entry (South),Taylors Hill Blvd East Entry (South),vicmap_name_label,park_and_garden,high,MELTON,144.754613959,-37.709010364,reserve,park,include,vicmap_foi,638807
vicmap_foi_638815,Gourlay Road Grassland Reserve,Gourlay Road Grassland Reserve,vicmap_name_label,park_and_garden,high,MELTON,144.739669502,-37.711582577,reserve,park,include,vicmap_foi,638815
vicmap_foi_638817,Elderwood/Shearwater Courthead,Elderwood/Shearwater Courthead,vicmap_name_label,park_and_garden,high,MELTON,144.767379361,-37.710645186,reserve,park,include,vicmap_foi,638817
vicmap_foi_638826,Elderwood/Maple Courthead,Elderwood/Maple Courthead,vicmap_name_label,park_and_garden,high,MELTON,144.767178434,-37.711425173,reserve,park,include,vicmap_foi,638826
vicmap_foi_638827,Bonney/Glenelg Closure,Bonney/Glenelg Closure,vicmap_name_label,park_and_garden,high,MELTON,144.763075325,-37.711765185,reserve,park,include,vicmap_foi,638827
vicmap_foi_638831,Druitt/Sussex Gve Courthead,Druitt/Sussex Gve Courthead,vicmap_name_label,park_and_garden,high,MELTON,144.745970793,-37.712263888,reserve,park,include,vicmap_foi,638831
vicmap_foi_638835,Jindabyne Closure,Jindabyne Closure,vicmap_name_label,park_and_garden,high,MELTON,144.765507853,-37.712478766,reserve,park,include,vicmap_foi,638835
vicmap_foi_638841,Brewster Way/Worondora Way Closure,Brewster Way/Worondora Way Closure,vicmap_name_label,park_and_garden,high,MELTON,144.761947942,-37.713064241,reserve,park,include,vicmap_foi,638841
vicmap_foi_638842,Cronulla/Edgecliff Courthead,Cronulla/Edgecliff Courthead,vicmap_name_label,park_and_garden,high,MELTON,144.749832848,-37.713078352,reserve,park,include,vicmap_foi,638842
vicmap_foi_1340844,Arnolds Creek West Branch Linear Reserve - Bulmans/Cambrian To High Street,Arnolds Creek West Branch Linear Reserve - Bulmans/Cambrian To High Street,vicmap_name_label,park_and_garden,high,MELTON,144.554246476,-37.681905473,reserve,park,include,vicmap_foi,1340844
vicmap_foi_1340847,Minns Road Retarding Basin Surrounds,Minns Road Retarding Basin Surrounds,vicmap_name_label,park_and_garden,high,MELTON,144.585245864,-37.656002993,reserve,park,include,vicmap_foi,1340847
vicmap_foi_1340848,Willandra Linear Reserve - Oakham Drive,Willandra Linear Reserve - Oakham Drive,vicmap_name_label,park_and_garden,high,MELTON,144.564968693,-37.65488648,reserve,park,include,vicmap_foi,1340848
vicmap_foi_1340849,Phar Lap/Macdougal Courthead,Phar Lap/Macdougal Courthead,vicmap_name_label,park_and_garden,high,MELTON,144.599997804,-37.655385431,reserve,park,include,vicmap_foi,1340849
vicmap_foi_1340851,Little Blind Creek Linear Reserve - Rain Lover Drive,Little Blind Creek Linear Reserve - Rain Lover Drive,vicmap_name_label,park_and_garden,high,MELTON,144.592376452,-37.666028798,reserve,park,include,vicmap_foi,1340851
vicmap_foi_1340852,Outlook/Poitrel Courthead,Outlook/Poitrel Courthead,vicmap_name_label,park_and_garden,high,MELTON,144.585899605,-37.661197967,reserve,park,include,vicmap_foi,1340852
vicmap_foi_1340855,Narebar/Pimbit Courthead,Narebar/Pimbit Courthead,vicmap_name_label,park_and_garden,high,MELTON,144.59394381,-37.669300461,reserve,park,include,vicmap_foi,1340855
vicmap_foi_1340856,Prairie Lane Reserve,Prairie Lane Reserve,vicmap_name_label,park_and_garden,high,MELTON,144.70468634,-37.70185139,reserve,park,include,vicmap_foi,1340856
vicmap_foi_1340857,Hawking Crescent Reserve,Hawking Crescent Reserve,vicmap_name_label,park_and_garden,high,MELTON,144.722488322,-37.70791796,reserve,park,include,vicmap_foi,1340857
vicmap_foi_1340858,Surround Circuit Drainage Reserve,Surround Circuit Drainage Reserve,vicmap_name_label,park_and_garden,high,MELTON,144.677554243,-37.709578095,reserve,park,include,vicmap_foi,1340858
vicmap_foi_1340859,Collins/Flagstaff/Swanston Closures,Collins/Flagstaff/Swanston Closures,vicmap_name_label,park_and_garden,high,MELTON,144.749031137,-37.70831742,reserve,park,include,vicmap_foi,1340859
vicmap_foi_1340861,Burnley Grove Courthead,Burnley Grove Courthead,vicmap_name_label,park_and_garden,high,MELTON,144.760114367,-37.708542648,reserve,park,include,vicmap_foi,1340861
vicmap_foi_1340863,Dominic Parade Closure,Dominic Parade Closure,vicmap_name_label,park_and_garden,high,MELTON,144.578716762,-37.67779027,reserve,park,include,vicmap_foi,1340863
vicmap_foi_1340864,Killarney Lakes Biodiversity Reserve,Killarney Lakes Biodiversity Reserve,vicmap_name_label,park_and_garden,high,MELTON,144.608844326,-37.679128363,reserve,park,include,vicmap_foi,1340864
vicmap_foi_1340866,Hillview/Rising Courthead,Hillview/Rising Courthead,vicmap_name_label,park_and_garden,high,MELTON,144.73894221,-37.681202559,reserve,park,include,vicmap_foi,1340866
vicmap_foi_1340867,Oakmont/Stirling Courthead,Oakmont/Stirling Courthead,vicmap_name_label,park_and_garden,high,MELTON,144.736169374,-37.682179736,reserve,park,include,vicmap_foi,1340867
vicmap_foi_1340868,Apollo Court/Venus Court Closure,Apollo Court/Venus Court Closure,vicmap_name_label,park_and_garden,high,MELTON,144.742070014,-37.683425571,reserve,park,include,vicmap_foi,1340868
vicmap_foi_1340869,Duchess/Salisbury Courthead,Duchess/Salisbury Courthead,vicmap_name_label,park_and_garden,high,MELTON,144.728166667,-37.684384265,reserve,park,include,vicmap_foi,1340869
vicmap_foi_1340870,Duchess Court Reserve,Duchess Court Reserve,vicmap_name_label,park_and_garden,high,MELTON,144.727493789,-37.684754018,reserve,park,include,vicmap_foi,1340870
vicmap_foi_1340872,Melton Botanic Gardens Biodiversity Reserve,Melton Botanic Gardens Biodiversity Reserve,vicmap_name_label,park_and_garden,high,MELTON,144.593927238,-37.689388361,reserve,park,include,vicmap_foi,1340872
vicmap_foi_1340873,Melton Highway North Tree Reserve - West Of The Regency,Melton Highway North Tree Reserve - West Of The Regency,vicmap_name_label,park_and_garden,high,MELTON,144.727528456,-37.689871062,reserve,park,include,vicmap_foi,1340873
vicmap_foi_1340875,Lightwood/Melton Highway Drainage Easement,Lightwood/Melton Highway Drainage Easement,vicmap_name_label,park_and_garden,high,MELTON,144.741855062,-37.691112043,reserve,park,include,vicmap_foi,1340875
vicmap_foi_1340876,Bloomsbury/The Parks Courthead,Bloomsbury/The Parks Courthead,vicmap_name_label,park_and_garden,high,MELTON,144.744108426,-37.69114459,reserve,park,include,vicmap_foi,1340876
vicmap_foi_1340878,Bradley Drive Walkways (Sundew Close And Kolivas Court),Bradley Drive Walkways (Sundew Close And Kolivas Court),vicmap_name_label,park_and_garden,high,MELTON,144.748558377,-37.69415823,reserve,park,include,vicmap_foi,1340878
vicmap_foi_1340879,Glorious Walk Reserve,Glorious Walk Reserve,vicmap_name_label,park_and_garden,high,MELTON,144.719003403,-37.694419944,reserve,park,include,vicmap_foi,1340879
vicmap_foi_1340880,Arnolds Creek Blackdog Drive Biodiversity Reserve,Arnolds Creek Blackdog Drive Biodiversity Reserve,vicmap_name_label,park_and_garden,high,MELTON,144.562040616,-37.697563478,reserve,park,include,vicmap_foi,1340880
vicmap_foi_1340881,Ajuga Lane Linear Reserve,Ajuga Lane Linear Reserve,vicmap_name_label,park_and_garden,high,MELTON,144.5395993,-37.697013336,reserve,park,include,vicmap_foi,1340881
vicmap_foi_1340883,Kororoit Creek Leakes Road Biodiversity Reserve,Kororoit Creek Leakes Road Biodiversity Reserve,vicmap_name_label,park_and_garden,high,MELTON,144.65828757,-37.700138879,reserve,park,include,vicmap_foi,1340883
vicmap_foi_1341469,Waterfern Street Reserve,Waterfern Street Reserve,vicmap_name_label,park_and_garden,high,MELTON,144.717103503,-37.710419707,reserve,park,include,vicmap_foi,1341469
vicmap_foi_1341473,Rockbank Inn Raingarden,Rockbank Inn Raingarden,vicmap_name_label,park_and_garden,high,MELTON,144.678313097,-37.713974722,reserve,park,include,vicmap_foi,1341473
vicmap_foi_1341474,Aviv Close/Gala Close Courthead,Aviv Close/Gala Close Courthead,vicmap_name_label,park_and_garden,high,MELTON,144.757589962,-37.746103784,reserve,park,include,vicmap_foi,1341474
vicmap_foi_1341477,Kororoit Creek Linear Reserve - Rockbank Middle Road To Bullum Bullum,Kororoit Creek Linear Reserve - Rockbank Middle Road To Bullum Bullum,vicmap_name_label,park_and_garden,high,MELTON,144.756404334,-37.750239121,reserve,park,include,vicmap_foi,1341477
vicmap_foi_1341478,Bullum Bullum North Biodiversity Reserve,Bullum Bullum North Biodiversity Reserve,vicmap_name_label,park_and_garden,high,MELTON,144.756785437,-37.751007473,reserve,park,include,vicmap_foi,1341478
vicmap_foi_1341479,Ashby Lane Courthead,Ashby Lane Courthead,vicmap_name_label,park_and_garden,high,MELTON,144.74248209,-37.755789026,reserve,park,include,vicmap_foi,1341479
vicmap_foi_1341480,Regent Court Courthead,Regent Court Courthead,vicmap_name_label,park_and_garden,high,MELTON,144.750525382,-37.725661263,reserve,park,include,vicmap_foi,1341480
vicmap_foi_1341482,Bexhill Lane South Reserve,Bexhill Lane South Reserve,vicmap_name_label,park_and_garden,high,MELTON,144.610756418,-37.725839353,reserve,park,include,vicmap_foi,1341482
vicmap_foi_1341486,Syon Court Courthead,Syon Court Courthead,vicmap_name_label,park_and_garden,high,MELTON,144.74966731,-37.731202988,reserve,park,include,vicmap_foi,1341486
vicmap_foi_1341487,Wilkins Crescent/Wylie Circuit Courthead,Wilkins Crescent/Wylie Circuit Courthead,vicmap_name_label,park_and_garden,high,MELTON,144.754358244,-37.731333781,reserve,park,include,vicmap_foi,1341487
vicmap_foi_1341488,Brockwood Street Drainage Reserve,Brockwood Street Drainage Reserve,vicmap_name_label,park_and_garden,high,MELTON,144.701687206,-37.731575596,reserve,park,include,vicmap_foi,1341488
vicmap_foi_1341491,Kororoit Creek Environmental Reserve South - Westwood Drive To Caroline Springs Boulevard,Kororoit Creek Environmental Reserve South - Westwood Drive To Caroline Springs Boulevard,vicmap_name_label,park_and_garden,high,MELTON,144.746574287,-37.740009218,reserve,park,include,vicmap_foi,1341491
vicmap_foi_1341493,Lyme Park Circle Tree Reserve,Lyme Park Circle Tree Reserve,vicmap_name_label,park_and_garden,high,MELTON,144.727071096,-37.736375366,reserve,park,include,vicmap_foi,1341493
vicmap_foi_1341494,Woodward Way Biodiversity Reserve,Woodward Way Biodiversity Reserve,vicmap_name_label,park_and_garden,high,MELTON,144.736779462,-37.737116982,reserve,park,include,vicmap_foi,1341494
vicmap_foi_1341495,Tulla Circuit Drainage Reserve,Tulla Circuit Drainage Reserve,vicmap_name_label,park_and_garden,high,MELTON,144.756240816,-37.738907384,reserve,park,include,vicmap_foi,1341495
vicmap_foi_1341496,Viewbank Walk Screen Reserve,Viewbank Walk Screen Reserve,vicmap_name_label,park_and_garden,high,MELTON,144.743009326,-37.738605875,reserve,park,include,vicmap_foi,1341496
vicmap_foi_1341497,Oakbridge Wetland,Oakbridge Wetland,vicmap_name_label,park_and_garden,high,MELTON,144.572582724,-37.739139196,reserve,park,include,vicmap_foi,1341497
vicmap_foi_1341498,Westbury Avenue Reserve,Westbury Avenue Reserve,vicmap_name_label,park_and_garden,high,MELTON,144.664564317,-37.742085995,reserve,park,include,vicmap_foi,1341498
vicmap_foi_1341500,Caroline Springs Entry Statement South Side,Caroline Springs Entry Statement South Side,vicmap_name_label,park_and_garden,high,MELTON,144.74787534,-37.759512633,reserve,park,include,vicmap_foi,1341500
vicmap_foi_1341501,Willard Road Ext Reserve,Willard Road Ext Reserve,vicmap_name_label,park_and_garden,high,MELTON,144.684827581,-37.768297413,reserve,park,include,vicmap_foi,1341501
vicmap_foi_1341502,Lauriston Drive Reserve,Lauriston Drive Reserve,vicmap_name_label,park_and_garden,high,MELTON,144.555621173,-37.785882158,reserve,park,include,vicmap_foi,1341502
vicmap_foi_1341505,Wangaratta Street Linear Reserve,Wangaratta Street Linear Reserve,vicmap_name_label,park_and_garden,high,MELTON,144.559101635,-37.787554841,reserve,park,include,vicmap_foi,1341505
vicmap_foi_638843,Bennelong/Bondi Courthead,Bennelong/Bondi Courthead,vicmap_name_label,park_and_garden,high,MELTON,144.746281888,-37.713094449,reserve,park,include,vicmap_foi,638843
vicmap_foi_638845,Georges Court Closure,Georges Court Closure,vicmap_name_label,park_and_garden,high,MELTON,144.765364155,-37.71322018,reserve,park,include,vicmap_foi,638845
vicmap_foi_638847,Jindabyne Avenue Courthead,Jindabyne Avenue Courthead,vicmap_name_label,park_and_garden,high,MELTON,144.764496575,-37.713557036,reserve,park,include,vicmap_foi,638847
vicmap_foi_638853,Cremorne/Edgecliff Courthead,Cremorne/Edgecliff Courthead,vicmap_name_label,park_and_garden,high,MELTON,144.749662914,-37.713965161,reserve,park,include,vicmap_foi,638853
vicmap_foi_638857,Jindabyne Avenue/Marrowie Place Closure,Jindabyne Avenue/Marrowie Place Closure,vicmap_name_label,park_and_garden,high,MELTON,144.766377627,-37.714534254,reserve,park,include,vicmap_foi,638857
vicmap_foi_638859,Cremorne/Rushcutters Courthead,Cremorne/Rushcutters Courthead,vicmap_name_label,park_and_garden,high,MELTON,144.749521643,-37.714702394,reserve,park,include,vicmap_foi,638859
vicmap_foi_638860,Yanga Court Closure,Yanga Court Closure,vicmap_name_label,park_and_garden,high,MELTON,144.761111637,-37.7151493,reserve,park,include,vicmap_foi,638860
vicmap_foi_638862,Jamieson Terrace/Marrowie Place Closure,Jamieson Terrace/Marrowie Place Closure,vicmap_name_label,park_and_garden,high,MELTON,144.766170799,-37.715337477,reserve,park,include,vicmap_foi,638862
vicmap_foi_638867,George/Ultimo Courthead,George/Ultimo Courthead,vicmap_name_label,park_and_garden,high,MELTON,144.746844628,-37.715574835,reserve,park,include,vicmap_foi,638867
vicmap_foi_638874,Lachlan Lane Closure,Lachlan Lane Closure,vicmap_name_label,park_and_garden,high,MELTON,144.760909357,-37.716283146,reserve,park,include,vicmap_foi,638874
vicmap_foi_638882,Clonandra Lane Reserve,Clonandra Lane Reserve,vicmap_name_label,park_and_garden,high,MELTON,144.734641509,-37.717694764,reserve,park,include,vicmap_foi,638882
vicmap_foi_638885,Burrill Court Reserve,Burrill Court Reserve,vicmap_name_label,park_and_garden,high,MELTON,144.75565724,-37.718237772,reserve,park,include,vicmap_foi,638885
vicmap_foi_638896,Hutt/Mossbury Courthead,Hutt/Mossbury Courthead,vicmap_name_label,park_and_garden,high,MELTON,144.754707766,-37.718971118,reserve,park,include,vicmap_foi,638896
vicmap_foi_638898,Oakwood Entry Park,Oakwood Entry Park,vicmap_name_label,park_and_garden,high,MELTON,144.737782852,-37.721693276,reserve,park,include,vicmap_foi,638898
vicmap_foi_638900,Chancery Way Courthead,Chancery Way Courthead,vicmap_name_label,park_and_garden,high,MELTON,144.748575433,-37.719607531,reserve,park,include,vicmap_foi,638900
vicmap_foi_638902,Addicott/Nauru Courthead,Addicott/Nauru Courthead,vicmap_name_label,park_and_garden,high,MELTON,144.749562947,-37.71974521,reserve,park,include,vicmap_foi,638902
vicmap_foi_638909,Edward/Margaret Courthead,Edward/Margaret Courthead,vicmap_name_label,park_and_garden,high,MELTON,144.754421445,-37.720541753,reserve,park,include,vicmap_foi,638909
vicmap_foi_638913,John Court Courthead Reserve,John Court Courthead Reserve,vicmap_name_label,park_and_garden,high,MELTON,144.757205627,-37.721272234,reserve,park,include,vicmap_foi,638913
vicmap_foi_638921,Conrad/Redcliffe Drainage Reserve,Conrad/Redcliffe Drainage Reserve,vicmap_name_label,park_and_garden,high,MELTON,144.748608305,-37.722095714,reserve,park,include,vicmap_foi,638921
vicmap_foi_638928,Taylors Road Wetland Reserve,Taylors Road Wetland Reserve,vicmap_name_label,park_and_garden,high,MELTON,144.736691882,-37.723212485,reserve,park,include,vicmap_foi,638928
vicmap_foi_638929,St Vincent Way Linear Reserve,St Vincent Way Linear Reserve,vicmap_name_label,park_and_garden,high,MELTON,144.74234261,-37.723858131,reserve,park,include,vicmap_foi,638929
vicmap_foi_638950,Stony Hill Creek Linear Reserve - Dahlia Drive To Botanical Drive,Stony Hill Creek Linear Reserve - Dahlia Drive To Botanical Drive,vicmap_name_label,park_and_garden,high,MELTON,144.730741966,-37.723183227,reserve,park,include,vicmap_foi,638950
vicmap_foi_638952,The Avenue Reserve,The Avenue Reserve,vicmap_name_label,park_and_garden,high,MELTON,144.737696903,-37.727424125,reserve,park,include,vicmap_foi,638952
vicmap_foi_638958,Tenterfield Drive Linear Reserve - Taylors Road To Parkes Way,Tenterfield Drive Linear Reserve - Taylors Road To Parkes Way,vicmap_name_label,park_and_garden,high,MELTON,144.760557649,-37.72572819,reserve,park,include,vicmap_foi,638958
vicmap_foi_1340885,Annecy Boulevard Entry Reserve,Annecy Boulevard Entry Reserve,vicmap_name_label,park_and_garden,high,MELTON,144.726325034,-37.713830246,reserve,park,include,vicmap_foi,1340885
vicmap_foi_1340886,Mount Cottrell Road Sbcw Reserve,Mount Cottrell Road Sbcw Reserve,vicmap_name_label,park_and_garden,high,MELTON,144.619922893,-37.713548701,reserve,park,include,vicmap_foi,1340886
vicmap_foi_1340889,Wallaby Road Reserve,Wallaby Road Reserve,vicmap_name_label,park_and_garden,high,MELTON,144.679783952,-37.719387581,reserve,park,include,vicmap_foi,1340889
vicmap_foi_1340892,Isabella/Margaret Place Courthead,Isabella/Margaret Place Courthead,vicmap_name_label,park_and_garden,high,MELTON,144.75428458,-37.721344253,reserve,park,include,vicmap_foi,1340892
vicmap_foi_1340893,Streeton Avenue Environmental Reserve,Streeton Avenue Environmental Reserve,vicmap_name_label,park_and_garden,high,MELTON,144.734240086,-37.709735154,reserve,park,include,vicmap_foi,1340893
vicmap_foi_1340894,Evergreen Court Closure,Evergreen Court Closure,vicmap_name_label,park_and_garden,high,MELTON,144.765282687,-37.70963117,reserve,park,include,vicmap_foi,1340894
vicmap_foi_1340895,Shearwater Court Courthead - East,Shearwater Court Courthead - East,vicmap_name_label,park_and_garden,high,MELTON,144.767567739,-37.709906443,reserve,park,include,vicmap_foi,1340895
vicmap_foi_1340896,Ferris Road Biodiversity Reserve,Ferris Road Biodiversity Reserve,vicmap_name_label,park_and_garden,high,MELTON,144.599101494,-37.710435346,reserve,park,include,vicmap_foi,1340896
vicmap_foi_1340897,Padma Boulevard Drainage Reserve,Padma Boulevard Drainage Reserve,vicmap_name_label,park_and_garden,high,MELTON,144.701892883,-37.711845888,reserve,park,include,vicmap_foi,1340897
vicmap_foi_1340898,Rainier Drive Reserve,Rainier Drive Reserve,vicmap_name_label,park_and_garden,high,MELTON,144.680341293,-37.746761755,reserve,park,include,vicmap_foi,1340898
vicmap_foi_1340899,Woodbridge Place Closure,Woodbridge Place Closure,vicmap_name_label,park_and_garden,high,MELTON,144.745899008,-37.746910297,reserve,park,include,vicmap_foi,1340899
vicmap_foi_1340901,Coorong Place Courthead,Coorong Place Courthead,vicmap_name_label,park_and_garden,high,MELTON,144.753037142,-37.747574941,reserve,park,include,vicmap_foi,1340901
vicmap_foi_1340903,Alpine Gardens Closure,Alpine Gardens Closure,vicmap_name_label,park_and_garden,high,MELTON,144.727425265,-37.751448271,reserve,park,include,vicmap_foi,1340903
vicmap_foi_1340906,Como Avenue Tree Reserve,Como Avenue Tree Reserve,vicmap_name_label,park_and_garden,high,MELTON,144.750310189,-37.726778477,reserve,park,include,vicmap_foi,1340906
vicmap_foi_1340908,Katrina Drive Courthead (West),Katrina Drive Courthead (West),vicmap_name_label,park_and_garden,high,MELTON,144.756660955,-37.727093714,reserve,park,include,vicmap_foi,1340908
vicmap_foi_1340909,Ravenscraig Drive Reserve,Ravenscraig Drive Reserve,vicmap_name_label,park_and_garden,high,MELTON,144.597703902,-37.727815347,reserve,park,include,vicmap_foi,1340909
vicmap_foi_1340910,Featherwood Drive Reserve,Featherwood Drive Reserve,vicmap_name_label,park_and_garden,high,MELTON,144.675266327,-37.729009389,reserve,park,include,vicmap_foi,1340910
vicmap_foi_1340911,Manny Paul Circuit Courthead (South),Manny Paul Circuit Courthead (South),vicmap_name_label,park_and_garden,high,MELTON,144.756321097,-37.729367538,reserve,park,include,vicmap_foi,1340911
vicmap_foi_1340912,The Grange Biodiversity Reserve,The Grange Biodiversity Reserve,vicmap_name_label,park_and_garden,high,MELTON,144.731481462,-37.731762778,reserve,park,include,vicmap_foi,1340912
vicmap_foi_1340913,Jamieson Link Tree Reserve,Jamieson Link Tree Reserve,vicmap_name_label,park_and_garden,high,MELTON,144.728128628,-37.733076736,reserve,park,include,vicmap_foi,1340913
vicmap_foi_1340917,Digby Parkway Drainage Reserve,Digby Parkway Drainage Reserve,vicmap_name_label,park_and_garden,high,MELTON,144.640823524,-37.734471053,reserve,park,include,vicmap_foi,1340917
vicmap_foi_1340918,Creekview Place Biodiversity Reserve,Creekview Place Biodiversity Reserve,vicmap_name_label,park_and_garden,high,MELTON,144.735002359,-37.735383334,reserve,park,include,vicmap_foi,1340918
vicmap_foi_1340919,Tenterfield Linear Reserve (Cunningham Extension),Tenterfield Linear Reserve (Cunningham Extension),vicmap_name_label,park_and_garden,high,MELTON,144.759326911,-37.735791483,reserve,park,include,vicmap_foi,1340919
vicmap_foi_1340920,The Grove Linear Reserve - Kororoit Creek To Hunts Cross Way Bridge,The Grove Linear Reserve - Kororoit Creek To Hunts Cross Way Bridge,vicmap_name_label,park_and_garden,high,MELTON,144.729273831,-37.736697475,reserve,park,include,vicmap_foi,1340920
vicmap_foi_1340921,Arroyo Place Biodiversity Reserve,Arroyo Place Biodiversity Reserve,vicmap_name_label,park_and_garden,high,MELTON,144.746726136,-37.737018964,reserve,park,include,vicmap_foi,1340921
vicmap_foi_1340922,Shamley Place Reserve,Shamley Place Reserve,vicmap_name_label,park_and_garden,high,MELTON,144.702196427,-37.736784301,reserve,park,include,vicmap_foi,1340922
vicmap_foi_1341507,Castlemaine Drive Linear Reserve And Walkways,Castlemaine Drive Linear Reserve And Walkways,vicmap_name_label,park_and_garden,high,MELTON,144.555495587,-37.791631161,reserve,park,include,vicmap_foi,1341507
vicmap_foi_1340938,Vignette Street Reserve,Vignette Street Reserve,vicmap_name_label,park_and_garden,high,MELTON,144.705009779,-37.623364614,reserve,park,include,vicmap_foi,1340938
vicmap_foi_638962,Cypress Views Linear Reserve - Central Parkway,Cypress Views Linear Reserve - Central Parkway,vicmap_name_label,park_and_garden,high,MELTON,144.74490753,-37.726770525,reserve,park,include,vicmap_foi,638962
vicmap_foi_638967,Stony Hill Creek Linear Reserve - Botanical Drive To Carisbrook Street,Stony Hill Creek Linear Reserve - Botanical Drive To Carisbrook Street,vicmap_name_label,park_and_garden,high,MELTON,144.730537938,-37.726819849,reserve,park,include,vicmap_foi,638967
vicmap_foi_638974,Domain/Green Courthead,Domain/Green Courthead,vicmap_name_label,park_and_garden,high,MELTON,144.754214091,-37.726437798,reserve,park,include,vicmap_foi,638974
vicmap_foi_638977,Royal Park Avenue Linear Reserve,Royal Park Avenue Linear Reserve,vicmap_name_label,park_and_garden,high,MELTON,144.74152862,-37.727724001,reserve,park,include,vicmap_foi,638977
vicmap_foi_638981,Chelsworth/Oldis Courthead,Chelsworth/Oldis Courthead,vicmap_name_label,park_and_garden,high,MELTON,144.740708564,-37.726812058,reserve,park,include,vicmap_foi,638981
vicmap_foi_638982,The Avenue Local Park,The Avenue Local Park,vicmap_name_label,park_and_garden,high,MELTON,144.738077856,-37.726875292,reserve,park,include,vicmap_foi,638982
vicmap_foi_638989,Domain/Hyde Courthead,Domain/Hyde Courthead,vicmap_name_label,park_and_garden,high,MELTON,144.753985438,-37.727943428,reserve,park,include,vicmap_foi,638989
vicmap_foi_638993,Chelsea/Hyde Courthead,Chelsea/Hyde Courthead,vicmap_name_label,park_and_garden,high,MELTON,144.753858455,-37.728779796,reserve,park,include,vicmap_foi,638993
vicmap_foi_639001,Ashridge/Winterton Courthead,Ashridge/Winterton Courthead,vicmap_name_label,park_and_garden,high,MELTON,144.753498008,-37.731124673,reserve,park,include,vicmap_foi,639001
vicmap_foi_639002,Bungaree Track Linear Reserve,Bungaree Track Linear Reserve,vicmap_name_label,park_and_garden,high,MELTON,144.76141315,-37.733012393,reserve,park,include,vicmap_foi,639002
vicmap_foi_639006,Ashridge/Centennial Courthead,Ashridge/Centennial Courthead,vicmap_name_label,park_and_garden,high,MELTON,144.75339149,-37.731826368,reserve,park,include,vicmap_foi,639006
vicmap_foi_639038,Freelands Reserve,Freelands Reserve,vicmap_name_label,park_and_garden,high,MELTON,144.751203029,-37.739501646,reserve,park,include,vicmap_foi,639038
vicmap_foi_639053,Great Barr/Palfrey Green Courthead,Great Barr/Palfrey Green Courthead,vicmap_name_label,park_and_garden,high,MELTON,144.725796536,-37.741994719,reserve,park,include,vicmap_foi,639053
vicmap_foi_639057,Strathtulloh Redgum Biodiversity Reserve,Strathtulloh Redgum Biodiversity Reserve,vicmap_name_label,park_and_garden,high,MELTON,144.605152992,-37.744266986,reserve,park,include,vicmap_foi,639057
vicmap_foi_639060,Herrington Turn/Stoneman Turn Courthead,Herrington Turn/Stoneman Turn Courthead,vicmap_name_label,park_and_garden,high,MELTON,144.746072916,-37.744594157,reserve,park,include,vicmap_foi,639060
vicmap_foi_639072,Clarke Road Drainage Reserve,Clarke Road Drainage Reserve,vicmap_name_label,park_and_garden,high,MELTON,144.724101096,-37.74817772,reserve,park,include,vicmap_foi,639072
vicmap_foi_639074,Alcheron Court/Goulburn Circuit Closure,Alcheron Court/Goulburn Circuit Closure,vicmap_name_label,park_and_garden,high,MELTON,144.742360892,-37.747538116,reserve,park,include,vicmap_foi,639074
vicmap_foi_639107,Elliott/Landy Court Closure,Elliott/Landy Court Closure,vicmap_name_label,park_and_garden,high,MELTON,144.756733124,-37.759425691,reserve,park,include,vicmap_foi,639107
vicmap_foi_639108,Elliott/Wenden Court Closure,Elliott/Wenden Court Closure,vicmap_name_label,park_and_garden,high,MELTON,144.756630255,-37.760225536,reserve,park,include,vicmap_foi,639108
vicmap_foi_639109,Burnside Watermain Reserve,Burnside Watermain Reserve,vicmap_name_label,park_and_garden,high,MELTON,144.756369128,-37.761130141,reserve,park,include,vicmap_foi,639109
vicmap_foi_639114,Rebecca Drive Drainage Reserve,Rebecca Drive Drainage Reserve,vicmap_name_label,park_and_garden,high,MELTON,144.750030331,-37.763856595,reserve,park,include,vicmap_foi,639114
vicmap_foi_639117,Robinsons Road Tree Reserve,Robinsons Road Tree Reserve,vicmap_name_label,park_and_garden,high,MELTON,144.756305742,-37.767002001,reserve,park,include,vicmap_foi,639117
vicmap_foi_639172,Scurf Pea Biodiversity Reserve,Scurf Pea Biodiversity Reserve,vicmap_name_label,park_and_garden,high,MELTON,144.558062354,-37.790036788,reserve,park,include,vicmap_foi,639172
vicmap_foi_639174,Walhalla Pocket Park,Walhalla Pocket Park,vicmap_name_label,park_and_garden,high,MELTON,144.570898691,-37.790311684,reserve,park,include,vicmap_foi,639174
vicmap_foi_639182,Kevington Drive Linear Reserve And Walkways,Kevington Drive Linear Reserve And Walkways,vicmap_name_label,park_and_garden,high,MELTON,144.569256117,-37.791139947,reserve,park,include,vicmap_foi,639182
vicmap_foi_1340925,Fuchsia Drive Reserve,Fuchsia Drive Reserve,vicmap_name_label,park_and_garden,high,MELTON,144.656416901,-37.741521217,reserve,park,include,vicmap_foi,1340925
vicmap_foi_1340927,Elbrus Street Ext Reserve,Elbrus Street Ext Reserve,vicmap_name_label,park_and_garden,high,MELTON,144.691976098,-37.761263425,reserve,park,include,vicmap_foi,1340927
vicmap_foi_1340928,Walhalla Drive Reserve,Walhalla Drive Reserve,vicmap_name_label,park_and_garden,high,MELTON,144.567974397,-37.789523357,reserve,park,include,vicmap_foi,1340928
vicmap_foi_1340930,Bungarra/Pyke Closure,Bungarra/Pyke Closure,vicmap_name_label,park_and_garden,high,MELTON,144.590783912,-37.672564553,reserve,park,include,vicmap_foi,1340930
vicmap_foi_1340932,Palmerston Street Shop Corner,Palmerston Street Shop Corner,vicmap_name_label,park_and_garden,high,MELTON,144.583999035,-37.67541384,reserve,park,include,vicmap_foi,1340932
vicmap_foi_1340934,Vineyard Road Reserve,Vineyard Road Reserve,vicmap_name_label,park_and_garden,high,MELTON,144.706435541,-37.619365774,reserve,park,include,vicmap_foi,1340934
vicmap_foi_1340935,Banks Drive Reserve,Banks Drive Reserve,vicmap_name_label,park_and_garden,high,MELTON,144.701644011,-37.618925197,reserve,park,include,vicmap_foi,1340935
vicmap_foi_1340936,Ryans Lane East Biodiversity Reserve,Ryans Lane East Biodiversity Reserve,vicmap_name_label,park_and_garden,high,MELTON,144.622663695,-37.634879583,reserve,park,include,vicmap_foi,1340936
vicmap_foi_1340940,Missens Road North Biodiversity Reserve,Missens Road North Biodiversity Reserve,vicmap_name_label,park_and_garden,high,MELTON,144.589039557,-37.629958253,reserve,park,include,vicmap_foi,1340940
vicmap_foi_1340941,Lancers Drive Buffer Reserve,Lancers Drive Buffer Reserve,vicmap_name_label,park_and_garden,high,MELTON,144.573929659,-37.653253321,reserve,park,include,vicmap_foi,1340941
vicmap_foi_1340942,Minns Road Reserve - Black Knight Way To Gisborne Melton Road,Minns Road Reserve - Black Knight Way To Gisborne Melton Road,vicmap_name_label,park_and_garden,high,MELTON,144.598293597,-37.654612434,reserve,park,include,vicmap_foi,1340942
vicmap_foi_1340943,Toolern Creek Federation Drive To Minns Road Environmental Reserve,Toolern Creek Federation Drive To Minns Road Environmental Reserve,vicmap_name_label,park_and_garden,high,MELTON,144.605702094,-37.671992964,reserve,park,include,vicmap_foi,1340943
vicmap_foi_1340944,Arnolds Creek East Branch Linear Reserve: Navan Park To Micasa Place,Arnolds Creek East Branch Linear Reserve: Navan Park To Micasa Place,vicmap_name_label,park_and_garden,high,MELTON,144.565290059,-37.660785897,reserve,park,include,vicmap_foi,1340944
vicmap_foi_1340945,Little Blind Creek Linear Reserve - Dalray Crescent To Black Knight Way,Little Blind Creek Linear Reserve - Dalray Crescent To Black Knight Way,vicmap_name_label,park_and_garden,high,MELTON,144.587556938,-37.658972385,reserve,park,include,vicmap_foi,1340945
vicmap_foi_1340946,Coburns Road Cootamundra Circuit Linear Reserve - Wetland,Coburns Road Cootamundra Circuit Linear Reserve - Wetland,vicmap_name_label,park_and_garden,high,MELTON,144.572276978,-37.661452245,reserve,park,include,vicmap_foi,1340946
vicmap_foi_1340949,Cooloongup Crescent Screen Reserve,Cooloongup Crescent Screen Reserve,vicmap_name_label,park_and_garden,high,MELTON,144.553793592,-37.664684287,reserve,park,include,vicmap_foi,1340949
vicmap_foi_1340950,Noranda Circuit Ext Courthead,Noranda Circuit Ext Courthead,vicmap_name_label,park_and_garden,high,MELTON,144.560150173,-37.664842923,reserve,park,include,vicmap_foi,1340950
vicmap_foi_1340954,Strong Street Reserve,Strong Street Reserve,vicmap_name_label,park_and_garden,high,MELTON,144.704616461,-37.703219933,reserve,park,include,vicmap_foi,1340954
vicmap_foi_1340955,Northgate Entry Park,Northgate Entry Park,vicmap_name_label,park_and_garden,high,MELTON,144.74136499,-37.704807968,reserve,park,include,vicmap_foi,1340955
vicmap_foi_1340958,Brolga/Swan Street Closure,Brolga/Swan Street Closure,vicmap_name_label,park_and_garden,high,MELTON,144.576482316,-37.67988958,reserve,park,include,vicmap_foi,1340958
vicmap_foi_1340960,Little Blind Creek Linear Reserve - Yuille Street To High Street,Little Blind Creek Linear Reserve - Yuille Street To High Street,vicmap_name_label,park_and_garden,high,MELTON,144.588462045,-37.681909282,reserve,park,include,vicmap_foi,1340960
vicmap_foi_1340962,Kanmore/Calder Park Drive Courthead,Kanmore/Calder Park Drive Courthead,vicmap_name_label,park_and_garden,high,MELTON,144.757143203,-37.686652723,reserve,park,include,vicmap_foi,1340962
vicmap_foi_1305332,Harlequin Avenue Reserve,Harlequin Avenue Reserve,vicmap_name_label,park_and_garden,high,MELTON,144.69485078,-37.721459432,reserve,park,include,vicmap_foi,1305332
vicmap_foi_1305347,High Street Drainage Reserve,High Street Drainage Reserve,vicmap_name_label,park_and_garden,high,MELTON,144.61089945,-37.69417419,reserve,park,include,vicmap_foi,1305347
vicmap_foi_1305348,Meadows Drive Reserve,Meadows Drive Reserve,vicmap_name_label,park_and_garden,high,MELTON,144.696902971,-37.720094748,reserve,park,include,vicmap_foi,1305348
vicmap_foi_639185,Kyneton Avenue Reserve,Kyneton Avenue Reserve,vicmap_name_label,park_and_garden,high,MELTON,144.558487534,-37.792370673,reserve,park,include,vicmap_foi,639185
vicmap_foi_639191,Clunes Way Linear Reserve,Clunes Way Linear Reserve,vicmap_name_label,park_and_garden,high,MELTON,144.556807999,-37.794514629,reserve,park,include,vicmap_foi,639191
vicmap_foi_639192,Maldon Drive Linear Reserve,Maldon Drive Linear Reserve,vicmap_name_label,park_and_garden,high,MELTON,144.561309251,-37.793303528,reserve,park,include,vicmap_foi,639192
vicmap_foi_647146,Unnamed Park - Melton,,generated_fallback,park_and_garden,high,MELTON,144.570308773,-37.679121553,reserve,park,include,vicmap_foi,647146
vicmap_foi_647151,Grenadier/Warrensbrook Courthead,Grenadier/Warrensbrook Courthead,vicmap_name_label,park_and_garden,high,MELTON,144.729833523,-37.677300019,reserve,park,include,vicmap_foi,647151
vicmap_foi_647158,Killarney Lakes Drainage Reserve North,Killarney Lakes Drainage Reserve North,vicmap_name_label,park_and_garden,high,MELTON,144.610933887,-37.677966808,reserve,park,include,vicmap_foi,647158
vicmap_foi_647162,Grenadier/The Willows Courthead,Grenadier/The Willows Courthead,vicmap_name_label,park_and_garden,high,MELTON,144.729377329,-37.678316472,reserve,park,include,vicmap_foi,647162
vicmap_foi_647174,Hilltop Park,Hilltop Park,vicmap_name_label,park_and_garden,high,MELTON,144.745644658,-37.680736282,reserve,park,include,vicmap_foi,647174
vicmap_foi_647189,Arnolds Creek East Branch Linear Reserve - Perry Close,Arnolds Creek East Branch Linear Reserve - Perry Close,vicmap_name_label,park_and_garden,high,MELTON,144.572001741,-37.682598058,reserve,park,include,vicmap_foi,647189
vicmap_foi_647190,Killarney Lakes Entry Reserve,Killarney Lakes Entry Reserve,vicmap_name_label,park_and_garden,high,MELTON,144.605342477,-37.682211334,reserve,park,include,vicmap_foi,647190
vicmap_foi_647197,The Grange Reserve,The Grange Reserve,vicmap_name_label,park_and_garden,high,MELTON,144.541994109,-37.682635238,reserve,park,include,vicmap_foi,647197
vicmap_foi_647201,Ryans Creek Linear Reserve - High Street To Federation Drive,Ryans Creek Linear Reserve - High Street To Federation Drive,vicmap_name_label,park_and_garden,high,MELTON,144.599845818,-37.684137833,reserve,park,include,vicmap_foi,647201
vicmap_foi_647202,Gleneagles Drive Reserve,Gleneagles Drive Reserve,vicmap_name_label,park_and_garden,high,MELTON,144.543917072,-37.683089465,reserve,park,include,vicmap_foi,647202
vicmap_foi_647364,Cypress Views Biodiversity Reserve,Cypress Views Biodiversity Reserve,vicmap_name_label,park_and_garden,high,MELTON,144.735977595,-37.728558187,reserve,park,include,vicmap_foi,647364
vicmap_foi_647379,Bennets Lane Entry Reserve,Bennets Lane Entry Reserve,vicmap_name_label,park_and_garden,high,MELTON,144.740303405,-37.736665022,reserve,park,include,vicmap_foi,647379
vicmap_foi_647380,St Johns Walk Closure,St Johns Walk Closure,vicmap_name_label,park_and_garden,high,MELTON,144.73146432,-37.737054449,reserve,park,include,vicmap_foi,647380
vicmap_foi_647388,Kororoit Approach Entry Reserve,Kororoit Approach Entry Reserve,vicmap_name_label,park_and_garden,high,MELTON,144.739086817,-37.739322285,reserve,park,include,vicmap_foi,647388
vicmap_foi_1340965,Arnolds Creek Barries Road Biodiversity Reserve,Arnolds Creek Barries Road Biodiversity Reserve,vicmap_name_label,park_and_garden,high,MELTON,144.570395599,-37.688968165,reserve,park,include,vicmap_foi,1340965
vicmap_foi_1340968,Carter Road Reserve,Carter Road Reserve,vicmap_name_label,park_and_garden,high,MELTON,144.57485759,-37.690580663,reserve,park,include,vicmap_foi,1340968
vicmap_foi_1340970,Chardia Court Buffer Reserve,Chardia Court Buffer Reserve,vicmap_name_label,park_and_garden,high,MELTON,144.541472934,-37.69883833,reserve,park,include,vicmap_foi,1340970
vicmap_foi_1340971,Botanica Springs Buffer Reserve,Botanica Springs Buffer Reserve,vicmap_name_label,park_and_garden,high,MELTON,144.542550967,-37.69896136,reserve,park,include,vicmap_foi,1340971
vicmap_foi_1340974,Yellow Wattle Lane East Reserve,Yellow Wattle Lane East Reserve,vicmap_name_label,park_and_garden,high,MELTON,144.66339495,-37.716822582,reserve,park,include,vicmap_foi,1340974
vicmap_foi_1340975,Calder Park/Carisbrook Courthead,Calder Park/Carisbrook Courthead,vicmap_name_label,park_and_garden,high,MELTON,144.752566545,-37.718015297,reserve,park,include,vicmap_foi,1340975
vicmap_foi_1340979,Clifton Lane Reserve,Clifton Lane Reserve,vicmap_name_label,park_and_garden,high,MELTON,144.744503594,-37.723690103,reserve,park,include,vicmap_foi,1340979
vicmap_foi_1340980,Welwyn Grove Reserve,Welwyn Grove Reserve,vicmap_name_label,park_and_garden,high,MELTON,144.590432999,-37.723923037,reserve,park,include,vicmap_foi,1340980
vicmap_foi_1340981,Enrica Drive Reserve,Enrica Drive Reserve,vicmap_name_label,park_and_garden,high,MELTON,144.565938182,-37.718195684,reserve,park,include,vicmap_foi,1340981
vicmap_foi_1340983,Galveston Avenue Drainage Reserve,Galveston Avenue Drainage Reserve,vicmap_name_label,park_and_garden,high,MELTON,144.723510735,-37.719862179,reserve,park,include,vicmap_foi,1340983
vicmap_foi_1340984,Merindah Boulevard Easement Reserve,Merindah Boulevard Easement Reserve,vicmap_name_label,park_and_garden,high,MELTON,144.719145765,-37.721451967,reserve,park,include,vicmap_foi,1340984
vicmap_foi_1340985,Conservatory Drive Community Reserve,Conservatory Drive Community Reserve,vicmap_name_label,park_and_garden,high,MELTON,144.699590651,-37.721668218,reserve,park,include,vicmap_foi,1340985
vicmap_foi_1340987,Daly Circuit Tree Reserve,Daly Circuit Tree Reserve,vicmap_name_label,park_and_garden,high,MELTON,144.728255816,-37.726717684,reserve,park,include,vicmap_foi,1340987
vicmap_foi_1340988,Huntington Avenue Reserve,Huntington Avenue Reserve,vicmap_name_label,park_and_garden,high,MELTON,144.693453814,-37.709512155,reserve,park,include,vicmap_foi,1340988
vicmap_foi_1340990,Unnamed Park - Melton,,generated_fallback,park_and_garden,high,MELTON,144.632814347,-37.711666576,reserve,park,include,vicmap_foi,1340990
vicmap_foi_1340992,Cumberland/Gourlay Courthead,Cumberland/Gourlay Courthead,vicmap_name_label,park_and_garden,high,MELTON,144.740303901,-37.713212839,reserve,park,include,vicmap_foi,1340992
vicmap_foi_1340993,Diamond Parade Drainage Reserve,Diamond Parade Drainage Reserve,vicmap_name_label,park_and_garden,high,MELTON,144.584995721,-37.713733436,reserve,park,include,vicmap_foi,1340993
vicmap_foi_1340994,Westwood Drive - North Of Rockbank Middle Road,Westwood Drive - North Of Rockbank Middle Road,vicmap_name_label,park_and_garden,high,MELTON,144.749577449,-37.744223117,reserve,park,include,vicmap_foi,1340994
vicmap_foi_1340995,Jai/Fairweather Closure,Jai/Fairweather Closure,vicmap_name_label,park_and_garden,high,MELTON,144.74776829,-37.745314433,reserve,park,include,vicmap_foi,1340995
vicmap_foi_1340996,Soho Circuit Reserve,Soho Circuit Reserve,vicmap_name_label,park_and_garden,high,MELTON,144.754841598,-37.747343667,reserve,park,include,vicmap_foi,1340996
vicmap_foi_1340997,Binalong Court Courthead,Binalong Court Courthead,vicmap_name_label,park_and_garden,high,MELTON,144.751043431,-37.747382721,reserve,park,include,vicmap_foi,1340997
vicmap_foi_1340999,Moreton Close Courthead,Moreton Close Courthead,vicmap_name_label,park_and_garden,high,MELTON,144.72492384,-37.750634984,reserve,park,include,vicmap_foi,1340999
vicmap_foi_1341000,Bullum Bullum Entry,Bullum Bullum Entry,vicmap_name_label,park_and_garden,high,MELTON,144.755086344,-37.753242439,reserve,park,include,vicmap_foi,1341000
vicmap_foi_1341002,Hawksbury Green Linear Reserve,Hawksbury Green Linear Reserve,vicmap_name_label,park_and_garden,high,MELTON,144.734781444,-37.727808949,reserve,park,include,vicmap_foi,1341002
vicmap_foi_1341003,Katrina Drive Courthead (East),Katrina Drive Courthead (East),vicmap_name_label,park_and_garden,high,MELTON,144.758726452,-37.727249867,reserve,park,include,vicmap_foi,1341003
vicmap_foi_1341004,Commercial Road Entry Reserve North,Commercial Road Entry Reserve North,vicmap_name_label,park_and_garden,high,MELTON,144.749176915,-37.729968592,reserve,park,include,vicmap_foi,1341004
vicmap_foi_78481,Unnamed Park - Monash,,generated_fallback,park_and_garden,high,MONASH,145.170019119,-37.912116758,reserve,park,include,vicmap_foi,78481
vicmap_foi_638592,Mowbray Crescent Reserve,Mowbray Crescent Reserve,vicmap_name_label,park_and_garden,high,MELTON,144.587033343,-37.670803879,reserve,park,include,vicmap_foi,638592
vicmap_foi_1341016,Gila Way Ext Reserve,Gila Way Ext Reserve,vicmap_name_label,park_and_garden,high,MELTON,144.69321108,-37.767971392,reserve,park,include,vicmap_foi,1341016
vicmap_foi_647409,Narracan/Muirhead Gardens Courthead,Narracan/Muirhead Gardens Courthead,vicmap_name_label,park_and_garden,high,MELTON,144.730178197,-37.746945448,reserve,park,include,vicmap_foi,647409
vicmap_foi_647421,Grampians Way/Osmond Courthead,Grampians Way/Osmond Courthead,vicmap_name_label,park_and_garden,high,MELTON,144.7286092,-37.749359789,reserve,park,include,vicmap_foi,647421
vicmap_foi_647422,Daintree/Hinchinbrook Close Closure,Daintree/Hinchinbrook Close Closure,vicmap_name_label,park_and_garden,high,MELTON,144.724537914,-37.74933824,reserve,park,include,vicmap_foi,647422
vicmap_foi_647423,Creekbank Place/Goulburn Circuit Closure,Creekbank Place/Goulburn Circuit Closure,vicmap_name_label,park_and_garden,high,MELTON,144.741964463,-37.74957264,reserve,park,include,vicmap_foi,647423
vicmap_foi_647425,Cairn Curran/Lake Eyre Place Closure,Cairn Curran/Lake Eyre Place Closure,vicmap_name_label,park_and_garden,high,MELTON,144.732728395,-37.749720694,reserve,park,include,vicmap_foi,647425
vicmap_foi_647435,Cuthbert Place Walkways,Cuthbert Place Walkways,vicmap_name_label,park_and_garden,high,MELTON,144.746671179,-37.751416221,reserve,park,include,vicmap_foi,647435
vicmap_foi_647457,Colac/Lonsdale Courthead,Colac/Lonsdale Courthead,vicmap_name_label,park_and_garden,high,MELTON,144.734987356,-37.753688223,reserve,park,include,vicmap_foi,647457
vicmap_foi_647477,Henry Court/William Circuit Closure,Henry Court/William Circuit Closure,vicmap_name_label,park_and_garden,high,MELTON,144.744570855,-37.755794805,reserve,park,include,vicmap_foi,647477
vicmap_foi_650436,Yuille Street Reserve,Yuille Street Reserve,vicmap_name_label,park_and_garden,high,MELTON,144.593038606,-37.677685288,reserve,park,include,vicmap_foi,650436
vicmap_foi_765974,Galli/Warrens Brook Courthead,Galli/Warrens Brook Courthead,vicmap_name_label,park_and_garden,high,MELTON,144.730857659,-37.676714239,reserve,park,include,vicmap_foi,765974
vicmap_foi_765981,Shadforth Close Entry Reserve,Shadforth Close Entry Reserve,vicmap_name_label,park_and_garden,high,MELTON,144.755710401,-37.710949178,reserve,park,include,vicmap_foi,765981
vicmap_foi_765982,Litchfield Street Closure,Litchfield Street Closure,vicmap_name_label,park_and_garden,high,MELTON,144.759626401,-37.712393841,reserve,park,include,vicmap_foi,765982
vicmap_foi_765984,Bourke Square,Bourke Square,vicmap_name_label,park_and_garden,high,MELTON,144.746810115,-37.73063034,reserve,park,include,vicmap_foi,765984
vicmap_foi_981583,Mount Cottrell Biodiversity Reserve,Mount Cottrell Biodiversity Reserve,vicmap_name_label,park_and_garden,high,MELTON,144.630756757,-37.761851814,reserve,park,include,vicmap_foi,981583
vicmap_foi_1341006,Kororoit Creek Reserve North - Caroline Springs Boulevard-Westwood Drive,Kororoit Creek Reserve North - Caroline Springs Boulevard-Westwood Drive,vicmap_name_label,park_and_garden,high,MELTON,144.746916009,-37.73806675,reserve,park,include,vicmap_foi,1341006
vicmap_foi_1341007,Rutherglen Way Biodiversity Reserve,Rutherglen Way Biodiversity Reserve,vicmap_name_label,park_and_garden,high,MELTON,144.734356126,-37.736113606,reserve,park,include,vicmap_foi,1341007
vicmap_foi_1341008,Kororoit Creek North - The Crossing To Caroline Springs Boulevard Environmental Reserve,Kororoit Creek North - The Crossing To Caroline Springs Boulevard Environmental Reserve,vicmap_name_label,park_and_garden,high,MELTON,144.736900493,-37.736781351,reserve,park,include,vicmap_foi,1341008
vicmap_foi_1341009,Caesia Way Biodiversity Reserve,Caesia Way Biodiversity Reserve,vicmap_name_label,park_and_garden,high,MELTON,144.745584108,-37.736343911,reserve,park,include,vicmap_foi,1341009
vicmap_foi_1341011,Kororoit Creek Linear Reserve North - Burnside Heights Recreation Reserve To Westwood Drive Section,Kororoit Creek Linear Reserve North - Burnside Heights Recreation Reserve To Westwood Drive Section,vicmap_name_label,park_and_garden,high,MELTON,144.751345581,-37.741156711,reserve,park,include,vicmap_foi,1341011
vicmap_foi_1341014,Grove Hall/Stowhead Place Courthead,Grove Hall/Stowhead Place Courthead,vicmap_name_label,park_and_garden,high,MELTON,144.733707056,-37.739620916,reserve,park,include,vicmap_foi,1341014
vicmap_foi_1341020,Findon Way Reserve,Findon Way Reserve,vicmap_name_label,park_and_garden,high,MELTON,144.565375412,-37.674705009,reserve,park,include,vicmap_foi,1341020
vicmap_foi_1341021,Toolern Creek Linear Reserve - Kurunjang,Toolern Creek Linear Reserve - Kurunjang,vicmap_name_label,park_and_garden,high,MELTON,144.607941571,-37.67106983,reserve,park,include,vicmap_foi,1341021
vicmap_foi_1341022,Mccorkells Road North Biodiversity Reserve,Mccorkells Road North Biodiversity Reserve,vicmap_name_label,park_and_garden,high,MELTON,144.582144419,-37.625718133,reserve,park,include,vicmap_foi,1341022
vicmap_foi_1341023,Ryans Lane West Biodiversity Reserve,Ryans Lane West Biodiversity Reserve,vicmap_name_label,park_and_garden,high,MELTON,144.622440986,-37.634823803,reserve,park,include,vicmap_foi,1341023
vicmap_foi_1341027,Bulmans Road Verge,Bulmans Road Verge,vicmap_name_label,park_and_garden,high,MELTON,144.553593572,-37.665741233,reserve,park,include,vicmap_foi,1341027
vicmap_foi_1341028,Westwood Active Open Space,Westwood Active Open Space,vicmap_name_label,park_and_garden,high,MELTON,144.711902734,-37.702398551,reserve,park,include,vicmap_foi,1341028
vicmap_foi_1341029,Baldwin Road Reserve,Baldwin Road Reserve,vicmap_name_label,park_and_garden,high,MELTON,144.705797872,-37.702002929,reserve,park,include,vicmap_foi,1341029
vicmap_foi_1341031,Taylors Hill Blvd West Entry (North),Taylors Hill Blvd West Entry (North),vicmap_name_label,park_and_garden,high,MELTON,144.741492489,-37.706835979,reserve,park,include,vicmap_foi,1341031
vicmap_foi_1341033,Brighton Place Courthead,Brighton Place Courthead,vicmap_name_label,park_and_garden,high,MELTON,144.759295957,-37.708023029,reserve,park,include,vicmap_foi,1341033
vicmap_foi_1341034,Carlyon/Ranfurlie Courthead,Carlyon/Ranfurlie Courthead,vicmap_name_label,park_and_garden,high,MELTON,144.542463592,-37.677211313,reserve,park,include,vicmap_foi,1341034
vicmap_foi_1341035,Stirling Terrace/Holydale Court Reserve,Stirling Terrace/Holydale Court Reserve,vicmap_name_label,park_and_garden,high,MELTON,144.547675542,-37.678406863,reserve,park,include,vicmap_foi,1341035
vicmap_foi_1341037,Lancelot/Wales Courthead,Lancelot/Wales Courthead,vicmap_name_label,park_and_garden,high,MELTON,144.728562516,-37.682424417,reserve,park,include,vicmap_foi,1341037
vicmap_foi_1341038,Calder Park Drive Road And Tree Reserve - Hillside,Calder Park Drive Road And Tree Reserve - Hillside,vicmap_name_label,park_and_garden,high,MELTON,144.75673235,-37.691101055,reserve,park,include,vicmap_foi,1341038
vicmap_foi_1341039,Melton Town Centre Stage 3,Melton Town Centre Stage 3,vicmap_name_label,park_and_garden,high,MELTON,144.581942918,-37.684433709,reserve,park,include,vicmap_foi,1341039
vicmap_foi_1341040,Toolern Creek Barries Road To Nixon Street Environmental Reserve,Toolern Creek Barries Road To Nixon Street Environmental Reserve,vicmap_name_label,park_and_garden,high,MELTON,144.585232393,-37.686999126,reserve,park,include,vicmap_foi,1341040
vicmap_foi_1341042,Compton Loop Reserve,Compton Loop Reserve,vicmap_name_label,park_and_garden,high,MELTON,144.712262791,-37.689902902,reserve,park,include,vicmap_foi,1341042
vicmap_foi_1341043,Melton Highway South Tree Reserve - Castlewellan To Gourlay Road,Melton Highway South Tree Reserve - Castlewellan To Gourlay Road,vicmap_name_label,park_and_garden,high,MELTON,144.739850578,-37.691734282,reserve,park,include,vicmap_foi,1341043
vicmap_foi_987486,Harry Allen Reserve,Harry Allen Reserve,vicmap_name_label,park_and_garden,high,MELTON,144.578539803,-37.6854516,reserve,park,include,vicmap_foi,987486
vicmap_foi_1001764,Stony Hill Creek Linear Reserve - Boronia Drive To Heysen Parkway,Stony Hill Creek Linear Reserve - Boronia Drive To Heysen Parkway,vicmap_name_label,park_and_garden,high,MELTON,144.734486812,-37.704908754,reserve,park,include,vicmap_foi,1001764
vicmap_foi_1001765,Stony Hill Creek Linear Reserve - Hume Drive To Mccubbin Way,Stony Hill Creek Linear Reserve - Hume Drive To Mccubbin Way,vicmap_name_label,park_and_garden,high,MELTON,144.734546192,-37.711275451,reserve,park,include,vicmap_foi,1001765
vicmap_foi_1001768,Burtt Avenue Wetland Reserve,Burtt Avenue Wetland Reserve,vicmap_name_label,park_and_garden,high,MELTON,144.736836116,-37.709583015,reserve,park,include,vicmap_foi,1001768
vicmap_foi_1001770,Stony Hill Creek Linear Reserve - Oakview Parade To Taylors Road,Stony Hill Creek Linear Reserve - Oakview Parade To Taylors Road,vicmap_name_label,park_and_garden,high,MELTON,144.732891076,-37.720444344,reserve,park,include,vicmap_foi,1001770
vicmap_foi_1001774,The Grove Linear Reserve - Hunts Cross Way Bridge To Rockbank Middle Road,The Grove Linear Reserve - Hunts Cross Way Bridge To Rockbank Middle Road,vicmap_name_label,park_and_garden,high,MELTON,144.727942614,-37.738963892,reserve,park,include,vicmap_foi,1001774
vicmap_foi_1001776,Stony Hill Creek Linear Reserve - Heysen Parkway To Hume Drive,Stony Hill Creek Linear Reserve - Heysen Parkway To Hume Drive,vicmap_name_label,park_and_garden,high,MELTON,144.734272046,-37.708620805,reserve,park,include,vicmap_foi,1001776
vicmap_foi_1008859,Nightingale Street Reserve,Nightingale Street Reserve,vicmap_name_label,park_and_garden,high,MELTON,144.725771944,-37.698907913,reserve,park,include,vicmap_foi,1008859
vicmap_foi_1140248,Burrow Drive Retarding Basin,Burrow Drive Retarding Basin,vicmap_name_label,park_and_garden,high,MELTON,144.709486429,-37.619368388,reserve,park,include,vicmap_foi,1140248
vicmap_foi_1140259,Orbis Avenue Drainage Reserve,Orbis Avenue Drainage Reserve,vicmap_name_label,park_and_garden,high,MELTON,144.731610803,-37.721197584,reserve,park,include,vicmap_foi,1140259
vicmap_foi_1140347,Turpentine Environmental Reserve (North),Turpentine Environmental Reserve (North),vicmap_name_label,park_and_garden,high,MELTON,144.539789208,-37.689642158,reserve,park,include,vicmap_foi,1140347
vicmap_foi_1140349,Keynes Circuit Reserve,Keynes Circuit Reserve,vicmap_name_label,park_and_garden,high,MELTON,144.72399062,-37.699058331,reserve,park,include,vicmap_foi,1140349
vicmap_foi_1140350,Arnolds Creek Brooklyn Road North Biodiversity Reserve,Arnolds Creek Brooklyn Road North Biodiversity Reserve,vicmap_name_label,park_and_garden,high,MELTON,144.538942278,-37.697798378,reserve,park,include,vicmap_foi,1140350
vicmap_foi_1140353,Caroline Springs Cascades Reserve,Caroline Springs Cascades Reserve,vicmap_name_label,park_and_garden,high,MELTON,144.746221337,-37.730552953,reserve,park,include,vicmap_foi,1140353
vicmap_foi_1140389,Bendigo Drive Reserve,Bendigo Drive Reserve,vicmap_name_label,park_and_garden,high,MELTON,144.557563836,-37.788098551,reserve,park,include,vicmap_foi,1140389
vicmap_foi_1341044,Melton Highway South Tree Reserve - Gourlay Road To East Boundary,Melton Highway South Tree Reserve - Gourlay Road To East Boundary,vicmap_name_label,park_and_garden,high,MELTON,144.75022165,-37.69299617,reserve,park,include,vicmap_foi,1341044
vicmap_foi_1341046,Plumpton Linear Reserve,Plumpton Linear Reserve,vicmap_name_label,park_and_garden,high,MELTON,144.724950105,-37.695987005,reserve,park,include,vicmap_foi,1341046
vicmap_foi_1341047,Beattys Road Transmission Reserve,Beattys Road Transmission Reserve,vicmap_name_label,park_and_garden,high,MELTON,144.724032896,-37.696378386,reserve,park,include,vicmap_foi,1341047
vicmap_foi_1341048,Fescue/Watercress Courthead,Fescue/Watercress Courthead,vicmap_name_label,park_and_garden,high,MELTON,144.545491393,-37.693873485,reserve,park,include,vicmap_foi,1341048
vicmap_foi_1341049,Santolin/Varna Courthead,Santolin/Varna Courthead,vicmap_name_label,park_and_garden,high,MELTON,144.750225678,-37.697365226,reserve,park,include,vicmap_foi,1341049
vicmap_foi_1341051,Foxtail/Hawkbit Courthead,Foxtail/Hawkbit Courthead,vicmap_name_label,park_and_garden,high,MELTON,144.544950891,-37.696973584,reserve,park,include,vicmap_foi,1341051
vicmap_foi_1341052,Western Bace Surrounds,Western Bace Surrounds,vicmap_name_label,park_and_garden,high,MELTON,144.599628863,-37.713831174,reserve,park,include,vicmap_foi,1341052
vicmap_foi_1341053,Bridge Road Reserve,Bridge Road Reserve,vicmap_name_label,park_and_garden,high,MELTON,144.581095935,-37.715716423,reserve,park,include,vicmap_foi,1341053
vicmap_foi_1341056,Frome/Waverton Courthead,Frome/Waverton Courthead,vicmap_name_label,park_and_garden,high,MELTON,144.742884654,-37.717395877,reserve,park,include,vicmap_foi,1341056
vicmap_foi_1341059,Stonneyburn Road Reserve,Stonneyburn Road Reserve,vicmap_name_label,park_and_garden,high,MELTON,144.623065642,-37.72465515,reserve,park,include,vicmap_foi,1341059
vicmap_foi_1341061,Krateron Street Reserve,Krateron Street Reserve,vicmap_name_label,park_and_garden,high,MELTON,144.716395651,-37.719301974,reserve,park,include,vicmap_foi,1341061
vicmap_foi_1341062,Harrier Circuit Drainage Reserve,Harrier Circuit Drainage Reserve,vicmap_name_label,park_and_garden,high,MELTON,144.715295036,-37.722190404,reserve,park,include,vicmap_foi,1341062
vicmap_foi_1341063,Cascade Drive Reserve,Cascade Drive Reserve,vicmap_name_label,park_and_garden,high,MELTON,144.67624167,-37.71967187,reserve,park,include,vicmap_foi,1341063
vicmap_foi_1341065,Stony Hill Creek Linear Reserve - Mccubbin Way To Oakview Parade,Stony Hill Creek Linear Reserve - Mccubbin Way To Oakview Parade,vicmap_name_label,park_and_garden,high,MELTON,144.732827229,-37.714844373,reserve,park,include,vicmap_foi,1341065
vicmap_foi_1341067,Blamey Drive Reserve,Blamey Drive Reserve,vicmap_name_label,park_and_garden,high,MELTON,144.579935467,-37.711174777,reserve,park,include,vicmap_foi,1341067
vicmap_foi_1341070,Jarai Raingarden,Jarai Raingarden,vicmap_name_label,park_and_garden,high,MELTON,144.680381269,-37.712850606,reserve,park,include,vicmap_foi,1341070
vicmap_foi_1341071,Coogee Place Courthead,Coogee Place Courthead,vicmap_name_label,park_and_garden,high,MELTON,144.75006282,-37.747292697,reserve,park,include,vicmap_foi,1341071
vicmap_foi_1341072,Stead Circuit Reserve,Stead Circuit Reserve,vicmap_name_label,park_and_garden,high,MELTON,144.757941125,-37.747565601,reserve,park,include,vicmap_foi,1341072
vicmap_foi_1341075,Sapa Close Reserve,Sapa Close Reserve,vicmap_name_label,park_and_garden,high,MELTON,144.673781146,-37.748613882,reserve,park,include,vicmap_foi,1341075
vicmap_foi_1341076,Jude Close Reserve,Jude Close Reserve,vicmap_name_label,park_and_garden,high,MELTON,144.673153393,-37.749923426,reserve,park,include,vicmap_foi,1341076
vicmap_foi_1341078,Western Highway - Caroline Springs Frontage East,Western Highway - Caroline Springs Frontage East,vicmap_name_label,park_and_garden,high,MELTON,144.74522473,-37.757674278,reserve,park,include,vicmap_foi,1341078
vicmap_foi_1341079,Elgar Lane Reserve,Elgar Lane Reserve,vicmap_name_label,park_and_garden,high,MELTON,144.743006327,-37.726577224,reserve,park,include,vicmap_foi,1341079
vicmap_foi_1341080,Buckley Way Screen Reserve,Buckley Way Screen Reserve,vicmap_name_label,park_and_garden,high,MELTON,144.738011291,-37.728868875,reserve,park,include,vicmap_foi,1341080
vicmap_foi_1341081,Kororoit Creek North The Crossing To Rosella Crescent Environmental Reserve,Kororoit Creek North The Crossing To Rosella Crescent Environmental Reserve,vicmap_name_label,park_and_garden,high,MELTON,144.733892698,-37.729836664,reserve,park,include,vicmap_foi,1341081
vicmap_foi_1341082,Kororoit Creek South The Crossing To The Western Boundary Environmental Reserve,Kororoit Creek South The Crossing To The Western Boundary Environmental Reserve,vicmap_name_label,park_and_garden,high,MELTON,144.730899112,-37.73079638,reserve,park,include,vicmap_foi,1341082
vicmap_foi_1341083,Barossa Court Biodiversity Reserve,Barossa Court Biodiversity Reserve,vicmap_name_label,park_and_garden,high,MELTON,144.733744104,-37.730203895,reserve,park,include,vicmap_foi,1341083
vicmap_foi_1140441,James Melrose Drive Screen Reserve,James Melrose Drive Screen Reserve,vicmap_name_label,park_and_garden,high,MELTON,144.561691188,-37.706121509,reserve,park,include,vicmap_foi,1140441
vicmap_foi_1140471,Marong Avenue Linear Reserve,Marong Avenue Linear Reserve,vicmap_name_label,park_and_garden,high,MELTON,144.551853514,-37.79403349,reserve,park,include,vicmap_foi,1140471
vicmap_foi_1140520,Ormonde Esplanade Drainage Reserve,Ormonde Esplanade Drainage Reserve,vicmap_name_label,park_and_garden,high,MELTON,144.550087342,-37.664530914,reserve,park,include,vicmap_foi,1140520
vicmap_foi_1140522,Castletown Boulevard Wetland Reserve,Castletown Boulevard Wetland Reserve,vicmap_name_label,park_and_garden,high,MELTON,144.574724359,-37.730116925,reserve,park,include,vicmap_foi,1140522
vicmap_foi_1140566,Rushworth Avenue Drainage Reserve,Rushworth Avenue Drainage Reserve,vicmap_name_label,park_and_garden,high,MELTON,144.549581475,-37.788543764,reserve,park,include,vicmap_foi,1140566
vicmap_foi_1140615,Darwin Street Entry Reserves,Darwin Street Entry Reserves,vicmap_name_label,park_and_garden,high,MELTON,144.756991838,-37.710382815,reserve,park,include,vicmap_foi,1140615
vicmap_foi_1140618,Waterford Boulevard Drainage Reserve,Waterford Boulevard Drainage Reserve,vicmap_name_label,park_and_garden,high,MELTON,144.575761581,-37.731990422,reserve,park,include,vicmap_foi,1140618
vicmap_foi_1140695,Vineyard Road Wetland,Vineyard Road Wetland,vicmap_name_label,park_and_garden,high,MELTON,144.708754312,-37.625807187,reserve,park,include,vicmap_foi,1140695
vicmap_foi_1140707,Rowling Street Reserve,Rowling Street Reserve,vicmap_name_label,park_and_garden,high,MELTON,144.726828691,-37.694940127,reserve,park,include,vicmap_foi,1140707
vicmap_foi_1140708,Armstrong Walk Reserve,Armstrong Walk Reserve,vicmap_name_label,park_and_garden,high,MELTON,144.727110502,-37.700011429,reserve,park,include,vicmap_foi,1140708
vicmap_foi_1140800,Turpentine Environmental Reserve (Central),Turpentine Environmental Reserve (Central),vicmap_name_label,park_and_garden,high,MELTON,144.53945649,-37.691380044,reserve,park,include,vicmap_foi,1140800
vicmap_foi_1140801,Caroline Springs Urban Wetland Reserve,Caroline Springs Urban Wetland Reserve,vicmap_name_label,park_and_garden,high,MELTON,144.746000965,-37.729103625,reserve,park,include,vicmap_foi,1140801
vicmap_foi_1140879,Turpentine Environmental Reserve (South),Turpentine Environmental Reserve (South),vicmap_name_label,park_and_garden,high,MELTON,144.538945365,-37.694026548,reserve,park,include,vicmap_foi,1140879
vicmap_foi_1140882,Goldsworthy Drive Drainage Reserve,Goldsworthy Drive Drainage Reserve,vicmap_name_label,park_and_garden,high,MELTON,144.729523765,-37.720814536,reserve,park,include,vicmap_foi,1140882
vicmap_foi_1155920,Benalla Avenue Linear Reserve,Benalla Avenue Linear Reserve,vicmap_name_label,park_and_garden,high,MELTON,144.55509219,-37.787260766,reserve,park,include,vicmap_foi,1155920
vicmap_foi_1155948,Atherstone Boulevard Reserve,Atherstone Boulevard Reserve,vicmap_name_label,park_and_garden,high,MELTON,144.595019251,-37.716699361,reserve,park,include,vicmap_foi,1155948
vicmap_foi_1155999,Rushworth Avenue Linear Reserve,Rushworth Avenue Linear Reserve,vicmap_name_label,park_and_garden,high,MELTON,144.552521812,-37.788991887,reserve,park,include,vicmap_foi,1155999
vicmap_foi_1156050,Riverside Concourse Reserve,Riverside Concourse Reserve,vicmap_name_label,park_and_garden,high,MELTON,144.58263876,-37.713744656,reserve,park,include,vicmap_foi,1156050
vicmap_foi_1156051,Gilderton Esp Reserve,Gilderton Esp Reserve,vicmap_name_label,park_and_garden,high,MELTON,144.66929366,-37.728776562,reserve,park,include,vicmap_foi,1156051
vicmap_foi_1164355,Peters Environmental Reserve,Peters Environmental Reserve,vicmap_name_label,park_and_garden,high,MELTON,144.608357702,-37.649994086,reserve,park,include,vicmap_foi,1164355
vicmap_foi_1164356,Waterway Stony Hill Creek,Waterway Stony Hill Creek,vicmap_name_label,park_and_garden,high,MELTON,144.724948343,-37.708849594,reserve,park,include,vicmap_foi,1164356
vicmap_foi_1164410,Prospector Crescent Reserve,Prospector Crescent Reserve,vicmap_name_label,park_and_garden,high,MELTON,144.704953403,-37.614117451,reserve,park,include,vicmap_foi,1164410
vicmap_foi_1164413,Diamond Parade Reserve,Diamond Parade Reserve,vicmap_name_label,park_and_garden,high,MELTON,144.585751575,-37.711132802,reserve,park,include,vicmap_foi,1164413
vicmap_foi_1164415,Westcott Parade Reserve,Westcott Parade Reserve,vicmap_name_label,park_and_garden,high,MELTON,144.667177854,-37.734151918,reserve,park,include,vicmap_foi,1164415
vicmap_foi_1164441,Taylors Road Entry Reserve,Taylors Road Entry Reserve,vicmap_name_label,park_and_garden,high,MELTON,144.655872343,-37.716850373,reserve,park,include,vicmap_foi,1164441
vicmap_foi_1164462,Springbrook Parkway Reserve,Springbrook Parkway Reserve,vicmap_name_label,park_and_garden,high,MELTON,144.58554797,-37.71192196,reserve,park,include,vicmap_foi,1164462
vicmap_foi_1341084,Derwent Close Biodiversity Reserve,Derwent Close Biodiversity Reserve,vicmap_name_label,park_and_garden,high,MELTON,144.730956421,-37.730456475,reserve,park,include,vicmap_foi,1341084
vicmap_foi_1341085,Jamieson Link Biodiversity Reserves,Jamieson Link Biodiversity Reserves,vicmap_name_label,park_and_garden,high,MELTON,144.730738409,-37.732356752,reserve,park,include,vicmap_foi,1341085
vicmap_foi_1341086,Neoclassic Street Easement Reserve,Neoclassic Street Easement Reserve,vicmap_name_label,park_and_garden,high,MELTON,144.717831859,-37.732638101,reserve,park,include,vicmap_foi,1341086
vicmap_foi_1341088,The Esplanade/Waterview Courthead,The Esplanade/Waterview Courthead,vicmap_name_label,park_and_garden,high,MELTON,144.747482303,-37.732283082,reserve,park,include,vicmap_foi,1341088
vicmap_foi_1341091,Coppin Lane Screen Reserve,Coppin Lane Screen Reserve,vicmap_name_label,park_and_garden,high,MELTON,144.743143922,-37.735925633,reserve,park,include,vicmap_foi,1341091
vicmap_foi_1341092,Inn Lane Reserve,Inn Lane Reserve,vicmap_name_label,park_and_garden,high,MELTON,144.64231705,-37.736019935,reserve,park,include,vicmap_foi,1341092
vicmap_foi_1341093,Tamworth Drive Reserve,Tamworth Drive Reserve,vicmap_name_label,park_and_garden,high,MELTON,144.648373482,-37.740453779,reserve,park,include,vicmap_foi,1341093
vicmap_foi_1341095,Braelands/Willoughby Closure,Braelands/Willoughby Closure,vicmap_name_label,park_and_garden,high,MELTON,144.742253946,-37.741770499,reserve,park,include,vicmap_foi,1341095
vicmap_foi_1341099,Yosemite Street Reserve,Yosemite Street Reserve,vicmap_name_label,park_and_garden,high,MELTON,144.695411668,-37.758607269,reserve,park,include,vicmap_foi,1341099
vicmap_foi_1341100,Yellowstone Drive Ext Reserve,Yellowstone Drive Ext Reserve,vicmap_name_label,park_and_garden,high,MELTON,144.69175568,-37.7697289,reserve,park,include,vicmap_foi,1341100
vicmap_foi_1341101,Goulburn Way Drainage Reserve,Goulburn Way Drainage Reserve,vicmap_name_label,park_and_garden,high,MELTON,144.546255689,-37.783569033,reserve,park,include,vicmap_foi,1341101
vicmap_foi_1341106,Little Blind Creek Reserve - Centenary Avenue To Yuille Street,Little Blind Creek Reserve - Centenary Avenue To Yuille Street,vicmap_name_label,park_and_garden,high,MELTON,144.588830574,-37.678744942,reserve,park,include,vicmap_foi,1341106
vicmap_foi_1341111,Odyssey Drive Linear Reserve,Odyssey Drive Linear Reserve,vicmap_name_label,park_and_garden,high,MELTON,144.722308112,-37.626165099,reserve,park,include,vicmap_foi,1341111
vicmap_foi_1341112,Odyssey Drive Reserve,Odyssey Drive Reserve,vicmap_name_label,park_and_garden,high,MELTON,144.720797346,-37.626463201,reserve,park,include,vicmap_foi,1341112
vicmap_foi_1341113,Glitter/Pepper Courthead,Glitter/Pepper Courthead,vicmap_name_label,park_and_garden,high,MELTON,144.717142077,-37.627495167,reserve,park,include,vicmap_foi,1341113
vicmap_foi_1341114,Minns Road Retarding Basin,Minns Road Retarding Basin,vicmap_name_label,park_and_garden,high,MELTON,144.587717303,-37.655853333,reserve,park,include,vicmap_foi,1341114
vicmap_foi_1341115,Coburns Road Road Reserve - Willandra Frontage,Coburns Road Road Reserve - Willandra Frontage,vicmap_name_label,park_and_garden,high,MELTON,144.573323161,-37.656422642,reserve,park,include,vicmap_foi,1341115
vicmap_foi_1341116,Brooksby Circuit Linear Reserve,Brooksby Circuit Linear Reserve,vicmap_name_label,park_and_garden,high,MELTON,144.565009449,-37.656096666,reserve,park,include,vicmap_foi,1341116
vicmap_foi_1341117,Baystone Place Closure,Baystone Place Closure,vicmap_name_label,park_and_garden,high,MELTON,144.600839413,-37.65783845,reserve,park,include,vicmap_foi,1341117
vicmap_foi_1341118,Wanneroo Circuit Ext Courthead,Wanneroo Circuit Ext Courthead,vicmap_name_label,park_and_garden,high,MELTON,144.560225808,-37.664852104,reserve,park,include,vicmap_foi,1341118
vicmap_foi_1341119,Hardys Lane Reserve,Hardys Lane Reserve,vicmap_name_label,park_and_garden,high,MELTON,144.520496169,-37.66656615,reserve,park,include,vicmap_foi,1341119
vicmap_foi_1341120,Kalamunda Screen Reserve,Kalamunda Screen Reserve,vicmap_name_label,park_and_garden,high,MELTON,144.553394118,-37.666774175,reserve,park,include,vicmap_foi,1341120
vicmap_foi_1341121,Aspire Estate Linear Reserve,Aspire Estate Linear Reserve,vicmap_name_label,park_and_garden,high,MELTON,144.723917436,-37.701004775,reserve,park,include,vicmap_foi,1341121
vicmap_foi_1341124,Abey Road Reserve,Abey Road Reserve,vicmap_name_label,park_and_garden,high,MELTON,144.579220523,-37.704014917,reserve,park,include,vicmap_foi,1341124
vicmap_foi_1217288,Riviera Drive Reserve,Riviera Drive Reserve,vicmap_name_label,park_and_garden,high,MELTON,144.725733233,-37.69078737,reserve,park,include,vicmap_foi,1217288
vicmap_foi_1217350,Bangalay Drive Linear Reserve,Bangalay Drive Linear Reserve,vicmap_name_label,park_and_garden,high,MELTON,144.546762889,-37.696948028,reserve,park,include,vicmap_foi,1217350
vicmap_foi_1217354,Tedcastle Drive Linear Reserve,Tedcastle Drive Linear Reserve,vicmap_name_label,park_and_garden,high,MELTON,144.673820566,-37.716826489,reserve,park,include,vicmap_foi,1217354
vicmap_foi_1217439,Willandra Linear Reserve - Rockingham Circuit,Willandra Linear Reserve - Rockingham Circuit,vicmap_name_label,park_and_garden,high,MELTON,144.565387192,-37.653043897,reserve,park,include,vicmap_foi,1217439
vicmap_foi_1217461,Elderberry Way Reserve,Elderberry Way Reserve,vicmap_name_label,park_and_garden,high,MELTON,144.674988687,-37.716585605,reserve,park,include,vicmap_foi,1217461
vicmap_foi_1249141,Long Forest Avenue Reserve,Long Forest Avenue Reserve,vicmap_name_label,park_and_garden,high,MELTON,144.537126527,-37.661897159,reserve,park,include,vicmap_foi,1249141
vicmap_foi_1249145,Wembley Avenue Reserve,Wembley Avenue Reserve,vicmap_name_label,park_and_garden,high,MELTON,144.591977242,-37.722801668,reserve,park,include,vicmap_foi,1249145
vicmap_foi_1249192,Ajay Way Environmental Reserve,Ajay Way Environmental Reserve,vicmap_name_label,park_and_garden,high,MELTON,144.581658674,-37.65969791,reserve,park,include,vicmap_foi,1249192
vicmap_foi_1249254,Welwyn Crescent Entry Reserve,Welwyn Crescent Entry Reserve,vicmap_name_label,park_and_garden,high,MELTON,144.590160679,-37.724300892,reserve,park,include,vicmap_foi,1249254
vicmap_foi_1249256,Havana Circuit Reserve,Havana Circuit Reserve,vicmap_name_label,park_and_garden,high,MELTON,144.760375474,-37.742014815,reserve,park,include,vicmap_foi,1249256
vicmap_foi_1249369,Wilton Fields Estate Linear Reserve B,Wilton Fields Estate Linear Reserve B,vicmap_name_label,park_and_garden,high,MELTON,144.588383122,-37.721260336,reserve,park,include,vicmap_foi,1249369
vicmap_foi_1249370,Paradise Crescent Linear Reserve,Paradise Crescent Linear Reserve,vicmap_name_label,park_and_garden,high,MELTON,144.679825442,-37.722604761,reserve,park,include,vicmap_foi,1249370
vicmap_foi_1249371,Tambo Crescent Reserve,Tambo Crescent Reserve,vicmap_name_label,park_and_garden,high,MELTON,144.764884539,-37.721853214,reserve,park,include,vicmap_foi,1249371
vicmap_foi_1249372,Stevenage Drive/Gidea Place Reserve,Stevenage Drive/Gidea Place Reserve,vicmap_name_label,park_and_garden,high,MELTON,144.5941404,-37.722157549,reserve,park,include,vicmap_foi,1249372
vicmap_foi_1249374,Restful Way - Linear Reserve,Restful Way - Linear Reserve,vicmap_name_label,park_and_garden,high,MELTON,144.653665214,-37.738207598,reserve,park,include,vicmap_foi,1249374
vicmap_foi_1249503,Merindah Boulevard Reserve,Merindah Boulevard Reserve,vicmap_name_label,park_and_garden,high,MELTON,144.71883457,-37.720286988,reserve,park,include,vicmap_foi,1249503
vicmap_foi_1249567,Mangrove Road Reserve,Mangrove Road Reserve,vicmap_name_label,park_and_garden,high,MELTON,144.677926784,-37.725802395,reserve,park,include,vicmap_foi,1249567
vicmap_foi_1251994,Hawthorn Way Reserve,Hawthorn Way Reserve,vicmap_name_label,park_and_garden,high,MELTON,144.738382336,-37.725653092,reserve,park,include,vicmap_foi,1251994
vicmap_foi_1252044,Alexandra Gardens,Alexandra Gardens,vicmap_name_label,park_and_garden,high,MELTON,144.738575805,-37.724282298,reserve,park,include,vicmap_foi,1252044
vicmap_foi_1252067,Glack Way Entry Reserve,Glack Way Entry Reserve,vicmap_name_label,park_and_garden,high,MELTON,144.740259065,-37.709787609,reserve,park,include,vicmap_foi,1252067
vicmap_foi_1252068,Cypress Views Linear Reserve - The Entrance,Cypress Views Linear Reserve - The Entrance,vicmap_name_label,park_and_garden,high,MELTON,144.746274399,-37.724270898,reserve,park,include,vicmap_foi,1252068
vicmap_foi_1252080,Kings Domain Reserve,Kings Domain Reserve,vicmap_name_label,park_and_garden,high,MELTON,144.738692488,-37.722951665,reserve,park,include,vicmap_foi,1252080
vicmap_foi_1341126,Calder Park Drive/Carlton Court Courthead,Calder Park Drive/Carlton Court Courthead,vicmap_name_label,park_and_garden,high,MELTON,144.7566476,-37.706636481,reserve,park,include,vicmap_foi,1341126
vicmap_foi_1341127,James Melrose Drive Screen Reserve (West),James Melrose Drive Screen Reserve (West),vicmap_name_label,park_and_garden,high,MELTON,144.560788384,-37.706264861,reserve,park,include,vicmap_foi,1341127
vicmap_foi_1341128,Abey Road Wbcw Reserve,Abey Road Wbcw Reserve,vicmap_name_label,park_and_garden,high,MELTON,144.589796003,-37.707115024,reserve,park,include,vicmap_foi,1341128
vicmap_foi_1341131,Burtt Avenue/Roberts Pass Linear Reserve,Burtt Avenue/Roberts Pass Linear Reserve,vicmap_name_label,park_and_garden,high,MELTON,144.738611882,-37.709340451,reserve,park,include,vicmap_foi,1341131
vicmap_foi_1341133,Glenview/Speargrass Courthead,Glenview/Speargrass Courthead,vicmap_name_label,park_and_garden,high,MELTON,144.736417649,-37.679712653,reserve,park,include,vicmap_foi,1341133
vicmap_foi_1341134,Glenview/The Crest Courthead,Glenview/The Crest Courthead,vicmap_name_label,park_and_garden,high,MELTON,144.737251637,-37.680229816,reserve,park,include,vicmap_foi,1341134
vicmap_foi_1341135,Hillview Court Reserve,Hillview Court Reserve,vicmap_name_label,park_and_garden,high,MELTON,144.738614875,-37.680781347,reserve,park,include,vicmap_foi,1341135
vicmap_foi_1341136,Pound Paddock,Pound Paddock,vicmap_name_label,park_and_garden,high,MELTON,144.587794344,-37.683873318,reserve,park,include,vicmap_foi,1341136
vicmap_foi_1341137,High Street Road Reserve,High Street Road Reserve,vicmap_name_label,park_and_garden,high,MELTON,144.558373539,-37.684652132,reserve,park,include,vicmap_foi,1341137
vicmap_foi_1341138,James/Wetherby Courthead,James/Wetherby Courthead,vicmap_name_label,park_and_garden,high,MELTON,144.733981212,-37.68487516,reserve,park,include,vicmap_foi,1341138
vicmap_foi_1341139,Endeavour Place Closure,Endeavour Place Closure,vicmap_name_label,park_and_garden,high,MELTON,144.548765763,-37.685270728,reserve,park,include,vicmap_foi,1341139
vicmap_foi_1341140,Knight/Queensberry Courthead,Knight/Queensberry Courthead,vicmap_name_label,park_and_garden,high,MELTON,144.727762716,-37.686232664,reserve,park,include,vicmap_foi,1341140
vicmap_foi_1341141,Ryans Creek Linear Reserve - High Street To Melton Botanic Garden,Ryans Creek Linear Reserve - High Street To Melton Botanic Garden,vicmap_name_label,park_and_garden,high,MELTON,144.595644714,-37.687141351,reserve,park,include,vicmap_foi,1341141
vicmap_foi_1341142,Norma Street Laneway,Norma Street Laneway,vicmap_name_label,park_and_garden,high,MELTON,144.576912827,-37.686034271,reserve,park,include,vicmap_foi,1341142
vicmap_foi_1341143,Crown Drive Reserve,Crown Drive Reserve,vicmap_name_label,park_and_garden,high,MELTON,144.720266481,-37.689947491,reserve,park,include,vicmap_foi,1341143
vicmap_foi_1341144,Toolern Creek Linear Reserve - Darlingsford Boulevard,Toolern Creek Linear Reserve - Darlingsford Boulevard,vicmap_name_label,park_and_garden,high,MELTON,144.583207978,-37.692892701,reserve,park,include,vicmap_foi,1341144
vicmap_foi_1341146,Beattys Road Entry Statement - Surrounds,Beattys Road Entry Statement - Surrounds,vicmap_name_label,park_and_garden,high,MELTON,144.732460226,-37.691450938,reserve,park,include,vicmap_foi,1341146
vicmap_foi_1341147,Terraco Place Reserve,Terraco Place Reserve,vicmap_name_label,park_and_garden,high,MELTON,144.547684165,-37.691002583,reserve,park,include,vicmap_foi,1341147
vicmap_foi_1341153,Penhurst/Varna Courthead,Penhurst/Varna Courthead,vicmap_name_label,park_and_garden,high,MELTON,144.749500593,-37.697489396,reserve,park,include,vicmap_foi,1341153
vicmap_foi_1341156,Thornhill Park Drainage Reserve Central,Thornhill Park Drainage Reserve Central,vicmap_name_label,park_and_garden,high,MELTON,144.62441425,-37.714534454,reserve,park,include,vicmap_foi,1341156
vicmap_foi_1341157,Milos Court Reserve,Milos Court Reserve,vicmap_name_label,park_and_garden,high,MELTON,144.717295576,-37.713700574,reserve,park,include,vicmap_foi,1341157
vicmap_foi_1341159,Plumpton Linear Reserve - Royale To Taylors,Plumpton Linear Reserve - Royale To Taylors,vicmap_name_label,park_and_garden,high,MELTON,144.720674383,-37.717197309,reserve,park,include,vicmap_foi,1341159
vicmap_foi_1341160,Preece Lane Drainage Reserve,Preece Lane Drainage Reserve,vicmap_name_label,park_and_garden,high,MELTON,144.67137618,-37.71579471,reserve,park,include,vicmap_foi,1341160
vicmap_foi_1341162,Hawkestone Street Ext Reserve,Hawkestone Street Ext Reserve,vicmap_name_label,park_and_garden,high,MELTON,144.558500115,-37.715999535,reserve,park,include,vicmap_foi,1341162
vicmap_foi_1341163,Ballindean Lane North Reserve,Ballindean Lane North Reserve,vicmap_name_label,park_and_garden,high,MELTON,144.623849547,-37.716490618,reserve,park,include,vicmap_foi,1341163
vicmap_foi_1341164,Ballindean Lane South Reserve,Ballindean Lane South Reserve,vicmap_name_label,park_and_garden,high,MELTON,144.623614724,-37.716777913,reserve,park,include,vicmap_foi,1341164
vicmap_foi_1341165,Councillor Drive Reserve,Councillor Drive Reserve,vicmap_name_label,park_and_garden,high,MELTON,144.58028359,-37.722806315,reserve,park,include,vicmap_foi,1341165
vicmap_foi_1277229,Crosby Street Reserve,Crosby Street Reserve,vicmap_name_label,park_and_garden,high,MELTON,144.687806033,-37.758617542,reserve,park,include,vicmap_foi,1277229
vicmap_foi_1277273,Botany/Hume Courthead,Botany/Hume Courthead,vicmap_name_label,park_and_garden,high,MELTON,144.749262739,-37.711084991,reserve,park,include,vicmap_foi,1277273
vicmap_foi_1277079,Piana Road Reserve,Piana Road Reserve,vicmap_name_label,park_and_garden,high,MELTON,144.717137282,-37.692415257,reserve,park,include,vicmap_foi,1277079
vicmap_foi_1277080,Traverse Way Reserve,Traverse Way Reserve,vicmap_name_label,park_and_garden,high,MELTON,144.715376982,-37.702694291,reserve,park,include,vicmap_foi,1277080
vicmap_foi_1277081,Aintree Boulevard Entry Reserve,Aintree Boulevard Entry Reserve,vicmap_name_label,park_and_garden,high,MELTON,144.675100261,-37.714743672,reserve,park,include,vicmap_foi,1277081
vicmap_foi_1277084,Nash Boulevard Reserve,Nash Boulevard Reserve,vicmap_name_label,park_and_garden,high,MELTON,144.65069367,-37.735693917,reserve,park,include,vicmap_foi,1277084
vicmap_foi_1277087,Clara Avenue Reserve,Clara Avenue Reserve,vicmap_name_label,park_and_garden,high,MELTON,144.693605238,-37.764776374,reserve,park,include,vicmap_foi,1277087
vicmap_foi_1277088,Nathalia Way Reserve,Nathalia Way Reserve,vicmap_name_label,park_and_garden,high,MELTON,144.549620512,-37.7828598,reserve,park,include,vicmap_foi,1277088
vicmap_foi_1277121,Crown Drive Active Open Space,Crown Drive Active Open Space,vicmap_name_label,park_and_garden,high,MELTON,144.72119033,-37.694296388,reserve,park,include,vicmap_foi,1277121
vicmap_foi_1277122,Iverson Circuit Reserve,Iverson Circuit Reserve,vicmap_name_label,park_and_garden,high,MELTON,144.71992398,-37.721738872,reserve,park,include,vicmap_foi,1277122
vicmap_foi_1277127,Lightsview Boulevard Linear Reserve East,Lightsview Boulevard Linear Reserve East,vicmap_name_label,park_and_garden,high,MELTON,144.666649606,-37.739020918,reserve,park,include,vicmap_foi,1277127
vicmap_foi_1277170,Wiltshire Boulevard Entry Reserve South,Wiltshire Boulevard Entry Reserve South,vicmap_name_label,park_and_garden,high,MELTON,144.620381012,-37.708899081,reserve,park,include,vicmap_foi,1277170
vicmap_foi_1277173,Gibsons Circuit Reserve,Gibsons Circuit Reserve,vicmap_name_label,park_and_garden,high,MELTON,144.68025926,-37.712431906,reserve,park,include,vicmap_foi,1277173
vicmap_foi_1277221,Wattlebird Drive Drainage Reserve,Wattlebird Drive Drainage Reserve,vicmap_name_label,park_and_garden,high,MELTON,144.58235509,-37.653143713,reserve,park,include,vicmap_foi,1277221
vicmap_foi_1277224,Laurier Avenue Drainage Reserve,Laurier Avenue Drainage Reserve,vicmap_name_label,park_and_garden,high,MELTON,144.561337225,-37.715314144,reserve,park,include,vicmap_foi,1277224
vicmap_foi_1277227,Maradona Boulevard Reserve,Maradona Boulevard Reserve,vicmap_name_label,park_and_garden,high,MELTON,144.722285996,-37.725892817,reserve,park,include,vicmap_foi,1277227
vicmap_foi_1277276,Caulonia Drive Reserve,Caulonia Drive Reserve,vicmap_name_label,park_and_garden,high,MELTON,144.676245901,-37.75358188,reserve,park,include,vicmap_foi,1277276
vicmap_foi_1277277,Blackall Street Reserve,Blackall Street Reserve,vicmap_name_label,park_and_garden,high,MELTON,144.688443903,-37.758161074,reserve,park,include,vicmap_foi,1277277
vicmap_foi_1277328,Mount Cottrell Road Reserve,Mount Cottrell Road Reserve,vicmap_name_label,park_and_garden,high,MELTON,144.622144333,-37.703979531,reserve,park,include,vicmap_foi,1277328
vicmap_foi_1277329,Manikato Drive Drainage Reserve,Manikato Drive Drainage Reserve,vicmap_name_label,park_and_garden,high,MELTON,144.682123568,-37.707079253,reserve,park,include,vicmap_foi,1277329
vicmap_foi_1277331,Wiltshire Boulevard Entry Reserve North,Wiltshire Boulevard Entry Reserve North,vicmap_name_label,park_and_garden,high,MELTON,144.620543183,-37.70799391,reserve,park,include,vicmap_foi,1277331
vicmap_foi_1277332,Claremont Avenue Reserve,Claremont Avenue Reserve,vicmap_name_label,park_and_garden,high,MELTON,144.668671396,-37.741099507,reserve,park,include,vicmap_foi,1277332
vicmap_foi_1277380,Botanica Springs/Clarkes Road Reserve,Botanica Springs/Clarkes Road Reserve,vicmap_name_label,park_and_garden,high,MELTON,144.547728178,-37.691658335,reserve,park,include,vicmap_foi,1277380
vicmap_foi_1341166,Elpis Road Reserve,Elpis Road Reserve,vicmap_name_label,park_and_garden,high,MELTON,144.57170303,-37.723480215,reserve,park,include,vicmap_foi,1341166
vicmap_foi_1341167,Tassel Way Reserve,Tassel Way Reserve,vicmap_name_label,park_and_garden,high,MELTON,144.67898142,-37.724778574,reserve,park,include,vicmap_foi,1341167
vicmap_foi_1341168,Sanctum Drive Reserve,Sanctum Drive Reserve,vicmap_name_label,park_and_garden,high,MELTON,144.577555291,-37.724225486,reserve,park,include,vicmap_foi,1341168
vicmap_foi_1341171,Serra Way Reserve,Serra Way Reserve,vicmap_name_label,park_and_garden,high,MELTON,144.726084642,-37.72041155,reserve,park,include,vicmap_foi,1341171
vicmap_foi_1341174,Savoie Way Reserve,Savoie Way Reserve,vicmap_name_label,park_and_garden,high,MELTON,144.714730345,-37.721799614,reserve,park,include,vicmap_foi,1341174
vicmap_foi_1341175,Willowood Court Closure,Willowood Court Closure,vicmap_name_label,park_and_garden,high,MELTON,144.760465787,-37.709441176,reserve,park,include,vicmap_foi,1341175
vicmap_foi_1341177,Clarice/Hart Closure,Clarice/Hart Closure,vicmap_name_label,park_and_garden,high,MELTON,144.551960654,-37.710600269,reserve,park,include,vicmap_foi,1341177
vicmap_foi_1341181,Hepburn Way Screen Reserve,Hepburn Way Screen Reserve,vicmap_name_label,park_and_garden,high,MELTON,144.740206382,-37.746477378,reserve,park,include,vicmap_foi,1341181
vicmap_foi_1341182,Rockbank Middle Road Reserve,Rockbank Middle Road Reserve,vicmap_name_label,park_and_garden,high,MELTON,144.753019502,-37.747196509,reserve,park,include,vicmap_foi,1341182
vicmap_foi_1341183,Bratan Way Reserve,Bratan Way Reserve,vicmap_name_label,park_and_garden,high,MELTON,144.680395962,-37.750730669,reserve,park,include,vicmap_foi,1341183
vicmap_foi_1341184,Alpine/Cathedral Courthead,Alpine/Cathedral Courthead,vicmap_name_label,park_and_garden,high,MELTON,144.727985064,-37.751337508,reserve,park,include,vicmap_foi,1341184
vicmap_foi_1341187,Deeparadene Street Linear Reserve,Deeparadene Street Linear Reserve,vicmap_name_label,park_and_garden,high,MELTON,144.741839184,-37.726171724,reserve,park,include,vicmap_foi,1341187
vicmap_foi_1341188,Lee/Pamela Courthead,Lee/Pamela Courthead,vicmap_name_label,park_and_garden,high,MELTON,144.756090597,-37.727365391,reserve,park,include,vicmap_foi,1341188
vicmap_foi_1341189,Leakes Road Drainage Reserve,Leakes Road Drainage Reserve,vicmap_name_label,park_and_garden,high,MELTON,144.65281808,-37.727735624,reserve,park,include,vicmap_foi,1341189
vicmap_foi_1341190,Manny Paul Circuit Courthead (North),Manny Paul Circuit Courthead (North),vicmap_name_label,park_and_garden,high,MELTON,144.756556404,-37.727792958,reserve,park,include,vicmap_foi,1341190
vicmap_foi_1341191,Kororoit Creek Shoalhaven Biodiversity Reserve,Kororoit Creek Shoalhaven Biodiversity Reserve,vicmap_name_label,park_and_garden,high,MELTON,144.731792612,-37.729146317,reserve,park,include,vicmap_foi,1341191
vicmap_foi_1341192,Themeda Grassland Reserve Surrounds,Themeda Grassland Reserve Surrounds,vicmap_name_label,park_and_garden,high,MELTON,144.736862303,-37.728767009,reserve,park,include,vicmap_foi,1341192
vicmap_foi_1341193,Albert Court Courthead,Albert Court Courthead,vicmap_name_label,park_and_garden,high,MELTON,144.749912591,-37.729565756,reserve,park,include,vicmap_foi,1341193
vicmap_foi_1341194,College Street Biodiversity Reserve,College Street Biodiversity Reserve,reviewed_override,park_and_garden,high,MELTON,144.734141845,-37.729761557,reserve,park,include,vicmap_foi,1341194
vicmap_foi_1341195,Kororoit Creek Linear Reserve - Crossing Bridge To Western Boundary,Kororoit Creek Linear Reserve - Crossing Bridge To Western Boundary,vicmap_name_label,park_and_garden,high,MELTON,144.731075051,-37.733711209,reserve,park,include,vicmap_foi,1341195
vicmap_foi_1341197,Kororoit Creek South - The Crossing To Caroline Springs Boulevard Environmental Reserve,Kororoit Creek South - The Crossing To Caroline Springs Boulevard Environmental Reserve,vicmap_name_label,park_and_garden,high,MELTON,144.736005901,-37.737007522,reserve,park,include,vicmap_foi,1341197
vicmap_foi_1341198,Kororoit Creek Biodiversity Reserve - Otago Loop,Kororoit Creek Biodiversity Reserve - Otago Loop,vicmap_name_label,park_and_garden,high,MELTON,144.730778816,-37.734047488,reserve,park,include,vicmap_foi,1341198
vicmap_foi_1341199,Kororoit Creek Reserve North - The Crossing To Caroline Springs Boulevard,Kororoit Creek Reserve North - The Crossing To Caroline Springs Boulevard,vicmap_name_label,park_and_garden,high,MELTON,144.735682723,-37.735798851,reserve,park,include,vicmap_foi,1341199
vicmap_foi_1341200,Rockbank Road Reserve,Rockbank Road Reserve,vicmap_name_label,park_and_garden,high,MELTON,144.647407689,-37.734130657,reserve,park,include,vicmap_foi,1341200
vicmap_foi_1341202,Hunt Road Reserve,Hunt Road Reserve,vicmap_name_label,park_and_garden,high,MELTON,144.642899711,-37.735084058,reserve,park,include,vicmap_foi,1341202
vicmap_foi_1341203,Greenpoint Drive Drainage Reserve,Greenpoint Drive Drainage Reserve,vicmap_name_label,park_and_garden,high,MELTON,144.669383725,-37.738669811,reserve,park,include,vicmap_foi,1341203
vicmap_foi_1341204,Arbour/Westwood Reserve,Arbour/Westwood Reserve,vicmap_name_label,park_and_garden,high,MELTON,144.749537782,-37.738799299,reserve,park,include,vicmap_foi,1341204
vicmap_foi_1277426,Holyrood Place Reserve,Holyrood Place Reserve,vicmap_name_label,park_and_garden,high,MELTON,144.631828839,-37.719222477,reserve,park,include,vicmap_foi,1277426
vicmap_foi_1277427,Pigato Crescent Reserve,Pigato Crescent Reserve,vicmap_name_label,park_and_garden,high,MELTON,144.714214952,-37.71953752,reserve,park,include,vicmap_foi,1277427
vicmap_foi_1305250,Bishopgate Boulevard Reserve,Bishopgate Boulevard Reserve,vicmap_name_label,park_and_garden,high,MELTON,144.692124697,-37.708909112,reserve,park,include,vicmap_foi,1305250
vicmap_foi_1305251,Charlbury Street Reserve,Charlbury Street Reserve,vicmap_name_label,park_and_garden,high,MELTON,144.62428607,-37.713034574,reserve,park,include,vicmap_foi,1305251
vicmap_foi_1305252,Thornhill Park Drainage Reserve West,Thornhill Park Drainage Reserve West,vicmap_name_label,park_and_garden,high,MELTON,144.620906321,-37.712776235,reserve,park,include,vicmap_foi,1305252
vicmap_foi_1305254,Renaissance Drive Reserve,Renaissance Drive Reserve,vicmap_name_label,park_and_garden,high,MELTON,144.601875309,-37.735706059,reserve,park,include,vicmap_foi,1305254
vicmap_foi_1305255,Lightsview Boulevard Drainage Reserve West,Lightsview Boulevard Drainage Reserve West,vicmap_name_label,park_and_garden,high,MELTON,144.653511301,-37.736708042,reserve,park,include,vicmap_foi,1305255
vicmap_foi_1305256,Lawler Road Linear Reserve,Lawler Road Linear Reserve,vicmap_name_label,park_and_garden,high,MELTON,144.543997667,-37.791164141,reserve,park,include,vicmap_foi,1305256
vicmap_foi_1305279,Angul Parade Drainage Reserve,Angul Parade Drainage Reserve,vicmap_name_label,park_and_garden,high,MELTON,144.702180519,-37.733353174,reserve,park,include,vicmap_foi,1305279
vicmap_foi_1305314,Walkside Boulevard Drainage Reserve,Walkside Boulevard Drainage Reserve,vicmap_name_label,park_and_garden,high,MELTON,144.716351275,-37.698625965,reserve,park,include,vicmap_foi,1305314
vicmap_foi_1305315,Welham Close Reserve,Welham Close Reserve,vicmap_name_label,park_and_garden,high,MELTON,144.691920614,-37.706820373,reserve,park,include,vicmap_foi,1305315
vicmap_foi_1305316,Alvaston View Reserve,Alvaston View Reserve,vicmap_name_label,park_and_garden,high,MELTON,144.678696483,-37.709531006,reserve,park,include,vicmap_foi,1305316
vicmap_foi_1305319,Amphitheatre Street Reserve,Amphitheatre Street Reserve,vicmap_name_label,park_and_garden,high,MELTON,144.542973423,-37.791861618,reserve,park,include,vicmap_foi,1305319
vicmap_foi_1305387,Lightsview Boulevard Drainage Reserve Central,Lightsview Boulevard Drainage Reserve Central,vicmap_name_label,park_and_garden,high,MELTON,144.659206376,-37.73770198,reserve,park,include,vicmap_foi,1305387
vicmap_foi_1313684,Memory Road Wetland Reserve,Memory Road Wetland Reserve,vicmap_name_label,park_and_garden,high,MELTON,144.721193735,-37.731047105,reserve,park,include,vicmap_foi,1313684
vicmap_foi_1313685,Exmouth Street Reserve,Exmouth Street Reserve,vicmap_name_label,park_and_garden,high,MELTON,144.625389821,-37.706688742,reserve,park,include,vicmap_foi,1313685
vicmap_foi_1314965,Thornhill Park Drainage Reserve South West,Thornhill Park Drainage Reserve South West,vicmap_name_label,park_and_garden,high,MELTON,144.62272212,-37.715713144,reserve,park,include,vicmap_foi,1314965
vicmap_foi_1314966,Elpis Road Active Open Space,Elpis Road Active Open Space,vicmap_name_label,park_and_garden,high,MELTON,144.563843388,-37.720572133,reserve,park,include,vicmap_foi,1314966
vicmap_foi_1341205,Lightsview Boulevard Linear Reserve Central,Lightsview Boulevard Linear Reserve Central,vicmap_name_label,park_and_garden,high,MELTON,144.662381988,-37.738124239,reserve,park,include,vicmap_foi,1341205
vicmap_foi_1341206,Westwood Drive Wetland,Westwood Drive Wetland,vicmap_name_label,park_and_garden,high,MELTON,144.748414174,-37.740375596,reserve,park,include,vicmap_foi,1341206
vicmap_foi_1341208,Cobungra Road Reserve,Cobungra Road Reserve,vicmap_name_label,park_and_garden,high,MELTON,144.572878249,-37.740658423,reserve,park,include,vicmap_foi,1341208
vicmap_foi_1341210,Hampshire Avenue Entry Reserve,Hampshire Avenue Entry Reserve,vicmap_name_label,park_and_garden,high,MELTON,144.655560853,-37.741672046,reserve,park,include,vicmap_foi,1341210
vicmap_foi_1341211,Chartwell Environmental Reserve,Chartwell Environmental Reserve,vicmap_name_label,park_and_garden,high,MELTON,144.643122568,-37.797834075,reserve,park,include,vicmap_foi,1341211
vicmap_foi_1341213,Jura Street Reserve,Jura Street Reserve,vicmap_name_label,park_and_garden,high,MELTON,144.691158953,-37.761188055,reserve,park,include,vicmap_foi,1341213
vicmap_foi_1341218,Shepparton Street Linear Reserve,Shepparton Street Linear Reserve,vicmap_name_label,park_and_garden,high,MELTON,144.55924544,-37.788748123,reserve,park,include,vicmap_foi,1341218
vicmap_foi_1341220,Centenary Avenue East Road Reserves,Centenary Avenue East Road Reserves,vicmap_name_label,park_and_garden,high,MELTON,144.594769049,-37.675698764,reserve,park,include,vicmap_foi,1341220
vicmap_foi_1341221,Milverton Street Reserve,Milverton Street Reserve,vicmap_name_label,park_and_garden,high,MELTON,144.578800113,-37.675851331,reserve,park,include,vicmap_foi,1341221
vicmap_foi_1341222,Bensons Road Biodiversity Reserve,Bensons Road Biodiversity Reserve,vicmap_name_label,park_and_garden,high,MELTON,144.581389009,-37.571228408,reserve,park,include,vicmap_foi,1341222
vicmap_foi_1341225,Scarlet Oak Pipeline Reserve,Scarlet Oak Pipeline Reserve,vicmap_name_label,park_and_garden,high,MELTON,144.56906772,-37.661074675,reserve,park,include,vicmap_foi,1341225
vicmap_foi_1341226,Dalray Crescent Environmental Reserve,Dalray Crescent Environmental Reserve,vicmap_name_label,park_and_garden,high,MELTON,144.581391418,-37.658539444,reserve,park,include,vicmap_foi,1341226
vicmap_foi_1341227,Lydeamore/Thomasz Courthead,Lydeamore/Thomasz Courthead,vicmap_name_label,park_and_garden,high,MELTON,144.595026298,-37.661704408,reserve,park,include,vicmap_foi,1341227
vicmap_foi_1341230,Medina/Peppermint Courthead,Medina/Peppermint Courthead,vicmap_name_label,park_and_garden,high,MELTON,144.55868602,-37.666132023,reserve,park,include,vicmap_foi,1341230
vicmap_foi_1341231,Gisborne - Melton Road / Little Blind Creek Linear Reserve,Gisborne - Melton Road / Little Blind Creek Linear Reserve,vicmap_name_label,park_and_garden,high,MELTON,144.597722248,-37.6689962,reserve,park,include,vicmap_foi,1341231
vicmap_foi_1341232,Jang/Momba Courthead,Jang/Momba Courthead,vicmap_name_label,park_and_garden,high,MELTON,144.592092655,-37.669075805,reserve,park,include,vicmap_foi,1341232
vicmap_foi_1341234,First Avenue Closure,First Avenue Closure,vicmap_name_label,park_and_garden,high,MELTON,144.569446859,-37.700191817,reserve,park,include,vicmap_foi,1341234
vicmap_foi_1341236,Toolern Creek Linear Reserve - Blamey Drive,Toolern Creek Linear Reserve - Blamey Drive,vicmap_name_label,park_and_garden,high,MELTON,144.579555228,-37.709577748,reserve,park,include,vicmap_foi,1341236
vicmap_foi_1341239,Salisbury/Wales Courthead,Salisbury/Wales Courthead,vicmap_name_label,park_and_garden,high,MELTON,144.728337001,-37.683396452,reserve,park,include,vicmap_foi,1341239
vicmap_foi_1340766,Toolern Creek Hannah Watts High Street To Nixon Street Environmental Reserve,Toolern Creek Hannah Watts High Street To Nixon Street Environmental Reserve,vicmap_name_label,park_and_garden,high,MELTON,144.590882244,-37.683923847,reserve,park,include,vicmap_foi,1340766
vicmap_foi_1341178,Arnolds Creek Billing Place Biodiversity Reserve,Arnolds Creek Billing Place Biodiversity Reserve,vicmap_name_label,park_and_garden,high,MELTON,144.550064142,-37.711042892,reserve,park,include,vicmap_foi,1341178
vicmap_foi_1314987,Ashfordby Street Reserve,Ashfordby Street Reserve,vicmap_name_label,park_and_garden,high,MELTON,144.684297202,-37.710874007,reserve,park,include,vicmap_foi,1314987
vicmap_foi_1314988,Sinclairs Road Wetland Reserve,Sinclairs Road Wetland Reserve,vicmap_name_label,park_and_garden,high,MELTON,144.70686215,-37.733611935,reserve,park,include,vicmap_foi,1314988
vicmap_foi_1314989,Unnamed Park - Melton,,generated_fallback,park_and_garden,high,MELTON,144.700675681,-37.771834213,reserve,park,include,vicmap_foi,1314989
vicmap_foi_1315010,Pinfold Street Reserve,Pinfold Street Reserve,vicmap_name_label,park_and_garden,high,MELTON,144.693967622,-37.706028536,reserve,park,include,vicmap_foi,1315010
vicmap_foi_1315011,Riversdale Boulevard Reserve,Riversdale Boulevard Reserve,vicmap_name_label,park_and_garden,high,MELTON,144.57609309,-37.736508611,reserve,park,include,vicmap_foi,1315011
vicmap_foi_1315014,Melbourne Drive Reserve,Melbourne Drive Reserve,vicmap_name_label,park_and_garden,high,MELTON,144.694497112,-37.778212011,reserve,park,include,vicmap_foi,1315014
vicmap_foi_1315034,Plains Circuit Ext Reserve,Plains Circuit Ext Reserve,vicmap_name_label,park_and_garden,high,MELTON,144.668199875,-37.724004723,reserve,park,include,vicmap_foi,1315034
vicmap_foi_1315057,Main Street Reserve,Main Street Reserve,vicmap_name_label,park_and_garden,high,MELTON,144.669543417,-37.723451151,reserve,park,include,vicmap_foi,1315057
vicmap_foi_1315059,Unnamed Park - Melton,,generated_fallback,park_and_garden,high,MELTON,144.700325392,-37.774151461,reserve,park,include,vicmap_foi,1315059
vicmap_foi_1315060,Woodstock Drive Reserve,Woodstock Drive Reserve,vicmap_name_label,park_and_garden,high,MELTON,144.546321949,-37.786398541,reserve,park,include,vicmap_foi,1315060
vicmap_foi_1315081,Walkside Boulevard Reserve,Walkside Boulevard Reserve,vicmap_name_label,park_and_garden,high,MELTON,144.719528508,-37.701170005,reserve,park,include,vicmap_foi,1315081
vicmap_foi_1315084,Basildon Crescent Reserve,Basildon Crescent Reserve,vicmap_name_label,park_and_garden,high,MELTON,144.584352499,-37.72890251,reserve,park,include,vicmap_foi,1315084
vicmap_foi_1315086,Unnamed Park - Melton,,generated_fallback,park_and_garden,high,MELTON,144.696670584,-37.774153676,reserve,park,include,vicmap_foi,1315086
vicmap_foi_1315107,Park Edge And Palara Estate Reserve,Park Edge And Palara Estate Reserve,vicmap_name_label,park_and_garden,high,MELTON,144.591039712,-37.726601429,reserve,park,include,vicmap_foi,1315107
vicmap_foi_1333230,Emilia Circuit Drainage Reserve,Emilia Circuit Drainage Reserve,vicmap_name_label,park_and_garden,high,MELTON,144.696845826,-37.716388562,reserve,park,include,vicmap_foi,1333230
vicmap_foi_1333231,Uplands Crescent Reserve,Uplands Crescent Reserve,vicmap_name_label,park_and_garden,high,MELTON,144.581659167,-37.718454163,reserve,park,include,vicmap_foi,1333231
vicmap_foi_1333232,Adenmore Circuit Reserve,Adenmore Circuit Reserve,vicmap_name_label,park_and_garden,high,MELTON,144.689623011,-37.740057534,reserve,park,include,vicmap_foi,1333232
vicmap_foi_1333268,Hanoverian Street Reserve,Hanoverian Street Reserve,vicmap_name_label,park_and_garden,high,MELTON,144.669127841,-37.713498733,reserve,park,include,vicmap_foi,1333268
vicmap_foi_1333304,Yellow Wattle Lane South Reserve,Yellow Wattle Lane South Reserve,vicmap_name_label,park_and_garden,high,MELTON,144.66296429,-37.716882983,reserve,park,include,vicmap_foi,1333304
vicmap_foi_1333305,Milan Street Reserve,Milan Street Reserve,vicmap_name_label,park_and_garden,high,MELTON,144.710945166,-37.72415531,reserve,park,include,vicmap_foi,1333305
vicmap_foi_1333338,Marriot Boulevard Reserve,Marriot Boulevard Reserve,vicmap_name_label,park_and_garden,high,MELTON,144.55742525,-37.72026383,reserve,park,include,vicmap_foi,1333338
vicmap_foi_1333339,Licata Street Reserve,Licata Street Reserve,vicmap_name_label,park_and_garden,high,MELTON,144.711061678,-37.723574478,reserve,park,include,vicmap_foi,1333339
vicmap_foi_1333378,Clipstone Crescent Reserve,Clipstone Crescent Reserve,vicmap_name_label,park_and_garden,high,MELTON,144.706686126,-37.691276609,reserve,park,include,vicmap_foi,1333378
vicmap_foi_1333379,Jermyn Street Reserve,Jermyn Street Reserve,vicmap_name_label,park_and_garden,high,MELTON,144.706016454,-37.691268685,reserve,park,include,vicmap_foi,1333379
vicmap_foi_1333380,Palermo Road Reserve,Palermo Road Reserve,vicmap_name_label,park_and_garden,high,MELTON,144.711244288,-37.722540858,reserve,park,include,vicmap_foi,1333380
vicmap_foi_1333382,Power Street Park,Power Street Park,vicmap_name_label,park_and_garden,high,MELTON,144.671091844,-37.724903575,reserve,park,include,vicmap_foi,1333382
vicmap_foi_1333421,Poundbury Avenue Reserve,Poundbury Avenue Reserve,vicmap_name_label,park_and_garden,high,MELTON,144.592903089,-37.728801585,reserve,park,include,vicmap_foi,1333421
vicmap_foi_1333459,Seventh Bend Estate - Active Open Space,Seventh Bend Estate - Active Open Space,vicmap_name_label,park_and_garden,high,MELTON,144.576551605,-37.722759052,reserve,park,include,vicmap_foi,1333459
vicmap_foi_1333460,Redcliffe Terrace Drainage Reserve,Redcliffe Terrace Drainage Reserve,vicmap_name_label,park_and_garden,high,MELTON,144.746649713,-37.723141684,reserve,park,include,vicmap_foi,1333460
vicmap_foi_1341247,Station Road Reserve,Station Road Reserve,vicmap_name_label,park_and_garden,high,MELTON,144.577126454,-37.689933707,reserve,park,include,vicmap_foi,1341247
vicmap_foi_1341248,Mavi Avenue Drainage Reserve,Mavi Avenue Drainage Reserve,vicmap_name_label,park_and_garden,high,MELTON,144.587412226,-37.692223222,reserve,park,include,vicmap_foi,1341248
vicmap_foi_1341254,Abelia/Tulip Courthead,Abelia/Tulip Courthead,vicmap_name_label,park_and_garden,high,MELTON,144.746112563,-37.697072441,reserve,park,include,vicmap_foi,1341254
vicmap_foi_1341256,Gourlay/Vine Courthead,Gourlay/Vine Courthead,vicmap_name_label,park_and_garden,high,MELTON,144.743147158,-37.699898237,reserve,park,include,vicmap_foi,1341256
vicmap_foi_1341258,Wildwood Road Reserve,Wildwood Road Reserve,vicmap_name_label,park_and_garden,high,MELTON,144.667304805,-37.714258546,reserve,park,include,vicmap_foi,1341258
vicmap_foi_1341259,Park Lane Courthead,Park Lane Courthead,vicmap_name_label,park_and_garden,high,MELTON,144.758631468,-37.714727985,reserve,park,include,vicmap_foi,1341259
vicmap_foi_1341261,Cotes Loop Drainage Reserve,Cotes Loop Drainage Reserve,vicmap_name_label,park_and_garden,high,MELTON,144.6617178,-37.716216235,reserve,park,include,vicmap_foi,1341261
vicmap_foi_1341266,Birdswing Terrace Courthead,Birdswing Terrace Courthead,vicmap_name_label,park_and_garden,high,MELTON,144.573553996,-37.716346523,reserve,park,include,vicmap_foi,1341266
vicmap_foi_1341267,Watervale Boulevard Drainage Easement,Watervale Boulevard Drainage Easement,vicmap_name_label,park_and_garden,high,MELTON,144.758956759,-37.719330785,reserve,park,include,vicmap_foi,1341267
vicmap_foi_1341269,Kingdom Boulevard Reserve,Kingdom Boulevard Reserve,vicmap_name_label,park_and_garden,high,MELTON,144.57462855,-37.72376864,reserve,park,include,vicmap_foi,1341269
vicmap_foi_1341271,Jells Place Courthead,Jells Place Courthead,vicmap_name_label,park_and_garden,high,MELTON,144.750137886,-37.72447533,reserve,park,include,vicmap_foi,1341271
vicmap_foi_1341274,Hemsworth Road Reserve,Hemsworth Road Reserve,vicmap_name_label,park_and_garden,high,MELTON,144.569874022,-37.719805934,reserve,park,include,vicmap_foi,1341274
vicmap_foi_1341275,Pippen Loop Reserve,Pippen Loop Reserve,vicmap_name_label,park_and_garden,high,MELTON,144.722713291,-37.720410961,reserve,park,include,vicmap_foi,1341275
vicmap_foi_1341276,Bradfield/Roma Courthead,Bradfield/Roma Courthead,vicmap_name_label,park_and_garden,high,MELTON,144.744505301,-37.721151443,reserve,park,include,vicmap_foi,1341276
vicmap_foi_1341277,Rockland Court Closure,Rockland Court Closure,vicmap_name_label,park_and_garden,high,MELTON,144.760316813,-37.710220615,reserve,park,include,vicmap_foi,1341277
vicmap_foi_1341278,Manly Court Closure,Manly Court Closure,vicmap_name_label,park_and_garden,high,MELTON,144.745229889,-37.710781311,reserve,park,include,vicmap_foi,1341278
vicmap_foi_1341280,George Street Entry Reserve,George Street Entry Reserve,vicmap_name_label,park_and_garden,high,MELTON,144.748631084,-37.711034823,reserve,park,include,vicmap_foi,1341280
vicmap_foi_1341281,Bennet Street Closure,Bennet Street Closure,vicmap_name_label,park_and_garden,high,MELTON,144.759781042,-37.711588667,reserve,park,include,vicmap_foi,1341281
vicmap_foi_1341282,Mccubbin Way Biodiversity Reserve,Mccubbin Way Biodiversity Reserve,vicmap_name_label,park_and_garden,high,MELTON,144.734420523,-37.711954178,reserve,park,include,vicmap_foi,1341282
vicmap_foi_1341283,Gibsons Circuit Ext Reserve,Gibsons Circuit Ext Reserve,vicmap_name_label,park_and_garden,high,MELTON,144.68287882,-37.711747947,reserve,park,include,vicmap_foi,1341283
vicmap_foi_1341285,Bramley Place Courthead,Bramley Place Courthead,vicmap_name_label,park_and_garden,high,MELTON,144.725854718,-37.712085096,reserve,park,include,vicmap_foi,1341285
vicmap_foi_1341286,Sundar Place Reserve,Sundar Place Reserve,vicmap_name_label,park_and_garden,high,MELTON,144.662088828,-37.743949014,reserve,park,include,vicmap_foi,1341286
vicmap_foi_1333461,Bray Street Drainage Reserve,Bray Street Drainage Reserve,vicmap_name_label,park_and_garden,high,MELTON,144.699799478,-37.732836776,reserve,park,include,vicmap_foi,1333461
vicmap_foi_1333501,Eliza Park Drive Ext Reserve,Eliza Park Drive Ext Reserve,vicmap_name_label,park_and_garden,high,MELTON,144.575680351,-37.719957672,reserve,park,include,vicmap_foi,1333501
vicmap_foi_1333502,Grappenhall Avenue Reserve,Grappenhall Avenue Reserve,vicmap_name_label,park_and_garden,high,MELTON,144.592940518,-37.729676593,reserve,park,include,vicmap_foi,1333502
vicmap_foi_1334940,Bluebottle Parade Reserve,Bluebottle Parade Reserve,vicmap_name_label,park_and_garden,high,MELTON,144.645550745,-37.742906189,reserve,park,include,vicmap_foi,1334940
vicmap_foi_1334941,Fuller Road Reserve,Fuller Road Reserve,vicmap_name_label,park_and_garden,high,MELTON,144.751531434,-37.771022457,reserve,park,include,vicmap_foi,1334941
vicmap_foi_1334957,Moylan Drive Drainage Reserve,Moylan Drive Drainage Reserve,vicmap_name_label,park_and_garden,high,MELTON,144.641952823,-37.734430093,reserve,park,include,vicmap_foi,1334957
vicmap_foi_1334989,Trapani Grove Reserve,Trapani Grove Reserve,vicmap_name_label,park_and_garden,high,MELTON,144.711603477,-37.720901839,reserve,park,include,vicmap_foi,1334989
vicmap_foi_1335039,Unnamed Park - Melton,,generated_fallback,park_and_garden,high,MELTON,144.709420762,-37.703032175,reserve,park,include,vicmap_foi,1335039
vicmap_foi_1335075,Faldo Street Reserve,Faldo Street Reserve,vicmap_name_label,park_and_garden,high,MELTON,144.6688243,-37.716361283,reserve,park,include,vicmap_foi,1335075
vicmap_foi_1335112,Shadforth Close Closure,Shadforth Close Closure,vicmap_name_label,park_and_garden,high,MELTON,144.756385023,-37.710626381,reserve,park,include,vicmap_foi,1335112
vicmap_foi_1336724,Beatty Park,Beatty Park,vicmap_name_label,park_and_garden,high,MELTON,144.570706727,-37.676530844,reserve,park,include,vicmap_foi,1336724
vicmap_foi_1340262,Cavesson Road Reserve,Cavesson Road Reserve,vicmap_name_label,park_and_garden,high,MELTON,144.714640992,-37.705797305,reserve,park,include,vicmap_foi,1340262
vicmap_foi_1340322,Sesame Street Reserve,Sesame Street Reserve,vicmap_name_label,park_and_garden,high,MELTON,144.70004981,-37.707408211,reserve,park,include,vicmap_foi,1340322
vicmap_foi_1340323,Unnamed Park - Melton,,generated_fallback,park_and_garden,high,MELTON,144.678822843,-37.711464864,reserve,park,include,vicmap_foi,1340323
vicmap_foi_1341288,Caves/Nullabor Courthead,Caves/Nullabor Courthead,vicmap_name_label,park_and_garden,high,MELTON,144.724986289,-37.745798297,reserve,park,include,vicmap_foi,1341288
vicmap_foi_1341289,Milano Road Reserve,Milano Road Reserve,vicmap_name_label,park_and_garden,high,MELTON,144.755425165,-37.747335818,reserve,park,include,vicmap_foi,1341289
vicmap_foi_1341290,Greigs Road Werribee River Biodiversity Reserve,Greigs Road Werribee River Biodiversity Reserve,vicmap_name_label,park_and_garden,high,MELTON,144.578289552,-37.748030936,reserve,park,include,vicmap_foi,1341290
vicmap_foi_1341292,Catani Court Courthead,Catani Court Courthead,vicmap_name_label,park_and_garden,high,MELTON,144.750155212,-37.727986919,reserve,park,include,vicmap_foi,1341292
vicmap_foi_1341293,Deakin/Lyons Courthead,Deakin/Lyons Courthead,vicmap_name_label,park_and_garden,high,MELTON,144.759047353,-37.728161555,reserve,park,include,vicmap_foi,1341293
vicmap_foi_1341294,Kororoit Creek The Ridge Biodiversity Reserve,Kororoit Creek The Ridge Biodiversity Reserve,vicmap_name_label,park_and_garden,high,MELTON,144.7311168,-37.729250841,reserve,park,include,vicmap_foi,1341294
vicmap_foi_1341296,Stanthorp Street Courthead,Stanthorp Street Courthead,vicmap_name_label,park_and_garden,high,MELTON,144.75594218,-37.732732474,reserve,park,include,vicmap_foi,1341296
vicmap_foi_1341299,Kororoit Creek Reserve South - The Crossing To Caroline Springs Boulevard,Kororoit Creek Reserve South - The Crossing To Caroline Springs Boulevard,vicmap_name_label,park_and_garden,high,MELTON,144.734203644,-37.734755817,reserve,park,include,vicmap_foi,1341299
vicmap_foi_1341300,The Crossing Biodiversity Reserve,The Crossing Biodiversity Reserve,vicmap_name_label,park_and_garden,high,MELTON,144.735317982,-37.734125748,reserve,park,include,vicmap_foi,1341300
vicmap_foi_1341301,Warangal Way Reserve,Warangal Way Reserve,vicmap_name_label,park_and_garden,high,MELTON,144.700868447,-37.734871156,reserve,park,include,vicmap_foi,1341301
vicmap_foi_1341302,Creekview Place Reserve,Creekview Place Reserve,vicmap_name_label,park_and_garden,high,MELTON,144.735635605,-37.735167278,reserve,park,include,vicmap_foi,1341302
vicmap_foi_1341303,The Strand Reserve,The Strand Reserve,vicmap_name_label,park_and_garden,high,MELTON,144.742859139,-37.73553482,reserve,park,include,vicmap_foi,1341303
vicmap_foi_1341304,Florida Court Courthead,Florida Court Courthead,vicmap_name_label,park_and_garden,high,MELTON,144.748906853,-37.736057894,reserve,park,include,vicmap_foi,1341304
vicmap_foi_1341305,Kororoit Creek Southbank Reserve,Kororoit Creek Southbank Reserve,vicmap_name_label,park_and_garden,high,MELTON,144.752432444,-37.741682337,reserve,park,include,vicmap_foi,1341305
vicmap_foi_1341307,Haslam/Ordsall Courthead,Haslam/Ordsall Courthead,vicmap_name_label,park_and_garden,high,MELTON,144.727565671,-37.742940316,reserve,park,include,vicmap_foi,1341307
vicmap_foi_1341308,Mcgee/Tatiana Courthead,Mcgee/Tatiana Courthead,vicmap_name_label,park_and_garden,high,MELTON,144.747162029,-37.743764724,reserve,park,include,vicmap_foi,1341308
vicmap_foi_1341309,Burbidge Street Reserve,Burbidge Street Reserve,vicmap_name_label,park_and_garden,high,MELTON,144.689097695,-37.757321473,reserve,park,include,vicmap_foi,1341309
vicmap_foi_1341310,Sankuru Road Ext Reserve,Sankuru Road Ext Reserve,vicmap_name_label,park_and_garden,high,MELTON,144.689896279,-37.770868511,reserve,park,include,vicmap_foi,1341310
vicmap_foi_1341311,Hazelmere Avenue Reserve,Hazelmere Avenue Reserve,vicmap_name_label,park_and_garden,high,MELTON,144.546077842,-37.780154875,reserve,park,include,vicmap_foi,1341311
vicmap_foi_1341315,Mccorkells Road South Biodiversity Reserve,Mccorkells Road South Biodiversity Reserve,vicmap_name_label,park_and_garden,high,MELTON,144.584055812,-37.624092881,reserve,park,include,vicmap_foi,1341315
vicmap_foi_1341318,Sheepyard Way Reserve,Sheepyard Way Reserve,vicmap_name_label,park_and_garden,high,MELTON,144.704419884,-37.624147461,reserve,park,include,vicmap_foi,1341318
vicmap_foi_1341319,Browning Street Reserve,Browning Street Reserve,vicmap_name_label,park_and_garden,high,MELTON,144.714770365,-37.62534198,reserve,park,include,vicmap_foi,1341319
vicmap_foi_1341320,Tame Street Linear Reserve,Tame Street Linear Reserve,vicmap_name_label,park_and_garden,high,MELTON,144.719138643,-37.628358975,reserve,park,include,vicmap_foi,1341320
vicmap_foi_1341326,Little Blind Creek Centenary Avenue To Gunnawarra Road Environmental Reserve,Little Blind Creek Centenary Avenue To Gunnawarra Road Environmental Reserve,vicmap_name_label,park_and_garden,high,MELTON,144.594619671,-37.671660642,reserve,park,include,vicmap_foi,1341326
vicmap_foi_635196,Fairway Reserve,Fairway Reserve,vicmap_name_label,park_and_garden,high,MONASH,145.122672262,-37.891046276,reserve,park,include,vicmap_foi,635196
vicmap_foi_78330,Unnamed Park - Monash,,generated_fallback,park_and_garden,high,MONASH,145.129267069,-37.89045759,reserve,park,include,vicmap_foi,78330
vicmap_foi_1340566,Boyd Lane Reserve,Boyd Lane Reserve,vicmap_name_label,park_and_garden,high,MELTON,144.726260385,-37.699673595,reserve,park,include,vicmap_foi,1340566
vicmap_foi_1340647,Sirdar Street Reserve,Sirdar Street Reserve,vicmap_name_label,park_and_garden,high,MELTON,144.580706598,-37.677133465,reserve,park,include,vicmap_foi,1340647
vicmap_foi_1341693,Brookside Recreation Reserve,Brookside Recreation Reserve,vicmap_name_label,park_and_garden,high,MELTON,144.736750836,-37.744652081,reserve,park,include,vicmap_foi,1341693
vicmap_foi_1341873,Burnside Heights Recreation Reserve,Burnside Heights Recreation Reserve,vicmap_name_label,park_and_garden,high,MELTON,144.755066306,-37.736658801,reserve,park,include,vicmap_foi,1341873
vicmap_foi_1341935,Taylors Hill Recreation Reserve,Taylors Hill Recreation Reserve,vicmap_name_label,park_and_garden,high,MELTON,144.753559418,-37.712877007,reserve,park,include,vicmap_foi,1341935
vicmap_foi_1341966,Hillside Recreation Reserve,Hillside Recreation Reserve,vicmap_name_label,park_and_garden,high,MELTON,144.738402722,-37.68468865,reserve,park,include,vicmap_foi,1341966
vicmap_foi_1341992,Springside Recreation Reserve,Springside Recreation Reserve,vicmap_name_label,park_and_garden,high,MELTON,144.736811743,-37.712013747,reserve,park,include,vicmap_foi,1341992
vicmap_foi_1342004,Blackwood Drive Recreation Reserve,Blackwood Drive Recreation Reserve,vicmap_name_label,park_and_garden,high,MELTON,144.571539461,-37.692773885,reserve,park,include,vicmap_foi,1342004
vicmap_foi_643568,Unnamed Park - Monash,,generated_fallback,park_and_garden,high,MONASH,145.145149728,-37.907972589,reserve,park,include,vicmap_foi,643568
vicmap_foi_634293,Carinya Gardens,Carinya Gardens,vicmap_name_label,park_and_garden,high,MELTON,144.75248409,-37.751974008,reserve,park,include,vicmap_foi,634293
vicmap_foi_650439,West Melton Recreation Reserve,West Melton Recreation Reserve,vicmap_name_label,park_and_garden,high,MELTON,144.563195896,-37.681898544,reserve,park,include,vicmap_foi,650439
vicmap_foi_981573,Caroline Springs Recreation Reserve,Caroline Springs Recreation Reserve,vicmap_name_label,park_and_garden,high,MELTON,144.73783681,-37.732246085,reserve,park,include,vicmap_foi,981573
vicmap_foi_638576,Arnolds Creek Linear Reserve - River Views Road,Arnolds Creek Linear Reserve - River Views Road,vicmap_name_label,park_and_garden,high,MELTON,144.549262193,-37.670429124,reserve,park,include,vicmap_foi,638576
vicmap_foi_639166,Reefton Lane Buffer Reserve,Reefton Lane Buffer Reserve,vicmap_name_label,park_and_garden,high,MELTON,144.572774978,-37.788959537,reserve,park,include,vicmap_foi,639166
vicmap_foi_652431,Macpherson Park,Macpherson Park,vicmap_name_label,park_and_garden,high,MELTON,144.565489608,-37.636208679,reserve,park,include,vicmap_foi,652431
vicmap_foi_1340557,Stan Payne Reserve,Stan Payne Reserve,vicmap_name_label,park_and_garden,high,MELTON,144.721272438,-37.628977306,reserve,park,include,vicmap_foi,1340557
vicmap_foi_1341108,Cradle Road Reserve,Cradle Road Reserve,vicmap_name_label,park_and_garden,high,MELTON,144.712805154,-37.622240943,reserve,park,include,vicmap_foi,1341108
vicmap_foi_1340807,Bullum Bullum Biodiversity Reserve,Bullum Bullum Biodiversity Reserve,vicmap_name_label,park_and_garden,high,MELTON,144.756995115,-37.756012065,reserve,park,include,vicmap_foi,1340807
vicmap_foi_1340837,Bushs Paddock Biodiversity Reserve,Bushs Paddock Biodiversity Reserve,vicmap_name_label,park_and_garden,high,MELTON,144.60421226,-37.759808754,reserve,park,include,vicmap_foi,1340837
vicmap_foi_1340961,The Willows,The Willows,vicmap_name_label,park_and_garden,high,MELTON,144.587569872,-37.686060344,reserve,park,include,vicmap_foi,1340961
vicmap_foi_1341313,Drake Court Reserve,Drake Court Reserve,vicmap_name_label,park_and_garden,high,MELTON,144.585927606,-37.676720851,reserve,park,include,vicmap_foi,1341313
vicmap_foi_1341437,Police Paddock Reserve,Police Paddock Reserve,vicmap_name_label,park_and_garden,high,MELTON,144.587768104,-37.683420409,reserve,park,include,vicmap_foi,1341437
vicmap_foi_76074,Kurrajong Crescent Reserve,Kurrajong Crescent Reserve,vicmap_name_label,park_and_garden,high,MELTON,144.574393932,-37.701361084,reserve,park,include,vicmap_foi,76074
vicmap_foi_1340501,Bridge Road Recreation Reserve,Bridge Road Recreation Reserve,vicmap_name_label,park_and_garden,high,MELTON,144.585872722,-37.716584849,reserve,park,include,vicmap_foi,1340501
vicmap_foi_69911,Brandon Park Reserve,Brandon Park Reserve,vicmap_name_label,park_and_garden,high,MONASH,145.164836199,-37.902365127,reserve,park,include,vicmap_foi,69911
vicmap_foi_70738,Gladeswood Reserve,Gladeswood Reserve,vicmap_name_label,park_and_garden,high,MONASH,145.197541014,-37.930693111,reserve,park,include,vicmap_foi,70738
vicmap_foi_71103,Jordan Reserve,Jordan Reserve,vicmap_name_label,park_and_garden,high,MONASH,145.108100449,-37.876819387,reserve,park,include,vicmap_foi,71103
vicmap_foi_78335,Unnamed Park - Monash,,generated_fallback,park_and_garden,high,MONASH,145.116271237,-37.889067975,reserve,park,include,vicmap_foi,78335
vicmap_foi_78389,Unnamed Park - Monash,,generated_fallback,park_and_garden,high,MONASH,145.175737659,-37.897194063,reserve,park,include,vicmap_foi,78389
vicmap_foi_78482,Unnamed Park - Monash,,generated_fallback,park_and_garden,high,MONASH,145.102934369,-37.912430799,reserve,park,include,vicmap_foi,78482
vicmap_foi_80762,W A Scammell Reserve,W A Scammell Reserve,vicmap_name_label,park_and_garden,high,MONASH,145.09290747,-37.911585401,reserve,park,include,vicmap_foi,80762
vicmap_foi_634408,Parkin Avenue Reserve,Parkin Avenue Reserve,vicmap_name_label,park_and_garden,high,MELTON,144.744590391,-37.745039122,reserve,park,include,vicmap_foi,634408
vicmap_foi_634498,Kenswick Drive Reserve,Kenswick Drive Reserve,vicmap_name_label,park_and_garden,high,MELTON,144.755791794,-37.686850022,reserve,park,include,vicmap_foi,634498
vicmap_foi_634613,Norm Raven Reserve,Norm Raven Reserve,vicmap_name_label,park_and_garden,high,MELTON,144.716423526,-37.626289474,reserve,park,include,vicmap_foi,634613
vicmap_foi_634675,Punjel Drive Reserve,Punjel Drive Reserve,vicmap_name_label,park_and_garden,high,MELTON,144.723030488,-37.62659844,reserve,park,include,vicmap_foi,634675
vicmap_foi_634710,Royal Crescent Reserve,Royal Crescent Reserve,vicmap_name_label,park_and_garden,high,MELTON,144.739267866,-37.689082397,reserve,park,include,vicmap_foi,634710
vicmap_foi_638524,Scarlet Oak Reserve,Scarlet Oak Reserve,vicmap_name_label,park_and_garden,high,MELTON,144.567795163,-37.659219561,reserve,park,include,vicmap_foi,638524
vicmap_foi_638619,Arthur Westlake Recreation Reserve,Arthur Westlake Recreation Reserve,vicmap_name_label,park_and_garden,high,MELTON,144.549461456,-37.679592326,reserve,park,include,vicmap_foi,638619
vicmap_foi_638649,Grandview Park,Grandview Park,vicmap_name_label,park_and_garden,high,MELTON,144.744124009,-37.68847084,reserve,park,include,vicmap_foi,638649
vicmap_foi_638672,Botanica Springs Linear Reserve,Botanica Springs Linear Reserve,vicmap_name_label,park_and_garden,high,MELTON,144.550032227,-37.694323164,reserve,park,include,vicmap_foi,638672
vicmap_foi_638684,Stretton Drive Reserve,Stretton Drive Reserve,vicmap_name_label,park_and_garden,high,MELTON,144.552803641,-37.69513505,reserve,park,include,vicmap_foi,638684
vicmap_foi_638699,Childs Street West Reserve,Childs Street West Reserve,vicmap_name_label,park_and_garden,high,MELTON,144.569312328,-37.697249824,reserve,park,include,vicmap_foi,638699
vicmap_foi_638725,Acacia Crescent Reserve,Acacia Crescent Reserve,vicmap_name_label,park_and_garden,high,MELTON,144.574756548,-37.700212302,reserve,park,include,vicmap_foi,638725
vicmap_foi_638734,Allenby Road Reserve,Allenby Road Reserve,vicmap_name_label,park_and_garden,high,MELTON,144.744946549,-37.702143641,reserve,park,include,vicmap_foi,638734
vicmap_foi_638873,George Street Reserve,George Street Reserve,vicmap_name_label,park_and_garden,high,MELTON,144.748751877,-37.716207096,reserve,park,include,vicmap_foi,638873
vicmap_foi_638889,Cardinia Crescent Reserve,Cardinia Crescent Reserve,vicmap_name_label,park_and_garden,high,MELTON,144.76381411,-37.718665175,reserve,park,include,vicmap_foi,638889
vicmap_foi_638998,Inglewood Park,Inglewood Park,vicmap_name_label,park_and_garden,high,MELTON,144.755991896,-37.730658973,reserve,park,include,vicmap_foi,638998
vicmap_foi_647157,Scott Street Reserve,Scott Street Reserve,vicmap_name_label,park_and_garden,high,MELTON,144.575070024,-37.677552516,reserve,park,include,vicmap_foi,647157
vicmap_foi_647159,Hillcrest Drive Reserve,Hillcrest Drive Reserve,vicmap_name_label,park_and_garden,high,MELTON,144.73140608,-37.678514757,reserve,park,include,vicmap_foi,647159
vicmap_foi_647163,Killarney Lakes Reserve,Killarney Lakes Reserve,vicmap_name_label,park_and_garden,high,MELTON,144.606418356,-37.67985446,reserve,park,include,vicmap_foi,647163
vicmap_foi_647166,Emil Court Reserve,Emil Court Reserve,vicmap_name_label,park_and_garden,high,MELTON,144.578222661,-37.678883041,reserve,park,include,vicmap_foi,647166
vicmap_foi_647179,Westlake Drive Reserve,Westlake Drive Reserve,vicmap_name_label,park_and_garden,high,MELTON,144.544286127,-37.680541348,reserve,park,include,vicmap_foi,647179
vicmap_foi_647204,The Outlook Reserve,The Outlook Reserve,vicmap_name_label,park_and_garden,high,MELTON,144.74528629,-37.683954642,reserve,park,include,vicmap_foi,647204
vicmap_foi_647381,The Point Reserve,The Point Reserve,vicmap_name_label,park_and_garden,high,MELTON,144.745452198,-37.736940973,reserve,park,include,vicmap_foi,647381
vicmap_foi_647407,Millennium Gardens,Millennium Gardens,vicmap_name_label,park_and_garden,high,MELTON,144.736565719,-37.746993213,reserve,park,include,vicmap_foi,647407
vicmap_foi_986617,Darwin Street Reserve,Darwin Street Reserve,vicmap_name_label,park_and_garden,high,MELTON,144.75797564,-37.71103391,reserve,park,include,vicmap_foi,986617
vicmap_foi_1140351,Atherstone Entry Park,Atherstone Entry Park,vicmap_name_label,park_and_garden,high,MELTON,144.598129434,-37.717468847,reserve,park,include,vicmap_foi,1140351
vicmap_foi_1140442,Auburn Drive Reserve,Auburn Drive Reserve,vicmap_name_label,park_and_garden,high,MELTON,144.721997346,-37.715697526,reserve,park,include,vicmap_foi,1140442
vicmap_foi_1140444,Oldbridge Boulevard Reserve,Oldbridge Boulevard Reserve,vicmap_name_label,park_and_garden,high,MELTON,144.570256162,-37.731033061,reserve,park,include,vicmap_foi,1140444
vicmap_foi_1140523,Lake Caroline Waterfront,Lake Caroline Waterfront,vicmap_name_label,park_and_garden,high,MELTON,144.743892551,-37.733326658,reserve,park,include,vicmap_foi,1140523
vicmap_foi_1140568,Lancefield Circuit Reserve,Lancefield Circuit Reserve,vicmap_name_label,park_and_garden,high,MELTON,144.558042796,-37.7968099,reserve,park,include,vicmap_foi,1140568
vicmap_foi_1140703,Parkview Street Reserve,Parkview Street Reserve,vicmap_name_label,park_and_garden,high,MELTON,144.572169427,-37.655320336,reserve,park,include,vicmap_foi,1140703
vicmap_foi_1155946,Kipling Circuit Reserve,Kipling Circuit Reserve,vicmap_name_label,park_and_garden,high,MELTON,144.712146018,-37.626711587,reserve,park,include,vicmap_foi,1155946
vicmap_foi_1156109,Bloomdale Avenue Reserve,Bloomdale Avenue Reserve,vicmap_name_label,park_and_garden,high,MELTON,144.702966035,-37.616352029,reserve,park,include,vicmap_foi,1156109
vicmap_foi_1164424,Parkleigh Reserve,Parkleigh Reserve,vicmap_name_label,park_and_garden,high,MELTON,144.573897671,-37.659241097,reserve,park,include,vicmap_foi,1164424
vicmap_foi_1217255,Lagoon Drive Reserve,Lagoon Drive Reserve,vicmap_name_label,park_and_garden,high,MELTON,144.673931799,-37.715963854,reserve,park,include,vicmap_foi,1217255
vicmap_foi_1217476,Torrance Drive Reserve,Torrance Drive Reserve,vicmap_name_label,park_and_garden,high,MELTON,144.567047914,-37.654345325,reserve,park,include,vicmap_foi,1217476
vicmap_foi_1249253,Malone Circuit Reserve,Malone Circuit Reserve,vicmap_name_label,park_and_garden,high,MELTON,144.722720358,-37.72276333,reserve,park,include,vicmap_foi,1249253
vicmap_foi_1249308,Frontier Avenue Reserve,Frontier Avenue Reserve,vicmap_name_label,park_and_garden,high,MELTON,144.671264839,-37.726887977,reserve,park,include,vicmap_foi,1249308
vicmap_foi_1249568,Tamboritha Boulevard Reserve,Tamboritha Boulevard Reserve,vicmap_name_label,park_and_garden,high,MELTON,144.568875103,-37.7264907,reserve,park,include,vicmap_foi,1249568
vicmap_foi_1277082,Parklea Way Reserve,Parklea Way Reserve,vicmap_name_label,park_and_garden,high,MELTON,144.632013188,-37.718755681,reserve,park,include,vicmap_foi,1277082
vicmap_foi_1277123,Chateau Prom Reserve,Chateau Prom Reserve,vicmap_name_label,park_and_garden,high,MELTON,144.713813688,-37.721185006,reserve,park,include,vicmap_foi,1277123
vicmap_foi_1277128,Altezze Drive Reserve,Altezze Drive Reserve,vicmap_name_label,park_and_garden,high,MELTON,144.680375867,-37.749914023,reserve,park,include,vicmap_foi,1277128
vicmap_foi_1277226,Lynwood Drive Reserve,Lynwood Drive Reserve,vicmap_name_label,park_and_garden,high,MELTON,144.622323376,-37.720583716,reserve,park,include,vicmap_foi,1277226
vicmap_foi_1277275,Aintree Town Centre Reserve,Aintree Town Centre Reserve,vicmap_name_label,park_and_garden,high,MELTON,144.669749979,-37.722029989,reserve,park,include,vicmap_foi,1277275
vicmap_foi_1277279,Goulburn Way Reserve,Goulburn Way Reserve,vicmap_name_label,park_and_garden,high,MELTON,144.544982773,-37.782435258,reserve,park,include,vicmap_foi,1277279
vicmap_foi_1277423,Bouquet Circuit Reserve,Bouquet Circuit Reserve,vicmap_name_label,park_and_garden,high,MELTON,144.69760371,-37.623173384,reserve,park,include,vicmap_foi,1277423
vicmap_foi_1277431,Panaia Boulevard Reserve,Panaia Boulevard Reserve,vicmap_name_label,park_and_garden,high,MELTON,144.676060424,-37.748739291,reserve,park,include,vicmap_foi,1277431
vicmap_foi_1305253,Rushmore Way Drainage Reserve,Rushmore Way Drainage Reserve,vicmap_name_label,park_and_garden,high,MELTON,144.691202892,-37.715270991,reserve,park,include,vicmap_foi,1305253
vicmap_foi_1305331,Opera Boulevard Drainage Channel Reserve,Opera Boulevard Drainage Channel Reserve,vicmap_name_label,park_and_garden,high,MELTON,144.692252988,-37.713580765,reserve,park,include,vicmap_foi,1305331
vicmap_foi_1305368,Louisville Drive Reserve,Louisville Drive Reserve,vicmap_name_label,park_and_garden,high,MELTON,144.626476599,-37.71851336,reserve,park,include,vicmap_foi,1305368
vicmap_foi_1305384,Mamic Boulevard - Reserve,Mamic Boulevard - Reserve,vicmap_name_label,park_and_garden,high,MELTON,144.720459601,-37.700787141,reserve,park,include,vicmap_foi,1305384
vicmap_foi_1305388,Sedate Drive Reserve,Sedate Drive Reserve,vicmap_name_label,park_and_garden,high,MELTON,144.653480168,-37.739448321,reserve,park,include,vicmap_foi,1305388
vicmap_foi_1313704,Mushu Street Reserve,Mushu Street Reserve,vicmap_name_label,park_and_garden,high,MELTON,144.707208388,-37.720290492,reserve,park,include,vicmap_foi,1313704
vicmap_foi_1314985,Unnamed Park - Melton,,generated_fallback,park_and_garden,high,MELTON,144.545298285,-37.702862265,reserve,park,include,vicmap_foi,1314985
vicmap_foi_1314986,Cart Road Reserve,Cart Road Reserve,vicmap_name_label,park_and_garden,high,MELTON,144.71499843,-37.704289152,reserve,park,include,vicmap_foi,1314986
vicmap_foi_1315013,Walcho Street Reserve,Walcho Street Reserve,vicmap_name_label,park_and_garden,high,MELTON,144.679156319,-37.762353393,reserve,park,include,vicmap_foi,1315013
vicmap_foi_1315056,Sumac Street Reserve,Sumac Street Reserve,vicmap_name_label,park_and_garden,high,MELTON,144.54657527,-37.690262108,reserve,park,include,vicmap_foi,1315056
vicmap_foi_1315083,Buckingham Boulevard Reserve,Buckingham Boulevard Reserve,vicmap_name_label,park_and_garden,high,MELTON,144.611425266,-37.724709076,reserve,park,include,vicmap_foi,1315083
vicmap_foi_1315109,Redbank Street Reserve,Redbank Street Reserve,vicmap_name_label,park_and_garden,high,MELTON,144.54696465,-37.786644236,reserve,park,include,vicmap_foi,1315109
vicmap_foi_1333303,Opera Boulevard Reserve,Opera Boulevard Reserve,vicmap_name_label,park_and_garden,high,MELTON,144.691168242,-37.712847339,reserve,park,include,vicmap_foi,1333303
vicmap_foi_1333335,Macadamia Way Reserve,Macadamia Way Reserve,vicmap_name_label,park_and_garden,high,MELTON,144.693975644,-37.623187959,reserve,park,include,vicmap_foi,1333335
vicmap_foi_1333340,Kingsbury Road Park,Kingsbury Road Park,vicmap_name_label,park_and_garden,high,MELTON,144.693749356,-37.741111056,reserve,park,include,vicmap_foi,1333340
vicmap_foi_1333462,Clay Crescent Reserve,Clay Crescent Reserve,vicmap_name_label,park_and_garden,high,MELTON,144.660122267,-37.742918596,reserve,park,include,vicmap_foi,1333462
vicmap_foi_1334955,Shiloh Street Reserve,Shiloh Street Reserve,vicmap_name_label,park_and_garden,high,MELTON,144.70564773,-37.728113942,reserve,park,include,vicmap_foi,1334955
vicmap_foi_1334987,Wild Orchid Street Reserve,Wild Orchid Street Reserve,vicmap_name_label,park_and_garden,high,MELTON,144.54081144,-37.701154043,reserve,park,include,vicmap_foi,1334987
vicmap_foi_1334988,Wildwood Road Sports Reserve,Wildwood Road Sports Reserve,vicmap_name_label,park_and_garden,high,MELTON,144.66558892,-37.714990318,reserve,park,include,vicmap_foi,1334988
vicmap_foi_1341123,Wavell Parade Reserve,Wavell Parade Reserve,vicmap_name_label,park_and_garden,high,MELTON,144.723663763,-37.705546653,reserve,park,include,vicmap_foi,1341123
vicmap_foi_1340489,Marlo Drive Reserve,Marlo Drive Reserve,vicmap_name_label,park_and_garden,high,MELTON,144.556904665,-37.66823728,reserve,park,include,vicmap_foi,1340489
vicmap_foi_1335014,Anghor Drive Reserve,Anghor Drive Reserve,vicmap_name_label,park_and_garden,high,MELTON,144.696121464,-37.714136607,reserve,park,include,vicmap_foi,1335014
vicmap_foi_1336711,Maud Jan See Chin Reserve,Maud Jan See Chin Reserve,vicmap_name_label,park_and_garden,high,MELTON,144.571982382,-37.680646601,reserve,park,include,vicmap_foi,1336711
vicmap_foi_1340369,Bolton Street Reserve,Bolton Street Reserve,vicmap_name_label,park_and_garden,high,MELTON,144.555699878,-37.713182557,reserve,park,include,vicmap_foi,1340369
vicmap_foi_1340476,Hannah Watts Park,Hannah Watts Park,vicmap_name_label,park_and_garden,high,MELTON,144.588668035,-37.683813065,reserve,park,include,vicmap_foi,1340476
vicmap_foi_1340477,Melton Recreation Reserve,Melton Recreation Reserve,vicmap_name_label,park_and_garden,high,MELTON,144.590540556,-37.685518676,reserve,park,include,vicmap_foi,1340477
vicmap_foi_1340478,Gretel Grove Reserve,Gretel Grove Reserve,vicmap_name_label,park_and_garden,high,MELTON,144.582852418,-37.690618064,reserve,park,include,vicmap_foi,1340478
vicmap_foi_1340479,Fieldstone Way Reserve,Fieldstone Way Reserve,vicmap_name_label,park_and_garden,high,MELTON,144.552916637,-37.690859972,reserve,park,include,vicmap_foi,1340479
vicmap_foi_1340480,Cheshire Avenue Reserve,Cheshire Avenue Reserve,vicmap_name_label,park_and_garden,high,MELTON,144.578569774,-37.696217306,reserve,park,include,vicmap_foi,1340480
vicmap_foi_1340481,Fantail Way Reserve,Fantail Way Reserve,vicmap_name_label,park_and_garden,high,MELTON,144.548250726,-37.708634132,reserve,park,include,vicmap_foi,1340481
vicmap_foi_1340483,Arbourton Park,Arbourton Park,vicmap_name_label,park_and_garden,high,MELTON,144.657251804,-37.722658858,reserve,park,include,vicmap_foi,1340483
vicmap_foi_1340488,Archer Drive Reserve,Archer Drive Reserve,vicmap_name_label,park_and_garden,high,MELTON,144.597202016,-37.657699019,reserve,park,include,vicmap_foi,1340488
vicmap_foi_1340490,Kurunjang Recreation Reserve,Kurunjang Recreation Reserve,vicmap_name_label,park_and_garden,high,MELTON,144.584003106,-37.673732328,reserve,park,include,vicmap_foi,1340490
vicmap_foi_1340498,Boronia Drive Reserve,Boronia Drive Reserve,vicmap_name_label,park_and_garden,high,MELTON,144.736204404,-37.702882776,reserve,park,include,vicmap_foi,1340498
vicmap_foi_1340499,Duloe Rise Reserve,Duloe Rise Reserve,vicmap_name_label,park_and_garden,high,MELTON,144.589900037,-37.711636938,reserve,park,include,vicmap_foi,1340499
vicmap_foi_1340500,Bloomsbury Drive Reserve,Bloomsbury Drive Reserve,vicmap_name_label,park_and_garden,high,MELTON,144.759453678,-37.713829295,reserve,park,include,vicmap_foi,1340500
vicmap_foi_1340502,Bullion Park,Bullion Park,vicmap_name_label,park_and_garden,high,MELTON,144.658193183,-37.718977761,reserve,park,include,vicmap_foi,1340502
vicmap_foi_1340503,Arbour Boulevard Central Reserve,Arbour Boulevard Central Reserve,vicmap_name_label,park_and_garden,high,MELTON,144.751671139,-37.732224816,reserve,park,include,vicmap_foi,1340503
vicmap_foi_1340504,Salina Walk Reserve,Salina Walk Reserve,vicmap_name_label,park_and_garden,high,MELTON,144.740253162,-37.740200674,reserve,park,include,vicmap_foi,1340504
vicmap_foi_1340515,Westmelton Drive Reserve,Westmelton Drive Reserve,vicmap_name_label,park_and_garden,high,MELTON,144.560063872,-37.675187987,reserve,park,include,vicmap_foi,1340515
vicmap_foi_1340520,Rosina Drive Reserve,Rosina Drive Reserve,vicmap_name_label,park_and_garden,high,MELTON,144.570643402,-37.687054295,reserve,park,include,vicmap_foi,1340520
vicmap_foi_1340521,Childs Street East Reserve,Childs Street East Reserve,vicmap_name_label,park_and_garden,high,MELTON,144.572977086,-37.697755229,reserve,park,include,vicmap_foi,1340521
vicmap_foi_1340522,Lunar Way Reserve,Lunar Way Reserve,vicmap_name_label,park_and_garden,high,MELTON,144.728802025,-37.709464555,reserve,park,include,vicmap_foi,1340522
vicmap_foi_1340523,Kirribilli Park,Kirribilli Park,vicmap_name_label,park_and_garden,high,MELTON,144.743597525,-37.715829241,reserve,park,include,vicmap_foi,1340523
vicmap_foi_1340524,Addicott Way Reserve,Addicott Way Reserve,vicmap_name_label,park_and_garden,high,MELTON,144.750681357,-37.716659729,reserve,park,include,vicmap_foi,1340524
vicmap_foi_1340525,Illawong Terrace Reserve,Illawong Terrace Reserve,vicmap_name_label,park_and_garden,high,MELTON,144.755694058,-37.750134555,reserve,park,include,vicmap_foi,1340525
vicmap_foi_1340534,Centenary Park,Centenary Park,vicmap_name_label,park_and_garden,high,MELTON,144.574090134,-37.670239627,reserve,park,include,vicmap_foi,1340534
vicmap_foi_1340540,Mawson Gardens,Mawson Gardens,vicmap_name_label,park_and_garden,high,MELTON,144.725635529,-37.703520312,reserve,park,include,vicmap_foi,1340540
vicmap_foi_1340541,Dobell Crescent Reserve,Dobell Crescent Reserve,vicmap_name_label,park_and_garden,high,MELTON,144.738374924,-37.705077664,reserve,park,include,vicmap_foi,1340541
vicmap_foi_1340542,Heron Park,Heron Park,vicmap_name_label,park_and_garden,high,MELTON,144.763198979,-37.715907665,reserve,park,include,vicmap_foi,1340542
vicmap_foi_1340543,North Terrace Reserve,North Terrace Reserve,vicmap_name_label,park_and_garden,high,MELTON,144.741694401,-37.72000138,reserve,park,include,vicmap_foi,1340543
vicmap_foi_1340544,Nugget Park,Nugget Park,vicmap_name_label,park_and_garden,high,MELTON,144.666241767,-37.727001616,reserve,park,include,vicmap_foi,1340544
vicmap_foi_1340545,Montmarte Boulevard Reserve,Montmarte Boulevard Reserve,vicmap_name_label,park_and_garden,high,MELTON,144.753341867,-37.744326925,reserve,park,include,vicmap_foi,1340545
vicmap_foi_1340556,Splendour Circuit Reserve,Splendour Circuit Reserve,vicmap_name_label,park_and_garden,high,MELTON,144.701303795,-37.622988736,reserve,park,include,vicmap_foi,1340556
vicmap_foi_1340564,Judy Court Reserve,Judy Court Reserve,vicmap_name_label,park_and_garden,high,MELTON,144.582268109,-37.687949386,reserve,park,include,vicmap_foi,1340564
vicmap_foi_1340565,John Paul Drive Reserve,John Paul Drive Reserve,vicmap_name_label,park_and_garden,high,MELTON,144.750307271,-37.694233643,reserve,park,include,vicmap_foi,1340565
vicmap_foi_1340567,Wireless Park,Wireless Park,vicmap_name_label,park_and_garden,high,MELTON,144.66784124,-37.719462134,reserve,park,include,vicmap_foi,1340567
vicmap_foi_1340482,Frontier Park,Frontier Park,vicmap_name_label,park_and_garden,high,MELTON,144.663011527,-37.721579417,reserve,park,include,vicmap_foi,1340482
vicmap_foi_1340569,Botanical Drive Reserve,Botanical Drive Reserve,vicmap_name_label,park_and_garden,high,MELTON,144.733625027,-37.725200194,reserve,park,include,vicmap_foi,1340569
vicmap_foi_1340568,Lucas Terrace Reserve,Lucas Terrace Reserve,vicmap_name_label,park_and_garden,high,MELTON,144.749874564,-37.721406837,reserve,park,include,vicmap_foi,1340568
vicmap_foi_1340570,Jai Court Reserve,Jai Court Reserve,vicmap_name_label,park_and_garden,high,MELTON,144.74800511,-37.7454362,reserve,park,include,vicmap_foi,1340570
vicmap_foi_1340579,Kirkton Park,Kirkton Park,vicmap_name_label,park_and_garden,high,MELTON,144.596243801,-37.665037221,reserve,park,include,vicmap_foi,1340579
vicmap_foi_1340584,Fairhaven Boulevard Reserve,Fairhaven Boulevard Reserve,vicmap_name_label,park_and_garden,high,MELTON,144.551120133,-37.686963617,reserve,park,include,vicmap_foi,1340584
vicmap_foi_1340585,Banchory Green,Banchory Green,vicmap_name_label,park_and_garden,high,MELTON,144.748996905,-37.688355485,reserve,park,include,vicmap_foi,1340585
vicmap_foi_1340586,Taylors Hill Sports Park,Taylors Hill Sports Park,vicmap_name_label,park_and_garden,high,MELTON,144.745263417,-37.707341112,reserve,park,include,vicmap_foi,1340586
vicmap_foi_1340587,Melton South Recreation Reserve,Melton South Recreation Reserve,vicmap_name_label,park_and_garden,high,MELTON,144.576816371,-37.708495432,reserve,park,include,vicmap_foi,1340587
vicmap_foi_1340588,Wiltshire Boulevard Reserve,Wiltshire Boulevard Reserve,vicmap_name_label,park_and_garden,high,MELTON,144.622878968,-37.708228866,reserve,park,include,vicmap_foi,1340588
vicmap_foi_1340589,Oakview Parade Reserve,Oakview Parade Reserve,vicmap_name_label,park_and_garden,high,MELTON,144.73565087,-37.719365737,reserve,park,include,vicmap_foi,1340589
vicmap_foi_1340590,Parsley Street Reserve,Parsley Street Reserve,vicmap_name_label,park_and_garden,high,MELTON,144.735914377,-37.726060698,reserve,park,include,vicmap_foi,1340590
vicmap_foi_1340591,Arbour Boulevard North Reserve,Arbour Boulevard North Reserve,vicmap_name_label,park_and_garden,high,MELTON,144.752532046,-37.726996294,reserve,park,include,vicmap_foi,1340591
vicmap_foi_1340599,Peppercress Street Reserve,Peppercress Street Reserve,vicmap_name_label,park_and_garden,high,MELTON,144.70855876,-37.617906794,reserve,park,include,vicmap_foi,1340599
vicmap_foi_1340610,Fay Street Reserve,Fay Street Reserve,vicmap_name_label,park_and_garden,high,MELTON,144.575728264,-37.686852374,reserve,park,include,vicmap_foi,1340610
vicmap_foi_1340611,Wattle Place Reserve,Wattle Place Reserve,vicmap_name_label,park_and_garden,high,MELTON,144.566075601,-37.700714313,reserve,park,include,vicmap_foi,1340611
vicmap_foi_1340612,Morton Homestead,Morton Homestead,vicmap_name_label,park_and_garden,high,MELTON,144.755896279,-37.708777385,reserve,park,include,vicmap_foi,1340612
vicmap_foi_1340614,Embleton Chase Reserve,Embleton Chase Reserve,vicmap_name_label,park_and_garden,high,MELTON,144.572850819,-37.738574953,reserve,park,include,vicmap_foi,1340614
vicmap_foi_1340617,Castlemaine Drive Reserve,Castlemaine Drive Reserve,vicmap_name_label,park_and_garden,high,MELTON,144.558725981,-37.791801435,reserve,park,include,vicmap_foi,1340617
vicmap_foi_1340633,Warringah Reserve,Warringah Reserve,vicmap_name_label,park_and_garden,high,MELTON,144.753841238,-37.689797583,reserve,park,include,vicmap_foi,1340633
vicmap_foi_1340634,Lachlans Field,Lachlans Field,vicmap_name_label,park_and_garden,high,MELTON,144.75586831,-37.692365532,reserve,park,include,vicmap_foi,1340634
vicmap_foi_1340635,Turf Club Reserve,Turf Club Reserve,vicmap_name_label,park_and_garden,high,MELTON,144.57624854,-37.717543045,reserve,park,include,vicmap_foi,1340635
vicmap_foi_1340636,Barwon Street Reserve,Barwon Street Reserve,vicmap_name_label,park_and_garden,high,MELTON,144.753609125,-37.722287769,reserve,park,include,vicmap_foi,1340636
vicmap_foi_1340637,Jackwood Park,Jackwood Park,vicmap_name_label,park_and_garden,high,MELTON,144.661239426,-37.725180817,reserve,park,include,vicmap_foi,1340637
vicmap_foi_1340638,Cranwell Square,Cranwell Square,vicmap_name_label,park_and_garden,high,MELTON,144.748583611,-37.725660034,reserve,park,include,vicmap_foi,1340638
vicmap_foi_1340639,Pilbara Avenue Reserve,Pilbara Avenue Reserve,vicmap_name_label,park_and_garden,high,MELTON,144.752564597,-37.748548745,reserve,park,include,vicmap_foi,1340639
vicmap_foi_1340645,Stefan Drive Reserve,Stefan Drive Reserve,vicmap_name_label,park_and_garden,high,MELTON,144.567854783,-37.662383694,reserve,park,include,vicmap_foi,1340645
vicmap_foi_1340761,Northgate Linear Reserve,Northgate Linear Reserve,vicmap_name_label,park_and_garden,high,MELTON,144.739250395,-37.707945771,reserve,park,include,vicmap_foi,1340761
vicmap_foi_1340763,Cetona Street Reserve,Cetona Street Reserve,vicmap_name_label,park_and_garden,high,MELTON,144.721078755,-37.708401965,reserve,park,include,vicmap_foi,1340763
vicmap_foi_1340776,Fraser Street Reserve,Fraser Street Reserve,vicmap_name_label,park_and_garden,high,MELTON,144.580058688,-37.698731076,reserve,park,include,vicmap_foi,1340776
vicmap_foi_1340798,Springbank Park,Springbank Park,vicmap_name_label,park_and_garden,high,MELTON,144.763928827,-37.711202613,reserve,park,include,vicmap_foi,1340798
vicmap_foi_1340820,Boathouse Reserve,Boathouse Reserve,vicmap_name_label,park_and_garden,high,MELTON,144.746862491,-37.731863313,reserve,park,include,vicmap_foi,1340820
vicmap_foi_1340829,Honeydew Way Reserve,Honeydew Way Reserve,vicmap_name_label,park_and_garden,high,MELTON,144.660685956,-37.735624359,reserve,park,include,vicmap_foi,1340829
vicmap_foi_1340835,Cobblestone Green Reserve,Cobblestone Green Reserve,vicmap_name_label,park_and_garden,high,MELTON,144.743244977,-37.742920033,reserve,park,include,vicmap_foi,1340835
vicmap_foi_1340860,Broughton Avenue Reserve,Broughton Avenue Reserve,vicmap_name_label,park_and_garden,high,MELTON,144.584225761,-37.708458972,reserve,park,include,vicmap_foi,1340860
vicmap_foi_1340882,Sugar Gum Reserve,Sugar Gum Reserve,vicmap_name_label,park_and_garden,high,MELTON,144.735550124,-37.697593555,reserve,park,include,vicmap_foi,1340882
vicmap_foi_1340888,Cascade Drive Wetland,Cascade Drive Wetland,vicmap_name_label,park_and_garden,high,MELTON,144.680504038,-37.719569746,reserve,park,include,vicmap_foi,1340888
vicmap_foi_1340914,The Grange Village Park,The Grange Village Park,vicmap_name_label,park_and_garden,high,MELTON,144.732343068,-37.733451045,reserve,park,include,vicmap_foi,1340914
vicmap_foi_1340915,Bridgefield Parkway Reserve,Bridgefield Parkway Reserve,vicmap_name_label,park_and_garden,high,MELTON,144.65379124,-37.733896629,reserve,park,include,vicmap_foi,1340915
vicmap_foi_1340916,Angul Parade Reserve,Angul Parade Reserve,vicmap_name_label,park_and_garden,high,MELTON,144.702915199,-37.734645109,reserve,park,include,vicmap_foi,1340916
vicmap_foi_1340948,Moor Park Avenue Reserve,Moor Park Avenue Reserve,vicmap_name_label,park_and_garden,high,MELTON,144.53885857,-37.663685604,reserve,park,include,vicmap_foi,1340948
vicmap_foi_1340951,Navan Park Reserve,Navan Park Reserve,vicmap_name_label,park_and_garden,high,MELTON,144.567601856,-37.6701047,reserve,park,include,vicmap_foi,1340951
vicmap_foi_1340977,Warrigal Drive Reserve,Warrigal Drive Reserve,vicmap_name_label,park_and_garden,high,MELTON,144.678119847,-37.722949909,reserve,park,include,vicmap_foi,1340977
vicmap_foi_1340982,Wilton Fields Estate Linear Reserve A,Wilton Fields Estate Linear Reserve A,vicmap_name_label,park_and_garden,high,MELTON,144.592060486,-37.719544374,reserve,park,include,vicmap_foi,1340982
vicmap_foi_1340989,Horsley Street Reserve,Horsley Street Reserve,vicmap_name_label,park_and_garden,high,MELTON,144.632147662,-37.711507171,reserve,park,include,vicmap_foi,1340989
vicmap_foi_1341001,Southlands Loop Reserve,Southlands Loop Reserve,vicmap_name_label,park_and_garden,high,MELTON,144.59428205,-37.727295282,reserve,park,include,vicmap_foi,1341001
vicmap_foi_1341005,Neoclassic Street Reserve,Neoclassic Street Reserve,vicmap_name_label,park_and_garden,high,MELTON,144.718747524,-37.733583577,reserve,park,include,vicmap_foi,1341005
vicmap_foi_1341015,Conondale Avenue Reserve,Conondale Avenue Reserve,vicmap_name_label,park_and_garden,high,MELTON,144.690653607,-37.768911094,reserve,park,include,vicmap_foi,1341015
vicmap_foi_1341024,Wallangara Boulevard Reserve,Wallangara Boulevard Reserve,vicmap_name_label,park_and_garden,high,MELTON,144.57027514,-37.65170293,reserve,park,include,vicmap_foi,1341024
vicmap_foi_1341030,C.J. Melrose Memorial Reserve,C.J. Melrose Memorial Reserve,vicmap_name_label,park_and_garden,high,MELTON,144.557979031,-37.70597666,reserve,park,include,vicmap_foi,1341030
vicmap_foi_1341054,Walton Street Reserve,Walton Street Reserve,vicmap_name_label,park_and_garden,high,MELTON,144.568528317,-37.716013147,reserve,park,include,vicmap_foi,1341054
vicmap_foi_1341058,Cypress Views Village Park,Cypress Views Village Park,vicmap_name_label,park_and_garden,high,MELTON,144.741722037,-37.725381981,reserve,park,include,vicmap_foi,1341058
vicmap_foi_1341069,Centennial Park,Centennial Park,vicmap_name_label,park_and_garden,high,MELTON,144.743643651,-37.712751165,reserve,park,include,vicmap_foi,1341069
vicmap_foi_1341098,Lyre Crescent Wetland Reserve,Lyre Crescent Wetland Reserve,vicmap_name_label,park_and_garden,high,MELTON,144.758883742,-37.745493461,reserve,park,include,vicmap_foi,1341098
vicmap_foi_1341125,Bonniebrook Road Reserve,Bonniebrook Road Reserve,vicmap_name_label,park_and_garden,high,MELTON,144.680386055,-37.707185195,reserve,park,include,vicmap_foi,1341125
vicmap_foi_1341129,Taylors Hill Central Park,Taylors Hill Central Park,vicmap_name_label,park_and_garden,high,MELTON,144.751881142,-37.708294192,reserve,park,include,vicmap_foi,1341129
vicmap_foi_1341149,Arnolds Creek Linear Reserve - Black Dog Drive To Brooklyn Road,Arnolds Creek Linear Reserve - Black Dog Drive To Brooklyn Road,vicmap_name_label,park_and_garden,high,MELTON,144.56227945,-37.698178514,reserve,park,include,vicmap_foi,1341149
vicmap_foi_1341155,Quest Drive Reserve,Quest Drive Reserve,vicmap_name_label,park_and_garden,high,MELTON,144.715511156,-37.700538972,reserve,park,include,vicmap_foi,1341155
vicmap_foi_1341158,Wingfield Drive Reserve,Wingfield Drive Reserve,vicmap_name_label,park_and_garden,high,MELTON,144.633832648,-37.714403598,reserve,park,include,vicmap_foi,1341158
vicmap_foi_1341180,Kea Street Reserve,Kea Street Reserve,vicmap_name_label,park_and_garden,high,MELTON,144.720093495,-37.714439911,reserve,park,include,vicmap_foi,1341180
vicmap_foi_1341207,Lightsview Boulevard Reserve,Lightsview Boulevard Reserve,vicmap_name_label,park_and_garden,high,MELTON,144.666201237,-37.739170885,reserve,park,include,vicmap_foi,1341207
vicmap_foi_1341212,Caucasus Street Reserve,Caucasus Street Reserve,vicmap_name_label,park_and_garden,high,MELTON,144.694986592,-37.761538617,reserve,park,include,vicmap_foi,1341212
vicmap_foi_1341214,Cooroy Road Reserve,Cooroy Road Reserve,vicmap_name_label,park_and_garden,high,MELTON,144.698017162,-37.773591133,reserve,park,include,vicmap_foi,1341214
vicmap_foi_1341242,Freemans Link,Freemans Link,vicmap_name_label,park_and_garden,high,MELTON,144.747188214,-37.684623305,reserve,park,include,vicmap_foi,1341242
vicmap_foi_1341264,Arklay Road Reserve,Arklay Road Reserve,vicmap_name_label,park_and_garden,high,MELTON,144.623870256,-37.715938627,reserve,park,include,vicmap_foi,1341264
vicmap_foi_1341284,Stagecoach Way Reserve,Stagecoach Way Reserve,vicmap_name_label,park_and_garden,high,MELTON,144.673015361,-37.712412486,reserve,park,include,vicmap_foi,1341284
vicmap_foi_1341291,Earlington Square,Earlington Square,vicmap_name_label,park_and_garden,high,MELTON,144.746492248,-37.750004019,reserve,park,include,vicmap_foi,1341291
vicmap_foi_1341295,The Ridge Park,The Ridge Park,vicmap_name_label,park_and_garden,high,MELTON,144.730369281,-37.729505613,reserve,park,include,vicmap_foi,1341295
vicmap_foi_1341306,Odonnell Drive Reserve,Odonnell Drive Reserve,vicmap_name_label,park_and_garden,high,MELTON,144.738453075,-37.741233852,reserve,park,include,vicmap_foi,1341306
vicmap_foi_1341314,Bills Park,Bills Park,vicmap_name_label,park_and_garden,high,MELTON,144.569060056,-37.677272837,reserve,park,include,vicmap_foi,1341314
vicmap_foi_1341348,Turpentine Road Reserve,Turpentine Road Reserve,vicmap_name_label,park_and_garden,high,MELTON,144.542205569,-37.694511098,reserve,park,include,vicmap_foi,1341348
vicmap_foi_1341363,Middle Park Estate Village Park,Middle Park Estate Village Park,vicmap_name_label,park_and_garden,high,MELTON,144.596173435,-37.72171214,reserve,park,include,vicmap_foi,1341363
vicmap_foi_1341366,Aviation Reserve,Aviation Reserve,vicmap_name_label,park_and_garden,high,MELTON,144.556514729,-37.709756167,reserve,park,include,vicmap_foi,1341366
vicmap_foi_1341373,Padma Boulevard Reserve,Padma Boulevard Reserve,vicmap_name_label,park_and_garden,high,MELTON,144.700696166,-37.713449574,reserve,park,include,vicmap_foi,1341373
vicmap_foi_1341382,Conservation Avenue Reserve,Conservation Avenue Reserve,vicmap_name_label,park_and_garden,high,MELTON,144.57420854,-37.72514987,reserve,park,include,vicmap_foi,1341382
vicmap_foi_1341408,Shalimar Place Reserve,Shalimar Place Reserve,vicmap_name_label,park_and_garden,high,MELTON,144.555491206,-37.673207179,reserve,park,include,vicmap_foi,1341408
vicmap_foi_1341413,Node Way Reserve,Node Way Reserve,vicmap_name_label,park_and_garden,high,MELTON,144.699851966,-37.616421167,reserve,park,include,vicmap_foi,1341413
vicmap_foi_1341422,Little Blind Creek Reserve - Gunnawarra Road To Centenary Ave,Little Blind Creek Reserve - Gunnawarra Road To Centenary Ave,vicmap_name_label,park_and_garden,high,MELTON,144.593712042,-37.673090962,reserve,park,include,vicmap_foi,1341422
vicmap_foi_1341431,Hudson Place Reserve,Hudson Place Reserve,vicmap_name_label,park_and_garden,high,MELTON,144.58568594,-37.678193016,reserve,park,include,vicmap_foi,1341431
vicmap_foi_1341438,The Regency Reserve,The Regency Reserve,vicmap_name_label,park_and_garden,high,MELTON,144.731802192,-37.685854733,reserve,park,include,vicmap_foi,1341438
vicmap_foi_1341456,Bridge Road Regional Play Space,Bridge Road Regional Play Space,vicmap_name_label,park_and_garden,high,MELTON,144.587423158,-37.715367575,reserve,park,include,vicmap_foi,1341456
vicmap_foi_1341462,Middle Park Estate Linear Reserve,Middle Park Estate Linear Reserve,vicmap_name_label,park_and_garden,high,MELTON,144.595623708,-37.719118721,reserve,park,include,vicmap_foi,1341462
vicmap_foi_1341463,Stockade Way Reserve,Stockade Way Reserve,vicmap_name_label,park_and_garden,high,MELTON,144.673682573,-37.719560559,reserve,park,include,vicmap_foi,1341463
vicmap_foi_1341468,Bill Cahill Reserve,Bill Cahill Reserve,vicmap_name_label,park_and_garden,high,MELTON,144.568589997,-37.709927681,reserve,park,include,vicmap_foi,1341468
vicmap_foi_1341472,Wilderness Road Reserve,Wilderness Road Reserve,vicmap_name_label,park_and_garden,high,MELTON,144.71398681,-37.713296909,reserve,park,include,vicmap_foi,1341472
vicmap_foi_1341483,Tenterfield Drive Linear Reserve - Parkes Way To Blaxland Street,Tenterfield Drive Linear Reserve - Parkes Way To Blaxland Street,vicmap_name_label,park_and_garden,high,MELTON,144.761597864,-37.729148582,reserve,park,include,vicmap_foi,1341483
vicmap_foi_1340771,Verona Crescent Reserve,Verona Crescent Reserve,vicmap_name_label,park_and_garden,high,MELTON,144.715337765,-37.68959504,reserve,park,include,vicmap_foi,1340771
vicmap_foi_1016168,Columbia Park Reserve,Columbia Park Reserve,vicmap_name_label,park_and_garden,high,MONASH,145.186018542,-37.914745432,reserve,park,include,vicmap_foi,1016168
vicmap_foi_78452,Unnamed Park - Monash,,generated_fallback,park_and_garden,high,MONASH,145.111932086,-37.906266239,reserve,park,include,vicmap_foi,78452
vicmap_foi_634910,Arthur Street Reserve,Arthur Street Reserve,vicmap_name_label,park_and_garden,high,MONASH,145.106861655,-37.860126386,reserve,park,include,vicmap_foi,634910
vicmap_foi_643447,Unnamed Park - Monash,,generated_fallback,park_and_garden,high,MONASH,145.139227449,-37.877352776,reserve,park,include,vicmap_foi,643447
vicmap_foi_1340420,Unnamed Park - Melton,,generated_fallback,park_and_garden,high,MELTON,144.627842508,-37.714885989,reserve,park,include,vicmap_foi,1340420
vicmap_foi_634875,Albany Drive Reserve,Albany Drive Reserve,vicmap_name_label,park_and_garden,high,MONASH,145.172479887,-37.927522461,reserve,park,include,vicmap_foi,634875
vicmap_foi_990859,Unnamed Park - Monash,,generated_fallback,park_and_garden,high,MONASH,145.153830638,-37.888314551,reserve,park,include,vicmap_foi,990859
vicmap_foi_1340626,Cambrian Way Reserve,Cambrian Way Reserve,vicmap_name_label,park_and_garden,high,MELTON,144.552570819,-37.676118139,reserve,park,include,vicmap_foi,1340626
vicmap_foi_1340973,Orbis Avenue Reserve,Orbis Avenue Reserve,vicmap_name_label,park_and_garden,high,MELTON,144.726998332,-37.717084827,reserve,park,include,vicmap_foi,1340973
vicmap_foi_70321,Damper Creek Reserve,Damper Creek Reserve,vicmap_name_label,park_and_garden,high,MONASH,145.122992201,-37.868413385,reserve,park,include,vicmap_foi,70321
vicmap_foi_1340239,Unnamed Park - Melton,,generated_fallback,park_and_garden,high,MELTON,144.710124716,-37.698294934,reserve,park,include,vicmap_foi,1340239
vicmap_foi_1340274,Unnamed Park - Melton,,generated_fallback,park_and_garden,high,MELTON,144.681266855,-37.736166639,reserve,park,include,vicmap_foi,1340274
vicmap_foi_667161,Unnamed Athletic Field - Monash,,generated_fallback,sports_ground,high,MONASH,145.10319647,-37.920009872,sport facility,athletic field,include,vicmap_foi,667161
vicmap_foi_667156,Unnamed Athletic Field - Monash,,generated_fallback,sports_ground,high,MONASH,145.159801309,-37.892685311,sport facility,athletic field,include,vicmap_foi,667156
vicmap_foi_1341759,Melton South Recreation Reserve - Athletics Facility,Melton South Recreation Reserve - Athletics Facility,vicmap_name_label,sports_ground,high,MELTON,144.577616737,-37.708174163,sport facility,athletic field,include,vicmap_foi,1341759
vicmap_foi_1341761,Bridge Road Recreation Reserve - Athletics Facility,Bridge Road Recreation Reserve - Athletics Facility,vicmap_name_label,sports_ground,high,MELTON,144.586006708,-37.715886057,sport facility,athletic field,include,vicmap_foi,1341761
vicmap_foi_1341762,Bridge Road Recreation Reserve - Athletics Facility,Bridge Road Recreation Reserve - Athletics Facility,vicmap_name_label,sports_ground,high,MELTON,144.586261318,-37.716933119,sport facility,athletic field,include,vicmap_foi,1341762
vicmap_foi_1341811,Melton South Recreation Reserve - Athletics Facility,Melton South Recreation Reserve - Athletics Facility,vicmap_name_label,sports_ground,high,MELTON,144.57758986,-37.707718456,sport facility,athletic field,include,vicmap_foi,1341811
vicmap_foi_1341814,Melton South Recreation Reserve - Athletics Facility,Melton South Recreation Reserve - Athletics Facility,vicmap_name_label,sports_ground,high,MELTON,144.577458593,-37.709153898,sport facility,athletic field,include,vicmap_foi,1341814
vicmap_foi_1341859,Melton South Recreation Reserve - Athletics Facility,Melton South Recreation Reserve - Athletics Facility,vicmap_name_label,sports_ground,high,MELTON,144.577681154,-37.707751863,sport facility,athletic field,include,vicmap_foi,1341859
vicmap_foi_1341892,Bridge Road Recreation Reserve - Athletics Facility,Bridge Road Recreation Reserve - Athletics Facility,vicmap_name_label,sports_ground,high,MELTON,144.585834072,-37.715932105,sport facility,athletic field,include,vicmap_foi,1341892
vicmap_foi_1341893,Bridge Road Recreation Reserve - Athletics Facility,Bridge Road Recreation Reserve - Athletics Facility,vicmap_name_label,sports_ground,high,MELTON,144.585402632,-37.716654975,sport facility,athletic field,include,vicmap_foi,1341893
vicmap_foi_1341937,Bridge Road Recreation Reserve - Athletics Facility,Bridge Road Recreation Reserve - Athletics Facility,vicmap_name_label,sports_ground,high,MELTON,144.585384406,-37.715969927,sport facility,athletic field,include,vicmap_foi,1341937
vicmap_foi_1341938,Bridge Road Recreation Reserve - Athletics Facility,Bridge Road Recreation Reserve - Athletics Facility,vicmap_name_label,sports_ground,high,MELTON,144.586205162,-37.715939978,sport facility,athletic field,include,vicmap_foi,1341938
vicmap_foi_1341994,Bridge Road Recreation Reserve - Athletics Facility,Bridge Road Recreation Reserve - Athletics Facility,vicmap_name_label,sports_ground,high,MELTON,144.58536258,-37.71656663,sport facility,athletic field,include,vicmap_foi,1341994
vicmap_foi_1341677,Bridge Road Recreation Reserve - Athletics Facility,Bridge Road Recreation Reserve - Athletics Facility,vicmap_name_label,sports_ground,high,MELTON,144.5854226,-37.716054844,sport facility,athletic field,include,vicmap_foi,1341677
vicmap_foi_1341717,Melton South Recreation Reserve - Athletics Facility,Melton South Recreation Reserve - Athletics Facility,vicmap_name_label,sports_ground,high,MELTON,144.577354403,-37.709231274,sport facility,athletic field,include,vicmap_foi,1341717
vicmap_foi_1010719,Unnamed Basketball Court - Melton,,generated_fallback,court,high,MELTON,144.736681157,-37.685617425,sport facility,basketball court,include,vicmap_foi,1010719
vicmap_foi_1167975,Unnamed Basketball Court - Melton,,generated_fallback,court,high,MELTON,144.745564956,-37.792392172,sport facility,basketball court,include,vicmap_foi,1167975
vicmap_foi_1167980,Unnamed Basketball Court - Melton,,generated_fallback,court,high,MELTON,144.744473271,-37.782537393,sport facility,basketball court,include,vicmap_foi,1167980
vicmap_foi_1168010,Unnamed Basketball Court - Melton,,generated_fallback,court,high,MELTON,144.74691117,-37.791547859,sport facility,basketball court,include,vicmap_foi,1168010
vicmap_foi_1168011,Unnamed Basketball Court - Melton,,generated_fallback,court,high,MELTON,144.747164377,-37.79222266,sport facility,basketball court,include,vicmap_foi,1168011
vicmap_foi_1168000,Unnamed Basketball Court - Melton,,generated_fallback,court,high,MELTON,144.747401977,-37.791402763,sport facility,basketball court,include,vicmap_foi,1168000
vicmap_foi_1019251,Unnamed Basketball Court - Melbourne,,generated_fallback,court,high,MELBOURNE,144.925150759,-37.788034137,sport facility,basketball court,include,vicmap_foi,1019251
vicmap_foi_1313673,Unnamed Basketball Court - Melton,,generated_fallback,court,high,MELTON,144.540968222,-37.686817728,sport facility,basketball court,include,vicmap_foi,1313673
vicmap_foi_1313675,Unnamed Basketball Court - Melton,,generated_fallback,court,high,MELTON,144.572198267,-37.734013811,sport facility,basketball court,include,vicmap_foi,1313675
vicmap_foi_1313683,Unnamed Basketball Court - Melton,,generated_fallback,court,high,MELTON,144.542258083,-37.687044112,sport facility,basketball court,include,vicmap_foi,1313683
vicmap_foi_1313703,Unnamed Basketball Court - Melton,,generated_fallback,court,high,MELTON,144.588696682,-37.716807266,sport facility,basketball court,include,vicmap_foi,1313703
vicmap_foi_1341686,Caroline Springs Recreation Reserve - Basketball Court,Caroline Springs Recreation Reserve - Basketball Court,vicmap_name_label,court,high,MELTON,144.739114973,-37.731705818,sport facility,basketball court,include,vicmap_foi,1341686
vicmap_foi_1341690,Brookside Recreation Reserve - Basketball Court,Brookside Recreation Reserve - Basketball Court,vicmap_name_label,court,high,MELTON,144.737662946,-37.744804114,sport facility,basketball court,include,vicmap_foi,1341690
vicmap_foi_1341735,Caroline Springs Recreation Reserve - Basketball Court,Caroline Springs Recreation Reserve - Basketball Court,vicmap_name_label,court,high,MELTON,144.738633857,-37.733791819,sport facility,basketball court,include,vicmap_foi,1341735
vicmap_foi_1341768,Caroline Springs Recreation Reserve - Basketball Court,Caroline Springs Recreation Reserve - Basketball Court,vicmap_name_label,court,high,MELTON,144.739162297,-37.731627921,sport facility,basketball court,include,vicmap_foi,1341768
vicmap_foi_1341827,Caroline Springs Recreation Reserve - Basketball Court,Caroline Springs Recreation Reserve - Basketball Court,vicmap_name_label,court,high,MELTON,144.739043406,-37.731599057,sport facility,basketball court,include,vicmap_foi,1341827
vicmap_foi_1341852,Hillside Recreation Reserve - Basketball Court,Hillside Recreation Reserve - Basketball Court,vicmap_name_label,court,high,MELTON,144.739269891,-37.685103591,sport facility,basketball court,include,vicmap_foi,1341852
vicmap_foi_1341912,Diggers Rest Recreation Reserve - Basketball Court,Diggers Rest Recreation Reserve - Basketball Court,vicmap_name_label,court,high,MELTON,144.706444822,-37.61978719,sport facility,basketball court,include,vicmap_foi,1341912
vicmap_foi_1341977,Arnolds Creek Recreation Reserve - Basketball Court,Arnolds Creek Recreation Reserve - Basketball Court,vicmap_name_label,court,high,MELTON,144.54614793,-37.667979678,sport facility,basketball court,include,vicmap_foi,1341977
vicmap_foi_1341995,Aintree Recreation Reserve - Basketball Court,Aintree Recreation Reserve - Basketball Court,vicmap_name_label,court,high,MELTON,144.662843619,-37.722094397,sport facility,basketball court,include,vicmap_foi,1341995
vicmap_foi_1341997,Burnside Heights Recreation Reserve - Basketball Court,Burnside Heights Recreation Reserve - Basketball Court,vicmap_name_label,court,high,MELTON,144.75420199,-37.7358497,sport facility,basketball court,include,vicmap_foi,1341997
vicmap_foi_1341655,Arnolds Creek Recreation Reserve - Basketball Court,Arnolds Creek Recreation Reserve - Basketball Court,vicmap_name_label,court,high,MELTON,144.546075052,-37.668339644,sport facility,basketball court,include,vicmap_foi,1341655
vicmap_foi_1341721,Bloomsbury Drive Reserve - Basketball Court,Bloomsbury Drive Reserve - Basketball Court,vicmap_name_label,court,high,MELTON,144.759453678,-37.713829295,sport facility,basketball court,include,vicmap_foi,1341721
vicmap_foi_1341728,Southlands Loop Reserve - Basketball Court,Southlands Loop Reserve - Basketball Court,vicmap_name_label,court,high,MELTON,144.593681661,-37.727281647,sport facility,basketball court,include,vicmap_foi,1341728
vicmap_foi_1341737,Cobblestone Green Reserve - Basketball Court,Cobblestone Green Reserve - Basketball Court,vicmap_name_label,court,high,MELTON,144.743244977,-37.742920033,sport facility,basketball court,include,vicmap_foi,1341737
vicmap_foi_1341757,Taylors Hill Sports Park - Basketball Court,Taylors Hill Sports Park - Basketball Court,vicmap_name_label,court,high,MELTON,144.745263417,-37.707341112,sport facility,basketball court,include,vicmap_foi,1341757
vicmap_foi_1341760,Wingfield Drive Reserve - Basketball Court,Wingfield Drive Reserve - Basketball Court,vicmap_name_label,court,high,MELTON,144.633832648,-37.714403598,sport facility,basketball court,include,vicmap_foi,1341760
vicmap_foi_1341764,Malone Circuit Reserve - Basketball Court,Malone Circuit Reserve - Basketball Court,vicmap_name_label,court,high,MELTON,144.722720358,-37.72276333,sport facility,basketball court,include,vicmap_foi,1341764
vicmap_foi_1341793,Archer Drive Reserve - Basketball Court,Archer Drive Reserve - Basketball Court,vicmap_name_label,court,high,MELTON,144.597202016,-37.657699019,sport facility,basketball court,include,vicmap_foi,1341793
vicmap_foi_1341807,Quest Drive Reserve - Basketball Court,Quest Drive Reserve - Basketball Court,vicmap_name_label,court,high,MELTON,144.715511156,-37.700538972,sport facility,basketball court,include,vicmap_foi,1341807
vicmap_foi_1341808,Wattle Place Reserve - Basketball Court,Wattle Place Reserve - Basketball Court,vicmap_name_label,court,high,MELTON,144.566075601,-37.700714313,sport facility,basketball court,include,vicmap_foi,1341808
vicmap_foi_1341809,Wild Orchid Street Reserve - Basketball Court,Wild Orchid Street Reserve - Basketball Court,vicmap_name_label,court,high,MELTON,144.54081144,-37.701154043,sport facility,basketball court,include,vicmap_foi,1341809
vicmap_foi_1341816,Opera Boulevard Reserve - Basketball Court,Opera Boulevard Reserve - Basketball Court,vicmap_name_label,court,high,MELTON,144.691168242,-37.712847339,sport facility,basketball court,include,vicmap_foi,1341816
vicmap_foi_1341817,Wilderness Road Reserve - Basketball Court,Wilderness Road Reserve - Basketball Court,vicmap_name_label,court,high,MELTON,144.71398681,-37.713296909,sport facility,basketball court,include,vicmap_foi,1341817
vicmap_foi_1341818,Bolton Street Reserve - Basketball Court,Bolton Street Reserve - Basketball Court,vicmap_name_label,court,high,MELTON,144.555699878,-37.713182557,sport facility,basketball court,include,vicmap_foi,1341818
vicmap_foi_1341821,Bullion Park - Basketball Court,Bullion Park - Basketball Court,vicmap_name_label,court,high,MELTON,144.658193183,-37.718977761,sport facility,basketball court,include,vicmap_foi,1341821
vicmap_foi_1341829,Angul Parade Reserve - Basketball Court,Angul Parade Reserve - Basketball Court,vicmap_name_label,court,high,MELTON,144.702915199,-37.734645109,sport facility,basketball court,include,vicmap_foi,1341829
vicmap_foi_1341833,Kangri Street Reserve - Basketball Court,Kangri Street Reserve - Basketball Court,vicmap_name_label,court,high,MELTON,144.692210021,-37.758770382,sport facility,basketball court,include,vicmap_foi,1341833
vicmap_foi_1341834,Goulburn Way Reserve - Basketball Court,Goulburn Way Reserve - Basketball Court,vicmap_name_label,court,high,MELTON,144.544982773,-37.782435258,sport facility,basketball court,include,vicmap_foi,1341834
vicmap_foi_1341837,Bloomdale Avenue Reserve - Basketball Court,Bloomdale Avenue Reserve - Basketball Court,vicmap_name_label,court,high,MELTON,144.702966035,-37.616352029,sport facility,basketball court,include,vicmap_foi,1341837
vicmap_foi_1341855,Mamic Boulevard - Reserve - Basketball Court,Mamic Boulevard - Reserve - Basketball Court,vicmap_name_label,court,high,MELTON,144.720459601,-37.700787141,sport facility,basketball court,include,vicmap_foi,1341855
vicmap_foi_1341872,Earlington Square - Basketball Court,Earlington Square - Basketball Court,vicmap_name_label,court,high,MELTON,144.746492248,-37.750004019,sport facility,basketball court,include,vicmap_foi,1341872
vicmap_foi_1341876,Norm Raven Reserve - Basketball Court,Norm Raven Reserve - Basketball Court,vicmap_name_label,court,high,MELTON,144.716423526,-37.626289474,sport facility,basketball court,include,vicmap_foi,1341876
vicmap_foi_1341889,Bonniebrook Road Reserve - Basketball Court,Bonniebrook Road Reserve - Basketball Court,vicmap_name_label,court,high,MELTON,144.680386055,-37.707185195,sport facility,basketball court,include,vicmap_foi,1341889
vicmap_foi_1341891,Bill Cahill Reserve - Basketball Court,Bill Cahill Reserve - Basketball Court,vicmap_name_label,court,high,MELTON,144.568589997,-37.709927681,sport facility,basketball court,include,vicmap_foi,1341891
vicmap_foi_1341896,Middle Park Estate Village Park - Basketball Court,Middle Park Estate Village Park - Basketball Court,vicmap_name_label,court,high,MELTON,144.596173435,-37.72171214,sport facility,basketball court,include,vicmap_foi,1341896
vicmap_foi_1341900,Cypress Views Village Park - Basketball Court,Cypress Views Village Park - Basketball Court,vicmap_name_label,court,high,MELTON,144.741722037,-37.725381981,sport facility,basketball court,include,vicmap_foi,1341900
vicmap_foi_1341901,Conservation Avenue Reserve - Basketball Court,Conservation Avenue Reserve - Basketball Court,vicmap_name_label,court,high,MELTON,144.57420854,-37.72514987,sport facility,basketball court,include,vicmap_foi,1341901
vicmap_foi_1341902,Arbour Boulevard North Reserve - Basketball Court,Arbour Boulevard North Reserve - Basketball Court,vicmap_name_label,court,high,MELTON,144.752532046,-37.726996294,sport facility,basketball court,include,vicmap_foi,1341902
vicmap_foi_1341916,Centenary Reserve - Basketball Court,Centenary Reserve - Basketball Court,vicmap_name_label,court,high,MELTON,144.574186597,-37.669936859,sport facility,basketball court,include,vicmap_foi,1341916
vicmap_foi_1341920,Cambrian Way Reserve - Basketball Court,Cambrian Way Reserve - Basketball Court,vicmap_name_label,court,high,MELTON,144.552193132,-37.675582671,sport facility,basketball court,include,vicmap_foi,1341920
vicmap_foi_1341927,Turpentine Road Reserve - Basketball Court,Turpentine Road Reserve - Basketball Court,vicmap_name_label,court,high,MELTON,144.542205569,-37.694511098,sport facility,basketball court,include,vicmap_foi,1341927
vicmap_foi_1341929,Parkwood Green Recreation Reserve - Basketball Court,Parkwood Green Recreation Reserve - Basketball Court,vicmap_name_label,court,high,MELTON,144.746942017,-37.69851176,sport facility,basketball court,include,vicmap_foi,1341929
vicmap_foi_1341934,Duloe Rise Reserve - Basketball Court,Duloe Rise Reserve - Basketball Court,vicmap_name_label,court,high,MELTON,144.589900037,-37.711636938,sport facility,basketball court,include,vicmap_foi,1341934
vicmap_foi_1341936,Wildwood Road Sports Reserve - Basketball Court,Wildwood Road Sports Reserve - Basketball Court,vicmap_name_label,court,high,MELTON,144.665146136,-37.713978749,sport facility,basketball court,include,vicmap_foi,1341936
vicmap_foi_1341941,Cardinia Crescent Reserve - Basketball Court,Cardinia Crescent Reserve - Basketball Court,vicmap_name_label,court,high,MELTON,144.76381411,-37.718665175,sport facility,basketball court,include,vicmap_foi,1341941
vicmap_foi_1341942,Stockade Way Reserve - Basketball Court,Stockade Way Reserve - Basketball Court,vicmap_name_label,court,high,MELTON,144.673682573,-37.719560559,sport facility,basketball court,include,vicmap_foi,1341942
vicmap_foi_1341947,Hydepark Crescent Reserve - Basketball Court,Hydepark Crescent Reserve - Basketball Court,vicmap_name_label,court,high,MELTON,144.611425266,-37.724709076,sport facility,basketball court,include,vicmap_foi,1341947
vicmap_foi_1341952,Oldbridge Boulevard Reserve - Basketball Court,Oldbridge Boulevard Reserve - Basketball Court,vicmap_name_label,court,high,MELTON,144.570256162,-37.731033061,sport facility,basketball court,include,vicmap_foi,1341952
vicmap_foi_1341956,Bridgefield Parkway Reserve - Basketball Court,Bridgefield Parkway Reserve - Basketball Court,vicmap_name_label,court,high,MELTON,144.65379124,-37.733896629,sport facility,basketball court,include,vicmap_foi,1341956
vicmap_foi_1341961,Highline Boulevard Reserve - Netball Court,Highline Boulevard Reserve - Netball Court,vicmap_name_label,court,high,MELTON,144.679156319,-37.762353393,sport facility,basketball court,include,vicmap_foi,1341961
vicmap_foi_1341962,Eynesbury Community Centre - Netball Court,Eynesbury Community Centre - Netball Court,vicmap_name_label,court,high,MELTON,144.565338888,-37.788455734,sport facility,basketball court,include,vicmap_foi,1341962
vicmap_foi_1341975,Torrance Drive Reserve - Basketball Court,Torrance Drive Reserve - Basketball Court,vicmap_name_label,court,high,MELTON,144.567047914,-37.654345325,sport facility,basketball court,include,vicmap_foi,1341975
vicmap_foi_1341991,Mount Carberry Reserve - Basketball Court,Mount Carberry Reserve - Basketball Court,vicmap_name_label,court,high,MELTON,144.571000206,-37.705964419,sport facility,basketball court,include,vicmap_foi,1341991
vicmap_foi_1342000,Illawong Terrace Reserve - Basketball Court,Illawong Terrace Reserve - Basketball Court,vicmap_name_label,court,high,MELTON,144.755203068,-37.750179416,sport facility,basketball court,include,vicmap_foi,1342000
vicmap_foi_1342001,Highline Boulevard Reserve - Basketball Court,Highline Boulevard Reserve - Basketball Court,vicmap_name_label,court,high,MELTON,144.679363124,-37.762359577,sport facility,basketball court,include,vicmap_foi,1342001
vicmap_foi_1341654,Marlo Drive Reserve - Basketball Court,Marlo Drive Reserve - Basketball Court,vicmap_name_label,court,high,MELTON,144.556904665,-37.66823728,sport facility,basketball court,include,vicmap_foi,1341654
vicmap_foi_1341665,Banchory Green - Basketball Court,Banchory Green - Basketball Court,vicmap_name_label,court,high,MELTON,144.748996905,-37.688355485,sport facility,basketball court,include,vicmap_foi,1341665
vicmap_foi_1341676,Kirribilli Park - Basketball Court,Kirribilli Park - Basketball Court,vicmap_name_label,court,high,MELTON,144.743391223,-37.715683888,sport facility,basketball court,include,vicmap_foi,1341676
vicmap_foi_1341678,Oakview Parade Reserve - Basketball Court,Oakview Parade Reserve - Basketball Court,vicmap_name_label,court,high,MELTON,144.73565087,-37.719365737,sport facility,basketball court,include,vicmap_foi,1341678
vicmap_foi_1341679,Lynwood Drive Reserve - Basketball Court,Lynwood Drive Reserve - Basketball Court,vicmap_name_label,court,high,MELTON,144.622323376,-37.720583716,sport facility,basketball court,include,vicmap_foi,1341679
vicmap_foi_1341697,Node Way Reserve - Basketball Court,Node Way Reserve - Basketball Court,vicmap_name_label,court,high,MELTON,144.699851966,-37.616421167,sport facility,basketball court,include,vicmap_foi,1341697
vicmap_foi_1341715,Boyd Lane Reserve - Basketball Court,Boyd Lane Reserve - Basketball Court,vicmap_name_label,court,high,MELTON,144.726219138,-37.699472816,sport facility,basketball court,include,vicmap_foi,1341715
vicmap_foi_667190,Unnamed Hockey Ground - Monash,,generated_fallback,sports_ground,high,MONASH,145.137830791,-37.909050007,sport facility,hockey ground,include,vicmap_foi,667190
vicmap_foi_667131,Unnamed Hockey Ground - Monash,,generated_fallback,sports_ground,high,MONASH,145.138638333,-37.87587135,sport facility,hockey ground,include,vicmap_foi,667131
vicmap_foi_667194,Unnamed Hockey Ground - Melton,,generated_fallback,sports_ground,high,MELTON,144.581153942,-37.669650312,sport facility,hockey ground,include,vicmap_foi,667194
vicmap_foi_1341940,Bridge Road Recreation Reserve - Hockey Field,Bridge Road Recreation Reserve - Hockey Field,vicmap_name_label,sports_ground,high,MELTON,144.584760127,-37.717484753,sport facility,hockey ground,include,vicmap_foi,1341940
vicmap_foi_990846,Unnamed Netball Court - Monash,,generated_fallback,court,high,MONASH,145.193431177,-37.895053074,sport facility,netball court,include,vicmap_foi,990846
vicmap_foi_1016170,Unnamed Netball Court - Monash,,generated_fallback,court,high,MONASH,145.099178624,-37.906070484,sport facility,netball court,include,vicmap_foi,1016170
vicmap_foi_1001767,Unnamed Netball Court - Melton,,generated_fallback,court,high,MELTON,144.738909503,-37.729271324,sport facility,netball court,include,vicmap_foi,1001767
vicmap_foi_1010743,Unnamed Netball Court - Monash,,generated_fallback,court,high,MONASH,145.137258734,-37.909904657,sport facility,netball court,include,vicmap_foi,1010743
vicmap_foi_998902,Unnamed Netball Court - Monash,,generated_fallback,court,high,MONASH,145.137316411,-37.909574224,sport facility,netball court,include,vicmap_foi,998902
vicmap_foi_1251996,Unnamed Netball Court - Melton,,generated_fallback,court,high,MELTON,144.73723906,-37.735442042,sport facility,netball court,include,vicmap_foi,1251996
vicmap_foi_1252037,Unnamed Netball Court - Melton,,generated_fallback,court,high,MELTON,144.747655394,-37.688332461,sport facility,netball court,include,vicmap_foi,1252037
vicmap_foi_1252040,Unnamed Netball Court - Melton,,generated_fallback,court,high,MELTON,144.737484691,-37.713497997,sport facility,netball court,include,vicmap_foi,1252040
vicmap_foi_1252094,Unnamed Netball Court - Melton,,generated_fallback,court,high,MELTON,144.572936645,-37.692876907,sport facility,netball court,include,vicmap_foi,1252094
vicmap_foi_1252096,Unnamed Netball Court - Melton,,generated_fallback,court,high,MELTON,144.569505567,-37.706870224,sport facility,netball court,include,vicmap_foi,1252096
vicmap_foi_78115,Unnamed Netball Court - Monash,,generated_fallback,court,high,MONASH,145.106184486,-37.864860777,sport facility,netball court,include,vicmap_foi,78115
vicmap_foi_78118,Unnamed Netball Court - Monash,,generated_fallback,court,high,MONASH,145.106527326,-37.865356898,sport facility,netball court,include,vicmap_foi,78118
vicmap_foi_1341698,Macpherson Park - Netball Court,Macpherson Park - Netball Court,vicmap_name_label,court,high,MELTON,144.569159138,-37.634757965,sport facility,netball court,include,vicmap_foi,1341698
vicmap_foi_1341714,Blackwood Drive Recreation Reserve - Netball Court,Blackwood Drive Recreation Reserve - Netball Court,vicmap_name_label,court,high,MELTON,144.571000985,-37.69332386,sport facility,netball court,include,vicmap_foi,1341714
vicmap_foi_1341789,Macpherson Park - Netball Court,Macpherson Park - Netball Court,vicmap_name_label,court,high,MELTON,144.569470886,-37.634687625,sport facility,netball court,include,vicmap_foi,1341789
vicmap_foi_1341804,Blackwood Drive Recreation Reserve - Netball Court,Blackwood Drive Recreation Reserve - Netball Court,vicmap_name_label,court,high,MELTON,144.570795811,-37.693298862,sport facility,netball court,include,vicmap_foi,1341804
vicmap_foi_1341854,Blackwood Drive Recreation Reserve - Netball Court,Blackwood Drive Recreation Reserve - Netball Court,vicmap_name_label,court,high,MELTON,144.571510523,-37.693387511,sport facility,netball court,include,vicmap_foi,1341854
vicmap_foi_1341926,Blackwood Drive Recreation Reserve - Netball Court,Blackwood Drive Recreation Reserve - Netball Court,vicmap_name_label,court,high,MELTON,144.571286084,-37.69335982,sport facility,netball court,include,vicmap_foi,1341926
vicmap_foi_1341951,Caroline Springs Recreation Reserve - Netball Court,Caroline Springs Recreation Reserve - Netball Court,vicmap_name_label,court,high,MELTON,144.739325657,-37.731344081,sport facility,netball court,include,vicmap_foi,1341951
vicmap_foi_1341968,Diggers Rest Recreation Reserve - Netball Court,Diggers Rest Recreation Reserve - Netball Court,vicmap_name_label,court,high,MELTON,144.707734264,-37.619967038,sport facility,netball court,include,vicmap_foi,1341968
vicmap_foi_1341971,Macpherson Park - Netball Court,Macpherson Park - Netball Court,vicmap_name_label,court,high,MELTON,144.569347225,-37.634914425,sport facility,netball court,include,vicmap_foi,1341971
vicmap_foi_1341978,Arnolds Creek Recreation Reserve - Netball Court,Arnolds Creek Recreation Reserve - Netball Court,vicmap_name_label,court,high,MELTON,144.544268853,-37.668947445,sport facility,netball court,include,vicmap_foi,1341978
vicmap_foi_1341753,Melton Recreation Reserve - Netball Court,Melton Recreation Reserve - Netball Court,vicmap_name_label,court,high,MELTON,144.588955241,-37.685905059,sport facility,netball court,include,vicmap_foi,1341753
vicmap_foi_1341780,Eynesbury Recreation Reserve - Netball Court,Eynesbury Recreation Reserve - Netball Court,vicmap_name_label,court,high,MELTON,144.545769678,-37.793278688,sport facility,netball court,include,vicmap_foi,1341780
vicmap_foi_1341904,Ian Cowie Recreation Reserve - Netball Court,Ian Cowie Recreation Reserve - Netball Court,vicmap_name_label,court,high,MELTON,144.661255325,-37.732867091,sport facility,netball court,include,vicmap_foi,1341904
vicmap_foi_1341986,Melton Recreation Reserve - Netball Court,Melton Recreation Reserve - Netball Court,vicmap_name_label,court,high,MELTON,144.588601679,-37.685187641,sport facility,netball court,include,vicmap_foi,1341986
vicmap_foi_1342003,Eynesbury Recreation Reserve - Netball Court,Eynesbury Recreation Reserve - Netball Court,vicmap_name_label,court,high,MELTON,144.545963968,-37.793373611,sport facility,netball court,include,vicmap_foi,1342003
vicmap_foi_78177,Unnamed Sports Complex - Monash,,generated_fallback,sports_ground,high,MONASH,145.109057531,-37.869580911,sport facility,sports complex,include,vicmap_foi,78177
vicmap_foi_75724,Unnamed Sports Complex - Melton,,generated_fallback,sports_ground,high,MELTON,144.583305485,-37.640563521,sport facility,sports complex,include,vicmap_foi,75724
vicmap_foi_1001766,Icehouse,Icehouse,vicmap_name_label,sports_ground,high,MELBOURNE,144.935677604,-37.812180582,sport facility,sports complex,include,vicmap_foi,1001766
vicmap_foi_990924,Unnamed Sports Complex - Monash,,generated_fallback,sports_ground,high,MONASH,145.099580329,-37.876825574,sport facility,sports complex,include,vicmap_foi,990924
vicmap_foi_78148,Unnamed Sports Complex - Monash,,generated_fallback,sports_ground,high,MONASH,145.100482817,-37.86748707,sport facility,sports complex,include,vicmap_foi,78148
vicmap_foi_1143626,Swimland Indoor Pool,Swimland Indoor Pool,vicmap_name_label,sports_ground,high,MONASH,145.163615043,-37.895156038,sport facility,sports complex,include,vicmap_foi,1143626
vicmap_foi_78161,Waverley Hockey Centre,Waverley Hockey Centre,vicmap_name_label,sports_ground,high,MONASH,145.100044048,-37.868792988,sport facility,sports complex,include,vicmap_foi,78161
vicmap_foi_1314567,Oakleigh Recreation Centre,Oakleigh Recreation Centre,vicmap_name_label,sports_ground,high,MONASH,145.097260424,-37.893276954,sport facility,sports complex,include,vicmap_foi,1314567
vicmap_foi_1143559,Monash Aquatic And Recreation Centre,Monash Aquatic And Recreation Centre,vicmap_name_label,sports_ground,high,MONASH,145.156084482,-37.888895232,sport facility,sports complex,include,vicmap_foi,1143559
vicmap_foi_77966,Unnamed Sports Complex - Monash,,generated_fallback,sports_ground,high,MONASH,145.10191793,-37.856231436,sport facility,sports complex,include,vicmap_foi,77966
vicmap_foi_80847,Waverley Womens Sports Centre,Waverley Womens Sports Centre,vicmap_name_label,sports_ground,high,MONASH,145.19351708,-37.893791228,sport facility,sports complex,include,vicmap_foi,80847
vicmap_foi_1143484,Melton Olympic Swimming Pool,Melton Olympic Swimming Pool,vicmap_name_label,sports_ground,high,MELTON,144.570308773,-37.679121553,sport facility,sports complex,include,vicmap_foi,1143484
vicmap_foi_1313693,Cobblebank Indoor Stadium,Cobblebank Indoor Stadium,vicmap_name_label,sports_ground,high,MELTON,144.599259895,-37.715400128,sport facility,sports complex,include,vicmap_foi,1313693
vicmap_foi_986993,Caroline Springs Leisure Centre,Caroline Springs Leisure Centre,vicmap_name_label,sports_ground,high,MELTON,144.738715084,-37.732926185,sport facility,sports complex,include,vicmap_foi,986993
vicmap_foi_75689,Unnamed Sports Complex - Melton,,generated_fallback,sports_ground,high,MELTON,144.573001627,-37.636549098,sport facility,sports complex,include,vicmap_foi,75689
vicmap_foi_1945,Unnamed Tennis Court - Melton,,generated_fallback,court,high,MELTON,144.549441851,-37.704056339,sport facility,tennis court,include,vicmap_foi,1945
vicmap_foi_990879,Unnamed Tennis Court - Monash,,generated_fallback,court,high,MONASH,145.130735841,-37.90255592,sport facility,tennis court,include,vicmap_foi,990879
vicmap_foi_990862,Unnamed Tennis Court - Monash,,generated_fallback,court,high,MONASH,145.149066008,-37.89533958,sport facility,tennis court,include,vicmap_foi,990862
vicmap_foi_990905,Unnamed Tennis Court - Monash,,generated_fallback,court,high,MONASH,145.172147682,-37.896667051,sport facility,tennis court,include,vicmap_foi,990905
vicmap_foi_990883,Unnamed Tennis Court - Monash,,generated_fallback,court,high,MONASH,145.184407424,-37.920904012,sport facility,tennis court,include,vicmap_foi,990883
vicmap_foi_990907,Unnamed Tennis Court - Monash,,generated_fallback,court,high,MONASH,145.196890273,-37.902732051,sport facility,tennis court,include,vicmap_foi,990907
vicmap_foi_990812,Unnamed Tennis Court - Monash,,generated_fallback,court,high,MONASH,145.181530701,-37.872421688,sport facility,tennis court,include,vicmap_foi,990812
vicmap_foi_990847,Unnamed Tennis Court - Monash,,generated_fallback,court,high,MONASH,145.149733272,-37.895436826,sport facility,tennis court,include,vicmap_foi,990847
vicmap_foi_990817,Unnamed Tennis Court - Monash,,generated_fallback,court,high,MONASH,145.198440818,-37.902747632,sport facility,tennis court,include,vicmap_foi,990817
vicmap_foi_990800,Unnamed Tennis Court - Monash,,generated_fallback,court,high,MONASH,145.149270741,-37.894912109,sport facility,tennis court,include,vicmap_foi,990800
vicmap_foi_990904,Unnamed Tennis Court - Monash,,generated_fallback,court,high,MONASH,145.156232642,-37.889666388,sport facility,tennis court,include,vicmap_foi,990904
vicmap_foi_78405,Unnamed Tennis Court - Monash,,generated_fallback,court,high,MONASH,145.084443886,-37.899014762,sport facility,tennis court,include,vicmap_foi,78405
vicmap_foi_990861,Unnamed Tennis Court - Monash,,generated_fallback,court,high,MONASH,145.149761714,-37.894977991,sport facility,tennis court,include,vicmap_foi,990861
vicmap_foi_1167991,Unnamed Tennis Court - Melton,,generated_fallback,court,high,MELTON,144.742836212,-37.782174744,sport facility,tennis court,include,vicmap_foi,1167991
vicmap_foi_990857,Unnamed Tennis Court - Monash,,generated_fallback,court,high,MONASH,145.160595841,-37.868649032,sport facility,tennis court,include,vicmap_foi,990857
vicmap_foi_990839,Unnamed Tennis Court - Monash,,generated_fallback,court,high,MONASH,145.160864377,-37.868293963,sport facility,tennis court,include,vicmap_foi,990839
vicmap_foi_998905,Unnamed Tennis Court - Monash,,generated_fallback,court,high,MONASH,145.137201776,-37.910886193,sport facility,tennis court,include,vicmap_foi,998905
vicmap_foi_1239543,Unnamed Tennis Court - Monash,,generated_fallback,court,high,MONASH,145.168256653,-37.898826612,sport facility,tennis court,include,vicmap_foi,1239543
vicmap_foi_1262868,Unnamed Tennis Court - Monash,,generated_fallback,court,high,MONASH,145.163885837,-37.915845482,sport facility,tennis court,include,vicmap_foi,1262868
vicmap_foi_990885,Unnamed Tennis Court - Monash,,generated_fallback,court,high,MONASH,145.177007195,-37.933068398,sport facility,tennis court,include,vicmap_foi,990885
vicmap_foi_990843,Unnamed Tennis Court - Monash,,generated_fallback,court,high,MONASH,145.115646575,-37.887822136,sport facility,tennis court,include,vicmap_foi,990843
vicmap_foi_990811,Unnamed Tennis Court - Monash,,generated_fallback,court,high,MONASH,145.144591711,-37.862100152,sport facility,tennis court,include,vicmap_foi,990811
vicmap_foi_990856,Unnamed Tennis Court - Monash,,generated_fallback,court,high,MONASH,145.144602722,-37.862504367,sport facility,tennis court,include,vicmap_foi,990856
vicmap_foi_990810,Unnamed Tennis Court - Monash,,generated_fallback,court,high,MONASH,145.144982574,-37.86197468,sport facility,tennis court,include,vicmap_foi,990810
vicmap_foi_1166393,Unnamed Tennis Court - Monash,,generated_fallback,court,high,MONASH,145.156963256,-37.873938155,sport facility,tennis court,include,vicmap_foi,1166393
vicmap_foi_990851,Unnamed Tennis Court - Monash,,generated_fallback,court,high,MONASH,145.176808407,-37.911179089,sport facility,tennis court,include,vicmap_foi,990851
vicmap_foi_990863,Unnamed Tennis Court - Monash,,generated_fallback,court,high,MONASH,145.079968286,-37.899376435,sport facility,tennis court,include,vicmap_foi,990863
vicmap_foi_990908,Unnamed Tennis Court - Monash,,generated_fallback,court,high,MONASH,145.124050661,-37.904504132,sport facility,tennis court,include,vicmap_foi,990908
vicmap_foi_78102,Unnamed Tennis Court - Monash,,generated_fallback,court,high,MONASH,145.105051814,-37.864519612,sport facility,tennis court,include,vicmap_foi,78102
vicmap_foi_990838,Unnamed Tennis Court - Monash,,generated_fallback,court,high,MONASH,145.199458108,-37.931135685,sport facility,tennis court,include,vicmap_foi,990838
vicmap_foi_990842,Unnamed Tennis Court - Monash,,generated_fallback,court,high,MONASH,145.10873445,-37.877568873,sport facility,tennis court,include,vicmap_foi,990842
vicmap_foi_1313706,Unnamed Tennis Court - Melton,,generated_fallback,court,high,MELTON,144.549451772,-37.696832174,sport facility,tennis court,include,vicmap_foi,1313706
vicmap_foi_1341682,Caroline Springs Recreation Reserve - Tennis Court,Caroline Springs Recreation Reserve - Tennis Court,vicmap_name_label,court,high,MELTON,144.738791552,-37.73090393,sport facility,tennis court,include,vicmap_foi,1341682
vicmap_foi_1341683,Caroline Springs Recreation Reserve - Tennis Court,Caroline Springs Recreation Reserve - Tennis Court,vicmap_name_label,court,high,MELTON,144.739232192,-37.730961037,sport facility,tennis court,include,vicmap_foi,1341683
vicmap_foi_1341684,Caroline Springs Recreation Reserve - Tennis Court,Caroline Springs Recreation Reserve - Tennis Court,vicmap_name_label,court,high,MELTON,144.738897569,-37.731306159,sport facility,tennis court,include,vicmap_foi,1341684
vicmap_foi_1341685,Caroline Springs Recreation Reserve - Tennis Court,Caroline Springs Recreation Reserve - Tennis Court,vicmap_name_label,court,high,MELTON,144.73841381,-37.731697675,sport facility,tennis court,include,vicmap_foi,1341685
vicmap_foi_1341725,Aintree Recreation Reserve - Tennis Court,Aintree Recreation Reserve - Tennis Court,vicmap_name_label,court,high,MELTON,144.664934625,-37.72230247,sport facility,tennis court,include,vicmap_foi,1341725
vicmap_foi_1341748,West Melton Recreation Reserve - Tennis Court,West Melton Recreation Reserve - Tennis Court,vicmap_name_label,court,high,MELTON,144.563895919,-37.681769212,sport facility,tennis court,include,vicmap_foi,1341748
vicmap_foi_1341749,West Melton Recreation Reserve - Tennis Court,West Melton Recreation Reserve - Tennis Court,vicmap_name_label,court,high,MELTON,144.563804933,-37.682276905,sport facility,tennis court,include,vicmap_foi,1341749
vicmap_foi_1341766,Caroline Springs Recreation Reserve - Tennis Court,Caroline Springs Recreation Reserve - Tennis Court,vicmap_name_label,court,high,MELTON,144.738618971,-37.731701285,sport facility,tennis court,include,vicmap_foi,1341766
vicmap_foi_1341767,Caroline Springs Recreation Reserve - Tennis Court,Caroline Springs Recreation Reserve - Tennis Court,vicmap_name_label,court,high,MELTON,144.738822073,-37.731706371,sport facility,tennis court,include,vicmap_foi,1341767
vicmap_foi_1341772,Brookside Recreation Reserve - Tennis Court,Brookside Recreation Reserve - Tennis Court,vicmap_name_label,court,high,MELTON,144.737630797,-37.743928698,sport facility,tennis court,include,vicmap_foi,1341772
vicmap_foi_1341774,Brookside Recreation Reserve - Tennis Court,Brookside Recreation Reserve - Tennis Court,vicmap_name_label,court,high,MELTON,144.737508538,-37.744417825,sport facility,tennis court,include,vicmap_foi,1341774
vicmap_foi_1341787,Diggers Rest Recreation Reserve - Tennis Court,Diggers Rest Recreation Reserve - Tennis Court,vicmap_name_label,court,high,MELTON,144.706959832,-37.619922488,sport facility,tennis court,include,vicmap_foi,1341787
vicmap_foi_1341794,Arnolds Creek Recreation Reserve - Tennis Court,Arnolds Creek Recreation Reserve - Tennis Court,vicmap_name_label,court,high,MELTON,144.545720781,-37.667931006,sport facility,tennis court,include,vicmap_foi,1341794
vicmap_foi_1341795,Arnolds Creek Recreation Reserve - Tennis Court,Arnolds Creek Recreation Reserve - Tennis Court,vicmap_name_label,court,high,MELTON,144.545924522,-37.667954205,sport facility,tennis court,include,vicmap_foi,1341795
vicmap_foi_1341796,Arnolds Creek Recreation Reserve - Tennis Court,Arnolds Creek Recreation Reserve - Tennis Court,vicmap_name_label,court,high,MELTON,144.545646673,-37.66828731,sport facility,tennis court,include,vicmap_foi,1341796
vicmap_foi_1341797,Arnolds Creek Recreation Reserve - Tennis Court,Arnolds Creek Recreation Reserve - Tennis Court,vicmap_name_label,court,high,MELTON,144.545848604,-37.668314027,sport facility,tennis court,include,vicmap_foi,1341797
vicmap_foi_1341799,West Melton Recreation Reserve - Tennis Court,West Melton Recreation Reserve - Tennis Court,vicmap_name_label,court,high,MELTON,144.56425186,-37.681807762,sport facility,tennis court,include,vicmap_foi,1341799
vicmap_foi_1341800,West Melton Recreation Reserve - Tennis Court,West Melton Recreation Reserve - Tennis Court,vicmap_name_label,court,high,MELTON,144.56399186,-37.68229729,sport facility,tennis court,include,vicmap_foi,1341800
vicmap_foi_1341823,Aintree Recreation Reserve - Tennis Court,Aintree Recreation Reserve - Tennis Court,vicmap_name_label,court,high,MELTON,144.664791347,-37.722624019,sport facility,tennis court,include,vicmap_foi,1341823
vicmap_foi_1341825,Caroline Springs Recreation Reserve - Tennis Court,Caroline Springs Recreation Reserve - Tennis Court,vicmap_name_label,court,high,MELTON,144.738590623,-37.730875664,sport facility,tennis court,include,vicmap_foi,1341825
vicmap_foi_1341826,Caroline Springs Recreation Reserve - Tennis Court,Caroline Springs Recreation Reserve - Tennis Court,vicmap_name_label,court,high,MELTON,144.738311397,-37.731228323,sport facility,tennis court,include,vicmap_foi,1341826
vicmap_foi_1341840,Diggers Rest Recreation Reserve - Tennis Court,Diggers Rest Recreation Reserve - Tennis Court,vicmap_name_label,court,high,MELTON,144.707510106,-37.619964536,sport facility,tennis court,include,vicmap_foi,1341840
vicmap_foi_1341850,West Melton Recreation Reserve - Tennis Court,West Melton Recreation Reserve - Tennis Court,vicmap_name_label,court,high,MELTON,144.564435211,-37.681826208,sport facility,tennis court,include,vicmap_foi,1341850
vicmap_foi_1341865,Aintree Recreation Reserve - Tennis Court,Aintree Recreation Reserve - Tennis Court,vicmap_name_label,court,high,MELTON,144.665406096,-37.721915761,sport facility,tennis court,include,vicmap_foi,1341865
vicmap_foi_1341866,Aintree Recreation Reserve - Tennis Court,Aintree Recreation Reserve - Tennis Court,vicmap_name_label,court,high,MELTON,144.665334813,-37.722345128,sport facility,tennis court,include,vicmap_foi,1341866
vicmap_foi_1341868,Caroline Springs Recreation Reserve - Tennis Court,Caroline Springs Recreation Reserve - Tennis Court,vicmap_name_label,court,high,MELTON,144.739428476,-37.730987229,sport facility,tennis court,include,vicmap_foi,1341868
vicmap_foi_1341869,Caroline Springs Recreation Reserve - Tennis Court,Caroline Springs Recreation Reserve - Tennis Court,vicmap_name_label,court,high,MELTON,144.739141948,-37.73120524,sport facility,tennis court,include,vicmap_foi,1341869
vicmap_foi_1341871,Brookside Recreation Reserve - Tennis Court,Brookside Recreation Reserve - Tennis Court,vicmap_name_label,court,high,MELTON,144.737321878,-37.744390393,sport facility,tennis court,include,vicmap_foi,1341871
vicmap_foi_1341874,Diggers Rest Recreation Reserve - Tennis Court,Diggers Rest Recreation Reserve - Tennis Court,vicmap_name_label,court,high,MELTON,144.707151566,-37.619937718,sport facility,tennis court,include,vicmap_foi,1341874
vicmap_foi_1341875,Diggers Rest Recreation Reserve - Tennis Court,Diggers Rest Recreation Reserve - Tennis Court,vicmap_name_label,court,high,MELTON,144.707335028,-37.619950221,sport facility,tennis court,include,vicmap_foi,1341875
vicmap_foi_1341882,West Melton Recreation Reserve - Tennis Court,West Melton Recreation Reserve - Tennis Court,vicmap_name_label,court,high,MELTON,144.564079539,-37.681788102,sport facility,tennis court,include,vicmap_foi,1341882
vicmap_foi_1341894,Aintree Recreation Reserve - Tennis Court,Aintree Recreation Reserve - Tennis Court,vicmap_name_label,court,high,MELTON,144.664807718,-37.721852313,sport facility,tennis court,include,vicmap_foi,1341894
vicmap_foi_1341895,Aintree Recreation Reserve - Tennis Court,Aintree Recreation Reserve - Tennis Court,vicmap_name_label,court,high,MELTON,144.665006222,-37.721872583,sport facility,tennis court,include,vicmap_foi,1341895
vicmap_foi_1341897,Aintree Recreation Reserve - Tennis Court,Aintree Recreation Reserve - Tennis Court,vicmap_name_label,court,high,MELTON,144.664736403,-37.722282032,sport facility,tennis court,include,vicmap_foi,1341897
vicmap_foi_1341943,Aintree Recreation Reserve - Tennis Court,Aintree Recreation Reserve - Tennis Court,vicmap_name_label,court,high,MELTON,144.665208393,-37.721895265,sport facility,tennis court,include,vicmap_foi,1341943
vicmap_foi_1341944,Aintree Recreation Reserve - Tennis Court,Aintree Recreation Reserve - Tennis Court,vicmap_name_label,court,high,MELTON,144.665137559,-37.72232487,sport facility,tennis court,include,vicmap_foi,1341944
vicmap_foi_1341945,Aintree Recreation Reserve - Tennis Court,Aintree Recreation Reserve - Tennis Court,vicmap_name_label,court,high,MELTON,144.665021138,-37.722648736,sport facility,tennis court,include,vicmap_foi,1341945
vicmap_foi_1341950,Caroline Springs Recreation Reserve - Tennis Court,Caroline Springs Recreation Reserve - Tennis Court,vicmap_name_label,court,high,MELTON,144.738985584,-37.730927034,sport facility,tennis court,include,vicmap_foi,1341950
vicmap_foi_1341960,Brookside Recreation Reserve - Tennis Court,Brookside Recreation Reserve - Tennis Court,vicmap_name_label,court,high,MELTON,144.737443854,-37.743897872,sport facility,tennis court,include,vicmap_foi,1341960
vicmap_foi_1341996,Caroline Springs Recreation Reserve - Tennis Court,Caroline Springs Recreation Reserve - Tennis Court,vicmap_name_label,court,high,MELTON,144.73850792,-37.731256217,sport facility,tennis court,include,vicmap_foi,1341996
vicmap_foi_1341681,Caroline Springs Recreation Reserve - Tennis Court,Caroline Springs Recreation Reserve - Tennis Court,vicmap_name_label,court,high,MELTON,144.738395909,-37.730851041,sport facility,tennis court,include,vicmap_foi,1341681
vicmap_foi_1341754,Banchory Green - Tennis Court,Banchory Green - Tennis Court,vicmap_name_label,court,high,MELTON,144.748735169,-37.688338104,sport facility,tennis court,include,vicmap_foi,1341754
vicmap_foi_1341756,Parkwood Green Recreation Reserve - Tennis Court,Parkwood Green Recreation Reserve - Tennis Court,vicmap_name_label,court,high,MELTON,144.745815492,-37.698363812,sport facility,tennis court,include,vicmap_foi,1341756
vicmap_foi_1341758,Melton South Recreation Reserve - Tennis Court,Melton South Recreation Reserve - Tennis Court,vicmap_name_label,court,high,MELTON,144.57624649,-37.707515207,sport facility,tennis court,include,vicmap_foi,1341758
vicmap_foi_1341777,Eynesbury Recreation Reserve - Tennis Court,Eynesbury Recreation Reserve - Tennis Court,vicmap_name_label,court,high,MELTON,144.545802092,-37.792449845,sport facility,tennis court,include,vicmap_foi,1341777
vicmap_foi_1341779,Eynesbury Recreation Reserve - Tennis Court,Eynesbury Recreation Reserve - Tennis Court,vicmap_name_label,court,high,MELTON,144.54569026,-37.792750373,sport facility,tennis court,include,vicmap_foi,1341779
vicmap_foi_1341806,Parkwood Green Recreation Reserve - Tennis Court,Parkwood Green Recreation Reserve - Tennis Court,vicmap_name_label,court,high,MELTON,144.746149464,-37.698722478,sport facility,tennis court,include,vicmap_foi,1341806
vicmap_foi_1341812,Melton South Recreation Reserve - Tennis Court,Melton South Recreation Reserve - Tennis Court,vicmap_name_label,court,high,MELTON,144.576083683,-37.707828358,sport facility,tennis court,include,vicmap_foi,1341812
vicmap_foi_1341813,Melton South Recreation Reserve - Tennis Court,Melton South Recreation Reserve - Tennis Court,vicmap_name_label,court,high,MELTON,144.576287308,-37.707852935,sport facility,tennis court,include,vicmap_foi,1341813
vicmap_foi_1341822,North Terrace Reserve - Tennis Court,North Terrace Reserve - Tennis Court,vicmap_name_label,court,high,MELTON,144.741694401,-37.72000138,sport facility,tennis court,include,vicmap_foi,1341822
vicmap_foi_1341835,Eynesbury Recreation Reserve - Tennis Court,Eynesbury Recreation Reserve - Tennis Court,vicmap_name_label,court,high,MELTON,144.545317515,-37.793058985,sport facility,tennis court,include,vicmap_foi,1341835
vicmap_foi_1341880,Kurunjang Recreation Reserve - Tennis Court,Kurunjang Recreation Reserve - Tennis Court,vicmap_name_label,court,high,MELTON,144.584615611,-37.673933292,sport facility,tennis court,include,vicmap_foi,1341880
vicmap_foi_1341881,Kurunjang Recreation Reserve - Tennis Court,Kurunjang Recreation Reserve - Tennis Court,vicmap_name_label,court,high,MELTON,144.584992336,-37.673971266,sport facility,tennis court,include,vicmap_foi,1341881
vicmap_foi_1341885,Parkwood Green Recreation Reserve - Tennis Court,Parkwood Green Recreation Reserve - Tennis Court,vicmap_name_label,court,high,MELTON,144.746002152,-37.69838693,sport facility,tennis court,include,vicmap_foi,1341885
vicmap_foi_1341887,Parkwood Green Recreation Reserve - Tennis Court,Parkwood Green Recreation Reserve - Tennis Court,vicmap_name_label,court,high,MELTON,144.746336995,-37.698744555,sport facility,tennis court,include,vicmap_foi,1341887
vicmap_foi_1341908,Eynesbury Recreation Reserve - Tennis Court,Eynesbury Recreation Reserve - Tennis Court,vicmap_name_label,court,high,MELTON,144.545513063,-37.793152623,sport facility,tennis court,include,vicmap_foi,1341908
vicmap_foi_1341911,Toolern Vale Recreation Reserve - Tennis Court,Toolern Vale Recreation Reserve - Tennis Court,vicmap_name_label,court,high,MELTON,144.596157444,-37.607939226,sport facility,tennis court,include,vicmap_foi,1341911
vicmap_foi_1341917,Kurunjang Recreation Reserve - Tennis Court,Kurunjang Recreation Reserve - Tennis Court,vicmap_name_label,court,high,MELTON,144.584427434,-37.673908858,sport facility,tennis court,include,vicmap_foi,1341917
vicmap_foi_1341918,Kurunjang Recreation Reserve - Tennis Court,Kurunjang Recreation Reserve - Tennis Court,vicmap_name_label,court,high,MELTON,144.584822909,-37.673949958,sport facility,tennis court,include,vicmap_foi,1341918
vicmap_foi_1341919,Kurunjang Recreation Reserve - Tennis Court,Kurunjang Recreation Reserve - Tennis Court,vicmap_name_label,court,high,MELTON,144.585162984,-37.673991518,sport facility,tennis court,include,vicmap_foi,1341919
vicmap_foi_1341928,Sugar Gum Reserve - Tennis Court,Sugar Gum Reserve - Tennis Court,vicmap_name_label,court,high,MELTON,144.735550124,-37.697593555,sport facility,tennis court,include,vicmap_foi,1341928
vicmap_foi_1341963,Eynesbury Community Centre - Tennis Court,Eynesbury Community Centre - Tennis Court,vicmap_name_label,court,high,MELTON,144.565559377,-37.788515319,sport facility,tennis court,include,vicmap_foi,1341963
vicmap_foi_1341965,Eynesbury Recreation Reserve - Tennis Court,Eynesbury Recreation Reserve - Tennis Court,vicmap_name_label,court,high,MELTON,144.545626627,-37.792408009,sport facility,tennis court,include,vicmap_foi,1341965
vicmap_foi_1342002,Eynesbury Recreation Reserve - Tennis Court,Eynesbury Recreation Reserve - Tennis Court,vicmap_name_label,court,high,MELTON,144.545514327,-37.792708588,sport facility,tennis court,include,vicmap_foi,1342002
vicmap_foi_1341658,Kurunjang Recreation Reserve - Tennis Court,Kurunjang Recreation Reserve - Tennis Court,vicmap_name_label,court,high,MELTON,144.585334961,-37.674013284,sport facility,tennis court,include,vicmap_foi,1341658
vicmap_foi_1341664,Melton Recreation Reserve - Tennis Court,Melton Recreation Reserve - Tennis Court,vicmap_name_label,court,high,MELTON,144.588393375,-37.685195767,sport facility,tennis court,include,vicmap_foi,1341664
vicmap_foi_1341668,Parkwood Green Recreation Reserve - Tennis Court,Parkwood Green Recreation Reserve - Tennis Court,vicmap_name_label,court,high,MELTON,144.746392299,-37.698431256,sport facility,tennis court,include,vicmap_foi,1341668
vicmap_foi_1341669,Melton South Recreation Reserve - Tennis Court,Melton South Recreation Reserve - Tennis Court,vicmap_name_label,court,high,MELTON,144.576039929,-37.707492215,sport facility,tennis court,include,vicmap_foi,1341669
vicmap_foi_1341696,Toolern Vale Recreation Reserve - Tennis Court,Toolern Vale Recreation Reserve - Tennis Court,vicmap_name_label,court,high,MELTON,144.595967574,-37.608017026,sport facility,tennis court,include,vicmap_foi,1341696
vicmap_foi_692950,Unnamed Baseball Field - Monash,,generated_fallback,sports_ground,high,MONASH,145.18981619,-37.879224664,sport facility,baseball field,include,vicmap_foi,692950
vicmap_foi_990828,Unnamed Baseball Field - Monash,,generated_fallback,sports_ground,high,MONASH,145.192132277,-37.893080488,sport facility,baseball field,include,vicmap_foi,990828
vicmap_foi_990815,Unnamed Baseball Field - Monash,,generated_fallback,sports_ground,high,MONASH,145.192239908,-37.892514438,sport facility,baseball field,include,vicmap_foi,990815
vicmap_foi_990830,Unnamed Baseball Field - Monash,,generated_fallback,sports_ground,high,MONASH,145.191944955,-37.89411682,sport facility,baseball field,include,vicmap_foi,990830
vicmap_foi_990845,Unnamed Baseball Field - Monash,,generated_fallback,sports_ground,high,MONASH,145.193818915,-37.89361226,sport facility,baseball field,include,vicmap_foi,990845
vicmap_foi_990878,Unnamed Baseball Field - Monash,,generated_fallback,sports_ground,high,MONASH,145.194814647,-37.893743854,sport facility,baseball field,include,vicmap_foi,990878
vicmap_foi_990799,Unnamed Baseball Field - Monash,,generated_fallback,sports_ground,high,MONASH,145.192048296,-37.893553408,sport facility,baseball field,include,vicmap_foi,990799
vicmap_foi_990829,Unnamed Baseball Field - Monash,,generated_fallback,sports_ground,high,MONASH,145.192833567,-37.894118031,sport facility,baseball field,include,vicmap_foi,990829
vicmap_foi_990892,Unnamed Baseball Field - Monash,,generated_fallback,sports_ground,high,MONASH,145.194014795,-37.892800165,sport facility,baseball field,include,vicmap_foi,990892
vicmap_foi_990860,Unnamed Baseball Field - Monash,,generated_fallback,sports_ground,high,MONASH,145.194791783,-37.89309843,sport facility,baseball field,include,vicmap_foi,990860
vicmap_foi_692874,Unnamed Baseball Field - Monash,,generated_fallback,sports_ground,high,MONASH,145.102943809,-37.893472451,sport facility,baseball field,include,vicmap_foi,692874
vicmap_foi_990827,Unnamed Baseball Field - Monash,,generated_fallback,sports_ground,high,MONASH,145.193169003,-37.892633924,sport facility,baseball field,include,vicmap_foi,990827
vicmap_foi_990826,Unnamed Baseball Field - Monash,,generated_fallback,sports_ground,high,MONASH,145.189529345,-37.880293387,sport facility,baseball field,include,vicmap_foi,990826
vicmap_foi_990798,Unnamed Baseball Field - Monash,,generated_fallback,sports_ground,high,MONASH,145.188586757,-37.880180701,sport facility,baseball field,include,vicmap_foi,990798
vicmap_foi_692949,Unnamed Baseball Field - Monash,,generated_fallback,sports_ground,high,MONASH,145.190260764,-37.878027985,sport facility,baseball field,include,vicmap_foi,692949
vicmap_foi_692886,Unnamed Baseball Field - Monash,,generated_fallback,sports_ground,high,MONASH,145.199300907,-37.932424212,sport facility,baseball field,include,vicmap_foi,692886
vicmap_foi_1341878,Macpherson Park - Baseball Diamond,Macpherson Park - Baseball Diamond,vicmap_name_label,sports_ground,high,MELTON,144.567073405,-37.638871382,sport facility,baseball field,include,vicmap_foi,1341878
vicmap_foi_1341733,Caroline Springs Recreation Reserve - Skateboarding Facility,Caroline Springs Recreation Reserve - Skateboarding Facility,vicmap_name_label,skate_bmx,high,MELTON,144.738633857,-37.733791819,recreational resource,skate park,include,vicmap_foi,1341733
vicmap_foi_1341763,Aintree Recreation Reserve - Skateboarding Facility,Aintree Recreation Reserve - Skateboarding Facility,vicmap_name_label,skate_bmx,high,MELTON,144.663107616,-37.722123343,recreational resource,skate park,include,vicmap_foi,1341763
vicmap_foi_1341969,Diggers Rest Recreation Reserve - Skateboarding Facility,Diggers Rest Recreation Reserve - Skateboarding Facility,vicmap_name_label,skate_bmx,high,MELTON,144.70637507,-37.619979669,recreational resource,skate park,include,vicmap_foi,1341969
vicmap_foi_1341984,Hillside Recreation Reserve - Skateboarding Facility,Hillside Recreation Reserve - Skateboarding Facility,vicmap_name_label,skate_bmx,high,MELTON,144.739541684,-37.685135191,recreational resource,skate park,include,vicmap_foi,1341984
vicmap_foi_1341674,Taylors Hill Recreation Reserve - Skateboarding Facility,Taylors Hill Recreation Reserve - Skateboarding Facility,vicmap_name_label,skate_bmx,high,MELTON,144.755239862,-37.713388838,recreational resource,skate park,include,vicmap_foi,1341674
vicmap_foi_1341802,Melton Recreation Reserve - Skateboarding Facility,Melton Recreation Reserve - Skateboarding Facility,vicmap_name_label,skate_bmx,high,MELTON,144.58913818,-37.686306014,recreational resource,skate park,include,vicmap_foi,1341802
vicmap_foi_1341819,Wildwood Road Sports Reserve - Skateboarding Facility,Wildwood Road Sports Reserve - Skateboarding Facility,vicmap_name_label,skate_bmx,high,MELTON,144.665006084,-37.713839764,recreational resource,skate park,include,vicmap_foi,1341819
vicmap_foi_1341828,Ian Cowie Recreation Reserve - Skateboarding Facility,Ian Cowie Recreation Reserve - Skateboarding Facility,vicmap_name_label,skate_bmx,high,MELTON,144.66125576,-37.731984033,recreational resource,skate park,include,vicmap_foi,1341828
vicmap_foi_1341948,Arbour Boulevard North Reserve - Skateboarding Facility,Arbour Boulevard North Reserve - Skateboarding Facility,vicmap_name_label,skate_bmx,high,MELTON,144.752418956,-37.72704256,recreational resource,skate park,include,vicmap_foi,1341948
vicmap_foi_1341964,Eynesbury Community Centre - Skateboarding Facility,Eynesbury Community Centre - Skateboarding Facility,vicmap_name_label,skate_bmx,high,MELTON,144.565833936,-37.788422237,recreational resource,skate park,include,vicmap_foi,1341964
vicmap_foi_1341982,Cambrian Way Reserve - Skateboarding Facility,Cambrian Way Reserve - Skateboarding Facility,vicmap_name_label,skate_bmx,high,MELTON,144.552623953,-37.675646288,recreational resource,skate park,include,vicmap_foi,1341982
vicmap_foi_78096,Unnamed Sports Ground - Monash,,generated_fallback,sports_ground,high,MONASH,145.105136814,-37.863851904,sport facility,sports ground,include,vicmap_foi,78096
vicmap_foi_75891,Unnamed Sports Ground - Melton,,generated_fallback,sports_ground,high,MELTON,144.583929305,-37.671262549,sport facility,sports ground,include,vicmap_foi,75891
vicmap_foi_77976,Unnamed Sports Ground - Monash,,generated_fallback,sports_ground,high,MONASH,145.101415427,-37.857077353,sport facility,sports ground,include,vicmap_foi,77976
vicmap_foi_78139,Unnamed Sports Ground - Monash,,generated_fallback,sports_ground,high,MONASH,145.106484291,-37.866616455,sport facility,sports ground,include,vicmap_foi,78139
vicmap_foi_990831,Unnamed Sports Ground - Monash,,generated_fallback,sports_ground,high,MONASH,145.198161729,-37.901685047,sport facility,sports ground,include,vicmap_foi,990831
vicmap_foi_990844,Unnamed Sports Ground - Monash,,generated_fallback,sports_ground,high,MONASH,145.093191213,-37.890653859,sport facility,sports ground,include,vicmap_foi,990844
vicmap_foi_990853,Unnamed Sports Ground - Monash,,generated_fallback,sports_ground,high,MONASH,145.126901016,-37.917560047,sport facility,sports ground,include,vicmap_foi,990853
vicmap_foi_990876,Unnamed Sports Ground - Monash,,generated_fallback,sports_ground,high,MONASH,145.099638785,-37.887942189,sport facility,sports ground,include,vicmap_foi,990876
vicmap_foi_990893,Unnamed Sports Ground - Monash,,generated_fallback,sports_ground,high,MONASH,145.196534178,-37.901547422,sport facility,sports ground,include,vicmap_foi,990893
vicmap_foi_1141355,Unnamed Sports Ground - Melton,,generated_fallback,sports_ground,high,MELTON,144.754477185,-37.733922113,sport facility,sports ground,include,vicmap_foi,1141355
vicmap_foi_990814,Unnamed Sports Ground - Monash,,generated_fallback,sports_ground,high,MONASH,145.139197357,-37.888824879,sport facility,sports ground,include,vicmap_foi,990814
vicmap_foi_990864,Unnamed Sports Ground - Monash,,generated_fallback,sports_ground,high,MONASH,145.117320889,-37.909636062,sport facility,sports ground,include,vicmap_foi,990864
vicmap_foi_990903,Unnamed Sports Ground - Monash,,generated_fallback,sports_ground,high,MONASH,145.116625751,-37.886828541,sport facility,sports ground,include,vicmap_foi,990903
vicmap_foi_1141363,Unnamed Sports Ground - Melton,,generated_fallback,sports_ground,high,MELTON,144.753681268,-37.733650828,sport facility,sports ground,include,vicmap_foi,1141363
vicmap_foi_990870,Unnamed Sports Ground - Monash,,generated_fallback,sports_ground,high,MONASH,145.165812614,-37.913900391,sport facility,sports ground,include,vicmap_foi,990870
vicmap_foi_990888,Unnamed Sports Ground - Monash,,generated_fallback,sports_ground,high,MONASH,145.100099086,-37.875992434,sport facility,sports ground,include,vicmap_foi,990888
vicmap_foi_990824,Unnamed Sports Ground - Monash,,generated_fallback,sports_ground,high,MONASH,145.162297141,-37.876549687,sport facility,sports ground,include,vicmap_foi,990824
vicmap_foi_990891,Unnamed Sports Ground - Monash,,generated_fallback,sports_ground,high,MONASH,145.100603586,-37.884140619,sport facility,sports ground,include,vicmap_foi,990891
vicmap_foi_703112,Unnamed Sports Ground - Monash,,generated_fallback,sports_ground,high,MONASH,145.092184585,-37.890334621,sport facility,sports ground,include,vicmap_foi,703112
vicmap_foi_990832,Unnamed Sports Ground - Monash,,generated_fallback,sports_ground,high,MONASH,145.199785082,-37.902066181,sport facility,sports ground,include,vicmap_foi,990832
vicmap_foi_990914,Unnamed Sports Ground - Monash,,generated_fallback,sports_ground,high,MONASH,145.092869091,-37.911811504,sport facility,sports ground,include,vicmap_foi,990914
vicmap_foi_703113,Unnamed Sports Ground - Monash,,generated_fallback,sports_ground,high,MONASH,145.099061515,-37.906682014,sport facility,sports ground,include,vicmap_foi,703113
vicmap_foi_990902,Unnamed Sports Ground - Monash,,generated_fallback,sports_ground,high,MONASH,145.100200196,-37.886589917,sport facility,sports ground,include,vicmap_foi,990902
vicmap_foi_78131,Unnamed Sports Ground - Monash,,generated_fallback,sports_ground,high,MONASH,145.10532609,-37.865969365,sport facility,sports ground,include,vicmap_foi,78131
vicmap_foi_990801,Unnamed Sports Ground - Monash,,generated_fallback,sports_ground,high,MONASH,145.199825235,-37.903106086,sport facility,sports ground,include,vicmap_foi,990801
vicmap_foi_990923,Unnamed Sports Ground - Monash,,generated_fallback,sports_ground,high,MONASH,145.180550083,-37.872026507,sport facility,sports ground,include,vicmap_foi,990923
vicmap_foi_1141377,Unnamed Sports Ground - Melton,,generated_fallback,sports_ground,high,MELTON,144.739931838,-37.728310826,sport facility,sports ground,include,vicmap_foi,1141377
vicmap_foi_703106,Unnamed Sports Ground - Monash,,generated_fallback,sports_ground,high,MONASH,145.167984511,-37.917958503,sport facility,sports ground,include,vicmap_foi,703106
vicmap_foi_990837,Unnamed Sports Ground - Monash,,generated_fallback,sports_ground,high,MONASH,145.116166708,-37.922740936,sport facility,sports ground,include,vicmap_foi,990837
vicmap_foi_1001772,Unnamed Sports Ground - Melton,,generated_fallback,sports_ground,high,MELTON,144.738633507,-37.728702866,sport facility,sports ground,include,vicmap_foi,1001772
vicmap_foi_990848,Unnamed Sports Ground - Monash,,generated_fallback,sports_ground,high,MONASH,145.08896445,-37.896057757,sport facility,sports ground,include,vicmap_foi,990848
vicmap_foi_990872,Unnamed Sports Ground - Monash,,generated_fallback,sports_ground,high,MONASH,145.131435028,-37.867895727,sport facility,sports ground,include,vicmap_foi,990872
vicmap_foi_75928,Unnamed Sports Ground - Melton,,generated_fallback,sports_ground,high,MELTON,144.567817091,-37.676367333,sport facility,sports ground,include,vicmap_foi,75928
vicmap_foi_990818,Unnamed Sports Ground - Monash,,generated_fallback,sports_ground,high,MONASH,145.075363999,-37.905977717,sport facility,sports ground,include,vicmap_foi,990818
vicmap_foi_703114,Unnamed Sports Ground - Monash,,generated_fallback,sports_ground,high,MONASH,145.098122184,-37.906001506,sport facility,sports ground,include,vicmap_foi,703114
vicmap_foi_990894,Unnamed Sports Ground - Monash,,generated_fallback,sports_ground,high,MONASH,145.116258808,-37.908767523,sport facility,sports ground,include,vicmap_foi,990894
vicmap_foi_990921,Unnamed Sports Ground - Monash,,generated_fallback,sports_ground,high,MONASH,145.170839802,-37.871024082,sport facility,sports ground,include,vicmap_foi,990921
vicmap_foi_990840,Unnamed Sports Ground - Monash,,generated_fallback,sports_ground,high,MONASH,145.136296072,-37.876028881,sport facility,sports ground,include,vicmap_foi,990840
vicmap_foi_1166388,Unnamed Sports Ground - Monash,,generated_fallback,sports_ground,high,MONASH,145.15389093,-37.87376224,sport facility,sports ground,include,vicmap_foi,1166388
vicmap_foi_1166389,Unnamed Sports Ground - Monash,,generated_fallback,sports_ground,high,MONASH,145.154631109,-37.876021346,sport facility,sports ground,include,vicmap_foi,1166389
vicmap_foi_1166390,Unnamed Sports Ground - Monash,,generated_fallback,sports_ground,high,MONASH,145.15628969,-37.876751211,sport facility,sports ground,include,vicmap_foi,1166390
vicmap_foi_1166394,Unnamed Sports Ground - Monash,,generated_fallback,sports_ground,high,MONASH,145.15619098,-37.875768384,sport facility,sports ground,include,vicmap_foi,1166394
vicmap_foi_1166395,Unnamed Sports Ground - Monash,,generated_fallback,sports_ground,high,MONASH,145.163362517,-37.876493983,sport facility,sports ground,include,vicmap_foi,1166395
vicmap_foi_1166396,Unnamed Sports Ground - Monash,,generated_fallback,sports_ground,high,MONASH,145.162266885,-37.877331108,sport facility,sports ground,include,vicmap_foi,1166396
vicmap_foi_1166400,Unnamed Sports Ground - Monash,,generated_fallback,sports_ground,high,MONASH,145.154713909,-37.873941689,sport facility,sports ground,include,vicmap_foi,1166400
vicmap_foi_1166416,Unnamed Sports Ground - Monash,,generated_fallback,sports_ground,high,MONASH,145.154053908,-37.875011184,sport facility,sports ground,include,vicmap_foi,1166416
vicmap_foi_1167981,Unnamed Sports Ground - Melton,,generated_fallback,sports_ground,high,MELTON,144.745596622,-37.791170099,sport facility,sports ground,include,vicmap_foi,1167981
vicmap_foi_1168006,Unnamed Sports Ground - Melton,,generated_fallback,sports_ground,high,MELTON,144.745016488,-37.790952569,sport facility,sports ground,include,vicmap_foi,1168006
vicmap_foi_1167992,Unnamed Sports Ground - Melton,,generated_fallback,sports_ground,high,MELTON,144.745362834,-37.793445842,sport facility,sports ground,include,vicmap_foi,1167992
vicmap_foi_1166409,Unnamed Sports Ground - Monash,,generated_fallback,sports_ground,high,MONASH,145.155836648,-37.873777483,sport facility,sports ground,include,vicmap_foi,1166409
vicmap_foi_1182258,Unnamed Sports Ground - Melbourne,,generated_fallback,sports_ground,high,MELBOURNE,144.951491853,-37.798268662,sport facility,sports ground,include,vicmap_foi,1182258
vicmap_foi_1182200,Unnamed Sports Ground - Melbourne,,generated_fallback,sports_ground,high,MELBOURNE,144.951618036,-37.798360146,sport facility,sports ground,include,vicmap_foi,1182200
vicmap_foi_1182223,Unnamed Sports Ground - Melbourne,,generated_fallback,sports_ground,high,MELBOURNE,144.952021993,-37.797950891,sport facility,sports ground,include,vicmap_foi,1182223
vicmap_foi_990823,Unnamed Sports Ground - Monash,,generated_fallback,sports_ground,high,MONASH,145.160176519,-37.870477856,sport facility,sports ground,include,vicmap_foi,990823
vicmap_foi_998915,Unnamed Sports Ground - Monash,,generated_fallback,sports_ground,high,MONASH,145.137829505,-37.913437547,sport facility,sports ground,include,vicmap_foi,998915
vicmap_foi_998920,Unnamed Sports Ground - Monash,,generated_fallback,sports_ground,high,MONASH,145.135798417,-37.909588428,sport facility,sports ground,include,vicmap_foi,998920
vicmap_foi_70663,Frenchs Field Athletic Track And Oval,Frenchs Field Athletic Track And Oval,vicmap_name_label,sports_ground,high,MELTON,144.582830606,-37.668976412,sport facility,sports ground,include,vicmap_foi,70663
vicmap_foi_990821,Unnamed Sports Ground - Monash,,generated_fallback,sports_ground,high,MONASH,145.162945593,-37.927486125,sport facility,sports ground,include,vicmap_foi,990821
vicmap_foi_990871,Waverley Park,Waverley Park,vicmap_name_label,sports_ground,high,MONASH,145.188758103,-37.925623354,sport facility,sports ground,include,vicmap_foi,990871
vicmap_foi_78004,Unnamed Sports Ground - Monash,,generated_fallback,sports_ground,high,MONASH,145.101130402,-37.858549092,sport facility,sports ground,include,vicmap_foi,78004
vicmap_foi_70558,Unnamed Sports Ground - Monash,,generated_fallback,sports_ground,high,MONASH,145.113659114,-37.86368307,sport facility,sports ground,include,vicmap_foi,70558
vicmap_foi_1239507,Unnamed Sports Ground - Monash,,generated_fallback,sports_ground,high,MONASH,145.168638614,-37.897348573,sport facility,sports ground,include,vicmap_foi,1239507
vicmap_foi_1239516,Unnamed Sports Ground - Monash,,generated_fallback,sports_ground,high,MONASH,145.167869723,-37.897954892,sport facility,sports ground,include,vicmap_foi,1239516
vicmap_foi_1239530,Unnamed Sports Ground - Monash,,generated_fallback,sports_ground,high,MONASH,145.166639814,-37.897432681,sport facility,sports ground,include,vicmap_foi,1239530
vicmap_foi_1239535,Unnamed Sports Ground - Monash,,generated_fallback,sports_ground,high,MONASH,145.168475213,-37.89734867,sport facility,sports ground,include,vicmap_foi,1239535
vicmap_foi_1239548,Unnamed Sports Ground - Monash,,generated_fallback,sports_ground,high,MONASH,145.197742721,-37.932460451,sport facility,sports ground,include,vicmap_foi,1239548
vicmap_foi_76020,Unnamed Sports Ground - Melton,,generated_fallback,sports_ground,high,MELTON,144.572474551,-37.693352433,sport facility,sports ground,include,vicmap_foi,76020
vicmap_foi_76103,Unnamed Sports Ground - Melton,,generated_fallback,sports_ground,high,MELTON,144.567741117,-37.706909642,sport facility,sports ground,include,vicmap_foi,76103
vicmap_foi_1251990,Unnamed Sports Ground - Melton,,generated_fallback,sports_ground,high,MELTON,144.568931378,-37.707174749,sport facility,sports ground,include,vicmap_foi,1251990
vicmap_foi_1252026,Unnamed Sports Ground - Melton,,generated_fallback,sports_ground,high,MELTON,144.584108577,-37.681352586,sport facility,sports ground,include,vicmap_foi,1252026
vicmap_foi_1252027,Unnamed Sports Ground - Melton,,generated_fallback,sports_ground,high,MELTON,144.737148248,-37.713767558,sport facility,sports ground,include,vicmap_foi,1252027
vicmap_foi_1252029,Unnamed Sports Ground - Melton,,generated_fallback,sports_ground,high,MELTON,144.73692509,-37.735398006,sport facility,sports ground,include,vicmap_foi,1252029
vicmap_foi_1252041,Unnamed Sports Ground - Melton,,generated_fallback,sports_ground,high,MELTON,144.728995255,-37.715219185,sport facility,sports ground,include,vicmap_foi,1252041
vicmap_foi_1252055,Unnamed Sports Ground - Melton,,generated_fallback,sports_ground,high,MELTON,144.737762149,-37.736226219,sport facility,sports ground,include,vicmap_foi,1252055
vicmap_foi_1252065,Unnamed Sports Ground - Melton,,generated_fallback,sports_ground,high,MELTON,144.549291069,-37.677255317,sport facility,sports ground,include,vicmap_foi,1252065
vicmap_foi_1252066,Unnamed Sports Ground - Melton,,generated_fallback,sports_ground,high,MELTON,144.548743798,-37.678093099,sport facility,sports ground,include,vicmap_foi,1252066
vicmap_foi_1252076,Unnamed Sports Ground - Melton,,generated_fallback,sports_ground,high,MELTON,144.584671605,-37.681254124,sport facility,sports ground,include,vicmap_foi,1252076
vicmap_foi_1252078,Unnamed Sports Ground - Melton,,generated_fallback,sports_ground,high,MELTON,144.73892099,-37.713648029,sport facility,sports ground,include,vicmap_foi,1252078
vicmap_foi_1252092,Unnamed Sports Ground - Melton,,generated_fallback,sports_ground,high,MELTON,144.549160262,-37.675528202,sport facility,sports ground,include,vicmap_foi,1252092
vicmap_foi_1252098,Unnamed Sports Ground - Melton,,generated_fallback,sports_ground,high,MELTON,144.760615531,-37.716161657,sport facility,sports ground,include,vicmap_foi,1252098
vicmap_foi_1252279,Unnamed Sports Ground - Melton,,generated_fallback,sports_ground,high,MELTON,144.709340364,-37.622139371,sport facility,sports ground,include,vicmap_foi,1252279
vicmap_foi_990855,Unnamed Sports Ground - Monash,,generated_fallback,sports_ground,high,MONASH,145.177267296,-37.934608595,sport facility,sports ground,include,vicmap_foi,990855
vicmap_foi_990852,Unnamed Sports Ground - Monash,,generated_fallback,sports_ground,high,MONASH,145.177900676,-37.911908303,sport facility,sports ground,include,vicmap_foi,990852
vicmap_foi_990920,Unnamed Sports Ground - Monash,,generated_fallback,sports_ground,high,MONASH,145.097054742,-37.871029376,sport facility,sports ground,include,vicmap_foi,990920
vicmap_foi_990922,Unnamed Sports Ground - Monash,,generated_fallback,sports_ground,high,MONASH,145.095832715,-37.871580489,sport facility,sports ground,include,vicmap_foi,990922
vicmap_foi_990919,Unnamed Sports Ground - Monash,,generated_fallback,sports_ground,high,MONASH,145.146178733,-37.862258429,sport facility,sports ground,include,vicmap_foi,990919
vicmap_foi_667158,Unnamed Sports Ground - Monash,,generated_fallback,sports_ground,high,MONASH,145.162200177,-37.891973174,sport facility,sports ground,include,vicmap_foi,667158
vicmap_foi_667157,Unnamed Sports Ground - Monash,,generated_fallback,sports_ground,high,MONASH,145.162602734,-37.889785067,sport facility,sports ground,include,vicmap_foi,667157
vicmap_foi_1275014,Unnamed Sports Ground - Melton,,generated_fallback,sports_ground,high,MELTON,144.546677127,-37.79088285,sport facility,sports ground,include,vicmap_foi,1275014
vicmap_foi_1275017,Unnamed Sports Ground - Melton,,generated_fallback,sports_ground,high,MELTON,144.54793969,-37.790991054,sport facility,sports ground,include,vicmap_foi,1275017
vicmap_foi_1313676,Unnamed Sports Ground - Melton,,generated_fallback,sports_ground,high,MELTON,144.572733232,-37.73377149,sport facility,sports ground,include,vicmap_foi,1313676
vicmap_foi_1313677,Unnamed Sports Ground - Melton,,generated_fallback,sports_ground,high,MELTON,144.667647528,-37.723089812,sport facility,sports ground,include,vicmap_foi,1313677
vicmap_foi_1313689,Unnamed Sports Ground - Melton,,generated_fallback,sports_ground,high,MELTON,144.666970957,-37.722441127,sport facility,sports ground,include,vicmap_foi,1313689
vicmap_foi_1313691,Unnamed Sports Ground - Melton,,generated_fallback,sports_ground,high,MELTON,144.555767772,-37.675882237,sport facility,sports ground,include,vicmap_foi,1313691
vicmap_foi_1313702,Unnamed Sports Ground - Melton,,generated_fallback,sports_ground,high,MELTON,144.556028087,-37.676513651,sport facility,sports ground,include,vicmap_foi,1313702
vicmap_foi_1016169,Unnamed Sports Ground - Monash,,generated_fallback,sports_ground,high,MONASH,145.200505616,-37.921472944,sport facility,sports ground,include,vicmap_foi,1016169
vicmap_foi_1016171,Unnamed Sports Ground - Monash,,generated_fallback,sports_ground,high,MONASH,145.202185996,-37.920623658,sport facility,sports ground,include,vicmap_foi,1016171
vicmap_foi_990806,Unnamed Sports Ground - Monash,,generated_fallback,sports_ground,high,MONASH,145.17540813,-37.911687118,sport facility,sports ground,include,vicmap_foi,990806
vicmap_foi_990880,Unnamed Sports Ground - Monash,,generated_fallback,sports_ground,high,MONASH,145.125556045,-37.904562125,sport facility,sports ground,include,vicmap_foi,990880
vicmap_foi_990906,Unnamed Sports Ground - Monash,,generated_fallback,sports_ground,high,MONASH,145.17088236,-37.902489707,sport facility,sports ground,include,vicmap_foi,990906
vicmap_foi_990916,Unnamed Sports Ground - Monash,,generated_fallback,sports_ground,high,MONASH,145.166732603,-37.914946452,sport facility,sports ground,include,vicmap_foi,990916
vicmap_foi_1335708,Unnamed Sports Ground - Monash,,generated_fallback,sports_ground,high,MONASH,145.138562899,-37.912294961,sport facility,sports ground,include,vicmap_foi,1335708
vicmap_foi_998903,Unnamed Sports Ground - Monash,,generated_fallback,sports_ground,high,MONASH,145.138110763,-37.911378918,sport facility,sports ground,include,vicmap_foi,998903
vicmap_foi_998909,Unnamed Sports Ground - Monash,,generated_fallback,sports_ground,high,MONASH,145.13891657,-37.911474358,sport facility,sports ground,include,vicmap_foi,998909
vicmap_foi_998926,Unnamed Sports Ground - Monash,,generated_fallback,sports_ground,high,MONASH,145.140292727,-37.911255403,sport facility,sports ground,include,vicmap_foi,998926
vicmap_foi_990886,Unnamed Sports Ground - Monash,,generated_fallback,sports_ground,high,MONASH,145.135305755,-37.872571611,sport facility,sports ground,include,vicmap_foi,990886
vicmap_foi_703105,Unnamed Sports Ground - Monash,,generated_fallback,sports_ground,high,MONASH,145.164719515,-37.902099014,sport facility,sports ground,include,vicmap_foi,703105
vicmap_foi_990858,Unnamed Sports Ground - Monash,,generated_fallback,sports_ground,high,MONASH,145.108046401,-37.87676859,sport facility,sports ground,include,vicmap_foi,990858
vicmap_foi_990915,Unnamed Sports Ground - Monash,,generated_fallback,sports_ground,high,MONASH,145.185702004,-37.914512374,sport facility,sports ground,include,vicmap_foi,990915
vicmap_foi_1167974,Unnamed Sports Ground - Melbourne,,generated_fallback,sports_ground,high,MELBOURNE,144.944033291,-37.778165177,sport facility,sports ground,include,vicmap_foi,1167974
vicmap_foi_1167979,Unnamed Sports Ground - Melbourne,,generated_fallback,sports_ground,high,MELBOURNE,144.943773321,-37.777745298,sport facility,sports ground,include,vicmap_foi,1167979
vicmap_foi_1167990,Unnamed Sports Ground - Melbourne,,generated_fallback,sports_ground,high,MELBOURNE,144.945422122,-37.777922363,sport facility,sports ground,include,vicmap_foi,1167990
vicmap_foi_1168005,Unnamed Sports Ground - Melbourne,,generated_fallback,sports_ground,high,MELBOURNE,144.947037251,-37.777420823,sport facility,sports ground,include,vicmap_foi,1168005
vicmap_foi_1168009,Unnamed Sports Ground - Melbourne,,generated_fallback,sports_ground,high,MELBOURNE,144.946040991,-37.778266547,sport facility,sports ground,include,vicmap_foi,1168009
vicmap_foi_1251989,Unnamed Sports Ground - Melton,,generated_fallback,sports_ground,high,MELTON,144.746709716,-37.68748518,sport facility,sports ground,include,vicmap_foi,1251989
vicmap_foi_1252007,Unnamed Sports Ground - Melton,,generated_fallback,sports_ground,high,MELTON,144.596072851,-37.665075707,sport facility,sports ground,include,vicmap_foi,1252007
vicmap_foi_1341243,Melton Recreation Reserve - Fire Track,Melton Recreation Reserve - Fire Track,vicmap_name_label,sports_ground,high,MELTON,144.590742516,-37.686301754,sport facility,sports ground,include,vicmap_foi,1341243
vicmap_foi_1341689,Burnside Heights Recreation Reserve - Cricket Wicket,Burnside Heights Recreation Reserve - Cricket Wicket,vicmap_name_label,sports_ground,high,MELTON,144.753978953,-37.735876078,sport facility,sports ground,include,vicmap_foi,1341689
vicmap_foi_1341699,Macpherson Park - Cricket/Football Oval,Macpherson Park - Cricket/Football Oval,vicmap_name_label,sports_ground,high,MELTON,144.569029418,-37.635879899,sport facility,sports ground,include,vicmap_foi,1341699
vicmap_foi_1341700,Macpherson Park - Cricket/Football Oval,Macpherson Park - Cricket/Football Oval,vicmap_name_label,sports_ground,high,MELTON,144.571116916,-37.635974974,sport facility,sports ground,include,vicmap_foi,1341700
vicmap_foi_1341702,Macpherson Park - Cricket Wicket,Macpherson Park - Cricket Wicket,vicmap_name_label,sports_ground,high,MELTON,144.563160519,-37.636272099,sport facility,sports ground,include,vicmap_foi,1341702
vicmap_foi_1341704,Macpherson Park - Cricket Wicket,Macpherson Park - Cricket Wicket,vicmap_name_label,sports_ground,high,MELTON,144.570150486,-37.636740537,sport facility,sports ground,include,vicmap_foi,1341704
vicmap_foi_1341705,Macpherson Park - Cricket Wicket,Macpherson Park - Cricket Wicket,vicmap_name_label,sports_ground,high,MELTON,144.570199706,-37.636773325,sport facility,sports ground,include,vicmap_foi,1341705
vicmap_foi_1341706,Macpherson Park - Cricket Wicket,Macpherson Park - Cricket Wicket,vicmap_name_label,sports_ground,high,MELTON,144.570232923,-37.636782812,sport facility,sports ground,include,vicmap_foi,1341706
vicmap_foi_1341707,Arnolds Creek Recreation Reserve - Cricket/Football Oval,Arnolds Creek Recreation Reserve - Cricket/Football Oval,vicmap_name_label,sports_ground,high,MELTON,144.542587714,-37.668411573,sport facility,sports ground,include,vicmap_foi,1341707
vicmap_foi_1341709,Hillside Recreation Reserve - Cricket/Football Oval,Hillside Recreation Reserve - Cricket/Football Oval,vicmap_name_label,sports_ground,high,MELTON,144.738282749,-37.684662697,sport facility,sports ground,include,vicmap_foi,1341709
vicmap_foi_1341710,Hillside Recreation Reserve - Cricket Wicket,Hillside Recreation Reserve - Cricket Wicket,vicmap_name_label,sports_ground,high,MELTON,144.737394963,-37.684193441,sport facility,sports ground,include,vicmap_foi,1341710
vicmap_foi_1341712,Blackwood Drive Recreation Reserve - Cricket Wicket,Blackwood Drive Recreation Reserve - Cricket Wicket,vicmap_name_label,sports_ground,high,MELTON,144.571484864,-37.692142939,sport facility,sports ground,include,vicmap_foi,1341712
vicmap_foi_1341713,Blackwood Drive Recreation Reserve - Cricket Wicket,Blackwood Drive Recreation Reserve - Cricket Wicket,vicmap_name_label,sports_ground,high,MELTON,144.571824508,-37.693110468,sport facility,sports ground,include,vicmap_foi,1341713
vicmap_foi_1341718,Springside Recreation Reserve - Soccer Field,Springside Recreation Reserve - Soccer Field,vicmap_name_label,sports_ground,high,MELTON,144.736420775,-37.712371661,sport facility,sports ground,include,vicmap_foi,1341718
vicmap_foi_1341719,Taylors Hill Recreation Reserve - Cricket Wicket,Taylors Hill Recreation Reserve - Cricket Wicket,vicmap_name_label,sports_ground,high,MELTON,144.754543438,-37.712344581,sport facility,sports ground,include,vicmap_foi,1341719
vicmap_foi_1341720,Taylors Hill Recreation Reserve - Cricket/Football Oval,Taylors Hill Recreation Reserve - Cricket/Football Oval,vicmap_name_label,sports_ground,high,MELTON,144.752318954,-37.712788853,sport facility,sports ground,include,vicmap_foi,1341720
vicmap_foi_1341726,Aintree Recreation Reserve - Cricket Wicket,Aintree Recreation Reserve - Cricket Wicket,vicmap_name_label,sports_ground,high,MELTON,144.66528217,-37.722674076,sport facility,sports ground,include,vicmap_foi,1341726
vicmap_foi_1341732,Caroline Springs Recreation Reserve - Cricket Wicket,Caroline Springs Recreation Reserve - Cricket Wicket,vicmap_name_label,sports_ground,high,MELTON,144.73822368,-37.733753659,sport facility,sports ground,include,vicmap_foi,1341732
vicmap_foi_1341734,Caroline Springs Recreation Reserve - Cricket Wicket,Caroline Springs Recreation Reserve - Cricket Wicket,vicmap_name_label,sports_ground,high,MELTON,144.738140362,-37.733757098,sport facility,sports ground,include,vicmap_foi,1341734
vicmap_foi_1341736,Burnside Heights Recreation Reserve - Cricket Wicket,Burnside Heights Recreation Reserve - Cricket Wicket,vicmap_name_label,sports_ground,high,MELTON,144.75389734,-37.735881579,sport facility,sports ground,include,vicmap_foi,1341736
vicmap_foi_1341738,Brookside Recreation Reserve - Cricket Wicket,Brookside Recreation Reserve - Cricket Wicket,vicmap_name_label,sports_ground,high,MELTON,144.737277809,-37.7437108,sport facility,sports ground,include,vicmap_foi,1341738
vicmap_foi_1341741,Diggers Rest Recreation Reserve - Cricket Wicket,Diggers Rest Recreation Reserve - Cricket Wicket,vicmap_name_label,sports_ground,high,MELTON,144.70680691,-37.619916799,sport facility,sports ground,include,vicmap_foi,1341741
vicmap_foi_1341742,Diggers Rest Recreation Reserve - Cricket/Football Oval,Diggers Rest Recreation Reserve - Cricket/Football Oval,vicmap_name_label,sports_ground,high,MELTON,144.708710107,-37.620865866,sport facility,sports ground,include,vicmap_foi,1341742
vicmap_foi_1341744,Diggers Rest Recreation Reserve - Cricket Wicket,Diggers Rest Recreation Reserve - Cricket Wicket,vicmap_name_label,sports_ground,high,MELTON,144.707844513,-37.621310551,sport facility,sports ground,include,vicmap_foi,1341744
vicmap_foi_1341747,Macpherson Park - Rugby Field,Macpherson Park - Rugby Field,vicmap_name_label,sports_ground,high,MELTON,144.563307548,-37.637872487,sport facility,sports ground,include,vicmap_foi,1341747
vicmap_foi_1341750,Hillside Recreation Reserve - Cricket Wicket,Hillside Recreation Reserve - Cricket Wicket,vicmap_name_label,sports_ground,high,MELTON,144.737163435,-37.684155006,sport facility,sports ground,include,vicmap_foi,1341750
vicmap_foi_1341755,Blackwood Drive Recreation Reserve - Cricket Wicket,Blackwood Drive Recreation Reserve - Cricket Wicket,vicmap_name_label,sports_ground,high,MELTON,144.570688584,-37.692000601,sport facility,sports ground,include,vicmap_foi,1341755
vicmap_foi_1341765,Aintree Recreation Reserve - Cricket/Football Oval,Aintree Recreation Reserve - Cricket/Football Oval,vicmap_name_label,sports_ground,high,MELTON,144.664734272,-37.72395184,sport facility,sports ground,include,vicmap_foi,1341765
vicmap_foi_1341769,Caroline Springs Recreation Reserve - Cricket Wicket,Caroline Springs Recreation Reserve - Cricket Wicket,vicmap_name_label,sports_ground,high,MELTON,144.738098444,-37.733760832,sport facility,sports ground,include,vicmap_foi,1341769
vicmap_foi_1341770,Burnside Heights Recreation Reserve - Cricket Wicket,Burnside Heights Recreation Reserve - Cricket Wicket,vicmap_name_label,sports_ground,high,MELTON,144.754060782,-37.735869902,sport facility,sports ground,include,vicmap_foi,1341770
vicmap_foi_1341773,Brookside Recreation Reserve - Cricket Wicket,Brookside Recreation Reserve - Cricket Wicket,vicmap_name_label,sports_ground,high,MELTON,144.736441179,-37.743985932,sport facility,sports ground,include,vicmap_foi,1341773
vicmap_foi_1341791,Macpherson Park - Soccer Field,Macpherson Park - Soccer Field,vicmap_name_label,sports_ground,high,MELTON,144.565489608,-37.636208679,sport facility,sports ground,include,vicmap_foi,1341791
vicmap_foi_1341792,Macpherson Park - Cricket Wicket,Macpherson Park - Cricket Wicket,vicmap_name_label,sports_ground,high,MELTON,144.570076838,-37.6367106,sport facility,sports ground,include,vicmap_foi,1341792
vicmap_foi_1341801,Hillside Recreation Reserve - Cricket Wicket,Hillside Recreation Reserve - Cricket Wicket,vicmap_name_label,sports_ground,high,MELTON,144.737283545,-37.68417143,sport facility,sports ground,include,vicmap_foi,1341801
vicmap_foi_1341803,Blackwood Drive Recreation Reserve - Cricket Wicket,Blackwood Drive Recreation Reserve - Cricket Wicket,vicmap_name_label,sports_ground,high,MELTON,144.571917949,-37.693076115,sport facility,sports ground,include,vicmap_foi,1341803
vicmap_foi_1341824,Aintree Recreation Reserve - Cricket Wicket,Aintree Recreation Reserve - Cricket Wicket,vicmap_name_label,sports_ground,high,MELTON,144.665242615,-37.722672233,sport facility,sports ground,include,vicmap_foi,1341824
vicmap_foi_1341830,Burnside Heights Recreation Reserve - Cricket/Football Oval,Burnside Heights Recreation Reserve - Cricket/Football Oval,vicmap_name_label,sports_ground,high,MELTON,144.756209099,-37.736659986,sport facility,sports ground,include,vicmap_foi,1341830
vicmap_foi_1341832,Brookside Recreation Reserve - Cricket/Football Oval,Brookside Recreation Reserve - Cricket/Football Oval,vicmap_name_label,sports_ground,high,MELTON,144.736447958,-37.745071942,sport facility,sports ground,include,vicmap_foi,1341832
vicmap_foi_1341839,Diggers Rest Recreation Reserve - Cricket Wicket,Diggers Rest Recreation Reserve - Cricket Wicket,vicmap_name_label,sports_ground,high,MELTON,144.70672951,-37.619798376,sport facility,sports ground,include,vicmap_foi,1341839
vicmap_foi_1341841,Diggers Rest Recreation Reserve - Cricket Wicket,Diggers Rest Recreation Reserve - Cricket Wicket,vicmap_name_label,sports_ground,high,MELTON,144.707803052,-37.621306806,sport facility,sports ground,include,vicmap_foi,1341841
vicmap_foi_1341842,Macpherson Park - Cricket Training Area,Macpherson Park - Cricket Training Area,vicmap_name_label,sports_ground,high,MELTON,144.570334603,-37.636461812,sport facility,sports ground,include,vicmap_foi,1341842
vicmap_foi_1341843,Macpherson Park - Rugby Field,Macpherson Park - Rugby Field,vicmap_name_label,sports_ground,high,MELTON,144.562233197,-37.637288909,sport facility,sports ground,include,vicmap_foi,1341843
vicmap_foi_1341844,Macpherson Park - Cricket Wicket,Macpherson Park - Cricket Wicket,vicmap_name_label,sports_ground,high,MELTON,144.568203013,-37.63888049,sport facility,sports ground,include,vicmap_foi,1341844
vicmap_foi_1341846,Arnolds Creek Recreation Reserve - Cricket Wicket,Arnolds Creek Recreation Reserve - Cricket Wicket,vicmap_name_label,sports_ground,high,MELTON,144.543224006,-37.669182014,sport facility,sports ground,include,vicmap_foi,1341846
vicmap_foi_1341847,Arnolds Creek Recreation Reserve - Cricket Wicket,Arnolds Creek Recreation Reserve - Cricket Wicket,vicmap_name_label,sports_ground,high,MELTON,144.543268768,-37.669180505,sport facility,sports ground,include,vicmap_foi,1341847
vicmap_foi_1341853,Blackwood Drive Recreation Reserve - Cricket Wicket,Blackwood Drive Recreation Reserve - Cricket Wicket,vicmap_name_label,sports_ground,high,MELTON,144.571876308,-37.693071224,sport facility,sports ground,include,vicmap_foi,1341853
vicmap_foi_1341861,Taylors Hill Recreation Reserve - Cricket/Football Oval,Taylors Hill Recreation Reserve - Cricket/Football Oval,vicmap_name_label,sports_ground,high,MELTON,144.753525931,-37.712810164,sport facility,sports ground,include,vicmap_foi,1341861
vicmap_foi_1341867,Aintree Recreation Reserve - Cricket Wicket,Aintree Recreation Reserve - Cricket Wicket,vicmap_name_label,sports_ground,high,MELTON,144.665201711,-37.722669946,sport facility,sports ground,include,vicmap_foi,1341867
vicmap_foi_1341898,Aintree Recreation Reserve - Cricket/Football Oval,Aintree Recreation Reserve - Cricket/Football Oval,vicmap_name_label,sports_ground,high,MELTON,144.663153603,-37.723291809,sport facility,sports ground,include,vicmap_foi,1341898
vicmap_foi_1341905,Burnside Heights Recreation Reserve - Cricket Wicket,Burnside Heights Recreation Reserve - Cricket Wicket,vicmap_name_label,sports_ground,high,MELTON,144.753936814,-37.735877499,sport facility,sports ground,include,vicmap_foi,1341905
vicmap_foi_1341906,Burnside Heights Recreation Reserve - Cricket/Football Oval,Burnside Heights Recreation Reserve - Cricket/Football Oval,vicmap_name_label,sports_ground,high,MELTON,144.754320344,-37.736740193,sport facility,sports ground,include,vicmap_foi,1341906
vicmap_foi_1341914,Macpherson Park - Cricket/Football Oval,Macpherson Park - Cricket/Football Oval,vicmap_name_label,sports_ground,high,MELTON,144.567771381,-37.637218044,sport facility,sports ground,include,vicmap_foi,1341914
vicmap_foi_1341915,Macpherson Park - Cricket Wicket,Macpherson Park - Cricket Wicket,vicmap_name_label,sports_ground,high,MELTON,144.570175107,-37.636755478,sport facility,sports ground,include,vicmap_foi,1341915
vicmap_foi_1341921,West Melton Recreation Reserve - Multi-Purpose Field,West Melton Recreation Reserve - Multi-Purpose Field,vicmap_name_label,sports_ground,high,MELTON,144.564714238,-37.681857972,sport facility,sports ground,include,vicmap_foi,1341921
vicmap_foi_1341923,Hillside Recreation Reserve - Cricket Wicket,Hillside Recreation Reserve - Cricket Wicket,vicmap_name_label,sports_ground,high,MELTON,144.737244062,-37.68416299,sport facility,sports ground,include,vicmap_foi,1341923
vicmap_foi_1341949,Caroline Springs Recreation Reserve - Cricket/Football Oval,Caroline Springs Recreation Reserve - Cricket/Football Oval,vicmap_name_label,sports_ground,high,MELTON,144.737446352,-37.731440043,sport facility,sports ground,include,vicmap_foi,1341949
vicmap_foi_1341954,Caroline Springs Recreation Reserve - Cricket/Football Oval,Caroline Springs Recreation Reserve - Cricket/Football Oval,vicmap_name_label,sports_ground,high,MELTON,144.737363205,-37.733125325,sport facility,sports ground,include,vicmap_foi,1341954
vicmap_foi_1341955,Caroline Springs Recreation Reserve - Cricket Wicket,Caroline Springs Recreation Reserve - Cricket Wicket,vicmap_name_label,sports_ground,high,MELTON,144.738182766,-37.733754582,sport facility,sports ground,include,vicmap_foi,1341955
vicmap_foi_1341957,Burnside Heights Recreation Reserve - Multi-Purpose Field,Burnside Heights Recreation Reserve - Multi-Purpose Field,vicmap_name_label,sports_ground,high,MELTON,144.753626838,-37.735925957,sport facility,sports ground,include,vicmap_foi,1341957
vicmap_foi_1341958,Burnside Heights Recreation Reserve - Cricket Wicket,Burnside Heights Recreation Reserve - Cricket Wicket,vicmap_name_label,sports_ground,high,MELTON,144.754019763,-37.735873386,sport facility,sports ground,include,vicmap_foi,1341958
vicmap_foi_1341967,Diggers Rest Recreation Reserve - Cricket Wicket,Diggers Rest Recreation Reserve - Cricket Wicket,vicmap_name_label,sports_ground,high,MELTON,144.706845441,-37.619921873,sport facility,sports ground,include,vicmap_foi,1341967
vicmap_foi_1341970,Diggers Rest Recreation Reserve - Cricket Wicket,Diggers Rest Recreation Reserve - Cricket Wicket,vicmap_name_label,sports_ground,high,MELTON,144.707760054,-37.621314897,sport facility,sports ground,include,vicmap_foi,1341970
vicmap_foi_1341972,Macpherson Park - Cricket Wicket,Macpherson Park - Cricket Wicket,vicmap_name_label,sports_ground,high,MELTON,144.570042684,-37.636687431,sport facility,sports ground,include,vicmap_foi,1341972
vicmap_foi_1341973,Macpherson Park - Cricket Wicket,Macpherson Park - Cricket Wicket,vicmap_name_label,sports_ground,high,MELTON,144.570116175,-37.636728328,sport facility,sports ground,include,vicmap_foi,1341973
vicmap_foi_1341974,Macpherson Park - Cricket Wicket,Macpherson Park - Cricket Wicket,vicmap_name_label,sports_ground,high,MELTON,144.570266241,-37.636795371,sport facility,sports ground,include,vicmap_foi,1341974
vicmap_foi_1341976,Arnolds Creek Recreation Reserve - Cricket/Football Oval,Arnolds Creek Recreation Reserve - Cricket/Football Oval,vicmap_name_label,sports_ground,high,MELTON,144.544542295,-37.667712326,sport facility,sports ground,include,vicmap_foi,1341976
vicmap_foi_1341979,Arnolds Creek Recreation Reserve - Cricket Wicket,Arnolds Creek Recreation Reserve - Cricket Wicket,vicmap_name_label,sports_ground,high,MELTON,144.543314824,-37.669182071,sport facility,sports ground,include,vicmap_foi,1341979
vicmap_foi_1341988,Blackwood Drive Recreation Reserve - Cricket/Football Oval,Blackwood Drive Recreation Reserve - Cricket/Football Oval,vicmap_name_label,sports_ground,high,MELTON,144.571071448,-37.694087716,sport facility,sports ground,include,vicmap_foi,1341988
vicmap_foi_1341999,Brookside Recreation Reserve - Cricket Wicket,Brookside Recreation Reserve - Cricket Wicket,vicmap_name_label,sports_ground,high,MELTON,144.737242104,-37.743695724,sport facility,sports ground,include,vicmap_foi,1341999
vicmap_foi_986613,Unnamed Sports Ground - Melton,,generated_fallback,sports_ground,high,MELTON,144.74415322,-37.698215582,sport facility,sports ground,include,vicmap_foi,986613
vicmap_foi_1341650,Diggers Rest Recreation Reserve - Cricket/Football Oval,Diggers Rest Recreation Reserve - Cricket/Football Oval,vicmap_name_label,sports_ground,high,MELTON,144.706661566,-37.620928731,sport facility,sports ground,include,vicmap_foi,1341650
vicmap_foi_1341651,Diggers Rest Recreation Reserve - Cricket Wicket,Diggers Rest Recreation Reserve - Cricket Wicket,vicmap_name_label,sports_ground,high,MELTON,144.707886353,-37.621316657,sport facility,sports ground,include,vicmap_foi,1341651
vicmap_foi_1341657,Arnolds Creek Recreation Reserve - Cricket Wicket,Arnolds Creek Recreation Reserve - Cricket Wicket,vicmap_name_label,sports_ground,high,MELTON,144.543358315,-37.669183661,sport facility,sports ground,include,vicmap_foi,1341657
vicmap_foi_1341662,Hillside Recreation Reserve - Cricket Wicket,Hillside Recreation Reserve - Cricket Wicket,vicmap_name_label,sports_ground,high,MELTON,144.737204166,-37.684160317,sport facility,sports ground,include,vicmap_foi,1341662
vicmap_foi_1341666,Blackwood Drive Recreation Reserve - Cricket/Football Oval,Blackwood Drive Recreation Reserve - Cricket/Football Oval,vicmap_name_label,sports_ground,high,MELTON,144.571234951,-37.692123511,sport facility,sports ground,include,vicmap_foi,1341666
vicmap_foi_1341667,Blackwood Drive Recreation Reserve - Cricket Wicket,Blackwood Drive Recreation Reserve - Cricket Wicket,vicmap_name_label,sports_ground,high,MELTON,144.5719608,-37.69308138,sport facility,sports ground,include,vicmap_foi,1341667
vicmap_foi_1341671,Springside Recreation Reserve - Soccer Field,Springside Recreation Reserve - Soccer Field,vicmap_name_label,sports_ground,high,MELTON,144.736887815,-37.711761464,sport facility,sports ground,include,vicmap_foi,1341671
vicmap_foi_1341672,Taylors Hill Recreation Reserve - Cricket Wicket,Taylors Hill Recreation Reserve - Cricket Wicket,vicmap_name_label,sports_ground,high,MELTON,144.754581622,-37.712355625,sport facility,sports ground,include,vicmap_foi,1341672
vicmap_foi_1341680,Aintree Recreation Reserve - Cricket Wicket,Aintree Recreation Reserve - Cricket Wicket,vicmap_name_label,sports_ground,high,MELTON,144.665159347,-37.722660139,sport facility,sports ground,include,vicmap_foi,1341680
vicmap_foi_1341722,Wildwood Road Sports Reserve - Cricket Wicket,Wildwood Road Sports Reserve - Cricket Wicket,vicmap_name_label,sports_ground,high,MELTON,144.66558892,-37.714990318,sport facility,sports ground,include,vicmap_foi,1341722
vicmap_foi_1341723,City Vista Recreation Reserve - Soccer Field 3,City Vista Recreation Reserve - Soccer Field 3,vicmap_name_label,sports_ground,high,MELTON,144.728181029,-37.716934639,sport facility,sports ground,include,vicmap_foi,1341723
vicmap_foi_1341724,City Vista Recreation Reserve - Soccer Field 4,City Vista Recreation Reserve - Soccer Field 4,vicmap_name_label,sports_ground,high,MELTON,144.728939669,-37.716987011,sport facility,sports ground,include,vicmap_foi,1341724
vicmap_foi_1341727,Nugget Park - Multi-Purpose Field,Nugget Park - Multi-Purpose Field,vicmap_name_label,sports_ground,high,MELTON,144.666241767,-37.727001616,sport facility,sports ground,include,vicmap_foi,1341727
vicmap_foi_1341730,Ian Cowie Recreation Reserve - Cricket Wicket,Ian Cowie Recreation Reserve - Cricket Wicket,vicmap_name_label,sports_ground,high,MELTON,144.660608841,-37.732976935,sport facility,sports ground,include,vicmap_foi,1341730
vicmap_foi_1341731,Ian Cowie Recreation Reserve - Cricket Wicket,Ian Cowie Recreation Reserve - Cricket Wicket,vicmap_name_label,sports_ground,high,MELTON,144.660568614,-37.732983048,sport facility,sports ground,include,vicmap_foi,1341731
vicmap_foi_1341740,Eynesbury Recreation Reserve - Cricket/Football Oval,Eynesbury Recreation Reserve - Cricket/Football Oval,vicmap_name_label,sports_ground,high,MELTON,144.546987307,-37.792501377,sport facility,sports ground,include,vicmap_foi,1341740
vicmap_foi_1341751,Melton Recreation Reserve - Lawn Bowls Green,Melton Recreation Reserve - Lawn Bowls Green,vicmap_name_label,sports_ground,high,MELTON,144.592781809,-37.684856663,sport facility,sports ground,include,vicmap_foi,1341751
vicmap_foi_1341776,Pilbara Avenue Reserve - Bocce Rink,Pilbara Avenue Reserve - Bocce Rink,vicmap_name_label,sports_ground,high,MELTON,144.752564597,-37.748548745,sport facility,sports ground,include,vicmap_foi,1341776
vicmap_foi_1341788,Diggers Rest Undeveloped Reserve - Cricket/Football Oval,Diggers Rest Undeveloped Reserve - Cricket/Football Oval,vicmap_name_label,sports_ground,high,MELTON,144.708040835,-37.622204683,sport facility,sports ground,include,vicmap_foi,1341788
vicmap_foi_1341798,Kurunjang Recreation Reserve - Cricket Wicket,Kurunjang Recreation Reserve - Cricket Wicket,vicmap_name_label,sports_ground,high,MELTON,144.583456599,-37.673180624,sport facility,sports ground,include,vicmap_foi,1341798
vicmap_foi_1341820,Arnolds Creek South Of Brooklyn Road Environmental Reserve - Pistol Range,Arnolds Creek South Of Brooklyn Road Environmental Reserve - Pistol Range,vicmap_name_label,sports_ground,high,MELTON,144.545920856,-37.713818847,sport facility,sports ground,include,vicmap_foi,1341820
vicmap_foi_1341848,Kurunjang Recreation Reserve - Soccer Field,Kurunjang Recreation Reserve - Soccer Field,vicmap_name_label,sports_ground,high,MELTON,144.583518077,-37.672867632,sport facility,sports ground,include,vicmap_foi,1341848
vicmap_foi_1341849,Arthur Westlake Recreation Reserve - Cricket/Football Oval,Arthur Westlake Recreation Reserve - Cricket/Football Oval,vicmap_name_label,sports_ground,high,MELTON,144.549487098,-37.679563796,sport facility,sports ground,include,vicmap_foi,1341849
vicmap_foi_1341851,Melton Recreation Reserve - Soccer Field,Melton Recreation Reserve - Soccer Field,vicmap_name_label,sports_ground,high,MELTON,144.590661702,-37.684299685,sport facility,sports ground,include,vicmap_foi,1341851
vicmap_foi_1341857,Mount Carberry Reserve - Cricket Wicket,Mount Carberry Reserve - Cricket Wicket,vicmap_name_label,sports_ground,high,MELTON,144.572921496,-37.706035629,sport facility,sports ground,include,vicmap_foi,1341857
vicmap_foi_1341858,Melton South Recreation Reserve - Cricket Wicket,Melton South Recreation Reserve - Cricket Wicket,vicmap_name_label,sports_ground,high,MELTON,144.57747882,-37.707590183,sport facility,sports ground,include,vicmap_foi,1341858
vicmap_foi_1341860,Melton South Recreation Reserve - Cricket/Football Oval,Melton South Recreation Reserve - Cricket/Football Oval,vicmap_name_label,sports_ground,high,MELTON,144.576883748,-37.708633243,sport facility,sports ground,include,vicmap_foi,1341860
vicmap_foi_1341862,Arnolds Creek South Of Brooklyn Road Environmental Reserve - Pistol Range,Arnolds Creek South Of Brooklyn Road Environmental Reserve - Pistol Range,vicmap_name_label,sports_ground,high,MELTON,144.546157373,-37.713675328,sport facility,sports ground,include,vicmap_foi,1341862
vicmap_foi_1341863,Kirribilli Park - Bocce Rink,Kirribilli Park - Bocce Rink,vicmap_name_label,sports_ground,high,MELTON,144.743597525,-37.715829241,sport facility,sports ground,include,vicmap_foi,1341863
vicmap_foi_1341864,City Vista Recreation Reserve - Soccer Field 2,City Vista Recreation Reserve - Soccer Field 2,vicmap_name_label,sports_ground,high,MELTON,144.731308305,-37.717147033,sport facility,sports ground,include,vicmap_foi,1341864
vicmap_foi_1341870,Ian Cowie Recreation Reserve - Cricket Wicket,Ian Cowie Recreation Reserve - Cricket Wicket,vicmap_name_label,sports_ground,high,MELTON,144.660480316,-37.73304371,sport facility,sports ground,include,vicmap_foi,1341870
vicmap_foi_1341879,Kurunjang Recreation Reserve - Soccer Field,Kurunjang Recreation Reserve - Soccer Field,vicmap_name_label,sports_ground,high,MELTON,144.583381864,-37.67351424,sport facility,sports ground,include,vicmap_foi,1341879
vicmap_foi_1341888,Mount Carberry Reserve - Cricket Wicket,Mount Carberry Reserve - Cricket Wicket,vicmap_name_label,sports_ground,high,MELTON,144.572998285,-37.706003638,sport facility,sports ground,include,vicmap_foi,1341888
vicmap_foi_1341909,Eynesbury Recreation Reserve - Cricket Wicket,Eynesbury Recreation Reserve - Cricket Wicket,vicmap_name_label,sports_ground,high,MELTON,144.546234516,-37.793549928,sport facility,sports ground,include,vicmap_foi,1341909
vicmap_foi_1341922,West Melton Recreation Reserve - Cricket Wicket,West Melton Recreation Reserve - Cricket Wicket,vicmap_name_label,sports_ground,high,MELTON,144.566176803,-37.683536771,sport facility,sports ground,include,vicmap_foi,1341922
vicmap_foi_1341924,Melton Recreation Reserve - Cricket Wicket,Melton Recreation Reserve - Cricket Wicket,vicmap_name_label,sports_ground,high,MELTON,144.591445002,-37.685995271,sport facility,sports ground,include,vicmap_foi,1341924
vicmap_foi_1341925,Banchory Grove Community Centre - Bocce Piste,Banchory Grove Community Centre - Bocce Piste,vicmap_name_label,sports_ground,high,MELTON,144.749686557,-37.691032079,sport facility,sports ground,include,vicmap_foi,1341925
vicmap_foi_1341930,Boronia Drive Reserve - Cricket/Football Oval,Boronia Drive Reserve - Cricket/Football Oval,vicmap_name_label,sports_ground,high,MELTON,144.736204404,-37.702882776,sport facility,sports ground,include,vicmap_foi,1341930
vicmap_foi_1341931,Boronia Drive Reserve - Cricket Wicket,Boronia Drive Reserve - Cricket Wicket,vicmap_name_label,sports_ground,high,MELTON,144.737083542,-37.7026752,sport facility,sports ground,include,vicmap_foi,1341931
vicmap_foi_1341939,City Vista Recreation Reserve - Soccer Field 1,City Vista Recreation Reserve - Soccer Field 1,vicmap_name_label,sports_ground,high,MELTON,144.730170815,-37.717069183,sport facility,sports ground,include,vicmap_foi,1341939
vicmap_foi_1341953,Ian Cowie Recreation Reserve - Cricket/Football Oval,Ian Cowie Recreation Reserve - Cricket/Football Oval,vicmap_name_label,sports_ground,high,MELTON,144.659996131,-37.732225816,sport facility,sports ground,include,vicmap_foi,1341953
vicmap_foi_1341981,Kurunjang Recreation Reserve - Cricket Wicket,Kurunjang Recreation Reserve - Cricket Wicket,vicmap_name_label,sports_ground,high,MELTON,144.582962212,-37.674057233,sport facility,sports ground,include,vicmap_foi,1341981
vicmap_foi_1341985,Melton Recreation Reserve - Cricket/Football Oval,Melton Recreation Reserve - Cricket/Football Oval,vicmap_name_label,sports_ground,high,MELTON,144.590502613,-37.685554338,sport facility,sports ground,include,vicmap_foi,1341985
vicmap_foi_1341989,Boronia Drive Reserve - Cricket Wicket,Boronia Drive Reserve - Cricket Wicket,vicmap_name_label,sports_ground,high,MELTON,144.737123657,-37.702671503,sport facility,sports ground,include,vicmap_foi,1341989
vicmap_foi_1341990,Mount Carberry Reserve - Cricket Wicket,Mount Carberry Reserve - Cricket Wicket,vicmap_name_label,sports_ground,high,MELTON,144.572960235,-37.706020154,sport facility,sports ground,include,vicmap_foi,1341990
vicmap_foi_1341993,Bridge Road Recreation Reserve - Multi-Purpose Field,Bridge Road Recreation Reserve - Multi-Purpose Field,vicmap_name_label,sports_ground,high,MELTON,144.586004189,-37.71641249,sport facility,sports ground,include,vicmap_foi,1341993
vicmap_foi_1341659,Arthur Westlake Recreation Reserve - Cricket Wicket,Arthur Westlake Recreation Reserve - Cricket Wicket,vicmap_name_label,sports_ground,high,MELTON,144.548973358,-37.67907807,sport facility,sports ground,include,vicmap_foi,1341659
vicmap_foi_1341660,Arthur Westlake Recreation Reserve - Cricket Wicket,Arthur Westlake Recreation Reserve - Cricket Wicket,vicmap_name_label,sports_ground,high,MELTON,144.548945729,-37.679104898,sport facility,sports ground,include,vicmap_foi,1341660
vicmap_foi_1341663,Melton Recreation Reserve - Lawn Bowls Green,Melton Recreation Reserve - Lawn Bowls Green,vicmap_name_label,sports_ground,high,MELTON,144.592295902,-37.68479555,sport facility,sports ground,include,vicmap_foi,1341663
vicmap_foi_1341670,Melton South Recreation Reserve - Cricket Wicket,Melton South Recreation Reserve - Cricket Wicket,vicmap_name_label,sports_ground,high,MELTON,144.577512501,-37.70761147,sport facility,sports ground,include,vicmap_foi,1341670
vicmap_foi_1341688,Ian Cowie Recreation Reserve - Cricket Wicket,Ian Cowie Recreation Reserve - Cricket Wicket,vicmap_name_label,sports_ground,high,MELTON,144.660521967,-37.73304135,sport facility,sports ground,include,vicmap_foi,1341688
vicmap_foi_1341692,Eynesbury Recreation Reserve - Cricket Wicket,Eynesbury Recreation Reserve - Cricket Wicket,vicmap_name_label,sports_ground,high,MELTON,144.546280354,-37.793544767,sport facility,sports ground,include,vicmap_foi,1341692
vicmap_foi_1341708,Kurunjang Recreation Reserve - Cricket/Football Oval,Kurunjang Recreation Reserve - Cricket/Football Oval,reviewed_override,sports_ground,high,MELTON,144.582256275,-37.671160175,sport facility,sports ground,include,vicmap_foi,1341708
vicmap_foi_1341711,Melton Recreation Reserve - Cricket Wicket,Melton Recreation Reserve - Cricket Wicket,vicmap_name_label,sports_ground,high,MELTON,144.591405832,-37.685988552,sport facility,sports ground,include,vicmap_foi,1341711
vicmap_foi_1341716,Mount Carberry Reserve - Cricket/Football Oval,Mount Carberry Reserve - Cricket/Football Oval,vicmap_name_label,sports_ground,high,MELTON,144.572806592,-37.706611171,sport facility,sports ground,include,vicmap_foi,1341716
vicmap_foi_1252097,Unnamed Sports Ground - Melton,,generated_fallback,sports_ground,high,MELTON,144.76043788,-37.715484491,sport facility,sports ground,include,vicmap_foi,1252097
vicmap_foi_1313690,Unnamed Sports Ground - Melton,,generated_fallback,sports_ground,high,MELTON,144.697564155,-37.720766619,sport facility,sports ground,include,vicmap_foi,1313690
vicmap_foi_69757,Batman Park,Batman Park,vicmap_name_label,park_and_garden,high,MELBOURNE,144.956618392,-37.821773491,reserve,park,include,vicmap_foi,69757
vicmap_foi_69994,Burston Reserve,Burston Reserve,vicmap_name_label,park_and_garden,high,MELBOURNE,144.975238327,-37.811404658,reserve,park,include,vicmap_foi,69994
vicmap_foi_70246,Cordner Oval,Cordner Oval,vicmap_name_label,sports_ground,high,MELBOURNE,144.982942117,-37.842559502,sport facility,sports ground,include,vicmap_foi,70246
vicmap_foi_70341,Darling Square,Darling Square,vicmap_name_label,park_and_garden,high,MELBOURNE,144.989097067,-37.812812488,reserve,park,include,vicmap_foi,70341
vicmap_foi_71050,J J Holland Park,J J Holland Park,vicmap_name_label,park_and_garden,high,MELBOURNE,144.922651145,-37.798031684,reserve,park,include,vicmap_foi,71050
vicmap_foi_71670,Murchison Square,Murchison Square,vicmap_name_label,park_and_garden,high,MELBOURNE,144.97307572,-37.800201154,reserve,park,include,vicmap_foi,71670
vicmap_foi_72186,Royal Park,Royal Park,vicmap_name_label,park_and_garden,high,MELBOURNE,144.948449317,-37.786118829,reserve,park,include,vicmap_foi,72186
vicmap_foi_72461,State Netball Hockey Centre,State Netball Hockey Centre,vicmap_name_label,sports_ground,high,MELBOURNE,144.94758939,-37.785249679,sport facility,sports complex,include,vicmap_foi,72461
vicmap_foi_72497,Sturt Street Reserve,Sturt Street Reserve,vicmap_name_label,park_and_garden,high,MELBOURNE,144.964862476,-37.829790528,reserve,park,include,vicmap_foi,72497
vicmap_foi_80971,Yarra Park,Yarra Park,vicmap_name_label,park_and_garden,high,MELBOURNE,144.988117659,-37.822127155,reserve,park,include,vicmap_foi,80971
vicmap_foi_634242,Bedford Street Reserve,Bedford Street Reserve,vicmap_name_label,park_and_garden,high,MELBOURNE,144.95606507,-37.802278964,reserve,park,include,vicmap_foi,634242
vicmap_foi_634318,College Crescent Reserve,College Crescent Reserve,reviewed_override,park_and_garden,high,MELBOURNE,144.958867175,-37.792812239,reserve,park,include,vicmap_foi,634318
vicmap_foi_634381,Errol Street Reserve,Errol Street Reserve,vicmap_name_label,park_and_garden,high,MELBOURNE,144.950453661,-37.799526057,reserve,park,include,vicmap_foi,634381
vicmap_foi_634529,Leveson Street Reserve,Leveson Street Reserve,vicmap_name_label,park_and_garden,high,MELBOURNE,144.951647619,-37.800558213,reserve,park,include,vicmap_foi,634529
vicmap_foi_634595,Moonee Ponds Creek Reserve,Moonee Ponds Creek Reserve,vicmap_name_label,park_and_garden,high,MELBOURNE,144.935624602,-37.797312926,reserve,park,include,vicmap_foi,634595
vicmap_foi_634655,Peppercorn Park,Peppercorn Park,vicmap_name_label,park_and_garden,high,MELBOURNE,144.922670173,-37.792501992,reserve,park,include,vicmap_foi,634655
vicmap_foi_635006,Burton Reserve,Burton Reserve,vicmap_name_label,park_and_garden,high,MELBOURNE,144.972273504,-37.80786766,reserve,park,include,vicmap_foi,635006
vicmap_foi_635186,Enterprize Park,Enterprize Park,vicmap_name_label,park_and_garden,high,MELBOURNE,144.95899588,-37.820460539,reserve,park,include,vicmap_foi,635186
vicmap_foi_635195,Exhibition Street Reserve,Exhibition Street Reserve,vicmap_name_label,park_and_garden,high,MELBOURNE,144.96855662,-37.807482371,reserve,park,include,vicmap_foi,635195
vicmap_foi_635374,Jolimont Reserve,Jolimont Reserve,vicmap_name_label,park_and_garden,high,MELBOURNE,144.980811653,-37.816398027,reserve,park,include,vicmap_foi,635374
vicmap_foi_635451,Lincoln Square,Lincoln Square,vicmap_name_label,park_and_garden,high,MELBOURNE,144.962895037,-37.802403392,reserve,park,include,vicmap_foi,635451
vicmap_foi_635599,Neill Street Reserve,Neill Street Reserve,vicmap_name_label,park_and_garden,high,MELBOURNE,144.970069091,-37.7950352,reserve,park,include,vicmap_foi,635599
vicmap_foi_635824,State Library Forecourt,State Library Forecourt,vicmap_name_label,park_and_garden,high,MELBOURNE,144.964425049,-37.810013479,reserve,park,include,vicmap_foi,635824
vicmap_foi_635950,Wellington Park,Wellington Park,vicmap_name_label,park_and_garden,high,MELBOURNE,144.977193512,-37.815974778,reserve,park,include,vicmap_foi,635950
vicmap_foi_703061,Crawford Oval,Crawford Oval,vicmap_name_label,sports_ground,high,MELBOURNE,144.960693348,-37.789683599,sport facility,sports ground,include,vicmap_foi,703061
vicmap_foi_765551,Clayton Reserve,Clayton Reserve,vicmap_name_label,park_and_garden,high,MELBOURNE,144.939093845,-37.796369189,reserve,park,include,vicmap_foi,765551
vicmap_foi_1000941,Quay Park,Quay Park,vicmap_name_label,park_and_garden,high,MELBOURNE,144.937504086,-37.815687534,reserve,park,include,vicmap_foi,1000941
vicmap_foi_1000946,Unnamed Park - Melbourne,,generated_fallback,park_and_garden,high,MELBOURNE,144.954685837,-37.824168517,reserve,park,include,vicmap_foi,1000946
vicmap_foi_1001997,Buluk Park,Buluk Park,vicmap_name_label,park_and_garden,high,MELBOURNE,144.940757718,-37.820366909,reserve,park,include,vicmap_foi,1001997
vicmap_foi_1004400,Ron Barassi Senior Park,Ron Barassi Senior Park,vicmap_name_label,park_and_garden,high,MELBOURNE,144.934748533,-37.816394717,reserve,park,include,vicmap_foi,1004400
vicmap_foi_1009245,Powlett Reserve,Powlett Reserve,vicmap_name_label,park_and_garden,high,MELBOURNE,144.987879062,-37.811261351,reserve,park,include,vicmap_foi,1009245
vicmap_foi_1009284,Kensington Hall Reserve,Kensington Hall Reserve,vicmap_name_label,park_and_garden,high,MELBOURNE,144.928494821,-37.788774749,reserve,park,include,vicmap_foi,1009284
vicmap_foi_1009357,Eades Park,Eades Park,vicmap_name_label,park_and_garden,high,MELBOURNE,144.951478597,-37.807222137,reserve,park,include,vicmap_foi,1009357
vicmap_foi_1009429,Ievers Reserve,Ievers Reserve,vicmap_name_label,park_and_garden,high,MELBOURNE,144.953516039,-37.795629122,reserve,park,include,vicmap_foi,1009429
vicmap_foi_1009430,Gardiner Reserve,Gardiner Reserve,vicmap_name_label,park_and_garden,high,MELBOURNE,144.943885509,-37.799131634,reserve,park,include,vicmap_foi,1009430
vicmap_foi_1009463,Bellair Street Reserve,Bellair Street Reserve,vicmap_name_label,park_and_garden,high,MELBOURNE,144.930824805,-37.795482257,reserve,park,include,vicmap_foi,1009463
vicmap_foi_1143507,North Melbourne Recreation Centre,North Melbourne Recreation Centre,vicmap_name_label,sports_ground,high,MELBOURNE,144.94315021,-37.799807836,sport facility,sports complex,include,vicmap_foi,1143507
vicmap_foi_1165057,Stawell Street Park,Stawell Street Park,vicmap_name_label,park_and_garden,high,MELBOURNE,144.942437888,-37.805546513,reserve,park,include,vicmap_foi,1165057
vicmap_foi_1184586,Carlton Baths,Carlton Baths,vicmap_name_label,sports_ground,high,MELBOURNE,144.971815571,-37.793371538,sport facility,sports complex,include,vicmap_foi,1184586
vicmap_foi_1206820,Unnamed Netball Court - Melbourne,,generated_fallback,court,high,MELBOURNE,144.947381913,-37.784831948,sport facility,netball court,include,vicmap_foi,1206820
vicmap_foi_1206821,Unnamed Sports Ground - Melbourne,,generated_fallback,sports_ground,high,MELBOURNE,144.947473454,-37.78635048,sport facility,sports ground,include,vicmap_foi,1206821
vicmap_foi_1206848,Unnamed Sports Ground - Melbourne,,generated_fallback,sports_ground,high,MELBOURNE,144.948449317,-37.786118829,sport facility,sports ground,include,vicmap_foi,1206848
vicmap_foi_1208420,Unnamed Sports Ground - Melbourne,,generated_fallback,sports_ground,high,MELBOURNE,144.97053845,-37.794905368,sport facility,sports ground,include,vicmap_foi,1208420
vicmap_foi_1208437,Unnamed Sports Ground - Melbourne,,generated_fallback,sports_ground,high,MELBOURNE,144.970069091,-37.7950352,sport facility,sports ground,include,vicmap_foi,1208437
vicmap_foi_1242405,Robertson Street Reserve,Robertson Street Reserve,vicmap_name_label,park_and_garden,high,MELBOURNE,144.932364114,-37.793192902,reserve,park,include,vicmap_foi,1242405
vicmap_foi_1242421,Parsons Street Reserve,Parsons Street Reserve,vicmap_name_label,park_and_garden,high,MELBOURNE,144.931101116,-37.790101109,reserve,park,include,vicmap_foi,1242421
vicmap_foi_1268477,Wominjeka Park,Wominjeka Park,vicmap_name_label,park_and_garden,high,MELBOURNE,144.948707237,-37.80986669,reserve,park,include,vicmap_foi,1268477
vicmap_foi_1309980,Boyd Park,Boyd Park,vicmap_name_label,park_and_garden,high,MELBOURNE,144.961270336,-37.825791462,reserve,park,include,vicmap_foi,1309980
vicmap_foi_1335814,Seafarers Rest,Seafarers Rest,vicmap_name_label,park_and_garden,high,MELBOURNE,144.951437371,-37.822941167,reserve,park,include,vicmap_foi,1335814
vicmap_foi_1342883,Neill Street Reserve Playground,Neill Street Reserve Playground,vicmap_name_label,playground,high,MELBOURNE,144.969719248,-37.795217345,recreational resource,playground,include,vicmap_foi,1342883
vicmap_foi_1342884,Warun Biik Playground,Warun Biik Playground,vicmap_name_label,playground,high,MELBOURNE,144.926757606,-37.796145118,recreational resource,playground,include,vicmap_foi,1342884
vicmap_foi_1342889,Mercantile Parade And Tankard Street Playground,Mercantile Parade And Tankard Street Playground,vicmap_name_label,playground,high,MELBOURNE,144.920597439,-37.796593938,recreational resource,playground,include,vicmap_foi,1342889
vicmap_foi_1342890,Holland Park Playground,Holland Park Playground,vicmap_name_label,playground,high,MELBOURNE,144.92591423,-37.797791477,recreational resource,playground,include,vicmap_foi,1342890
vicmap_foi_1342891,Carlton Gardens Playground,Carlton Gardens Playground,vicmap_name_label,playground,high,MELBOURNE,144.970683651,-37.802055386,recreational resource,playground,include,vicmap_foi,1342891
vicmap_foi_1342892,Wharfs Landing Park Playground,Wharfs Landing Park Playground,vicmap_name_label,playground,high,MELBOURNE,144.936556118,-37.822056445,recreational resource,playground,include,vicmap_foi,1342892
vicmap_foi_1342897,Kensington Hall Reserve Playground,Kensington Hall Reserve Playground,vicmap_name_label,playground,high,MELBOURNE,144.928465299,-37.789027077,recreational resource,playground,include,vicmap_foi,1342897
vicmap_foi_1342898,Robertson Street Park Playground,Robertson Street Park Playground,vicmap_name_label,playground,high,MELBOURNE,144.932423042,-37.79318042,recreational resource,playground,include,vicmap_foi,1342898
vicmap_foi_1342900,Natureplay Playground Royal Park Playground,Natureplay Playground Royal Park Playground,vicmap_name_label,playground,high,MELBOURNE,144.951730686,-37.795009772,recreational resource,playground,include,vicmap_foi,1342900
vicmap_foi_1342904,Eades Park Playground,Eades Park Playground,vicmap_name_label,playground,high,MELBOURNE,144.951446414,-37.807092813,recreational resource,playground,include,vicmap_foi,1342904
vicmap_foi_1342905,Powlett Reserve Fitness Station,Powlett Reserve Fitness Station,vicmap_name_label,playground,high,MELBOURNE,144.987296632,-37.811303062,recreational resource,playground,include,vicmap_foi,1342905
vicmap_foi_1342906,Riverslide Skate Park,Riverslide Skate Park,vicmap_name_label,playground,high,MELBOURNE,144.973031242,-37.82047655,recreational resource,playground,include,vicmap_foi,1342906
vicmap_foi_1342907,Docklands Park Playground,Docklands Park Playground,vicmap_name_label,playground,high,MELBOURNE,144.947264414,-37.821775858,recreational resource,playground,include,vicmap_foi,1342907
vicmap_foi_1342918,Canning And Palmerston Streets Playground,Canning And Palmerston Streets Playground,vicmap_name_label,playground,high,MELBOURNE,144.972807168,-37.796292973,recreational resource,playground,include,vicmap_foi,1342918
vicmap_foi_1342919,Station Street Park Playground,Station Street Park Playground,vicmap_name_label,playground,high,MELBOURNE,144.973991335,-37.797265994,recreational resource,playground,include,vicmap_foi,1342919
vicmap_foi_1342920,Bedford St Reserve Playground,Bedford St Reserve Playground,vicmap_name_label,playground,high,MELBOURNE,144.95579262,-37.803243893,recreational resource,playground,include,vicmap_foi,1342920
vicmap_foi_1342921,Hawke Adderley Streets Playground,Hawke  Adderley Streets Playground,vicmap_name_label,playground,high,MELBOURNE,144.944778622,-37.808755719,recreational resource,playground,include,vicmap_foi,1342921
vicmap_foi_1342922,Buluk Park Playground,Buluk Park Playground,vicmap_name_label,playground,high,MELBOURNE,144.940889301,-37.820271953,recreational resource,playground,include,vicmap_foi,1342922
vicmap_foi_1342923,Grant Street Playground,Grant Street Playground,vicmap_name_label,playground,high,MELBOURNE,144.968354569,-37.825991218,recreational resource,playground,include,vicmap_foi,1342923
vicmap_foi_1342924,Boyd Community Hub Playground,Boyd Community Hub Playground,vicmap_name_label,playground,high,MELBOURNE,144.961639058,-37.826109398,recreational resource,playground,include,vicmap_foi,1342924
vicmap_foi_1342925,Princes Park North Playground,Princes Park North Playground,vicmap_name_label,playground,high,MELBOURNE,144.962151374,-37.781209392,recreational resource,playground,include,vicmap_foi,1342925
vicmap_foi_1342926,Liddy Street Reserve Playground,Liddy Street Reserve Playground,vicmap_name_label,playground,high,MELBOURNE,144.925673744,-37.79002819,recreational resource,playground,include,vicmap_foi,1342926
vicmap_foi_1342934,Ron Barassi Senior Park Playground,Ron Barassi Senior Park Playground,vicmap_name_label,playground,high,MELBOURNE,144.933775412,-37.816475988,recreational resource,playground,include,vicmap_foi,1342934
vicmap_foi_1342939,Princes Park South Playground,Princes Park South Playground,vicmap_name_label,playground,high,MELBOURNE,144.962740143,-37.785370908,recreational resource,playground,include,vicmap_foi,1342939
vicmap_foi_1342949,Southbank Boulevard Playspace,Southbank Boulevard Playspace,vicmap_name_label,playground,high,MELBOURNE,144.964819471,-37.823103312,recreational resource,playground,include,vicmap_foi,1342949
vicmap_foi_1342953,Manningham Street Playground,Manningham Street Playground,vicmap_name_label,playground,high,MELBOURNE,144.942036185,-37.785075859,recreational resource,playground,include,vicmap_foi,1342953
vicmap_foi_1342954,Mercantile Parade And Newman Street Playground,Mercantile Parade And Newman Street Playground,vicmap_name_label,playground,high,MELBOURNE,144.920889182,-37.79541522,recreational resource,playground,include,vicmap_foi,1342954
vicmap_foi_1342961,Holland Park Extreme Sports Precinct,Holland Park Extreme Sports Precinct,vicmap_name_label,playground,high,MELBOURNE,144.921113801,-37.798270807,recreational resource,playground,include,vicmap_foi,1342961
vicmap_foi_1342962,Lincoln Square Playground,Lincoln Square Playground,vicmap_name_label,playground,high,MELBOURNE,144.962769561,-37.802870468,recreational resource,playground,include,vicmap_foi,1342962
vicmap_foi_1342964,Birrarung Marr Playground,Birrarung Marr Playground,vicmap_name_label,playground,high,MELBOURNE,144.971292298,-37.81819981,recreational resource,playground,include,vicmap_foi,1342964
vicmap_foi_1342965,Point Park Playground,Point Park Playground,vicmap_name_label,playground,high,MELBOURNE,144.941573363,-37.823071916,recreational resource,playground,include,vicmap_foi,1342965
vicmap_foi_1342967,Parsons Reserve Playground,Parsons Reserve Playground,vicmap_name_label,playground,high,MELBOURNE,144.931094578,-37.790176697,recreational resource,playground,include,vicmap_foi,1342967
vicmap_foi_1342968,North Melbourne Community Centre Play Court,North Melbourne Community Centre Play Court,vicmap_name_label,playground,high,MELBOURNE,144.9395631,-37.793402916,recreational resource,playground,include,vicmap_foi,1342968
vicmap_foi_1342970,Bayswater Road Park Playground,Bayswater Road Park Playground,vicmap_name_label,playground,high,MELBOURNE,144.92358546,-37.793768964,recreational resource,playground,include,vicmap_foi,1342970
vicmap_foi_1342971,The Crescent Reserve Playground,The Crescent Reserve Playground,vicmap_name_label,playground,high,MELBOURNE,144.919199599,-37.794641873,recreational resource,playground,include,vicmap_foi,1342971
vicmap_foi_1342972,Bellair Street Reserve Playground,Bellair Street Reserve Playground,vicmap_name_label,playground,high,MELBOURNE,144.930786602,-37.795214594,recreational resource,playground,include,vicmap_foi,1342972
vicmap_foi_1342973,Neill Street Reserve Fitness Equipment,Neill Street Reserve Fitness Equipment,vicmap_name_label,playground,high,MELBOURNE,144.969312138,-37.795292332,recreational resource,playground,include,vicmap_foi,1342973
vicmap_foi_1342976,Victoria Market Reserve,Victoria Market Reserve,vicmap_name_label,park_and_garden,high,MELBOURNE,144.956733269,-37.808231259,reserve,park,include,vicmap_foi,1342976
vicmap_foi_1342980,Ievers Reserve Playground,Ievers Reserve Playground,vicmap_name_label,playground,high,MELBOURNE,144.952779484,-37.796512751,recreational resource,playground,include,vicmap_foi,1342980
vicmap_foi_1342981,Gardiner Reserve Playground,Gardiner Reserve Playground,vicmap_name_label,playground,high,MELBOURNE,144.943987598,-37.798774946,recreational resource,playground,include,vicmap_foi,1342981
vicmap_foi_1342982,Flagstaff Gardens Playground,Flagstaff Gardens Playground,vicmap_name_label,playground,high,MELBOURNE,144.954705621,-37.80949609,recreational resource,playground,include,vicmap_foi,1342982
vicmap_foi_1342983,Powlett Reserve Sports Court,Powlett Reserve Sports Court,vicmap_name_label,playground,high,MELBOURNE,144.987701061,-37.811514264,recreational resource,playground,include,vicmap_foi,1342983
vicmap_foi_1342984,Powlett Reserve Playground,Powlett Reserve Playground,vicmap_name_label,playground,high,MELBOURNE,144.986545976,-37.81156602,recreational resource,playground,include,vicmap_foi,1342984
vicmap_foi_1342985,Fitzroy Gardens Playground,Fitzroy Gardens Playground,vicmap_name_label,playground,high,MELBOURNE,144.981829026,-37.811736229,recreational resource,playground,include,vicmap_foi,1342985
vicmap_foi_1342986,Victoria Green Playground,Victoria Green Playground,vicmap_name_label,playground,high,MELBOURNE,144.944748489,-37.820279117,recreational resource,playground,include,vicmap_foi,1342986
vicmap_foi_1342987,Fawkner Park North East Playground,Fawkner Park North East Playground,vicmap_name_label,playground,high,MELBOURNE,144.985066781,-37.838780075,recreational resource,playground,include,vicmap_foi,1342987
vicmap_foi_1342988,Fawkner Park Toddler Playspace,Fawkner Park Toddler Playspace,vicmap_name_label,playground,high,MELBOURNE,144.980467967,-37.839023503,recreational resource,playground,include,vicmap_foi,1342988
vicmap_foi_1342989,Galada Avenue Reserve Playground,Galada Avenue Reserve Playground,vicmap_name_label,playground,high,MELBOURNE,144.939750203,-37.779612646,recreational resource,playground,include,vicmap_foi,1342989
vicmap_foi_1342993,Fawkner Park East Playground,Fawkner Park East Playground,vicmap_name_label,playground,high,MELBOURNE,144.984070646,-37.840673504,recreational resource,playground,include,vicmap_foi,1342993
vicmap_foi_1342998,Oval No 1,Oval No 1,vicmap_name_label,sports_ground,high,MELBOURNE,144.961264331,-37.785476792,sport facility,sports ground,include,vicmap_foi,1342998
vicmap_foi_1343000,Oval No 2 Area,Oval No 2 Area,vicmap_name_label,sports_ground,high,MELBOURNE,144.961340934,-37.786827488,sport facility,sports ground,include,vicmap_foi,1343000
vicmap_foi_1343001,Canning Neill Street Reserve,Canning  Neill Street Reserve,vicmap_name_label,park_and_garden,high,MELBOURNE,144.974075411,-37.793128753,reserve,park,include,vicmap_foi,1343001
vicmap_foi_1343002,Kensington Banks Small Reserves,Kensington Banks Small Reserves,vicmap_name_label,park_and_garden,high,MELBOURNE,144.919699423,-37.793096197,reserve,park,include,vicmap_foi,1343002
vicmap_foi_1343003,Soccer Field (5x5),Soccer Field (5x5),vicmap_name_label,sports_ground,high,MELBOURNE,144.939494179,-37.793459844,sport facility,sports ground,include,vicmap_foi,1343003
vicmap_foi_1343005,Kensington Banks Small Reserves,Kensington Banks Small Reserves,vicmap_name_label,park_and_garden,high,MELBOURNE,144.92385932,-37.79490923,reserve,park,include,vicmap_foi,1343005
vicmap_foi_1343006,Kensington Banks Small Reserves,Kensington Banks Small Reserves,vicmap_name_label,park_and_garden,high,MELBOURNE,144.921333685,-37.79035125,reserve,park,include,vicmap_foi,1343006
vicmap_foi_1343008,Kensington Small Reserves,Kensington Small Reserves,vicmap_name_label,park_and_garden,high,MELBOURNE,144.92582487,-37.790516638,reserve,park,include,vicmap_foi,1343008
vicmap_foi_1343010,Parkville Gardens,Parkville Gardens,vicmap_name_label,park_and_garden,high,MELBOURNE,144.940284145,-37.777685775,reserve,park,include,vicmap_foi,1343010
vicmap_foi_1343014,Ron Barassi Snr Park,Ron Barassi Snr Park,vicmap_name_label,sports_ground,high,MELBOURNE,144.934748533,-37.816394717,sport facility,sports ground,include,vicmap_foi,1343014
vicmap_foi_1343021,JJ Holland Park East Oval,Oval,reviewed_override,sports_ground,high,MELBOURNE,144.925146262,-37.798501213,sport facility,sports ground,include,vicmap_foi,1343021
vicmap_foi_1343023,Carlton Gardens North,Carlton Gardens North,vicmap_name_label,park_and_garden,high,MELBOURNE,144.973254791,-37.802165235,reserve,park,include,vicmap_foi,1343023
vicmap_foi_1343035,St Marys Church,St Marys Church,vicmap_name_label,park_and_garden,high,MELBOURNE,144.953441591,-37.805836092,reserve,park,include,vicmap_foi,1343035
vicmap_foi_1343039,Hawke Adderley Street Park,Hawke  Adderley Street Park,vicmap_name_label,park_and_garden,high,MELBOURNE,144.944935238,-37.808677635,reserve,park,include,vicmap_foi,1343039
vicmap_foi_1343043,Festival Hall,Festival Hall,vicmap_name_label,sports_ground,high,MELBOURNE,144.946356155,-37.811134119,sport facility,sports complex,include,vicmap_foi,1343043
vicmap_foi_1343045,Powlett Reserve Tennis Centre,Powlett Reserve Tennis Centre,vicmap_name_label,court,high,MELBOURNE,144.987719893,-37.811243732,sport facility,tennis court,include,vicmap_foi,1343045
vicmap_foi_1343053,Grant Street Reserve,Grant Street Reserve,vicmap_name_label,park_and_garden,high,MELBOURNE,144.968588796,-37.825877163,reserve,park,include,vicmap_foi,1343053
vicmap_foi_1343056,Netball Field,Netball Field,vicmap_name_label,court,high,MELBOURNE,144.983368864,-37.84017313,sport facility,netball court,include,vicmap_foi,1343056
vicmap_foi_1343057,Softball Field,Softball Field,vicmap_name_label,sports_ground,high,MELBOURNE,144.98121873,-37.840374888,sport facility,sports ground,include,vicmap_foi,1343057
vicmap_foi_1343080,Keppel Street Park,Keppel Street Park,vicmap_name_label,park_and_garden,high,MELBOURNE,144.965978578,-37.794672143,reserve,park,include,vicmap_foi,1343080
vicmap_foi_1343083,Kensington Small Reserves,Kensington Small Reserves,vicmap_name_label,park_and_garden,high,MELBOURNE,144.92348107,-37.788995294,reserve,park,include,vicmap_foi,1343083
vicmap_foi_1343084,Kensington Small Reserves,Kensington Small Reserves,vicmap_name_label,park_and_garden,high,MELBOURNE,144.92742757,-37.789526618,reserve,park,include,vicmap_foi,1343084
vicmap_foi_1343085,Kensington Small Reserves,Kensington Small Reserves,vicmap_name_label,park_and_garden,high,MELBOURNE,144.925964547,-37.790213979,reserve,park,include,vicmap_foi,1343085
vicmap_foi_1343088,Garrard Street Reserve,Garrard Street Reserve,vicmap_name_label,park_and_garden,high,MELBOURNE,144.941994872,-37.779213864,reserve,park,include,vicmap_foi,1343088
vicmap_foi_1343095,Collins Street Reserve,Collins Street Reserve,vicmap_name_label,park_and_garden,high,MELBOURNE,144.959971179,-37.81761462,reserve,park,include,vicmap_foi,1343095
vicmap_foi_1343098,Yarra Boathouses,Yarra Boathouses,vicmap_name_label,park_and_garden,high,MELBOURNE,144.970641861,-37.819884464,reserve,park,include,vicmap_foi,1343098
vicmap_foi_1343099,Canning Street Macaulay Road Reserve,Canning Street  Macaulay Road Reserve,vicmap_name_label,park_and_garden,high,MELBOURNE,144.93977444,-37.795781733,reserve,park,include,vicmap_foi,1343099
vicmap_foi_1343100,Kensington Banks Small Reserves,Kensington Banks Small Reserves,vicmap_name_label,park_and_garden,high,MELBOURNE,144.920788437,-37.796656522,reserve,park,include,vicmap_foi,1343100
vicmap_foi_1343101,JJ Holland Park West Oval,Oval,reviewed_override,sports_ground,high,MELBOURNE,144.922651145,-37.798031684,sport facility,sports ground,include,vicmap_foi,1343101
vicmap_foi_1343102,Barkly Street Reserve,Barkly Street Reserve,vicmap_name_label,park_and_garden,high,MELBOURNE,144.974558576,-37.79815715,reserve,park,include,vicmap_foi,1343102
vicmap_foi_1343103,North Melbourne Football Ground,North Melbourne Football Ground,vicmap_name_label,sports_ground,high,MELBOURNE,144.941467067,-37.79896902,sport facility,sports ground,include,vicmap_foi,1343103
vicmap_foi_1343106,Haymarket Roundabout,Haymarket Roundabout,vicmap_name_label,park_and_garden,high,MELBOURNE,144.957451965,-37.801243328,reserve,park,include,vicmap_foi,1343106
vicmap_foi_1343113,Powlett Reserve Tennis Centre,Powlett Reserve Tennis Centre,vicmap_name_label,court,high,MELBOURNE,144.987879062,-37.811261351,sport facility,tennis court,include,vicmap_foi,1343113
vicmap_foi_1343115,Powlett Reserve Tennis Centre,Powlett Reserve Tennis Centre,vicmap_name_label,court,high,MELBOURNE,144.988194954,-37.811296236,sport facility,tennis court,include,vicmap_foi,1343115
vicmap_foi_1343117,Parliament Place,Parliament Place,vicmap_name_label,park_and_garden,high,MELBOURNE,144.975868217,-37.811625903,reserve,park,include,vicmap_foi,1343117
vicmap_foi_1343123,Unnamed Reserve,Unnamed Reserve,vicmap_name_label,park_and_garden,high,MELBOURNE,144.936442668,-37.822502391,reserve,park,include,vicmap_foi,1343123
vicmap_foi_1343124,Olympic Park Oval,Olympic Park Oval,vicmap_name_label,sports_ground,high,MELBOURNE,144.981265442,-37.82463149,sport facility,sports complex,include,vicmap_foi,1343124
vicmap_foi_1343130,Softball Field,Softball Field,vicmap_name_label,sports_ground,high,MELBOURNE,144.980259376,-37.839681784,sport facility,sports ground,include,vicmap_foi,1343130
vicmap_foi_1343131,Soccer Pitch,Soccer Pitch,vicmap_name_label,sports_ground,high,MELBOURNE,144.978778566,-37.83965529,sport facility,sports ground,include,vicmap_foi,1343131
vicmap_foi_1343132,Soccer Pitch,Soccer Pitch,vicmap_name_label,sports_ground,high,MELBOURNE,144.982474549,-37.841187451,sport facility,sports ground,include,vicmap_foi,1343132
vicmap_foi_1343134,Fawkner Park Southern Sports Ground,Southern Pavillion South,reviewed_override,sports_ground,high,MELBOURNE,144.980895244,-37.843694937,sport facility,sports ground,include,vicmap_foi,1343134
vicmap_foi_1343136,Soccer Pitch,Soccer Pitch,vicmap_name_label,sports_ground,high,MELBOURNE,144.982994658,-37.844725583,sport facility,sports ground,include,vicmap_foi,1343136
vicmap_foi_1343140,Victoria Green,Victoria Green,vicmap_name_label,park_and_garden,high,MELBOURNE,144.945031159,-37.820386663,reserve,park,include,vicmap_foi,1343140
vicmap_foi_1343142,Yarra Bank Road Reserve,Yarra Bank Road Reserve,vicmap_name_label,park_and_garden,high,MELBOURNE,144.960865097,-37.821242384,reserve,park,include,vicmap_foi,1343142
vicmap_foi_1343143,Eureka Reserve,Eureka Reserve,vicmap_name_label,park_and_garden,high,MELBOURNE,144.964894378,-37.821339874,reserve,park,include,vicmap_foi,1343143
vicmap_foi_1343145,Royal Parade Reserve,Royal Parade Reserve,vicmap_name_label,park_and_garden,high,MELBOURNE,144.958708592,-37.789359831,reserve,park,include,vicmap_foi,1343145
vicmap_foi_1343147,Oval No 2 Area,Oval No 2 Area,vicmap_name_label,sports_ground,high,MELBOURNE,144.960540396,-37.786682731,sport facility,sports ground,include,vicmap_foi,1343147
vicmap_foi_1343148,Oval No 2 Area,Oval No 2 Area,vicmap_name_label,sports_ground,high,MELBOURNE,144.962130534,-37.78742471,sport facility,sports ground,include,vicmap_foi,1343148
vicmap_foi_1343149,Kensington Flemington Sports Ground,Kensington  Flemington Sports Ground,vicmap_name_label,sports_ground,high,MELBOURNE,144.922762709,-37.788111148,sport facility,sports ground,include,vicmap_foi,1343149
vicmap_foi_1343152,Kensington Small Reserves,Kensington Small Reserves,vicmap_name_label,park_and_garden,high,MELBOURNE,144.926487362,-37.790107762,reserve,park,include,vicmap_foi,1343152
vicmap_foi_1343154,Park Street Reserve,Park Street Reserve,vicmap_name_label,park_and_garden,high,MELBOURNE,144.941544724,-37.775804357,reserve,park,include,vicmap_foi,1343154
vicmap_foi_1343169,Maribyrnong River Bike Trail,Maribyrnong River Bike Trail,vicmap_name_label,park_and_garden,high,MELBOURNE,144.915968621,-37.796454125,reserve,park,include,vicmap_foi,1343169
vicmap_foi_1343173,Hawke King Street Reserve,Hawke  King Street Reserve,vicmap_name_label,park_and_garden,high,MELBOURNE,144.949097342,-37.805446575,reserve,park,include,vicmap_foi,1343173
vicmap_foi_1343199,Aami Park,Aami Park,vicmap_name_label,sports_ground,high,MELBOURNE,144.984284895,-37.824498831,sport facility,sports complex,include,vicmap_foi,1343199
vicmap_foi_1343202,Railway Revegetation Area,Railway Revegetation Area,vicmap_name_label,park_and_garden,high,MELBOURNE,144.954696457,-37.827370937,reserve,park,include,vicmap_foi,1343202
vicmap_foi_1343204,Softball Field,Softball Field,vicmap_name_label,sports_ground,high,MELBOURNE,144.979117454,-37.839820285,sport facility,sports ground,include,vicmap_foi,1343204
vicmap_foi_1343209,Riverslide Skatepark,Riverslide Skatepark,vicmap_name_label,skate_bmx,high,MELBOURNE,144.973033081,-37.820477613,recreational resource,skate park,include,vicmap_foi,1343209
vicmap_foi_1343219,Oval No 2 Area,Oval No 2 Area,vicmap_name_label,sports_ground,high,MELBOURNE,144.961808807,-37.786900181,sport facility,sports ground,include,vicmap_foi,1343219
vicmap_foi_1343220,Oval No 2 Area,Oval No 2 Area,vicmap_name_label,sports_ground,high,MELBOURNE,144.962539074,-37.78673674,sport facility,sports ground,include,vicmap_foi,1343220
vicmap_foi_1343221,Oval No 2 Area,Oval No 2 Area,vicmap_name_label,sports_ground,high,MELBOURNE,144.960894726,-37.787992094,sport facility,sports ground,include,vicmap_foi,1343221
vicmap_foi_1343223,Flemington Road Reserve,Flemington Road Reserve,vicmap_name_label,park_and_garden,high,MELBOURNE,144.950084916,-37.795543852,reserve,park,include,vicmap_foi,1343223
vicmap_foi_1343225,Mccracken Street Reserve,Mccracken Street Reserve,vicmap_name_label,park_and_garden,high,MELBOURNE,144.92770599,-37.793853335,reserve,park,include,vicmap_foi,1343225
vicmap_foi_1343228,Kensington Banks Small Reserves,Kensington Banks Small Reserves,vicmap_name_label,park_and_garden,high,MELBOURNE,144.922160001,-37.791245809,reserve,park,include,vicmap_foi,1343228
vicmap_foi_1343229,Kensington Banks Small Reserves,Kensington Banks Small Reserves,vicmap_name_label,park_and_garden,high,MELBOURNE,144.921101756,-37.791838701,reserve,park,include,vicmap_foi,1343229
vicmap_foi_1343230,Auckland Lane Reserve,Auckland Lane Reserve,vicmap_name_label,park_and_garden,high,MELBOURNE,144.938945649,-37.777974,reserve,park,include,vicmap_foi,1343230
vicmap_foi_1343245,Spencer Street Plaza,Spencer Street Plaza,vicmap_name_label,park_and_garden,high,MELBOURNE,144.953893786,-37.819385047,reserve,park,include,vicmap_foi,1343245
vicmap_foi_1343246,Alexandra Park,Alexandra Park,vicmap_name_label,park_and_garden,high,MELBOURNE,144.980103152,-37.82672246,reserve,park,include,vicmap_foi,1343246
vicmap_foi_1343249,Warun Biik Park,Warun Biik Park,vicmap_name_label,park_and_garden,high,MELBOURNE,144.926303579,-37.796599696,reserve,park,include,vicmap_foi,1343249
vicmap_foi_1343250,Station Street Park,Station Street Park,vicmap_name_label,park_and_garden,high,MELBOURNE,144.973859478,-37.797215085,reserve,park,include,vicmap_foi,1343250
vicmap_foi_1343251,JJ Holland Park Oval,Oval,reviewed_override,sports_ground,high,MELBOURNE,144.924414503,-37.797635722,sport facility,sports ground,include,vicmap_foi,1343251
vicmap_foi_1343252,Chapman Street Reserve,Chapman Street Reserve,vicmap_name_label,park_and_garden,high,MELBOURNE,144.950590546,-37.798195107,reserve,park,include,vicmap_foi,1343252
vicmap_foi_1343256,North Melbourne Recreation Centre,North Melbourne Recreation Centre,vicmap_name_label,park_and_garden,high,MELBOURNE,144.94315021,-37.799807836,reserve,park,include,vicmap_foi,1343256
vicmap_foi_1343261,Shepherd Bridge Reserve,Shepherd Bridge Reserve,vicmap_name_label,park_and_garden,high,MELBOURNE,144.908378164,-37.805489031,reserve,park,include,vicmap_foi,1343261
vicmap_foi_1343266,Royal Society Of Victoria,Royal Society Of Victoria,vicmap_name_label,park_and_garden,high,MELBOURNE,144.969305499,-37.807534238,reserve,park,include,vicmap_foi,1343266
vicmap_foi_1343284,Normanby Road Reserve,Normanby Road Reserve,vicmap_name_label,park_and_garden,high,MELBOURNE,144.954885273,-37.826518504,reserve,park,include,vicmap_foi,1343284
vicmap_foi_1343292,Softball Field,Softball Field,vicmap_name_label,sports_ground,high,MELBOURNE,144.978831813,-37.83939483,sport facility,sports ground,include,vicmap_foi,1343292
vicmap_foi_1343294,Softball Field,Softball Field,vicmap_name_label,sports_ground,high,MELBOURNE,144.983843557,-37.839586337,sport facility,sports ground,include,vicmap_foi,1343294
vicmap_foi_1343296,Softball Field,Softball Field,vicmap_name_label,sports_ground,high,MELBOURNE,144.980652647,-37.84051633,sport facility,sports ground,include,vicmap_foi,1343296
vicmap_foi_1343297,Netball Field,Netball Field,vicmap_name_label,court,high,MELBOURNE,144.982778877,-37.840721065,sport facility,netball court,include,vicmap_foi,1343297
vicmap_foi_1343306,Southbank Promenade,Southbank Promenade,vicmap_name_label,park_and_garden,high,MELBOURNE,144.967098879,-37.819974528,reserve,park,include,vicmap_foi,1343306
vicmap_foi_1343309,Collins Landing/Australian Wharf,Collins Landing/Australian Wharf,vicmap_name_label,park_and_garden,high,MELBOURNE,144.94530906,-37.822418183,reserve,park,include,vicmap_foi,1343309
vicmap_foi_1343310,Wharfs Landing,Wharfs Landing,vicmap_name_label,park_and_garden,high,MELBOURNE,144.936487882,-37.821959234,reserve,park,include,vicmap_foi,1343310
vicmap_foi_1343312,Cook Street Reserve,Cook Street Reserve,vicmap_name_label,park_and_garden,high,MELBOURNE,144.964446275,-37.822186672,reserve,park,include,vicmap_foi,1343312
vicmap_foi_1343318,Oval No 2 Area,Oval No 2 Area,vicmap_name_label,sports_ground,high,MELBOURNE,144.961399613,-37.787682509,sport facility,sports ground,include,vicmap_foi,1343318
vicmap_foi_1343320,Kensington Banks Small Reserves,Kensington Banks Small Reserves,vicmap_name_label,park_and_garden,high,MELBOURNE,144.918171698,-37.793598701,reserve,park,include,vicmap_foi,1343320
vicmap_foi_1343324,Kensington Banks Small Reserves,Kensington Banks Small Reserves,vicmap_name_label,park_and_garden,high,MELBOURNE,144.922916747,-37.78940029,reserve,park,include,vicmap_foi,1343324
vicmap_foi_1343326,Westbourne Road Reserve,Westbourne Road Reserve,vicmap_name_label,park_and_garden,high,MELBOURNE,144.921578062,-37.792216176,reserve,park,include,vicmap_foi,1343326
vicmap_foi_1343328,Manchester Lane Reserve,Manchester Lane Reserve,vicmap_name_label,park_and_garden,high,MELBOURNE,144.938601414,-37.777477915,reserve,park,include,vicmap_foi,1343328
vicmap_foi_1343341,Customs Square,Customs Square,vicmap_name_label,park_and_garden,high,MELBOURNE,144.960744908,-37.819808169,reserve,park,include,vicmap_foi,1343341
vicmap_foi_1343344,Kensington Banks Small Reserves,Kensington Banks Small Reserves,vicmap_name_label,park_and_garden,high,MELBOURNE,144.919389037,-37.797477864,reserve,park,include,vicmap_foi,1343344
vicmap_foi_1343345,Holland Park Extreme Sports Facility,Holland Park Extreme Sports Facility,vicmap_name_label,skate_bmx,high,MELBOURNE,144.921514679,-37.798269303,recreational resource,skate park,include,vicmap_foi,1343345
vicmap_foi_1343346,Kensington Banks Small Reserves,Kensington Banks Small Reserves,vicmap_name_label,park_and_garden,high,MELBOURNE,144.919903836,-37.798077422,reserve,park,include,vicmap_foi,1343346
vicmap_foi_1343347,Holland Park Extreme Sports Precinct,Holland Park Extreme Sports Precinct,vicmap_name_label,skate_bmx,high,MELBOURNE,144.921242673,-37.798338262,recreational resource,bmx track,include,vicmap_foi,1343347
vicmap_foi_1343359,Newquay Central Park,Newquay Central Park,vicmap_name_label,park_and_garden,high,MELBOURNE,144.939013999,-37.814995526,reserve,park,include,vicmap_foi,1343359
vicmap_foi_1343361,St Kilda Road Reserve,St Kilda Road Reserve,vicmap_name_label,park_and_garden,high,MELBOURNE,144.975490762,-37.835807433,reserve,park,include,vicmap_foi,1343361
vicmap_foi_1343362,Dodds Street Linear Park,Dodds Street Linear Park,vicmap_name_label,park_and_garden,high,MELBOURNE,144.968220363,-37.82520769,reserve,park,include,vicmap_foi,1343362
vicmap_foi_1343363,Soccer Pitch,Soccer Pitch,vicmap_name_label,sports_ground,high,MELBOURNE,144.986981636,-37.824940353,sport facility,sports ground,include,vicmap_foi,1343363
vicmap_foi_1343364,Rugby Field,Rugby Field,vicmap_name_label,sports_ground,high,MELBOURNE,144.985892369,-37.825343573,sport facility,sports ground,include,vicmap_foi,1343364
vicmap_foi_1343366,Kavanagh Street Reserve,Kavanagh Street Reserve,vicmap_name_label,park_and_garden,high,MELBOURNE,144.963217992,-37.8253044,reserve,park,include,vicmap_foi,1343366
vicmap_foi_1343374,Edmund Herring Memorial Oval,Edmund Herring Memorial Oval,vicmap_name_label,sports_ground,high,MELBOURNE,144.975485474,-37.832687149,sport facility,sports ground,include,vicmap_foi,1343374
vicmap_foi_1343375,Softball Field,Softball Field,vicmap_name_label,sports_ground,high,MELBOURNE,144.979779272,-37.839210425,sport facility,sports ground,include,vicmap_foi,1343375
vicmap_foi_1343376,Flinders Spencer Street Reserve,Flinders  Spencer Street Reserve,vicmap_name_label,park_and_garden,high,MELBOURNE,144.954686423,-37.82089785,reserve,park,include,vicmap_foi,1343376
vicmap_foi_1343378,Punt Road Oval,Punt Road Oval,vicmap_name_label,sports_ground,high,MELBOURNE,144.988117659,-37.822127155,sport facility,sports ground,include,vicmap_foi,1343378
vicmap_foi_1343383,Oval No 2 Area,Oval No 2 Area,vicmap_name_label,sports_ground,high,MELBOURNE,144.960841285,-37.787003312,sport facility,sports ground,include,vicmap_foi,1343383
vicmap_foi_1343384,Kensington Banks Small Reserves,Kensington Banks Small Reserves,vicmap_name_label,park_and_garden,high,MELBOURNE,144.920701394,-37.792186175,reserve,park,include,vicmap_foi,1343384
vicmap_foi_1343385,Kensington Banks Small Reserves,Kensington Banks Small Reserves,vicmap_name_label,park_and_garden,high,MELBOURNE,144.918668138,-37.793313179,reserve,park,include,vicmap_foi,1343385
vicmap_foi_1343386,Kensington Banks Small Reserves,Kensington Banks Small Reserves,vicmap_name_label,park_and_garden,high,MELBOURNE,144.917250496,-37.794171017,reserve,park,include,vicmap_foi,1343386
vicmap_foi_1343387,Cardigan Street Park,Cardigan Street Park,vicmap_name_label,park_and_garden,high,MELBOURNE,144.966233953,-37.794353568,reserve,park,include,vicmap_foi,1343387
vicmap_foi_1343389,Soccer,Soccer,vicmap_name_label,sports_ground,high,MELBOURNE,144.961089492,-37.790599121,sport facility,sports ground,include,vicmap_foi,1343389
vicmap_foi_1343390,Kensington Small Reserves,Kensington Small Reserves,vicmap_name_label,park_and_garden,high,MELBOURNE,144.925192249,-37.790903738,reserve,park,include,vicmap_foi,1343390
vicmap_foi_1343391,The Avenue Reserve (North),The Avenue Reserve (North),vicmap_name_label,park_and_garden,high,MELBOURNE,144.959598349,-37.778703631,reserve,park,include,vicmap_foi,1343391
vicmap_foi_1343395,Carrangall Place Reserve,Carrangall Place Reserve,vicmap_name_label,park_and_garden,high,MELBOURNE,144.941247318,-37.779819262,reserve,park,include,vicmap_foi,1343395
vicmap_foi_1343397,Wellington Crescent,Wellington Crescent,vicmap_name_label,park_and_garden,high,MELBOURNE,144.977908102,-37.817284836,reserve,park,include,vicmap_foi,1343397
vicmap_foi_1343402,Queensbridge Square,Queensbridge Square,vicmap_name_label,park_and_garden,high,MELBOURNE,144.962330178,-37.820761576,reserve,park,include,vicmap_foi,1343402
vicmap_foi_1343403,Kensington Banks Small Reserves,Kensington Banks Small Reserves,vicmap_name_label,park_and_garden,high,MELBOURNE,144.921019732,-37.795657445,reserve,park,include,vicmap_foi,1343403
vicmap_foi_1343404,Kensington Banks Small Reserves,Kensington Banks Small Reserves,vicmap_name_label,park_and_garden,high,MELBOURNE,144.924359765,-37.795758762,reserve,park,include,vicmap_foi,1343404
vicmap_foi_1343405,Kensington Banks Small Reserves,Kensington Banks Small Reserves,vicmap_name_label,park_and_garden,high,MELBOURNE,144.918807368,-37.796842253,reserve,park,include,vicmap_foi,1343405
vicmap_foi_1343408,Dynon Road Reserve,Dynon Road Reserve,vicmap_name_label,park_and_garden,high,MELBOURNE,144.922187778,-37.802548174,reserve,park,include,vicmap_foi,1343408
vicmap_foi_1343413,Hawke Curzon Street Reserve,Hawke  Curzon Street Reserve,vicmap_name_label,park_and_garden,high,MELBOURNE,144.947441973,-37.806386692,reserve,park,include,vicmap_foi,1343413
vicmap_foi_1343424,Powlett Reserve Tennis Centre,Powlett Reserve Tennis Centre,vicmap_name_label,court,high,MELBOURNE,144.988036906,-37.811278592,sport facility,tennis court,include,vicmap_foi,1343424
vicmap_foi_1343429,Rockery Fountain (West),Rockery Fountain (West),vicmap_name_label,park_and_garden,high,MELBOURNE,144.971148175,-37.823172013,reserve,park,include,vicmap_foi,1343429
vicmap_foi_1343435,Goschs Paddock Oval,Goschs Paddock Oval,vicmap_name_label,sports_ground,high,MELBOURNE,144.987488337,-37.826422146,sport facility,sports ground,include,vicmap_foi,1343435
vicmap_foi_1343438,River Bank Reserve,River Bank Reserve,vicmap_name_label,park_and_garden,high,MELBOURNE,144.986351816,-37.828900163,reserve,park,include,vicmap_foi,1343438
vicmap_foi_1343456,Newmarket Reserve,Newmarket Reserve,vicmap_name_label,park_and_garden,high,MELBOURNE,144.923037832,-37.788501154,reserve,park,include,vicmap_foi,1343456
vicmap_foi_1343457,Soccer Field,Soccer Field,vicmap_name_label,sports_ground,high,MELBOURNE,144.940057327,-37.792656328,sport facility,sports ground,include,vicmap_foi,1343457
vicmap_foi_1343458,Kensington Banks Small Reserves,Kensington Banks Small Reserves,vicmap_name_label,park_and_garden,high,MELBOURNE,144.919195153,-37.793002643,reserve,park,include,vicmap_foi,1343458
vicmap_foi_1343459,Eastwood Rankins Road Reserve,Eastwood  Rankins Road Reserve,vicmap_name_label,park_and_garden,high,MELBOURNE,144.930836787,-37.793735044,reserve,park,include,vicmap_foi,1343459
vicmap_foi_1343460,Reeves Street Park,Reeves Street Park,vicmap_name_label,park_and_garden,high,MELBOURNE,144.970381541,-37.793602176,reserve,park,include,vicmap_foi,1343460
vicmap_foi_1343466,Galada Avenue Reserve,Galada Avenue Reserve,vicmap_name_label,park_and_garden,high,MELBOURNE,144.940144438,-37.780013739,reserve,park,include,vicmap_foi,1343466
vicmap_foi_1343467,The Avenue Reserve (South),The Avenue Reserve (South),vicmap_name_label,park_and_garden,high,MELBOURNE,144.959082498,-37.779754913,reserve,park,include,vicmap_foi,1343467
vicmap_foi_1343473,St Pauls Cathedral,St Pauls Cathedral,vicmap_name_label,park_and_garden,high,MELBOURNE,144.967467638,-37.816913584,reserve,park,include,vicmap_foi,1343473
vicmap_foi_1343476,Market Street Reserve,Market Street Reserve,vicmap_name_label,park_and_garden,high,MELBOURNE,144.960345997,-37.817828159,reserve,park,include,vicmap_foi,1343476
vicmap_foi_1343477,Federation Square,Federation Square,vicmap_name_label,park_and_garden,high,MELBOURNE,144.968789221,-37.818006352,reserve,park,include,vicmap_foi,1343477
vicmap_foi_1343480,Flinders Walk,Flinders Walk,vicmap_name_label,park_and_garden,high,MELBOURNE,144.965154001,-37.819209605,reserve,park,include,vicmap_foi,1343480
vicmap_foi_1343485,Yarra Boatsheds,Yarra Boatsheds,vicmap_name_label,park_and_garden,high,MELBOURNE,144.971184267,-37.819697666,reserve,park,include,vicmap_foi,1343485
vicmap_foi_1343486,Kensington Banks Small Reserves,Kensington Banks Small Reserves,vicmap_name_label,park_and_garden,high,MELBOURNE,144.918133645,-37.796118135,reserve,park,include,vicmap_foi,1343486
vicmap_foi_1343487,Pleasance Gardens,Pleasance Gardens,vicmap_name_label,park_and_garden,high,MELBOURNE,144.94565246,-37.796332359,reserve,park,include,vicmap_foi,1343487
vicmap_foi_1343488,Kensington Banks Small Reserves,Kensington Banks Small Reserves,vicmap_name_label,park_and_garden,high,MELBOURNE,144.920670727,-37.796253558,reserve,park,include,vicmap_foi,1343488
vicmap_foi_1343490,Kensington Community Centre,Kensington Community Centre,vicmap_name_label,sports_ground,high,MELBOURNE,144.92420575,-37.796724774,sport facility,sports complex,include,vicmap_foi,1343490
vicmap_foi_1343491,Kensington Banks Small Reserves,Kensington Banks Small Reserves,vicmap_name_label,park_and_garden,high,MELBOURNE,144.920703481,-37.797839427,reserve,park,include,vicmap_foi,1343491
vicmap_foi_1343492,Maribyrnong River Bike Trail,Maribyrnong River Bike Trail,vicmap_name_label,park_and_garden,high,MELBOURNE,144.916718931,-37.798859595,reserve,park,include,vicmap_foi,1343492
vicmap_foi_1343498,Elizabeth Street Reserve,Elizabeth Street Reserve,vicmap_name_label,park_and_garden,high,MELBOURNE,144.95866048,-37.804160343,reserve,park,include,vicmap_foi,1343498
vicmap_foi_1343501,Courtney Street Reserve,Courtney Street Reserve,vicmap_name_label,park_and_garden,high,MELBOURNE,144.95590248,-37.803534069,reserve,park,include,vicmap_foi,1343501
vicmap_foi_1343502,Carlton Gardens South,Carlton Gardens South,vicmap_name_label,park_and_garden,high,MELBOURNE,144.971237302,-37.806287133,reserve,park,include,vicmap_foi,1343502
vicmap_foi_1343503,King Victoria Street Reserve,King  Victoria Street Reserve,vicmap_name_label,park_and_garden,high,MELBOURNE,144.948630321,-37.805172622,reserve,park,include,vicmap_foi,1343503
vicmap_foi_1343512,St Andrews Place Reserve,St Andrews Place Reserve,vicmap_name_label,park_and_garden,high,MELBOURNE,144.977559572,-37.812298863,reserve,park,include,vicmap_foi,1343512
vicmap_foi_1343521,Merritts Place Reserve,Merritts Place Reserve,vicmap_name_label,park_and_garden,high,MELBOURNE,144.955549364,-37.814711526,reserve,park,include,vicmap_foi,1343521
vicmap_foi_1343526,City Road Park,City Road Park,vicmap_name_label,park_and_garden,high,MELBOURNE,144.960396959,-37.825386962,reserve,park,include,vicmap_foi,1343526
vicmap_foi_1343527,Royal Botanic Gardens,Royal Botanic Gardens,vicmap_name_label,park_and_garden,high,MELBOURNE,144.97550177,-37.829685734,reserve,park,include,vicmap_foi,1343527
vicmap_foi_1343532,Softball Field,Softball Field,vicmap_name_label,sports_ground,high,MELBOURNE,144.980494953,-37.841453347,sport facility,sports ground,include,vicmap_foi,1343532
vicmap_foi_1343537,Miles Dodds Street Reserve,Miles  Dodds Street Reserve,vicmap_name_label,park_and_garden,high,MELBOURNE,144.967367009,-37.828675695,reserve,park,include,vicmap_foi,1343537
vicmap_foi_1343539,Golden Elm Reserve,Golden Elm Reserve,vicmap_name_label,park_and_garden,high,MELBOURNE,144.987525007,-37.83067569,reserve,park,include,vicmap_foi,1343539
vicmap_foi_1343541,Toorak St Kilda Road Reserve,Toorak  St Kilda Road Reserve,vicmap_name_label,park_and_garden,high,MELBOURNE,144.976327587,-37.836857172,reserve,park,include,vicmap_foi,1343541
vicmap_foi_1343544,Riverside Quay Reserve,Riverside Quay Reserve,vicmap_name_label,park_and_garden,high,MELBOURNE,144.964103283,-37.8210956,reserve,park,include,vicmap_foi,1343544
vicmap_foi_1343545,Adela Lane Reserve,Adela Lane Reserve,vicmap_name_label,park_and_garden,high,MELBOURNE,144.942509053,-37.821473741,reserve,park,include,vicmap_foi,1343545
vicmap_foi_1343547,Rockery Fountain (East),Rockery Fountain (East),vicmap_name_label,park_and_garden,high,MELBOURNE,144.97406147,-37.821916745,reserve,park,include,vicmap_foi,1343547
vicmap_foi_1343555,Oval No 2 Area,Oval No 2 Area,vicmap_name_label,sports_ground,high,MELBOURNE,144.960218976,-37.787515251,sport facility,sports ground,include,vicmap_foi,1343555
vicmap_foi_1343556,Kensington Banks Small Reserves,Kensington Banks Small Reserves,vicmap_name_label,park_and_garden,high,MELBOURNE,144.923143497,-37.791920491,reserve,park,include,vicmap_foi,1343556
vicmap_foi_1343557,Kensington Small Reserves,Kensington Small Reserves,vicmap_name_label,park_and_garden,high,MELBOURNE,144.926956832,-37.789817639,reserve,park,include,vicmap_foi,1343557
vicmap_foi_1343561,Barring Walk,Barring Walk,vicmap_name_label,park_and_garden,high,MELBOURNE,144.940843522,-37.780128453,reserve,park,include,vicmap_foi,1343561
vicmap_foi_1343569,St Augustines Church,St Augustines Church,vicmap_name_label,park_and_garden,high,MELBOURNE,144.95474396,-37.816854981,reserve,park,include,vicmap_foi,1343569
vicmap_foi_1343574,Maribyrnong River Bike Trail,Maribyrnong River Bike Trail,vicmap_name_label,park_and_garden,high,MELBOURNE,144.916252503,-37.796802246,reserve,park,include,vicmap_foi,1343574
vicmap_foi_1343575,Maribyrnong River Bike Trail,Maribyrnong River Bike Trail,vicmap_name_label,park_and_garden,high,MELBOURNE,144.916706063,-37.79740225,reserve,park,include,vicmap_foi,1343575
vicmap_foi_1343576,Multi Purpose,Multi Purpose,vicmap_name_label,sports_ground,high,MELBOURNE,144.924414503,-37.797635722,sport facility,sports ground,include,vicmap_foi,1343576
vicmap_foi_1343577,Altona Street Reserve,Altona Street Reserve,vicmap_name_label,park_and_garden,high,MELBOURNE,144.925865319,-37.797336615,reserve,park,include,vicmap_foi,1343577
vicmap_foi_1343578,Maribyrnong River Bike Trail,Maribyrnong River Bike Trail,vicmap_name_label,park_and_garden,high,MELBOURNE,144.913451729,-37.8001225,reserve,park,include,vicmap_foi,1343578
vicmap_foi_1343582,Courtney And Arden Street Reserve,Courtney And Arden Street Reserve,vicmap_name_label,park_and_garden,high,MELBOURNE,144.952795519,-37.800998368,reserve,park,include,vicmap_foi,1343582
vicmap_foi_1343588,Howard William Street Reserve,Howard  William Street Reserve,vicmap_name_label,park_and_garden,high,MELBOURNE,144.953675528,-37.806511659,reserve,park,include,vicmap_foi,1343588
vicmap_foi_1343590,Victoria Parade Reserve,Victoria Parade Reserve,vicmap_name_label,park_and_garden,high,MELBOURNE,144.980609736,-37.808791375,reserve,park,include,vicmap_foi,1343590
vicmap_foi_1343592,Railway Viewing Platform,Railway Viewing Platform,vicmap_name_label,park_and_garden,high,MELBOURNE,144.943693059,-37.808803626,reserve,park,include,vicmap_foi,1343592
vicmap_foi_1343594,Powlett Reserve Tennis Centre,Powlett Reserve Tennis Centre,vicmap_name_label,court,high,MELBOURNE,144.988355314,-37.811314284,sport facility,tennis court,include,vicmap_foi,1343594
vicmap_foi_1343602,Southbank Boulevard Reserves,Southbank Boulevard Reserves,vicmap_name_label,park_and_garden,high,MELBOURNE,144.96558421,-37.823294881,reserve,park,include,vicmap_foi,1343602
vicmap_foi_1343603,Stapely Parade Reserve,Stapely Parade Reserve,vicmap_name_label,park_and_garden,high,MELBOURNE,144.98321758,-37.82665692,reserve,park,include,vicmap_foi,1343603
vicmap_foi_1343604,Kgm Centre,Kgm Centre,vicmap_name_label,sports_ground,high,MELBOURNE,144.97970874,-37.82402752,sport facility,sports complex,include,vicmap_foi,1343604
vicmap_foi_1343610,Malthouse Plaza,Malthouse Plaza,vicmap_name_label,park_and_garden,high,MELBOURNE,144.967189527,-37.826277456,reserve,park,include,vicmap_foi,1343610
vicmap_foi_1343612,Kingsway Moray Street Reserve,Kingsway  Moray Street Reserve,vicmap_name_label,park_and_garden,high,MELBOURNE,144.960644354,-37.82654744,reserve,park,include,vicmap_foi,1343612
vicmap_foi_1343615,Softball Field,Softball Field,vicmap_name_label,sports_ground,high,MELBOURNE,144.982697682,-37.840462849,sport facility,sports ground,include,vicmap_foi,1343615
vicmap_foi_1343622,Unnamed Reserve,Unnamed Reserve,vicmap_name_label,park_and_garden,high,MELBOURNE,144.934241777,-37.822008085,reserve,park,include,vicmap_foi,1343622
vicmap_foi_1009352,North Melbourne Recreation Reserve,North Melbourne Recreation Reserve,vicmap_name_label,park_and_garden,high,MELBOURNE,144.941467067,-37.79896902,reserve,park,include,vicmap_foi,1009352
vicmap_foi_70785,Goschs Paddock,Goschs Paddock,vicmap_name_label,park_and_garden,high,MELBOURNE,144.987488337,-37.826422146,reserve,park,include,vicmap_foi,70785
vicmap_foi_69637,Argyle Square,Argyle Square,vicmap_name_label,park_and_garden,high,MELBOURNE,144.965841036,-37.802727136,reserve,park,include,vicmap_foi,69637
vicmap_foi_71390,Macarthur Square,Macarthur Square,vicmap_name_label,park_and_garden,high,MELBOURNE,144.971573683,-37.79835327,reserve,park,include,vicmap_foi,71390
vicmap_foi_1153695,Flora Road Reserve,Flora Road Reserve,vicmap_name_label,park_and_garden,high,MONASH,145.115279084,-37.918584516,reserve,park,include,vicmap_foi,1153695
vicmap_foi_635947,Weedon Reserve,Weedon Reserve,vicmap_name_label,park_and_garden,high,MELBOURNE,144.989178151,-37.817451203,reserve,park,include,vicmap_foi,635947
vicmap_foi_1019422,Eight Hour Reserve,Eight Hour Reserve,vicmap_name_label,park_and_garden,high,MELBOURNE,144.965526295,-37.807239132,reserve,park,include,vicmap_foi,1019422
vicmap_foi_967826,Lynchs Bridge Historic Precinct Reserve,Lynchs Bridge Historic Precinct Reserve,vicmap_name_label,park_and_garden,high,MELBOURNE,144.925485771,-37.788202306,reserve,park,include,vicmap_foi,967826
vicmap_foi_1143508,City Baths,City Baths,vicmap_name_label,sports_ground,high,MELBOURNE,144.96339673,-37.806992921,sport facility,sports complex,include,vicmap_foi,1143508
vicmap_foi_1343071,Flagstaff Gardens Multi-Use Court,Flagstaff Gardens Multi-Use Courts,reviewed_override,court,high,MELBOURNE,144.954942929,-37.810005768,sport facility,netball court,include,vicmap_foi,1343071
vicmap_foi_1342995,Ross Straw,Ross Straw,vicmap_name_label,sports_ground,high,MELBOURNE,144.942930325,-37.783572912,sport facility,sports ground,include,vicmap_foi,1342995
vicmap_foi_1342997,Ross Straw,Ross Straw,vicmap_name_label,sports_ground,high,MELBOURNE,144.942574959,-37.784485468,sport facility,sports ground,include,vicmap_foi,1342997
vicmap_foi_1343063,Docklands Sports Court,Docklands Sports Court,vicmap_name_label,court,high,MELBOURNE,144.947630453,-37.820050397,sport facility,netball court,include,vicmap_foi,1343063
vicmap_foi_1343074,Walker Oval 2,Walker Oval 2,vicmap_name_label,sports_ground,high,MELBOURNE,144.955652441,-37.785579571,sport facility,sports ground,include,vicmap_foi,1343074
vicmap_foi_1343078,H.G. Smith Oval,H.G. Smith Oval,vicmap_name_label,sports_ground,high,MELBOURNE,144.955834238,-37.787413324,sport facility,sports ground,include,vicmap_foi,1343078
vicmap_foi_1343138,Docklands Sports Court,Docklands Sports Court,vicmap_name_label,court,high,MELBOURNE,144.947508081,-37.819905486,sport facility,basketball court,include,vicmap_foi,1343138
vicmap_foi_1343139,Docklands Sports Court,Docklands Sports Court,vicmap_name_label,court,high,MELBOURNE,144.947675222,-37.819851366,sport facility,netball court,include,vicmap_foi,1343139
vicmap_foi_1343156,Western Oval,Western Oval,vicmap_name_label,sports_ground,high,MELBOURNE,144.953071133,-37.778087472,sport facility,sports ground,include,vicmap_foi,1343156
vicmap_foi_1343157,Mcalister Oval,Mcalister Oval,vicmap_name_label,sports_ground,high,MELBOURNE,144.956766204,-37.778719512,sport facility,sports ground,include,vicmap_foi,1343157
vicmap_foi_1343159,Ryder Oval,Ryder Oval,vicmap_name_label,sports_ground,high,MELBOURNE,144.955282836,-37.779875015,sport facility,sports ground,include,vicmap_foi,1343159
vicmap_foi_1343218,Ross Straw,Ross Straw,vicmap_name_label,sports_ground,high,MELBOURNE,144.943062803,-37.784547829,sport facility,baseball field,include,vicmap_foi,1343218
vicmap_foi_1343314,Poplar Oval,Poplar Oval,vicmap_name_label,sports_ground,high,MELBOURNE,144.957058083,-37.781019384,sport facility,sports ground,include,vicmap_foi,1343314
vicmap_foi_1343382,Ross Straw,Ross Straw,vicmap_name_label,sports_ground,high,MELBOURNE,144.943132198,-37.783608373,sport facility,baseball field,include,vicmap_foi,1343382
vicmap_foi_1343454,Walker Oval 1,Walker Oval 1,vicmap_name_label,sports_ground,high,MELBOURNE,144.954967183,-37.785645092,sport facility,sports ground,include,vicmap_foi,1343454
vicmap_foi_1343542,Docklands Sports Court,Docklands Sports Court,vicmap_name_label,sports_ground,high,MELBOURNE,144.94757108,-37.819995578,sport facility,sports ground,include,vicmap_foi,1343542
vicmap_foi_1343558,Ransford Oval,Ransford Oval,vicmap_name_label,sports_ground,high,MELBOURNE,144.955327796,-37.778545472,sport facility,sports ground,include,vicmap_foi,1343558
vicmap_foi_1002109,Unnamed Park - Melbourne,,generated_fallback,park_and_garden,high,MELBOURNE,144.947508081,-37.819905486,reserve,park,include,vicmap_foi,1002109
vicmap_foi_1338441,Werribee River Streamside Reserve,Werribee River Streamside Reserve,vicmap_name_label,park_and_garden,high,MELTON,144.590357156,-37.786457531,reserve,park,include,vicmap_foi,1338441
vicmap_foi_1338709,Yangardook Bushland Reserve,Yangardook Bushland Reserve,vicmap_name_label,park_and_garden,high,MELTON,144.541197355,-37.604390591,reserve,park,include,vicmap_foi,1338709
vicmap_foi_1339269,Kororoit Creek K37 Streamside Reserve,Kororoit Creek K37 Streamside Reserve,vicmap_name_label,park_and_garden,high,MELTON,144.655139773,-37.641096408,reserve,park,include,vicmap_foi,1339269
vicmap_foi_1339815,Clarke Road Streamside Reserve,Clarke Road Streamside Reserve,vicmap_name_label,park_and_garden,high,MELTON,144.726830471,-37.735741432,reserve,park,include,vicmap_foi,1339815
vicmap_foi_1003858,Unnamed Sports Ground - Monash,,generated_fallback,sports_ground,high,MONASH,145.20251871,-37.906416258,sport facility,sports ground,include,vicmap_foi,1003858
vicmap_foi_1003861,Unnamed Sports Ground - Monash,,generated_fallback,sports_ground,high,MONASH,145.202325118,-37.904516626,sport facility,sports ground,include,vicmap_foi,1003861
vicmap_foi_1338431,Kororoit Creek K36 Streamside Reserve,Kororoit Creek K36 Streamside Reserve,vicmap_name_label,park_and_garden,high,MELTON,144.637237389,-37.682416485,reserve,park,include,vicmap_foi,1338431
vicmap_foi_1340931,Bulmans Road Tree Reservations,Bulmans Road Tree Reservations,vicmap_name_label,park_and_garden,high,MELTON,144.550898668,-37.67928192,reserve,park,include,vicmap_foi,1340931
vicmap_foi_1342945,Bayswater Road Park,Bayswater Road Park,vicmap_name_label,park_and_garden,high,MELBOURNE,144.923781562,-37.79372488,reserve,park,include,vicmap_foi,1342945
vicmap_foi_1342978,Liddy Street Reserve,Liddy Street Reserve,vicmap_name_label,park_and_garden,high,MELBOURNE,144.925610588,-37.78997906,reserve,park,include,vicmap_foi,1342978
vicmap_foi_1343024,Wildlife Sanctuary,Wildlife Sanctuary,vicmap_name_label,park_and_garden,high,MELBOURNE,144.915022544,-37.802015027,reserve,park,include,vicmap_foi,1343024
vicmap_foi_1343082,Stock Route Reserve,Stock Route Reserve,vicmap_name_label,park_and_garden,high,MELBOURNE,144.925817548,-37.788965212,reserve,park,include,vicmap_foi,1343082
vicmap_foi_1343226,Clunies Ross Reserve,Clunies Ross Reserve,vicmap_name_label,park_and_garden,high,MELBOURNE,144.957474073,-37.788821601,reserve,park,include,vicmap_foi,1343226
vicmap_foi_1343227,Womens Peace Garden,Womens Peace Garden,vicmap_name_label,park_and_garden,high,MELBOURNE,144.923976463,-37.791133089,reserve,park,include,vicmap_foi,1343227
vicmap_foi_1343275,Chinatown Plaza,Chinatown Plaza,vicmap_name_label,park_and_garden,high,MELBOURNE,144.96935184,-37.811166684,reserve,park,include,vicmap_foi,1343275
vicmap_foi_1343380,Royal Park,Royal Park,vicmap_name_label,park_and_garden,high,MELBOURNE,144.940589781,-37.782466002,reserve,park,include,vicmap_foi,1343380
vicmap_foi_1343406,Curzon Street Reserve,Curzon Street Reserve,vicmap_name_label,park_and_garden,high,MELBOURNE,144.949197254,-37.798593448,reserve,park,include,vicmap_foi,1343406
vicmap_foi_1343538,Melbourne International Karting Complex,Melbourne International Karting Complex,vicmap_name_label,sports_ground,high,MELBOURNE,144.913351316,-37.830437278,sport facility,sports complex,include,vicmap_foi,1343538
vicmap_foi_78382,Unnamed Park - Monash,,generated_fallback,park_and_garden,high,MONASH,145.17210918,-37.896823939,reserve,park,include,vicmap_foi,78382
vicmap_foi_1342913,Flagstaff Gardens,Flagstaff Gardens,vicmap_name_label,park_and_garden,high,MELBOURNE,144.954440313,-37.810442571,reserve,park,include,vicmap_foi,1342913
vicmap_foi_1342928,Treasury Gardens,Treasury Gardens,vicmap_name_label,park_and_garden,high,MELBOURNE,144.976157235,-37.814096152,reserve,park,include,vicmap_foi,1342928
vicmap_foi_1342974,Fitzroy Gardens,Fitzroy Gardens,vicmap_name_label,park_and_garden,high,MELBOURNE,144.980459949,-37.812948878,reserve,park,include,vicmap_foi,1342974
vicmap_foi_1342991,Queen Victoria Gardens,Queen Victoria Gardens,vicmap_name_label,park_and_garden,high,MELBOURNE,144.971203265,-37.821870447,reserve,park,include,vicmap_foi,1342991
vicmap_foi_1343197,Olympic Park,Olympic Park,vicmap_name_label,sports_ground,high,MELBOURNE,144.982394016,-37.824863691,sport facility,sports complex,include,vicmap_foi,1343197
vicmap_foi_71972,Princes Highway Reserve,Princes Highway Reserve,vicmap_name_label,park_and_garden,high,MONASH,145.116616344,-37.909120712,reserve,park,include,vicmap_foi,71972
vicmap_foi_638811,Unnamed Park - Melton,,generated_fallback,park_and_garden,high,MELTON,144.592511913,-37.71234081,reserve,park,include,vicmap_foi,638811
vicmap_foi_643446,Unnamed Park - Monash,,generated_fallback,park_and_garden,high,MONASH,145.133127624,-37.877182306,reserve,park,include,vicmap_foi,643446
vicmap_foi_1334991,Unnamed Park - Melton,,generated_fallback,park_and_garden,high,MELTON,144.733239601,-37.755091865,reserve,park,include,vicmap_foi,1334991
vicmap_foi_1336211,Exford Reserve,Exford Reserve,vicmap_name_label,park_and_garden,high,MELTON,144.576252927,-37.748299327,reserve,park,include,vicmap_foi,1336211
vicmap_foi_1340625,Toolern Vale Recreation Reserve,Toolern Vale Recreation Reserve,vicmap_name_label,park_and_garden,high,MELTON,144.595211436,-37.610390248,reserve,park,include,vicmap_foi,1340625
vicmap_foi_1341403,Mount Cottrell Volcano Biodiversity Reserve,Mount Cottrell Volcano Biodiversity Reserve,vicmap_name_label,park_and_garden,high,MELTON,144.623899686,-37.764006828,reserve,park,include,vicmap_foi,1341403
vicmap_foi_1342969,North Melbourne Community Centre Playground,North Melbourne Community Centre Playground,vicmap_name_label,playground,high,MELBOURNE,144.940091019,-37.793552343,recreational resource,playground,include,vicmap_foi,1342969
vicmap_foi_1343319,North Melbourne Community Centre,North Melbourne Community Centre,vicmap_name_label,park_and_garden,high,MELBOURNE,144.939970642,-37.793022727,reserve,park,include,vicmap_foi,1343319
vicmap_foi_71799,Grand Slam Oval,Grand Slam Oval,vicmap_name_label,sports_ground,high,MELBOURNE,144.979955369,-37.822802202,sport facility,sports ground,include,vicmap_foi,71799
vicmap_foi_1002095,National Tennis Centre,National Tennis Centre,vicmap_name_label,sports_ground,high,MELBOURNE,144.983876803,-37.823213614,sport facility,sports complex,include,vicmap_foi,1002095
vicmap_foi_1340397,Unnamed Park - Melton,,generated_fallback,park_and_garden,high,MELTON,144.708310151,-37.693131506,reserve,park,include,vicmap_foi,1340397
vicmap_foi_1343052,Melbourne Tennis Centre,Melbourne Tennis Centre,vicmap_name_label,court,high,MELBOURNE,144.985351591,-37.823757213,sport facility,tennis court,include,vicmap_foi,1343052
vicmap_foi_1343141,Melbourne Tennis Centre,Melbourne Tennis Centre,vicmap_name_label,court,high,MELBOURNE,144.976966286,-37.820755699,sport facility,tennis court,include,vicmap_foi,1343141
vicmap_foi_1343144,Melbourne Tennis Centre,Melbourne Tennis Centre,vicmap_name_label,court,high,MELBOURNE,144.981320396,-37.821991816,sport facility,tennis court,include,vicmap_foi,1343144
vicmap_foi_1343166,Melbourne Tennis Centre,Melbourne Tennis Centre,vicmap_name_label,court,high,MELBOURNE,144.976470659,-37.818775596,sport facility,tennis court,include,vicmap_foi,1343166
vicmap_foi_1343167,Melbourne Tennis Centre,Melbourne Tennis Centre,vicmap_name_label,court,high,MELBOURNE,144.977015261,-37.819606699,sport facility,tennis court,include,vicmap_foi,1343167
vicmap_foi_1343168,Melbourne Tennis Centre,Melbourne Tennis Centre,vicmap_name_label,court,high,MELBOURNE,144.977354597,-37.81970843,sport facility,tennis court,include,vicmap_foi,1343168
vicmap_foi_1343195,Melbourne Tennis Centre,Melbourne Tennis Centre,vicmap_name_label,court,high,MELBOURNE,144.9834936,-37.823483914,sport facility,tennis court,include,vicmap_foi,1343195
vicmap_foi_1343196,Melbourne Tennis Centre,Melbourne Tennis Centre,vicmap_name_label,court,high,MELBOURNE,144.983699478,-37.823506753,sport facility,tennis court,include,vicmap_foi,1343196
vicmap_foi_1343198,Melbourne Tennis Centre,Melbourne Tennis Centre,vicmap_name_label,court,high,MELBOURNE,144.985784556,-37.823862852,sport facility,tennis court,include,vicmap_foi,1343198
vicmap_foi_1343210,Rod Laver Arena,Rod Laver Arena,vicmap_name_label,sports_ground,high,MELBOURNE,144.978730331,-37.821610436,sport facility,sports complex,include,vicmap_foi,1343210
vicmap_foi_1343243,Melbourne Tennis Centre,Melbourne Tennis Centre,vicmap_name_label,court,high,MELBOURNE,144.977086163,-37.819215903,sport facility,tennis court,include,vicmap_foi,1343243
vicmap_foi_1343248,Melbourne Tennis Centre,Melbourne Tennis Centre,vicmap_name_label,court,high,MELBOURNE,144.977692902,-37.819817942,sport facility,tennis court,include,vicmap_foi,1343248
vicmap_foi_1343262,Railway Place Miller Street Park,Railway Place  Miller Street Park,vicmap_name_label,park_and_garden,high,MELBOURNE,144.94138912,-37.805611471,reserve,park,include,vicmap_foi,1343262
vicmap_foi_1343282,Melbourne Tennis Centre,Melbourne Tennis Centre,vicmap_name_label,court,high,MELBOURNE,144.984468095,-37.823595379,sport facility,tennis court,include,vicmap_foi,1343282
vicmap_foi_1343283,Melbourne Tennis Centre,Melbourne Tennis Centre,vicmap_name_label,court,high,MELBOURNE,144.985991324,-37.823887375,sport facility,tennis court,include,vicmap_foi,1343283
vicmap_foi_1343308,Margaret Court Arena,Margaret Court Arena,vicmap_name_label,sports_ground,high,MELBOURNE,144.977694824,-37.821073687,sport facility,sports complex,include,vicmap_foi,1343308
vicmap_foi_1343311,John Cain Arena,John Cain Arena,vicmap_name_label,sports_ground,high,MELBOURNE,144.981882769,-37.822812058,sport facility,sports complex,include,vicmap_foi,1343311
vicmap_foi_1343337,Melbourne Tennis Centre,Melbourne Tennis Centre,vicmap_name_label,court,high,MELBOURNE,144.976812174,-37.818814198,sport facility,tennis court,include,vicmap_foi,1343337
vicmap_foi_1343430,Melbourne Tennis Centre,Melbourne Tennis Centre,vicmap_name_label,court,high,MELBOURNE,144.983905384,-37.823529596,sport facility,tennis court,include,vicmap_foi,1343430
vicmap_foi_1343431,Melbourne Tennis Centre,Melbourne Tennis Centre,vicmap_name_label,court,high,MELBOURNE,144.984260022,-37.823571073,sport facility,tennis court,include,vicmap_foi,1343431
vicmap_foi_1343432,Melbourne Tennis Centre,Melbourne Tennis Centre,vicmap_name_label,court,high,MELBOURNE,144.985145346,-37.823733416,sport facility,tennis court,include,vicmap_foi,1343432
vicmap_foi_1343433,Melbourne Tennis Centre,Melbourne Tennis Centre,vicmap_name_label,court,high,MELBOURNE,144.986197509,-37.82390998,sport facility,tennis court,include,vicmap_foi,1343433
vicmap_foi_1343449,Melbourne Tennis Centre,Melbourne Tennis Centre,vicmap_name_label,court,high,MELBOURNE,144.981628645,-37.821736446,sport facility,tennis court,include,vicmap_foi,1343449
vicmap_foi_1343481,Melbourne Tennis Centre,Melbourne Tennis Centre,vicmap_name_label,court,high,MELBOURNE,144.976742128,-37.819204822,sport facility,tennis court,include,vicmap_foi,1343481
vicmap_foi_1343482,Melbourne Tennis Centre,Melbourne Tennis Centre,vicmap_name_label,court,high,MELBOURNE,144.977427398,-37.819308895,sport facility,tennis court,include,vicmap_foi,1343482
vicmap_foi_1343483,Melbourne Tennis Centre,Melbourne Tennis Centre,vicmap_name_label,court,high,MELBOURNE,144.976672571,-37.819595728,sport facility,tennis court,include,vicmap_foi,1343483
vicmap_foi_1343489,Canning Palmerston Street Reserve,Canning  Palmerston Street Reserve,vicmap_name_label,park_and_garden,high,MELBOURNE,144.972849731,-37.796297899,reserve,park,include,vicmap_foi,1343489
vicmap_foi_1343523,Melbourne Tennis Centre,Melbourne Tennis Centre,vicmap_name_label,court,high,MELBOURNE,144.984941102,-37.823710055,sport facility,tennis court,include,vicmap_foi,1343523
vicmap_foi_1343524,Melbourne Tennis Centre,Melbourne Tennis Centre,vicmap_name_label,court,high,MELBOURNE,144.986404276,-37.823934017,sport facility,tennis court,include,vicmap_foi,1343524
vicmap_foi_1343605,Melbourne Tennis Centre,Melbourne Tennis Centre,vicmap_name_label,court,high,MELBOURNE,144.985558756,-37.823780962,sport facility,tennis court,include,vicmap_foi,1343605
vicmap_foi_1343619,Melbourne Tennis Centre,Melbourne Tennis Centre,vicmap_name_label,court,high,MELBOURNE,144.978176571,-37.820231465,sport facility,tennis court,include,vicmap_foi,1343619
vicmap_foi_78151,Electra Reserve,Electra Reserve,vicmap_name_label,park_and_garden,high,MONASH,145.109445886,-37.868880786,reserve,park,include,vicmap_foi,78151
vicmap_foi_1340300,Liali Avenue Reserve,Liali Avenue Reserve,vicmap_name_label,park_and_garden,high,MELTON,144.67352403,-37.758641895,reserve,park,include,vicmap_foi,1340300
vicmap_foi_1340905,Chisholm Park Wetlands,Chisholm Park Wetlands,vicmap_name_label,park_and_garden,high,MELTON,144.746409043,-37.755096392,reserve,park,include,vicmap_foi,1340905
vicmap_foi_1342236,Edgbaston Parade Linear Reserve - Playground,Edgbaston Parade Linear Reserve - Playground,vicmap_name_label,playground,high,MELTON,144.728268848,-37.74163445,recreational resource,playground,include,vicmap_foi,1342236
vicmap_foi_1341775,The Parkway Reserve - Cricket Wicket,The Parkway Reserve - Cricket Wicket,vicmap_name_label,court,high,MELTON,144.728120259,-37.748215356,sport facility,basketball court,include,vicmap_foi,1341775
vicmap_foi_1341907,Springlake Village Park - Basketball Court,Springlake Village Park - Basketball Court,vicmap_name_label,court,high,MELTON,144.736708093,-37.752531907,sport facility,basketball court,include,vicmap_foi,1341907
vicmap_foi_1341998,St Georges Avenue Reserve - Cricket Wicket,St Georges Avenue Reserve  - Cricket Wicket,vicmap_name_label,court,high,MELTON,144.731137696,-37.740397221,sport facility,basketball court,include,vicmap_foi,1341998
vicmap_foi_1342010,Springlake Village Park - Playground,Springlake Village Park - Playground,vicmap_name_label,playground,high,MELTON,144.736748346,-37.752261613,recreational resource,playground,include,vicmap_foi,1342010
vicmap_foi_1342011,Chisholm Park Wetlands - Playground,Chisholm Park Wetlands - Playground,vicmap_name_label,playground,high,MELTON,144.745707532,-37.754463775,recreational resource,playground,include,vicmap_foi,1342011
vicmap_foi_1340593,The Parkway Reserve,The Parkway Reserve,vicmap_name_label,park_and_garden,high,MELTON,144.728120259,-37.748215356,reserve,park,include,vicmap_foi,1340593
vicmap_foi_1340615,St Georges Avenue Reserve,St Georges Avenue Reserve,vicmap_name_label,park_and_garden,high,MELTON,144.731137696,-37.740397221,reserve,park,include,vicmap_foi,1340615
vicmap_foi_1340806,Springlake Village Park,Springlake Village Park,vicmap_name_label,park_and_garden,high,MELTON,144.736708093,-37.752531907,reserve,park,include,vicmap_foi,1340806
vicmap_foi_1341094,Edgbaston Parade Linear Reserve,Edgbaston Parade Linear Reserve,vicmap_name_label,park_and_garden,high,MELTON,144.728962906,-37.741369416,reserve,park,include,vicmap_foi,1341094
vicmap_foi_1341186,Windsor Gardens Reserve,Windsor Gardens Reserve,vicmap_name_label,park_and_garden,high,MELTON,144.741756744,-37.754719508,reserve,park,include,vicmap_foi,1341186
vicmap_foi_1341376,Brookside Village Park,Brookside Village Park,vicmap_name_label,park_and_garden,high,MELTON,144.740322759,-37.747202822,reserve,park,include,vicmap_foi,1341376
vicmap_foi_1342137,The Parkway Reserve - Playground,The Parkway Reserve - Playground,vicmap_name_label,playground,high,MELTON,144.727886376,-37.747833512,recreational resource,playground,include,vicmap_foi,1342137
vicmap_foi_1341691,Springlake Village Park - Tennis Court,Springlake Village Park - Tennis Court,vicmap_name_label,court,high,MELTON,144.736857911,-37.752553389,sport facility,tennis court,include,vicmap_foi,1341691
vicmap_foi_1342169,St Georges Avenue Reserve - Playground,St Georges Avenue Reserve - Playground,vicmap_name_label,playground,high,MELTON,144.730859894,-37.740033245,recreational resource,playground,include,vicmap_foi,1342169
vicmap_foi_1342173,Brookside Village Park - Playground,Brookside Village Park - Playground,vicmap_name_label,playground,high,MELTON,144.740387283,-37.747184532,recreational resource,playground,include,vicmap_foi,1342173
vicmap_foi_1342174,Windsor Gardens Reserve - Playground,Windsor Gardens Reserve - Playground,vicmap_name_label,playground,high,MELTON,144.741978307,-37.754863686,recreational resource,playground,include,vicmap_foi,1342174
vicmap_foi_634281,The Grove Reserve,The Grove Reserve,vicmap_name_label,park_and_garden,high,MELTON,144.734342886,-37.740665755,reserve,park,include,vicmap_foi,634281
vicmap_foi_634516,Caroline Springs Lake Reserve,Caroline Springs Lake Reserve,vicmap_name_label,park_and_garden,high,MELTON,144.738398913,-37.754126835,reserve,park,include,vicmap_foi,634516
vicmap_foi_1341375,Nullabor Place Courthead,Nullabor Place Courthead,vicmap_name_label,park_and_garden,high,MELTON,144.72424842,-37.745754463,reserve,park,include,vicmap_foi,1341375
vicmap_foi_1340900,Naracoorte Drive Drainage Reserve,Naracoorte Drive Drainage Reserve,vicmap_name_label,park_and_garden,high,MELTON,144.725164758,-37.747386295,reserve,park,include,vicmap_foi,1340900
vicmap_foi_1340902,Bellfield Avenue Drainage Reserve,Bellfield Avenue Drainage Reserve,vicmap_name_label,park_and_garden,high,MELTON,144.738501677,-37.749416911,reserve,park,include,vicmap_foi,1340902
vicmap_foi_1340998,Chisholm Drive Linear Reserve,Chisholm Drive Linear Reserve,vicmap_name_label,park_and_garden,high,MELTON,144.744292093,-37.753657172,reserve,park,include,vicmap_foi,1340998
vicmap_foi_650493,The Serpentine,The Serpentine,vicmap_name_label,park_and_garden,high,MELTON,144.735916012,-37.749343713,reserve,park,include,vicmap_foi,650493
vicmap_foi_1341074,Hepburn Way Linear Park,Hepburn Way Linear Park,vicmap_name_label,park_and_garden,high,MELTON,144.739701552,-37.749142874,reserve,park,include,vicmap_foi,1341074
vicmap_foi_1341097,Lauriston Quay Wetland Reserve,Lauriston Quay Wetland Reserve,vicmap_name_label,park_and_garden,high,MELTON,144.73419401,-37.744211527,reserve,park,include,vicmap_foi,1341097
vicmap_foi_1341209,Greenwich Crescent Linear Reserve,Greenwich Crescent Linear Reserve,vicmap_name_label,park_and_garden,high,MELTON,144.734115235,-37.742401772,reserve,park,include,vicmap_foi,1341209
vicmap_foi_1341287,The Parkway Linear Reserve,The Parkway Linear Reserve,vicmap_name_label,park_and_garden,high,MELTON,144.729531233,-37.746012138,reserve,park,include,vicmap_foi,1341287
vicmap_foi_1341499,The Bridges Wetland Reserve,The Bridges Wetland Reserve,vicmap_name_label,park_and_garden,high,MELTON,144.732016704,-37.745413354,reserve,park,include,vicmap_foi,1341499
vicmap_foi_1315085,Lena Crescent Linear Reserve,Lena Crescent Linear Reserve,vicmap_name_label,park_and_garden,high,MELTON,144.692555017,-37.770786404,reserve,park,include,vicmap_foi,1315085
vicmap_foi_1335076,Unnamed Park - Melton,,generated_fallback,park_and_garden,high,MELTON,144.559044933,-37.786114329,reserve,park,include,vicmap_foi,1335076
vicmap_foi_1343151,Kensington Banks Tennis Courts,Kensington Banks Tennis Courts,vicmap_name_label,court,high,MELBOURNE,144.915804876,-37.794528114,sport facility,tennis court,include,vicmap_foi,1343151
vicmap_foi_1343321,Kensington Banks Tennis Courts,Kensington Banks Tennis Courts,vicmap_name_label,court,high,MELBOURNE,144.915453037,-37.794482967,sport facility,tennis court,include,vicmap_foi,1343321
vicmap_foi_1343322,Kensington Banks Tennis Courts,Kensington Banks Tennis Courts,vicmap_name_label,court,high,MELBOURNE,144.915627955,-37.794505815,sport facility,tennis court,include,vicmap_foi,1343322
vicmap_foi_634697,Riverside Park,Riverside Park,vicmap_name_label,park_and_garden,high,MELBOURNE,144.915627955,-37.794505815,reserve,park,include,vicmap_foi,634697
vicmap_foi_78271,Unnamed Park - Monash,,generated_fallback,park_and_garden,high,MONASH,145.149099498,-37.879785325,reserve,park,include,vicmap_foi,78271
vicmap_foi_1341068,Bonniebrook Road Drainage Reserve,Bonniebrook Road Drainage Reserve,vicmap_name_label,park_and_garden,high,MELTON,144.679546296,-37.712078724,reserve,park,include,vicmap_foi,1341068
vicmap_foi_647976,Unnamed Park - Monash,,generated_fallback,park_and_garden,high,MONASH,145.164326977,-37.882398246,reserve,park,include,vicmap_foi,647976
vicmap_foi_1277126,Exford Road Drainage Reserve,Exford Road Drainage Reserve,vicmap_name_label,park_and_garden,high,MELTON,144.576139947,-37.729911344,reserve,park,include,vicmap_foi,1277126
vicmap_foi_1341439,Stony Hill Creek Linear Reserve - Creekside Circuit,Stony Hill Creek Linear Reserve - Creekside Circuit,vicmap_name_label,park_and_garden,high,MELTON,144.732373574,-37.688046576,reserve,park,include,vicmap_foi,1341439
vicmap_foi_1343606,Aami Park,Aami Park,vicmap_name_label,sports_ground,high,MELBOURNE,144.983732436,-37.825092306,sport facility,sports ground,include,vicmap_foi,1343606
vicmap_foi_647216,Creekside Circuit Reserve,Creekside Circuit Reserve,vicmap_name_label,park_and_garden,high,MELTON,144.732654437,-37.687288187,reserve,park,include,vicmap_foi,647216
vicmap_foi_80715,Valley Reserve,Valley Reserve,vicmap_name_label,park_and_garden,high,MONASH,145.137778104,-37.878192542,reserve,park,include,vicmap_foi,80715
vicmap_foi_1341196,Strathtulloh Woodland Biodiversity Reserve,Strathtulloh Woodland Biodiversity Reserve,vicmap_name_label,park_and_garden,high,MELTON,144.581368177,-37.735035744,reserve,park,include,vicmap_foi,1341196
vicmap_foi_1341455,Bridge Road South Environmental Reserve,Bridge Road South Environmental Reserve,vicmap_name_label,park_and_garden,high,MELTON,144.579754259,-37.726822261,reserve,park,include,vicmap_foi,1341455
vicmap_foi_1335092,Castello Drive Reserve,Castello Drive Reserve,vicmap_name_label,park_and_garden,high,MELTON,144.688199631,-37.739077738,reserve,park,include,vicmap_foi,1335092
vicmap_foi_1340939,Diggers Rest School Lane Reserve,Diggers Rest School Lane Reserve And Carpark,reviewed_override,park_and_garden,high,MELTON,144.720981546,-37.629772622,reserve,park,include,vicmap_foi,1340939
vicmap_foi_1341130,Waterfern Street Drainage Reserve,Waterfern Street Drainage Reserve,vicmap_name_label,park_and_garden,high,MELTON,144.71374379,-37.711188151,reserve,park,include,vicmap_foi,1341130
vicmap_foi_1207679,Stringybark Picnic Ground,Stringybark Picnic Ground,vicmap_name_label,picnic_day_use,high,MONASH,145.196626639,-37.894561485,recreational resource,picnic site,include,vicmap_foi,1207679
vicmap_foi_1207702,Jells Lake Picnic Ground,Jells Lake Picnic Ground,vicmap_name_label,picnic_day_use,high,MONASH,145.202333499,-37.901204223,recreational resource,picnic site,include,vicmap_foi,1207702
vicmap_foi_1207740,Jells East Picnic Ground,Jells East Picnic Ground,vicmap_name_label,picnic_day_use,high,MONASH,145.199467307,-37.895303269,recreational resource,picnic site,include,vicmap_foi,1207740
vicmap_foi_1207786,Pines Picnic Ground,Pines Picnic Ground,vicmap_name_label,picnic_day_use,high,MONASH,145.194779598,-37.897415483,recreational resource,picnic site,include,vicmap_foi,1207786
vicmap_foi_1207897,Oaks Picnic Ground,Oaks Picnic Ground,vicmap_name_label,picnic_day_use,high,MONASH,145.201455704,-37.904386255,recreational resource,picnic site,include,vicmap_foi,1207897
vicmap_foi_1207933,Westgate Park Picnic Ground,Westgate Park Picnic Ground,vicmap_name_label,picnic_day_use,high,MELBOURNE,144.911006448,-37.831262346,recreational resource,picnic site,include,vicmap_foi,1207933
vicmap_foi_1207941,Ashes Picnic Ground,Ashes Picnic Ground,vicmap_name_label,picnic_day_use,high,MONASH,145.201872527,-37.906965115,recreational resource,picnic site,include,vicmap_foi,1207941
vicmap_foi_1240665,Lake Lawn Area,Lake Lawn Area,vicmap_name_label,picnic_day_use,high,MONASH,145.199756123,-37.897491787,recreational resource,picnic site,include,vicmap_foi,1240665
vicmap_foi_1280523,Northern Picnic Area,Northern Picnic Area,vicmap_name_label,picnic_day_use,high,MELTON,144.582341359,-37.717846025,recreational resource,picnic site,include,vicmap_foi,1280523
vicmap_foi_1310039,Southern Trail Entrance And Lookout,Southern Trail Entrance And Lookout,vicmap_name_label,trail_access,high,MELTON,144.584055043,-37.738980658,recreational resource,trailhead,include,vicmap_foi,1310039
vicmap_foi_1310214,Sculpture Lawn,Sculpture Lawn,vicmap_name_label,picnic_day_use,high,MELBOURNE,144.90737394,-37.832655811,recreational resource,day visitor area,include,vicmap_foi,1310214
vicmap_foi_1341265,Toolern Creek Regional Park,Toolern Creek Regional Park,vicmap_name_label,park_and_garden,high,MELTON,144.582445314,-37.717051021,reserve,park,include,vicmap_foi,1341265
vicmap_foi_1341390,Toolern Creek Park,Toolern Creek Park,vicmap_name_label,park_and_garden,high,MELTON,144.580298368,-37.741064551,reserve,park,include,vicmap_foi,1341390
vicmap_foi_1342901,University Square,University Square,reviewed_override,park_and_garden,high,MELBOURNE,144.96036692,-37.801056433,reserve,park,include,vicmap_foi,1342901
vicmap_foi_1341154,Parkwood Green Recreation Reserve,Parkwood Green Recreation Reserve,vicmap_name_label,park_and_garden,high,MELTON,144.746464263,-37.698660879,reserve,park,include,vicmap_foi,1341154
vicmap_foi_1341216,Eynesbury Road Reserve,Eynesbury Road Reserve,vicmap_name_label,park_and_garden,high,MELTON,144.56555377,-37.788416679,reserve,park,include,vicmap_foi,1341216
vicmap_foi_1341235,Mount Carberry Reserve,Mount Carberry Reserve,vicmap_name_label,park_and_garden,high,MELTON,144.572348226,-37.70652465,reserve,park,include,vicmap_foi,1341235
vicmap_foi_1341241,Melton Town Centre Park,Melton Town Centre Park,vicmap_name_label,park_and_garden,high,MELTON,144.582861851,-37.683910529,reserve,park,include,vicmap_foi,1341241
vicmap_foi_1341246,Arnolds Creek Linear Reserve - Western Freeway To Black Dog Drive,Arnolds Creek Linear Reserve - Western Freeway To Black Dog Drive,vicmap_name_label,park_and_garden,high,MELTON,144.563582529,-37.692863289,reserve,park,include,vicmap_foi,1341246
vicmap_foi_1341262,City Vista Recreation Reserve,City Vista Recreation Reserve,vicmap_name_label,park_and_garden,high,MELTON,144.729744401,-37.716797855,reserve,park,include,vicmap_foi,1341262
vicmap_foi_1341324,Arnolds Creek Recreation Reserve,Arnolds Creek Recreation Reserve,vicmap_name_label,park_and_garden,high,MELTON,144.543908891,-37.668079881,reserve,park,include,vicmap_foi,1341324
vicmap_foi_1341617,Showgrounds Childrens Centre,Showgrounds Childrens Centre,vicmap_name_label,playground,high,MELBOURNE,144.916053958,-37.783224857,recreational resource,playground,include,vicmap_foi,1341617
vicmap_foi_1277333,Kangri Street Reserve,Kangri Street Reserve,vicmap_name_label,park_and_garden,high,MELTON,144.692185206,-37.758844303,reserve,park,include,vicmap_foi,1277333
vicmap_foi_69653,Ashwood Reserve,Ashwood Reserve,vicmap_name_label,park_and_garden,high,MONASH,145.097375632,-37.870024995,reserve,park,include,vicmap_foi,69653
vicmap_foi_70594,Fawkner Park,Fawkner Park,vicmap_name_label,park_and_garden,high,MELBOURNE,144.981736121,-37.840990183,reserve,park,include,vicmap_foi,70594
vicmap_foi_71081,Jells Park South,Jells Park South,vicmap_name_label,park_and_garden,high,MONASH,145.202296466,-37.905381074,reserve,park,include,vicmap_foi,71081
vicmap_foi_71689,Napier Park,Napier Park,vicmap_name_label,park_and_garden,high,MONASH,145.189938654,-37.879384486,reserve,park,include,vicmap_foi,71689
vicmap_foi_72455,Stan Riley Reserve,Stan Riley Reserve,vicmap_name_label,park_and_garden,high,MONASH,145.086443425,-37.922802735,reserve,park,include,vicmap_foi,72455
vicmap_foi_78043,Unnamed Park - Monash,,generated_fallback,park_and_garden,high,MONASH,145.101872664,-37.860447397,reserve,park,include,vicmap_foi,78043
vicmap_foi_634963,Birrarung Marr,Birrarung Marr,vicmap_name_label,park_and_garden,high,MELBOURNE,144.973793947,-37.818875493,reserve,park,include,vicmap_foi,634963
vicmap_foi_1000939,Point Park,Point Park,vicmap_name_label,park_and_garden,high,MELBOURNE,144.942137407,-37.823368339,reserve,park,include,vicmap_foi,1000939
vicmap_foi_1009313,Docklands Park,Docklands Park,vicmap_name_label,park_and_garden,high,MELBOURNE,144.947019677,-37.821774549,reserve,park,include,vicmap_foi,1009313
vicmap_foi_1024446,Jells Park East,Jells Park East,vicmap_name_label,park_and_garden,high,MONASH,145.203529711,-37.898981324,reserve,park,include,vicmap_foi,1024446
vicmap_foi_1024447,Jells Park Central,Jells Park Central,vicmap_name_label,park_and_garden,high,MONASH,145.196240676,-37.896967773,reserve,park,include,vicmap_foi,1024447
vicmap_foi_1340953,Arnolds Creek South Of Brooklyn Road Environmental Reserve,Arnolds Creek South Of Brooklyn Road Environmental Reserve,vicmap_name_label,park_and_garden,high,MELTON,144.552350377,-37.708937486,reserve,park,include,vicmap_foi,1340953
vicmap_foi_1342931,Alexandra Gardens,Alexandra Gardens,vicmap_name_label,park_and_garden,high,MELBOURNE,144.972133921,-37.820645852,reserve,park,include,vicmap_foi,1342931
vicmap_foi_1342942,Royal Park,Royal Park,vicmap_name_label,park_and_garden,high,MELBOURNE,144.946122862,-37.78702988,reserve,park,include,vicmap_foi,1342942
vicmap_foi_1343737,Westgate Park,Westgate Park,vicmap_name_label,park_and_garden,high,MELBOURNE,144.90846414,-37.831426001,reserve,park,include,vicmap_foi,1343737
vicmap_foi_987053,Glen Waverley Skate Park,Glen Waverley Skate Park,vicmap_name_label,skate_bmx,high,MONASH,145.162951401,-37.890941239,recreational resource,skate park,include,vicmap_foi,987053
vicmap_foi_70097,Central Reserve,Central Reserve,vicmap_name_label,park_and_garden,high,MONASH,145.161723481,-37.891255465,reserve,park,include,vicmap_foi,70097
vicmap_foi_77953,Unnamed Park - Monash,,generated_fallback,park_and_garden,high,MONASH,145.102693041,-37.857157472,reserve,park,include,vicmap_foi,77953
vicmap_foi_643416,Unnamed Park - Monash,,generated_fallback,park_and_garden,high,MONASH,145.190552525,-37.86754921,reserve,park,include,vicmap_foi,643416
vicmap_foi_1315226,Leakes Road Redgum Woodland,Leakes Road Redgum Woodland,vicmap_name_label,park_and_garden,high,MELTON,144.657584029,-37.71260561,reserve,park,include,vicmap_foi,1315226
vicmap_foi_1340884,Broadleaf Boulevard Drainage Reserve,Broadleaf Boulevard Drainage Reserve,vicmap_name_label,park_and_garden,high,MELTON,144.659724669,-37.714501739,reserve,park,include,vicmap_foi,1340884
vicmap_foi_1341055,Taylors Road Ebcw Reserve,Taylors Road Ebcw Reserve,vicmap_name_label,park_and_garden,high,MELTON,144.655981541,-37.716330666,reserve,park,include,vicmap_foi,1341055
vicmap_foi_1341783,Aintree Recreation Reserve,Aintree Recreation Reserve,vicmap_name_label,park_and_garden,high,MELTON,144.664048784,-37.723213899,reserve,park,include,vicmap_foi,1341783
vicmap_foi_1343127,Marquis Of Linlithgow Memorial Reserve,Marquis Of Linlithgow Memorial Reserve,vicmap_name_label,park_and_garden,high,MELBOURNE,144.9718586,-37.826652969,reserve,park,include,vicmap_foi,1343127
vicmap_foi_71914,Pinewood Reserve,Pinewood Reserve,vicmap_name_label,park_and_garden,high,MONASH,145.139112941,-37.888718017,reserve,park,include,vicmap_foi,71914
vicmap_foi_636765,Princes Park,Princes Park,vicmap_name_label,park_and_garden,high,MELBOURNE,144.961402147,-37.785069217,reserve,park,include,vicmap_foi,636765
vicmap_foi_1159252,Hardy Reserve,Hardy Reserve,vicmap_name_label,park_and_garden,high,MELBOURNE,144.967890007,-37.785530586,reserve,park,include,vicmap_foi,1159252
vicmap_foi_1341260,Hazelwood Drive Reserve,Hazelwood Drive Reserve,vicmap_name_label,park_and_garden,high,MELTON,144.661730764,-37.715573464,reserve,park,include,vicmap_foi,1341260
vicmap_foi_1342866,Kings Domain,Kings Domain,vicmap_name_label,park_and_garden,high,MELBOURNE,144.973703614,-37.827203498,reserve,park,include,vicmap_foi,1342866
vicmap_foi_1305367,Conservatory Drive Sports Reserve,Conservatory Drive Sports Reserve,vicmap_name_label,park_and_garden,high,MELTON,144.700250665,-37.720825255,reserve,park,include,vicmap_foi,1305367
vicmap_foi_1340959,Killarney Lakes Drainage Reserve South,Killarney Lakes Drainage Reserve South,vicmap_name_label,park_and_garden,high,MELTON,144.603482526,-37.681925158,reserve,park,include,vicmap_foi,1340959
vicmap_foi_1340783,Bowery Active Open Space,Bowery Active Open Space,vicmap_name_label,park_and_garden,high,MELTON,144.699091191,-37.718935257,reserve,park,include,vicmap_foi,1340783
vicmap_foi_1343608,Kings Domain South,Kings Domain South,vicmap_name_label,park_and_garden,high,MELBOURNE,144.977010638,-37.831385517,reserve,park,include,vicmap_foi,1343608
vicmap_foi_628692,Ian Cowie Recreation Reserve,Ian Cowie Recreation Reserve,vicmap_name_label,park_and_garden,high,MELTON,144.660174206,-37.732251877,reserve,park,include,vicmap_foi,628692
vicmap_foi_1340514,Diggers Rest Recreation Reserve,Diggers Rest Recreation Reserve,vicmap_name_label,park_and_garden,high,MELTON,144.707291331,-37.620889724,reserve,park,include,vicmap_foi,1340514
vicmap_foi_1340747,Creamery Road Environmental Reserve,Creamery Road Environmental Reserve,vicmap_name_label,park_and_garden,high,MELTON,144.597051305,-37.607782246,reserve,park,include,vicmap_foi,1340747
vicmap_foi_1341402,Eynesbury Recreation Reserve,Eynesbury Recreation Reserve,vicmap_name_label,park_and_garden,high,MELTON,144.546592975,-37.793390467,reserve,park,include,vicmap_foi,1341402
vicmap_foi_1343287,Shrine Of Remembrance Reserve,Shrine Of Remembrance Reserve,vicmap_name_label,park_and_garden,high,MELBOURNE,144.973082065,-37.830388643,reserve,park,include,vicmap_foi,1343287
vicmap_foi_78535,Unnamed Park - Monash,,generated_fallback,park_and_garden,high,MONASH,145.157024013,-37.92881346,reserve,park,include,vicmap_foi,78535
vicmap_foi_639015,Stewart Crescent Reserve,Stewart Crescent Reserve,vicmap_name_label,park_and_garden,high,MELTON,144.665871051,-37.734691834,reserve,park,include,vicmap_foi,639015
vicmap_foi_1329602,Waverley Community Gardens,Waverley Community Gardens,reviewed_override,park_and_garden,high,MONASH,145.104276975,-37.872965797,reserve,gardens,include,vicmap_foi,1329602
vicmap_foi_72226,Salisbury Reserve,Salisbury Reserve,reviewed_override,park_and_garden,high,MONASH,145.104276975,-37.872965797,reserve,park,include,vicmap_foi,72226
vicmap_foi_1340374,Unnamed Park - Melton,,generated_fallback,park_and_garden,high,MELTON,144.601740142,-37.729752843,reserve,park,include,vicmap_foi,1340374
